name,SMILES,herb,MACCS_0,MACCS_1,MACCS_2,MACCS_3,MACCS_4,MACCS_5,MACCS_6,MACCS_7,MACCS_8,MACCS_9,MACCS_10,MACCS_11,MACCS_12,MACCS_13,MACCS_14,MACCS_15,MACCS_16,MACCS_17,MACCS_18,MACCS_19,MACCS_20,MACCS_21,MACCS_22,MACCS_23,MACCS_24,MACCS_25,MACCS_26,MACCS_27,MACCS_28,MACCS_29,MACCS_30,MACCS_31,MACCS_32,MACCS_33,MACCS_34,MACCS_35,MACCS_36,MACCS_37,MACCS_38,MACCS_39,MACCS_40,MACCS_41,MACCS_42,MACCS_43,MACCS_44,MACCS_45,MACCS_46,MACCS_47,MACCS_48,MACCS_49,MACCS_50,MACCS_51,MACCS_52,MACCS_53,MACCS_54,MACCS_55,MACCS_56,MACCS_57,MACCS_58,MACCS_59,MACCS_60,MACCS_61,MACCS_62,MACCS_63,MACCS_64,MACCS_65,MACCS_66,MACCS_67,MACCS_68,MACCS_69,MACCS_70,MACCS_71,MACCS_72,MACCS_73,MACCS_74,MACCS_75,MACCS_76,MACCS_77,MACCS_78,MACCS_79,MACCS_80,MACCS_81,MACCS_82,MACCS_83,MACCS_84,MACCS_85,MACCS_86,MACCS_87,MACCS_88,MACCS_89,MACCS_90,MACCS_91,MACCS_92,MACCS_93,MACCS_94,MACCS_95,MACCS_96,MACCS_97,MACCS_98,MACCS_99,MACCS_100,MACCS_101,MACCS_102,MACCS_103,MACCS_104,MACCS_105,MACCS_106,MACCS_107,MACCS_108,MACCS_109,MACCS_110,MACCS_111,MACCS_112,MACCS_113,MACCS_114,MACCS_115,MACCS_116,MACCS_117,MACCS_118,MACCS_119,MACCS_120,MACCS_121,MACCS_122,MACCS_123,MACCS_124,MACCS_125,MACCS_126,MACCS_127,MACCS_128,MACCS_129,MACCS_130,MACCS_131,MACCS_132,MACCS_133,MACCS_134,MACCS_135,MACCS_136,MACCS_137,MACCS_138,MACCS_139,MACCS_140,MACCS_141,MACCS_142,MACCS_143,MACCS_144,MACCS_145,MACCS_146,MACCS_147,MACCS_148,MACCS_149,MACCS_150,MACCS_151,MACCS_152,MACCS_153,MACCS_154,MACCS_155,MACCS_156,MACCS_157,MACCS_158,MACCS_159,MACCS_160,MACCS_161,MACCS_162,MACCS_163,MACCS_164,MACCS_165,MACCS_166
alorac,C(=C(C(=O)O)Cl)(C(=O)C(Cl)(Cl)Cl)Cl,1,0,0,0,0,0,0,0,0,0,0,0,0,0,0,0,0,0,0,0,0,0,0,0,0,0,0,0,0,0,0,0,0,0,0,0,0,0,0,0,0,0,0,0,0,0,0,0,0,0,0,0,0,0,0,0,0,0,0,0,0,0,0,0,0,0,0,0,0,0,0,0,0,0,0,0,0,1,0,0,0,0,0,0,0,0,0,0,0,0,0,0,0,0,0,0,0,0,0,0,1,0,0,0,1,0,0,1,1,0,0,0,0,1,0,0,0,0,0,0,0,0,0,0,1,0,0,0,0,0,0,0,0,0,0,1,0,1,0,0,1,0,0,0,0,0,0,1,0,0,0,0,0,1,0,1,0,0,1,0,1,0,0,0,0,1,0,0
amidochlor,CCC1=C(C(=CC=C1)CC)N(CNC(=O)C)C(=O)CCl,1,0,0,0,0,0,0,0,0,0,0,0,0,0,0,0,0,0,0,0,0,0,0,0,0,0,0,0,0,1,0,0,0,0,0,0,0,0,0,0,0,0,0,0,0,0,0,0,0,0,0,0,0,0,0,0,0,0,0,0,0,0,0,0,0,0,0,0,0,0,0,0,0,0,0,0,0,0,1,0,0,0,0,1,0,0,1,0,0,0,0,0,1,1,0,0,0,0,1,0,0,1,0,0,1,0,0,0,0,0,0,1,1,0,0,1,0,1,1,0,0,0,0,1,0,0,0,0,0,1,1,0,0,1,1,1,1,1,0,1,0,0,1,1,0,1,0,0,0,1,1,1,1,0,1,1,1,1,0,1,1,1,1,1,1,1,1,0
bentranil,C1=CC=C(C=C1)C2=NC3=CC=CC=C3C(=O)O2,1,0,0,0,0,0,0,0,0,0,0,0,0,0,0,0,0,0,0,0,0,0,0,0,0,0,0,0,0,0,0,0,0,0,0,0,0,0,0,0,0,0,0,0,0,0,0,0,0,0,0,0,0,0,0,0,0,0,1,0,0,0,0,1,0,0,1,0,0,0,0,0,0,0,0,0,0,0,0,0,0,0,0,0,0,0,0,0,0,0,0,0,0,1,0,0,0,0,1,1,0,0,1,0,0,0,1,0,0,0,0,1,0,0,1,0,0,0,1,0,0,1,1,0,1,0,1,0,1,0,0,0,0,0,0,0,0,0,1,0,0,0,0,0,1,0,1,0,0,0,0,0,0,0,0,1,0,1,0,0,1,0,1,1,1,1,1,0
benzadox,C1=CC=C(C=C1)C(=O)NOCC(=O)O,1,0,0,0,0,0,0,0,0,0,0,0,0,0,0,0,0,0,0,0,0,0,0,0,0,1,0,0,0,0,0,0,0,0,0,0,0,0,0,0,0,0,0,0,0,0,0,0,0,0,0,0,0,0,1,0,0,0,0,0,0,0,0,0,0,0,0,0,0,0,1,0,1,1,0,0,0,0,0,0,0,0,0,0,0,0,0,0,0,0,0,0,0,1,0,1,0,0,1,0,0,0,0,1,0,1,0,0,0,0,1,1,1,0,0,0,0,0,1,0,0,0,0,0,1,1,0,1,0,0,0,0,1,1,0,0,0,1,0,0,1,1,0,0,0,0,0,1,0,0,0,0,1,0,1,1,1,1,1,1,1,0,1,1,1,1,1,0
benzipram,CC1=CC(=CC(=C1)C(=O)N(CC2=CC=CC=C2)C(C)C)C,1,0,0,0,0,0,0,0,0,0,0,0,0,0,0,0,0,0,0,0,0,0,0,0,0,0,0,0,0,0,0,0,0,0,0,0,0,0,0,0,0,0,0,0,0,0,0,0,0,0,0,0,0,0,0,0,0,0,0,0,0,0,0,0,0,0,0,0,0,0,0,0,0,0,0,1,0,0,0,0,0,0,0,0,0,0,1,0,0,0,0,0,0,1,0,0,0,0,0,0,0,1,0,0,0,0,0,0,0,0,0,1,0,0,0,0,0,1,1,0,0,0,0,1,0,0,1,0,0,0,0,0,0,0,0,0,0,0,0,0,0,0,1,0,0,0,1,0,0,1,1,0,0,0,1,1,1,1,0,1,0,1,1,1,1,1,1,0
benzofluor,CCSC1=CC(=C(C=C1)NS(=O)(=O)C)C(F)(F)F,1,0,0,0,0,0,0,0,0,0,0,0,0,0,0,0,0,0,0,0,0,0,0,0,0,0,0,0,0,0,0,0,0,1,1,0,0,0,0,0,0,0,0,1,0,0,0,0,0,0,0,0,1,0,0,0,1,0,0,1,1,1,1,0,0,1,0,0,1,0,1,0,0,0,1,0,0,0,0,0,0,0,1,0,0,0,0,0,0,1,0,0,0,0,1,1,0,0,0,0,0,0,0,1,0,0,0,1,1,0,0,0,0,1,0,1,0,0,1,0,0,0,0,0,0,1,0,0,0,0,0,1,0,0,1,1,1,1,0,0,0,0,0,0,0,1,0,0,0,1,1,1,1,0,1,0,1,1,0,1,1,1,1,1,1,1,1,0
benzoylprop,CC(C(=O)O)N(C1=CC(=C(C=C1)Cl)Cl)C(=O)C2=CC=CC=C2,1,0,0,0,0,0,0,0,0,0,0,0,0,0,0,0,0,0,0,0,0,0,0,0,0,0,0,0,0,0,0,0,0,0,0,0,0,0,0,0,0,0,0,0,0,0,0,0,0,0,0,0,0,0,0,0,0,0,0,0,0,0,0,0,0,0,0,0,0,0,0,0,0,0,0,0,0,0,0,0,0,0,0,0,0,0,1,0,1,0,0,0,0,1,0,0,1,0,0,0,0,0,0,0,1,0,0,0,1,0,0,1,0,0,0,0,0,0,1,0,0,0,0,1,1,0,1,0,0,0,0,0,0,0,1,1,1,1,0,0,1,0,0,0,0,1,1,1,0,1,0,1,0,0,0,1,0,1,1,1,1,1,1,1,1,1,1,0
buthidazole,CC(C)(C)C1=NN=C(S1)N2C(CN(C2=O)C)O,1,0,0,0,0,0,0,0,0,0,0,0,0,0,0,0,0,0,0,0,0,0,0,0,0,0,0,0,0,0,0,0,0,0,0,0,0,1,1,0,0,0,0,0,0,0,0,0,1,0,0,0,0,1,0,0,0,0,0,0,0,0,0,1,0,0,1,1,0,0,0,0,0,0,0,1,1,0,1,0,1,1,1,0,1,0,1,1,0,1,1,0,0,1,1,1,1,1,1,0,0,1,0,0,0,1,0,1,0,0,0,1,1,1,0,0,1,0,1,0,0,1,1,1,0,1,0,0,1,0,0,0,0,1,1,0,1,0,1,0,1,0,1,1,1,0,0,0,0,1,1,1,0,0,1,1,0,1,1,1,1,1,1,1,0,1,1,0
cambendichlor,COC1=C(C=CC(=C1C(=O)OCCN(CCOC(=O)C2=C(C(=CC(=C2)Cl)Cl)OC)C3=CC=CC=C3)Cl)Cl,1,0,0,0,0,0,0,0,0,0,0,0,0,0,0,0,0,0,0,0,0,0,0,0,0,0,0,0,0,0,0,0,0,0,0,0,0,0,0,0,0,0,0,0,0,0,0,0,0,0,0,0,0,0,0,0,0,0,0,0,0,0,0,0,0,0,0,0,0,0,0,0,0,0,0,0,0,0,0,0,0,0,0,0,0,0,1,1,1,0,1,0,0,0,1,0,1,0,0,0,0,1,0,0,1,0,0,0,1,0,1,0,1,0,1,0,0,0,0,1,0,0,0,1,1,0,1,1,1,1,1,0,0,1,1,1,1,1,0,1,0,1,0,0,1,1,1,1,1,1,1,1,0,1,1,1,1,1,1,1,1,1,1,1,1,1,1,0
carboxazole,CC(C)(C)C1=CC(=NO1)NC(=O)OC,1,0,0,0,0,0,0,0,0,0,0,0,0,0,0,0,0,0,0,0,0,0,0,0,1,0,0,0,0,0,0,0,0,0,0,0,0,0,0,1,0,0,0,0,0,0,0,0,0,0,0,0,0,0,0,0,0,0,1,0,0,0,0,0,0,0,1,1,0,0,0,0,1,0,0,1,0,0,1,0,0,0,0,0,1,0,0,0,0,0,0,0,0,0,1,1,1,1,1,0,0,0,0,1,0,0,0,1,0,0,0,1,0,1,0,0,0,0,1,0,0,1,1,0,1,1,0,1,0,0,0,0,0,0,1,0,1,0,1,0,0,0,1,1,0,0,0,1,0,0,1,0,1,1,0,1,0,1,1,1,1,1,1,1,0,1,1,0
chlorflurazole,C1=CC(=C(C2=C1NC(=N2)C(F)(F)F)Cl)Cl,1,0,0,0,0,0,0,0,0,0,0,0,0,0,0,0,0,0,0,0,0,0,0,0,0,0,0,0,0,0,0,0,0,0,0,0,0,0,0,1,0,0,0,1,0,0,0,0,0,0,0,0,0,0,0,0,0,0,0,0,0,0,0,0,0,0,1,0,0,0,0,0,0,0,0,0,0,0,1,0,1,0,0,0,1,0,0,0,1,0,0,0,0,0,0,0,0,1,0,0,0,0,1,0,1,0,1,1,1,0,0,0,0,1,0,0,0,0,0,0,0,1,1,0,0,0,1,0,0,0,0,0,0,0,0,1,0,0,1,0,0,0,0,1,0,1,0,0,0,0,0,1,1,0,0,0,0,1,0,0,0,0,1,1,1,0,1,0
chlorflurenol,C1=CC=C2C(=C1)C3=C(C2(C(=O)O)O)C=C(C=C3)Cl,1,0,0,0,0,0,0,0,0,0,0,0,0,0,0,0,0,0,0,0,0,0,0,0,0,0,0,0,0,0,0,0,0,0,0,0,0,0,0,0,0,0,0,0,0,0,0,0,0,0,0,0,0,0,0,1,0,0,0,0,0,0,0,0,0,0,0,1,0,0,0,0,0,1,0,0,0,0,0,0,0,0,0,0,0,0,0,0,1,0,0,0,0,0,0,0,0,1,0,0,0,0,1,0,1,0,1,0,1,0,0,0,0,1,0,0,0,0,0,0,0,0,0,0,1,0,1,0,1,0,0,0,1,0,0,1,0,0,0,0,1,0,0,0,1,1,1,1,0,0,0,0,0,1,0,1,0,0,1,0,1,0,0,1,1,1,1,0
chloroacetic acid,C(C(=O)O)Cl,1,0,0,0,0,0,0,0,0,0,0,0,0,0,0,0,0,0,0,0,0,0,0,0,0,0,0,0,0,0,0,0,0,0,0,0,0,0,0,0,0,0,0,0,0,0,0,0,0,0,0,0,0,0,0,0,0,0,0,0,0,0,0,0,0,0,0,0,0,0,0,0,0,0,0,0,0,0,0,0,0,0,0,0,0,0,0,0,0,0,0,0,0,0,0,0,0,0,0,0,0,0,0,0,1,1,0,0,0,0,0,0,0,0,0,0,0,0,0,0,0,0,0,0,1,0,0,0,0,0,0,0,0,1,0,1,0,0,0,0,1,0,0,0,0,0,0,0,0,0,0,0,0,0,1,1,1,0,1,0,1,0,0,0,0,1,0,0
chloropon,C(C(C(=O)O)(Cl)Cl)Cl,1,0,0,0,0,0,0,0,0,0,0,0,0,0,0,0,0,0,0,0,0,0,0,0,0,0,0,0,0,0,0,0,0,0,0,0,0,0,0,0,0,0,0,0,0,0,0,0,0,0,0,0,0,0,0,0,0,0,0,0,0,0,0,0,0,0,0,0,0,0,0,0,0,0,0,0,0,0,0,0,0,0,0,0,0,0,0,0,0,0,0,1,0,0,0,0,0,0,0,0,0,0,0,0,1,0,0,0,1,0,0,0,0,1,0,0,0,0,0,0,0,0,0,0,1,0,0,0,0,0,0,0,0,0,0,1,0,0,0,0,1,0,0,0,0,0,0,0,0,0,0,0,0,0,1,1,1,0,1,0,1,0,0,0,0,1,0,0
cisanilide,CC1CCC(N1C(=O)NC2=CC=CC=C2)C,1,0,0,0,0,0,0,0,0,0,0,0,0,0,0,0,0,0,0,0,0,0,0,0,0,0,0,0,0,0,0,0,0,0,0,0,0,0,1,0,0,0,0,0,0,0,0,0,0,0,0,0,0,0,0,0,0,0,0,0,0,0,0,0,0,0,0,0,0,0,0,0,0,0,0,0,1,0,1,0,0,0,0,0,1,0,1,0,0,0,0,0,1,0,0,0,0,1,0,0,0,0,0,0,0,0,0,1,0,1,0,1,1,0,0,0,1,1,1,1,0,0,1,1,0,0,0,0,0,0,0,0,0,0,1,0,1,0,1,0,0,0,0,1,0,0,0,0,1,1,1,1,1,0,0,1,0,1,0,1,0,1,1,1,1,1,1,0
clacyfos,CC(OC(=O)COC1=C(C=C(C=C1)Cl)Cl)P(=O)(OC)OC,1,0,0,0,0,0,0,0,0,0,0,0,0,0,0,0,0,0,0,0,0,0,0,0,0,0,0,0,0,0,1,0,0,0,0,0,0,0,0,0,0,0,0,0,0,0,0,0,0,1,0,0,0,0,0,0,0,0,0,0,0,0,0,0,0,0,0,0,0,0,0,0,0,1,0,0,0,0,0,0,0,0,0,0,0,0,0,0,1,0,0,0,0,0,1,0,0,0,0,0,0,0,0,1,1,0,0,1,1,1,1,0,0,1,1,0,0,0,0,0,0,0,0,0,1,1,0,1,1,0,0,1,0,1,0,1,0,1,0,0,0,1,1,0,1,1,0,1,0,1,1,1,0,1,1,1,1,0,1,0,1,1,0,1,1,1,1,0
cliodinate,CC(=O)OC1=C(C(=NC=C1I)Cl)I,1,0,0,0,0,0,0,0,0,0,0,0,0,0,0,0,0,0,0,0,0,0,0,0,0,0,0,0,1,0,0,0,0,0,0,0,0,0,0,0,0,0,0,0,0,0,0,0,0,0,0,0,0,0,0,0,0,0,0,0,0,0,0,0,0,0,1,0,0,0,0,0,0,0,0,0,0,0,0,0,0,0,0,0,0,0,0,0,1,0,0,0,0,0,0,0,0,0,1,1,0,0,0,0,1,0,0,0,1,0,0,0,0,0,1,0,0,0,0,0,0,0,1,0,1,0,0,1,1,0,0,0,0,0,0,1,0,0,1,0,0,0,0,0,1,1,0,0,0,0,0,1,0,1,0,1,0,1,1,0,1,1,1,1,1,1,1,0
CPMF,CN(C)C(=NC1=CC(=C(C=C1)Cl)Cl)Cl,1,0,0,0,0,0,0,0,0,0,0,0,0,0,0,0,0,0,0,0,0,0,0,0,0,0,0,0,0,0,0,0,0,0,0,0,0,0,0,0,0,0,0,0,0,0,0,0,0,0,0,0,0,0,0,0,0,0,0,0,0,0,0,0,0,0,0,0,0,0,0,0,0,0,0,1,0,0,1,1,0,0,0,0,0,0,1,1,1,0,0,0,0,0,1,0,0,0,0,0,0,0,0,0,1,0,0,1,1,0,0,0,0,0,0,0,0,0,0,0,1,0,0,1,0,0,0,0,0,0,0,0,0,0,1,1,1,0,0,0,0,0,0,1,0,1,0,0,0,1,1,1,0,0,0,0,0,1,0,1,0,1,1,1,1,0,1,0
credazine,CC1=CC=CC=C1OC2=NN=CC=C2,1,0,0,0,0,0,0,0,0,0,0,0,0,0,0,0,0,0,0,0,0,0,0,0,0,0,0,0,0,0,0,0,0,0,0,0,0,0,0,0,0,0,0,0,0,0,0,0,0,0,0,0,0,1,0,0,0,0,0,0,0,0,0,0,0,0,1,0,0,0,0,0,0,0,0,0,0,0,0,0,0,0,0,0,0,0,0,0,0,0,0,0,0,1,0,1,1,0,0,1,0,0,0,0,0,0,0,0,0,0,0,1,0,0,1,0,0,0,1,0,0,1,1,0,0,1,1,1,1,0,0,0,0,0,0,0,0,0,1,0,0,0,0,1,1,1,1,0,0,0,0,1,0,1,0,0,0,1,1,0,0,1,1,1,1,1,1,0
cycluron,CN(C)C(=O)NC1CCCCCCC1,1,0,0,0,0,0,0,0,0,0,0,0,0,0,0,0,0,0,0,0,0,0,0,0,0,0,0,0,0,0,0,0,0,0,0,0,0,0,1,0,0,0,0,0,0,0,0,0,0,0,0,0,0,0,0,0,0,0,0,0,0,0,0,0,0,0,0,0,0,0,0,0,0,0,0,1,0,0,1,0,0,0,0,0,0,0,1,1,0,0,0,1,1,0,1,0,0,0,0,0,0,0,1,0,0,1,0,1,0,0,0,1,1,0,0,0,0,0,1,1,0,0,0,1,0,0,0,0,0,1,1,0,0,0,1,0,0,0,0,0,0,0,0,1,0,0,0,0,1,1,1,0,1,0,0,1,0,1,0,1,0,1,1,0,0,1,1,0
cyprazole,CC(C)(CCl)C1=NN=C(S1)NC(=O)C2CC2,1,0,0,0,0,0,0,0,0,0,0,0,0,0,0,0,0,0,0,0,0,0,0,1,0,0,0,0,0,0,0,0,0,0,0,0,0,1,0,0,0,0,0,0,0,0,0,0,1,0,0,0,0,1,0,0,0,0,0,0,0,0,0,0,0,0,1,1,0,0,0,0,0,0,0,1,0,0,1,0,1,1,1,0,1,0,0,0,0,1,0,1,1,1,0,1,0,1,1,0,0,0,0,0,1,0,0,1,0,0,0,1,0,1,0,0,1,0,1,0,0,1,1,0,0,1,0,0,0,0,0,0,0,0,1,1,1,0,1,0,0,0,0,1,0,0,0,0,1,0,1,0,1,0,1,1,1,1,0,1,0,1,1,1,0,1,1,0
cypromid,C1CC1C(=O)NC2=CC(=C(C=C2)Cl)Cl,1,0,0,0,0,0,0,0,0,0,0,0,0,0,0,0,0,0,0,0,0,0,0,1,0,0,0,0,0,0,0,0,0,0,0,0,0,0,0,0,0,0,0,0,0,0,0,0,0,0,0,0,0,0,0,0,0,0,0,0,0,0,0,0,0,0,0,0,0,0,0,0,0,0,0,0,0,0,0,0,0,0,0,0,0,0,0,0,1,0,0,1,1,1,0,0,0,0,0,0,0,0,0,0,1,0,0,0,1,0,0,1,0,0,0,0,0,0,1,0,0,0,0,0,0,0,0,0,0,0,0,0,0,0,1,1,1,0,0,0,0,0,0,0,0,1,0,0,1,0,0,1,1,0,0,1,0,1,0,1,0,0,1,1,1,1,1,0
dazomet,CN1CN(C(=S)SC1)C,1,0,0,0,0,0,0,0,0,0,0,0,0,0,0,0,0,0,0,0,0,0,0,0,0,0,0,0,0,1,0,0,0,0,0,0,0,1,0,0,0,0,0,0,0,0,0,0,1,0,0,0,0,0,0,0,0,0,0,0,0,0,0,0,0,1,0,0,0,0,0,0,0,0,1,0,1,0,1,0,0,1,1,0,0,0,1,1,0,1,0,0,0,0,1,0,0,0,0,1,0,1,0,0,0,0,0,1,0,1,0,0,0,0,0,0,1,0,0,0,0,1,1,1,0,0,0,0,0,1,0,0,0,0,0,0,0,0,1,1,0,0,0,1,0,0,0,0,0,1,1,1,0,0,1,0,0,1,0,1,0,1,1,0,1,0,1,0
dichloralurea,C(C(Cl)(Cl)Cl)(NC(=O)NC(C(Cl)(Cl)Cl)O)O,1,0,0,0,0,0,0,0,0,0,0,0,0,0,0,0,0,0,0,0,0,0,0,0,0,0,0,0,0,0,0,0,0,0,0,0,0,0,1,0,0,0,0,0,1,0,0,0,0,0,0,0,0,0,1,0,0,0,0,0,0,0,0,0,0,0,0,0,0,0,0,0,0,0,0,0,0,0,1,0,0,0,0,0,0,0,0,0,0,0,1,0,0,1,0,0,0,0,1,0,0,0,0,0,1,0,0,1,1,0,0,1,0,1,0,0,0,0,1,0,0,0,0,0,0,0,0,0,0,0,0,0,1,0,0,1,0,0,0,0,1,0,0,1,0,0,0,1,0,0,0,0,1,0,0,1,0,1,1,1,1,0,1,0,0,1,0,0
dichlormate,CNC(=O)OCC1=CC(=C(C=C1)Cl)Cl,1,0,0,0,0,0,0,0,0,0,0,0,0,0,0,0,0,0,0,0,0,0,0,0,1,0,0,0,0,0,0,0,0,0,0,0,0,0,0,0,0,0,0,0,0,0,0,0,0,0,0,0,0,0,0,0,0,0,0,0,0,0,0,0,0,0,0,0,0,0,0,0,0,0,0,0,0,0,0,0,0,0,0,0,0,0,0,0,1,0,0,1,0,0,1,0,0,0,0,0,0,0,0,0,1,0,0,1,1,1,1,1,0,0,0,0,0,0,1,0,0,0,0,0,1,0,0,1,0,0,0,0,0,0,0,1,0,0,0,0,0,0,0,0,0,1,0,0,0,0,0,1,1,0,1,1,1,1,1,1,1,1,1,1,1,1,1,0
difenopenten,CC(C=CC(=O)O)OC1=CC=C(C=C1)OC2=CC=C(C=C2)C(F)(F)F,1,0,0,0,0,0,0,0,0,0,0,0,0,0,0,0,0,0,0,0,0,0,0,0,0,0,0,0,0,0,0,0,0,0,0,0,0,0,0,0,0,0,0,1,0,0,0,0,0,0,0,0,0,0,0,0,0,0,0,0,0,0,0,0,0,0,0,0,0,0,0,0,0,0,0,0,0,0,0,0,0,0,0,0,0,0,0,0,0,0,0,0,0,0,0,0,0,0,0,0,1,0,0,0,0,0,0,1,1,0,0,0,0,1,1,0,0,0,0,0,0,0,0,0,1,0,1,1,1,0,0,0,0,0,0,1,0,0,0,0,1,1,0,0,1,0,1,1,0,0,0,0,0,1,0,1,0,0,1,0,1,1,0,1,1,1,1,0
disul,C1=CC(=C(C=C1Cl)Cl)OCCOS(=O)(=O)O,1,0,0,0,0,0,0,0,0,0,0,0,0,0,0,0,0,0,0,0,0,0,0,0,0,0,0,0,0,0,0,0,0,0,0,0,0,0,0,0,1,1,0,0,0,0,0,0,0,1,0,0,0,0,0,0,1,0,0,1,0,1,1,0,0,0,0,0,1,0,1,0,0,1,1,0,0,0,0,0,0,0,0,0,0,0,0,0,1,1,0,1,1,0,0,0,0,0,0,0,0,0,0,1,1,0,0,1,1,0,1,0,0,1,1,0,0,0,0,1,0,0,0,0,0,1,0,1,1,0,0,1,0,1,0,1,0,1,0,1,1,1,0,0,1,1,0,1,1,1,0,1,0,1,1,0,1,0,1,0,1,0,0,1,1,1,1,0
erbon,CC(C(=O)OCCOC1=CC(=C(C=C1Cl)Cl)Cl)(Cl)Cl,1,0,0,0,0,0,0,0,0,0,0,0,0,0,0,0,0,0,0,0,0,0,0,0,0,0,0,0,0,0,0,0,0,0,0,0,0,0,0,0,0,0,0,0,0,0,0,0,0,0,0,0,0,0,0,0,0,0,0,0,0,0,0,0,0,0,0,0,0,0,0,0,0,1,0,0,0,0,0,0,0,0,0,0,0,0,0,0,1,0,0,0,0,0,0,0,0,0,0,0,0,0,0,0,1,0,0,0,1,1,1,0,0,1,1,0,0,0,0,1,0,0,0,0,1,0,0,1,1,0,0,0,0,1,0,1,0,0,0,1,0,0,0,0,1,1,0,1,1,0,0,1,0,1,1,1,1,0,1,0,1,1,0,1,1,1,1,0
EXD,CCOC(=S)SSC(=S)OCC,1,0,0,0,0,0,0,0,0,0,0,0,0,0,0,1,0,0,0,0,0,0,0,0,0,0,0,0,0,0,0,0,0,0,0,0,0,0,0,0,0,0,0,0,0,0,0,0,0,0,0,0,0,0,0,0,0,0,0,0,0,0,0,0,0,0,0,0,1,0,0,0,0,0,1,0,0,0,0,0,0,0,1,0,0,0,0,0,0,1,0,0,0,0,0,0,0,0,0,0,0,0,0,0,0,0,0,1,0,0,1,0,0,0,0,1,0,0,0,0,0,0,0,0,0,1,0,1,0,0,0,0,0,0,0,0,0,0,0,1,0,0,0,0,0,0,0,0,0,0,1,0,0,0,1,0,1,0,1,0,1,1,0,0,0,1,0,0
fenteracol,C1=C(C(=CC(=C1Cl)Cl)Cl)OCCO,1,0,0,0,0,0,0,0,0,0,0,0,0,0,0,0,0,0,0,0,0,0,0,0,0,0,0,0,0,0,0,0,0,0,0,0,0,0,0,0,0,0,0,0,0,0,0,0,0,0,0,0,0,0,0,0,0,0,0,0,0,0,0,0,0,0,0,0,0,0,0,0,0,1,0,0,0,0,0,0,0,0,0,1,0,0,0,0,1,0,0,0,0,0,0,0,0,0,0,0,0,0,0,0,1,1,0,0,1,0,1,0,0,0,1,0,0,0,0,1,0,0,0,0,0,0,0,1,1,0,0,0,0,1,0,1,0,0,0,1,1,0,0,0,1,1,0,0,1,0,0,1,0,1,1,0,1,0,1,0,1,0,0,1,1,1,1,0
flamprop,CC(C(=O)O)N(C1=CC(=C(C=C1)F)Cl)C(=O)C2=CC=CC=C2,1,0,0,0,0,0,0,0,0,0,0,0,0,0,0,0,0,0,0,0,0,0,0,0,0,0,0,0,0,0,0,0,0,0,0,0,0,0,0,0,0,0,0,1,0,0,0,0,0,0,0,0,0,0,0,0,0,0,0,0,0,0,0,0,0,0,0,0,0,0,0,0,0,0,0,0,0,0,0,0,0,0,0,0,0,0,1,0,1,0,0,0,0,1,0,0,1,0,0,0,0,0,0,0,1,0,0,0,1,0,0,1,0,0,0,0,0,0,1,0,0,0,0,1,1,0,1,0,0,0,0,0,0,0,1,1,1,1,0,0,1,0,0,0,0,1,1,1,0,1,0,1,0,0,0,1,0,1,1,1,1,1,1,1,1,1,1,0
flumezin,CN1C(=O)N(C(=O)CO1)C2=CC=CC(=C2)C(F)(F)F,1,0,0,0,0,0,0,0,0,0,0,0,0,0,1,0,0,0,0,0,0,0,0,0,0,1,0,0,0,0,0,0,0,0,0,0,0,0,1,0,0,0,0,1,0,0,0,0,0,0,0,0,0,0,0,0,0,0,1,0,0,0,0,1,0,0,0,0,0,0,0,0,1,1,0,0,1,0,1,0,0,1,0,0,0,0,1,0,0,0,1,0,0,1,1,1,1,0,1,1,0,0,0,1,0,0,0,1,1,0,1,1,1,1,0,0,0,1,1,0,0,1,1,1,0,1,0,0,1,0,0,0,0,1,1,1,1,1,1,0,0,0,0,1,1,0,1,1,0,1,0,1,0,0,1,1,0,1,1,1,1,1,1,1,1,1,1,0
fluoromidine,C1=C(C=NC2=C1NC(=N2)C(F)(F)F)Cl,1,0,0,0,0,0,0,0,0,0,0,0,0,0,0,0,0,0,0,0,0,0,0,0,0,0,0,0,0,0,0,0,0,0,0,0,0,0,0,1,0,0,0,1,0,0,0,0,0,0,0,0,0,0,0,0,0,0,0,0,0,0,0,0,0,0,1,0,0,0,0,0,0,0,0,0,0,0,1,0,1,1,0,0,1,0,0,0,1,0,0,0,0,0,0,0,0,1,0,1,0,0,1,0,1,0,1,1,1,0,0,0,0,1,0,0,0,0,0,0,0,1,1,0,0,0,1,0,0,0,0,0,0,0,0,1,0,0,1,0,0,0,0,1,0,0,0,0,0,0,0,0,1,0,0,0,0,1,0,0,0,0,1,1,1,0,1,0
haloxydine,C1(=C(NC(=C(C1=O)Cl)F)F)Cl,1,0,0,0,0,0,0,0,0,0,0,0,0,0,0,0,0,0,0,0,0,0,0,0,0,0,0,0,0,0,0,0,0,0,0,0,0,0,0,0,0,0,0,1,0,0,0,0,0,0,0,0,0,0,0,0,0,0,0,0,0,0,0,0,0,0,1,0,0,0,0,0,0,0,0,0,0,0,0,0,0,0,0,0,0,0,0,0,1,0,0,0,0,0,0,0,0,0,1,1,0,0,0,0,1,0,0,0,1,0,0,0,0,0,1,0,0,0,0,0,0,0,1,0,0,0,0,0,1,0,0,0,0,0,0,1,0,0,1,0,0,0,0,0,1,1,0,0,0,0,0,1,1,1,0,1,0,1,0,0,0,0,1,1,1,1,1,0
herbimycin,CC1CC(C(C(C=C(C(C(C=CC=C(C(=O)NC2=CC(=O)C=C(C1OC)C2=O)C)OC)OC(=O)N)C)C)OC)OC,1,0,0,0,0,0,0,0,0,0,0,0,0,0,0,0,0,0,0,0,0,0,0,0,1,0,0,1,0,0,0,0,0,0,0,0,0,0,0,0,0,0,0,0,0,0,1,0,0,0,0,1,0,0,0,0,0,0,0,0,0,0,0,0,0,0,0,0,0,0,0,0,0,1,0,0,0,1,0,0,0,0,0,0,0,1,0,0,0,0,1,0,0,1,1,0,1,0,1,0,1,0,0,0,0,0,1,1,0,1,0,1,0,0,0,0,1,1,1,0,0,0,1,0,1,0,0,1,1,0,0,0,1,1,0,0,0,1,1,0,0,1,1,1,1,0,0,1,0,0,1,1,1,1,0,1,0,1,1,1,1,1,1,0,1,1,1,0
hexachloroacetone,C(=O)(C(Cl)(Cl)Cl)C(Cl)(Cl)Cl,1,0,0,0,0,0,0,0,0,0,0,0,0,0,0,0,0,0,0,0,0,0,0,0,0,0,0,0,0,0,0,0,0,0,0,0,0,0,0,0,0,0,0,0,0,0,0,0,0,0,0,0,0,0,0,0,0,0,0,0,0,0,0,0,0,0,0,0,0,0,0,0,0,0,0,0,0,0,0,0,0,0,0,0,0,0,0,0,0,0,0,0,0,0,0,0,0,0,0,0,0,0,0,0,1,0,0,1,1,0,0,0,0,1,0,0,0,0,0,0,0,0,0,0,0,0,0,0,0,0,0,0,0,0,0,1,0,0,0,0,0,0,0,0,0,0,0,0,0,0,0,0,0,1,0,1,0,0,0,0,0,0,0,0,0,1,0,0
isocarbamid,CC(C)CNC(=O)N1CCNC1=O,1,0,0,0,0,0,0,0,0,0,0,0,0,0,0,0,0,0,0,0,0,0,0,0,0,0,0,0,0,0,0,0,0,0,0,0,0,0,1,0,0,0,0,0,0,0,0,0,0,0,0,0,0,0,1,0,0,0,0,0,0,0,0,0,0,0,0,0,0,0,0,0,0,0,0,1,1,0,1,0,1,1,0,1,1,0,1,0,0,0,1,1,1,0,0,0,0,1,1,0,0,1,0,0,0,1,0,1,0,0,0,1,1,0,0,0,1,0,1,1,0,1,1,1,0,0,0,0,1,1,0,0,1,0,0,0,0,1,1,1,0,0,0,1,1,0,0,0,1,1,1,1,1,0,1,1,1,1,0,1,1,1,1,0,0,1,1,0
isonoruron,CN(C)C(=O)NC1CCC2C1C3CCC2C3,1,0,0,0,0,0,0,0,0,0,0,0,0,0,0,0,0,0,0,0,0,0,0,0,0,0,0,0,0,0,0,0,0,0,0,0,0,0,1,0,0,0,0,0,0,0,0,0,0,0,0,0,0,0,0,0,0,0,0,0,0,0,0,0,0,0,0,0,0,0,0,0,0,0,0,1,0,0,1,0,0,0,0,0,0,0,1,1,0,0,0,1,1,0,1,0,0,1,0,0,0,0,1,0,0,1,1,1,0,0,0,1,1,0,0,0,0,0,1,1,0,0,0,1,0,0,0,0,0,1,1,0,0,0,1,0,0,0,0,0,0,0,0,1,0,0,0,0,1,1,1,0,1,0,0,1,0,1,0,1,0,1,1,0,1,1,1,0
karbutilate,CC(C)(C)NC(=O)OC1=CC=CC(=C1)NC(=O)N(C)C,1,0,0,0,0,0,0,0,0,0,0,0,0,0,0,0,0,0,0,0,0,0,0,0,1,0,0,0,0,0,0,0,0,0,0,0,0,0,1,0,0,0,0,0,0,0,0,0,0,0,0,0,0,0,0,0,0,0,0,0,0,0,0,0,0,0,0,1,0,0,0,0,0,0,0,1,0,0,1,0,0,0,0,0,0,0,1,1,0,0,0,0,0,0,1,0,0,0,1,0,0,0,0,0,0,0,0,1,0,0,0,1,0,1,1,0,0,0,1,0,0,0,0,1,1,0,0,1,1,0,0,0,1,0,1,0,1,1,0,0,0,0,1,1,1,0,0,1,0,1,1,0,1,1,0,1,0,1,1,1,1,1,1,1,1,1,1,0
lancotrione,CS(=O)(=O)C1=C(C(=C(C=C1)C(=O)C2C(=O)CCCC2=O)Cl)OCCC3OCCO3,1,0,0,0,0,0,0,0,0,0,0,0,0,0,0,0,0,0,0,0,0,0,0,0,0,0,0,0,0,0,0,0,0,0,0,0,0,0,0,0,0,0,0,0,0,0,0,0,0,0,0,0,1,0,0,0,1,0,1,1,1,1,1,0,0,1,0,0,1,0,0,0,0,1,1,0,0,0,0,0,0,0,1,0,1,0,0,0,1,1,1,0,0,0,1,0,0,1,0,0,0,0,0,1,1,0,0,0,1,0,1,0,0,1,1,0,0,0,0,1,0,1,0,0,1,1,0,1,1,1,1,1,0,1,0,1,0,1,1,1,0,1,0,0,1,1,1,1,1,1,0,1,0,1,1,1,1,0,1,0,1,1,0,1,1,1,1,0
MCPA-thioethyl,CCSC(=O)COC1=C(C=C(C=C1)Cl)C,1,0,0,0,0,0,0,0,0,0,0,0,0,0,0,0,0,0,0,0,0,0,0,0,0,0,0,0,0,0,0,0,0,0,0,0,0,0,0,0,0,0,0,0,0,0,0,0,0,0,0,0,0,0,0,0,0,0,0,0,0,0,0,0,0,0,0,0,0,0,0,0,0,1,0,0,0,0,0,0,0,0,1,0,0,0,0,0,1,1,0,0,0,0,0,0,0,0,0,0,0,0,0,0,1,0,0,0,1,1,1,0,0,0,1,1,0,0,0,0,0,0,0,0,0,0,0,1,1,0,1,0,0,1,0,1,0,0,0,1,0,0,0,0,1,1,0,0,0,0,1,1,0,1,1,1,1,0,1,0,1,1,0,1,1,1,1,0
metam,CNC(=S)S,1,0,0,0,0,0,0,0,0,0,0,0,0,0,0,0,0,0,0,0,0,0,0,0,0,0,0,0,0,0,0,0,0,0,0,0,0,0,0,0,0,0,0,0,1,0,0,0,1,0,0,0,0,0,0,0,0,0,0,0,0,0,0,0,0,0,0,0,0,0,0,0,0,0,1,0,0,0,0,0,0,0,1,0,0,0,0,0,0,1,0,0,0,0,1,0,0,0,0,0,0,0,0,0,0,0,0,1,0,0,0,0,0,0,0,0,0,0,0,0,0,0,0,0,0,0,0,0,0,0,0,0,1,0,0,0,0,0,0,0,0,0,0,0,0,0,0,0,0,0,0,0,1,0,0,0,0,1,0,1,0,1,1,0,0,0,0,0
methazole,CN1C(=O)N(OC1=O)C2=CC(=C(C=C2)Cl)Cl,1,0,0,0,0,0,0,0,0,0,0,0,0,0,1,0,0,0,0,0,0,0,0,0,1,0,0,0,0,0,0,0,0,0,0,0,0,0,1,0,0,0,0,0,0,0,0,0,0,0,0,0,0,0,0,0,0,0,1,0,0,0,0,1,0,0,1,0,0,0,0,0,1,1,0,0,1,0,1,0,1,0,0,0,1,0,1,0,1,0,1,0,0,0,1,1,1,1,1,0,0,0,0,1,1,0,0,1,1,0,0,1,0,0,1,0,0,0,1,0,0,1,1,1,1,1,1,0,1,0,0,0,0,0,1,1,1,1,1,0,0,0,0,1,1,1,0,1,0,1,0,1,0,0,0,1,0,1,0,1,1,1,1,1,1,1,1,0
methoxyphenone,CC1=CC(=CC=C1)C(=O)C2=CC(=C(C=C2)OC)C,1,0,0,0,0,0,0,0,0,0,0,0,0,0,0,0,0,0,0,0,0,0,0,0,0,0,0,0,0,0,0,0,0,0,0,0,0,0,0,0,0,0,0,0,0,0,0,0,0,0,0,0,0,0,0,0,0,0,0,0,0,0,0,0,0,0,0,0,0,0,0,0,0,0,0,0,0,0,0,0,0,0,0,0,0,0,0,0,0,0,0,0,0,0,1,0,0,0,0,0,0,0,0,0,0,0,0,0,0,0,0,0,0,0,1,0,0,0,0,0,0,0,0,0,0,0,1,1,1,0,0,0,0,0,0,0,0,0,0,0,0,0,1,0,1,1,1,0,0,0,1,1,0,1,0,1,0,0,1,0,1,1,0,1,1,1,1,0
methyl isothiocyanate,CN=C=S,1,0,0,0,0,0,0,0,0,0,0,0,0,0,0,0,0,0,0,0,0,0,0,0,0,0,0,0,0,0,0,0,0,0,0,0,0,0,0,0,0,0,0,0,0,0,0,0,1,0,0,0,0,0,0,0,0,0,0,0,0,0,0,0,0,0,0,0,0,0,0,0,0,0,1,0,0,0,0,1,0,0,0,0,0,0,0,0,0,1,0,0,0,0,1,0,0,0,0,0,0,0,0,0,0,0,0,0,0,0,0,0,0,0,0,0,0,0,0,0,1,0,0,0,0,0,0,0,0,0,0,0,0,0,0,0,0,0,0,0,0,0,0,0,0,0,0,0,0,0,0,0,0,0,0,0,0,0,0,1,0,1,1,0,0,0,0,0
noruron,CN(C)C(=O)NC1CC2CC1C3C2CCC3,1,0,0,0,0,0,0,0,0,0,0,0,0,0,0,0,0,0,0,0,0,0,0,0,0,0,0,0,0,0,0,0,0,0,0,0,0,0,1,0,0,0,0,0,0,0,0,0,0,0,0,0,0,0,0,0,0,0,0,0,0,0,0,0,0,0,0,0,0,0,0,0,0,0,0,1,0,0,1,0,0,0,0,0,0,0,1,1,0,0,0,1,1,0,1,0,0,1,0,0,0,0,1,0,0,1,1,1,0,0,0,1,1,0,0,0,0,0,1,1,0,0,0,1,0,0,0,0,0,1,1,0,0,0,1,0,0,0,0,0,0,0,0,1,0,0,0,0,1,1,1,0,1,0,0,1,0,1,0,1,0,1,1,0,1,1,1,0
o-dichlorobenzene,C1=CC=C(C(=C1)Cl)Cl,1,0,0,0,0,0,0,0,0,0,0,0,0,0,0,0,0,0,0,0,0,0,0,0,0,0,0,0,0,0,0,0,0,0,0,0,0,0,0,0,0,0,0,0,0,0,0,0,0,0,0,0,0,0,0,0,0,0,0,0,0,0,0,0,0,0,0,0,0,0,0,0,0,0,0,0,0,0,0,0,0,0,0,0,0,0,0,0,1,0,0,0,0,0,0,0,0,0,0,0,0,0,0,0,1,0,0,0,1,0,0,0,0,0,0,0,0,0,0,0,0,0,0,0,0,0,0,0,0,0,0,0,0,0,0,1,0,0,0,0,0,0,0,0,0,1,0,0,0,0,0,1,0,0,0,0,0,0,0,0,0,0,0,1,1,0,1,0
pentachlorophenol,C1(=C(C(=C(C(=C1Cl)Cl)Cl)Cl)Cl)O,1,0,0,0,0,0,0,0,0,0,0,0,0,0,0,0,0,0,0,0,0,0,0,0,0,0,0,0,0,0,0,0,0,0,0,0,0,0,0,0,0,0,0,0,0,0,0,0,0,0,0,0,0,0,0,0,0,0,0,0,0,0,0,0,0,0,0,0,0,0,0,0,0,0,0,0,0,0,0,0,0,0,0,0,0,0,0,0,1,0,0,0,0,0,0,0,0,0,0,0,0,0,0,0,1,0,0,0,1,0,0,0,0,0,1,0,0,0,0,0,0,0,0,0,0,0,0,0,1,0,0,0,0,0,0,1,0,0,0,0,1,0,0,0,1,1,0,0,0,0,0,1,0,1,0,0,0,0,1,0,0,0,0,1,1,1,1,0
phenobenzuron,CN(C)C(=O)N(C1=CC(=C(C=C1)Cl)Cl)C(=O)C2=CC=CC=C2,1,0,0,0,0,0,0,0,0,0,0,0,0,0,0,0,0,0,0,0,0,0,0,0,0,0,0,0,0,0,0,0,0,0,0,0,0,0,1,0,0,0,0,0,0,0,0,0,0,0,0,0,0,0,0,0,0,0,0,0,0,0,0,0,0,0,0,0,0,0,0,0,0,0,0,1,0,0,1,0,0,0,0,0,0,0,1,1,1,0,1,0,0,1,1,0,0,0,1,0,0,0,0,0,1,0,0,1,1,0,0,1,0,0,0,0,0,0,1,0,0,0,0,1,0,0,1,0,0,0,0,0,0,0,1,1,1,1,0,0,0,0,0,1,0,1,1,0,0,1,1,1,0,0,0,1,0,1,0,1,1,1,1,1,1,1,1,0
proxan,CC(C)OC(=S)S,1,0,0,0,0,0,0,0,0,0,0,0,0,0,0,0,0,0,0,0,0,0,0,0,0,0,0,0,0,0,0,0,0,0,0,0,0,0,0,0,0,0,0,0,0,0,0,0,0,0,0,0,0,0,0,0,0,0,0,0,0,0,0,0,0,0,0,0,0,0,0,0,0,0,1,1,0,0,0,0,0,0,1,0,0,0,0,0,0,1,0,0,0,0,0,0,0,0,0,0,0,0,0,0,0,0,0,1,0,0,0,0,0,0,0,0,0,0,0,0,0,0,0,0,0,0,0,1,0,0,0,0,0,0,0,0,0,0,0,0,0,0,0,0,0,0,0,0,0,0,1,0,0,1,0,0,0,0,1,0,0,1,0,0,0,1,0,0
pydanon,C1C(=O)NNC(=O)C1(CC(=O)O)O,1,0,0,0,0,0,0,0,0,0,0,0,0,0,0,0,0,0,0,0,0,0,0,0,0,0,0,0,0,0,0,0,0,0,0,0,0,0,0,0,0,0,0,0,0,0,0,0,0,0,0,0,0,1,1,1,0,0,0,0,0,0,0,0,0,0,0,1,0,1,1,0,0,1,0,0,0,0,0,0,0,0,0,0,0,0,0,0,0,0,1,1,1,1,0,1,1,0,1,1,0,0,0,0,0,1,0,0,0,0,0,1,1,1,0,0,0,0,1,0,0,1,1,0,1,1,0,0,1,0,0,0,1,1,0,0,0,1,1,0,1,1,0,1,1,0,0,1,0,0,0,1,1,1,0,1,1,1,1,1,1,0,1,0,1,1,1,0
pyriclor,C1=C(C(=O)C(=C(N1)Cl)Cl)Cl,1,0,0,0,0,0,0,0,0,0,0,0,0,0,0,0,0,0,0,0,0,0,0,0,0,0,0,0,0,0,0,0,0,0,0,0,0,0,0,0,0,0,0,0,0,0,0,0,0,0,0,0,0,0,0,0,0,0,0,0,0,0,0,0,0,0,1,0,0,0,0,0,0,0,0,0,0,0,0,0,0,0,0,0,0,0,0,0,1,0,0,0,0,0,0,0,0,0,1,1,0,0,0,0,1,0,0,0,1,0,0,0,0,0,1,0,0,0,0,0,0,0,1,0,0,0,0,0,1,0,0,0,0,0,0,1,0,0,1,0,0,0,0,0,1,1,0,0,0,0,0,1,1,1,0,1,0,1,0,0,0,0,1,1,1,1,1,0
quinonamid,C1=CC=C2C(=C1)C(=O)C(=C(C2=O)Cl)NC(=O)C(Cl)Cl,1,0,0,0,0,0,0,0,0,0,0,0,0,0,0,0,0,0,0,0,0,0,0,0,0,0,0,0,0,0,0,0,0,0,0,0,0,0,0,0,0,0,0,0,0,0,1,0,0,0,0,0,0,0,0,0,0,0,0,0,0,0,0,0,0,0,0,0,0,0,0,0,0,0,0,0,0,1,0,0,0,0,0,0,0,0,0,0,1,0,0,0,0,1,0,0,1,0,1,0,1,0,1,0,1,0,1,0,1,0,0,1,0,0,0,0,0,0,1,0,0,0,0,0,0,0,0,0,1,0,0,0,0,0,1,1,0,1,0,0,0,0,0,0,1,1,1,1,0,0,0,1,1,1,0,1,0,1,0,1,1,0,1,1,1,1,1,0
sulfallate,CCN(CC)C(=S)SCC(=C)Cl,1,0,0,0,0,0,0,0,0,0,0,0,0,0,0,0,0,0,0,0,0,0,0,0,0,0,0,0,0,0,0,0,0,0,0,1,0,0,0,0,0,0,0,0,0,0,0,0,1,0,0,0,0,0,0,0,0,0,0,0,0,0,0,0,0,0,0,0,0,0,0,0,0,0,1,0,0,1,0,0,0,0,1,0,0,0,1,1,0,1,0,0,0,0,0,0,0,0,0,0,1,1,0,0,1,0,0,1,1,0,0,0,0,0,0,1,0,1,0,0,0,0,0,1,0,0,0,0,0,1,0,0,0,0,0,1,0,0,0,1,0,0,0,0,0,0,0,0,0,1,1,0,0,0,1,0,1,1,0,1,0,1,1,0,0,0,0,0
sulglycapin,CNS(=O)(=O)OCC(=O)N1CCCCCC1,1,0,0,0,0,0,0,0,0,0,0,0,0,0,0,0,0,0,0,0,1,0,0,0,0,0,0,0,0,0,0,0,0,0,1,0,0,0,0,0,1,1,0,0,0,0,0,0,0,1,0,0,0,0,0,0,1,0,0,1,0,1,1,0,0,0,0,0,1,0,1,0,0,1,1,0,1,0,0,0,0,0,0,0,0,0,1,1,0,1,0,1,0,1,1,1,1,0,0,0,0,1,0,1,0,0,0,1,0,1,1,1,1,1,0,0,0,0,1,1,0,0,1,1,0,1,0,1,0,1,1,1,0,1,0,0,0,1,1,1,0,1,0,1,0,0,0,1,1,1,0,0,1,0,1,1,1,1,1,1,1,1,1,0,0,1,1,0
tavron,C1=CC(=CC=C1C2=NSC(=N2)N)Cl,1,0,0,0,0,0,0,0,0,0,0,0,0,0,0,0,0,0,0,0,0,0,0,0,0,0,0,0,0,0,0,0,0,1,1,0,0,1,0,1,0,0,0,0,0,0,0,0,1,0,0,0,0,0,0,0,0,0,0,0,0,0,0,1,0,0,1,0,1,0,0,0,0,0,0,0,0,0,1,0,1,1,1,0,1,1,0,0,1,1,0,0,0,0,0,1,0,1,0,0,0,0,0,0,1,0,0,1,1,0,0,0,0,0,0,0,0,0,0,0,0,1,1,0,0,1,1,0,0,0,0,0,0,0,1,1,1,0,1,0,0,0,0,1,0,0,0,0,0,0,0,0,1,0,0,0,0,1,0,1,0,0,1,1,1,0,1,0
terbucarb,CC1=CC(=C(C(=C1)C(C)(C)C)OC(=O)NC)C(C)(C)C,1,0,0,0,0,0,0,0,0,0,0,0,0,0,0,0,0,0,0,0,0,0,0,0,1,0,0,0,0,0,0,0,0,0,0,0,0,0,0,0,0,0,0,0,0,0,0,0,0,0,0,0,0,0,0,0,0,0,0,0,0,0,0,0,0,0,0,1,0,0,0,0,0,0,0,1,0,0,0,0,0,0,0,0,0,0,0,0,0,0,0,0,0,0,1,0,0,0,0,0,0,0,0,0,0,0,0,1,0,0,0,1,0,1,1,0,0,0,1,0,0,0,0,0,1,0,0,1,1,0,0,0,0,0,0,0,0,0,0,0,0,0,1,0,1,1,0,0,0,0,1,1,1,1,0,1,0,1,1,1,1,1,1,1,1,1,1,0
thidiazuron,C1=CC=C(C=C1)NC(=O)NC2=CN=NS2,1,0,0,0,0,0,0,0,0,0,0,0,0,0,0,0,0,0,0,0,0,0,0,0,0,0,0,0,0,0,0,0,0,1,1,0,0,1,1,0,0,0,0,0,1,0,0,0,1,0,0,0,0,1,0,0,0,0,0,0,0,0,0,0,0,0,1,0,1,0,0,1,0,0,0,0,0,0,1,0,1,1,1,0,1,0,0,0,0,1,0,0,0,0,0,1,0,1,0,0,0,0,0,0,0,0,0,1,0,0,0,1,0,0,0,0,0,0,1,0,0,1,1,0,0,1,1,0,0,0,0,1,1,0,1,0,1,0,1,0,0,0,0,1,0,0,0,0,0,0,0,0,1,0,0,1,0,1,0,1,0,0,1,1,1,1,1,0
trihydroxytriazine,C1(=O)NC(=O)NC(=O)N1,1,0,0,0,0,0,0,0,0,0,0,0,0,0,0,0,0,0,0,0,0,0,0,0,0,0,0,0,0,0,0,0,0,0,0,0,0,0,1,0,0,0,0,0,1,0,0,0,0,0,0,0,0,0,1,0,0,0,0,0,0,0,0,0,0,0,1,0,0,0,0,0,0,0,0,0,0,0,1,0,0,1,0,0,0,0,0,0,0,0,1,0,0,0,0,0,0,0,1,1,0,0,0,0,0,0,0,1,0,0,0,1,0,0,1,0,0,0,1,0,0,1,1,0,0,0,0,0,1,0,0,0,1,0,0,0,0,1,1,0,0,0,0,1,1,0,0,1,0,0,0,0,1,0,0,1,0,1,0,0,1,0,1,1,1,1,1,0
trimeturon,CN(C)C(=NC1=CC=C(C=C1)Cl)OC,1,0,0,0,0,0,0,0,0,0,0,0,0,0,0,0,0,0,0,0,0,0,0,0,0,0,0,0,0,0,0,0,0,0,0,0,0,0,1,0,0,0,0,0,0,0,0,0,0,0,0,0,0,0,0,0,0,0,0,0,0,0,0,0,0,0,0,0,0,0,0,0,0,0,0,1,0,0,1,1,0,0,0,0,0,0,1,1,1,0,0,0,0,0,1,0,0,0,0,0,0,0,0,0,1,0,0,1,1,0,0,1,0,0,0,0,0,0,1,0,1,0,0,1,0,0,0,1,0,0,0,0,0,0,1,1,1,0,0,0,0,0,1,1,0,0,0,0,0,1,1,0,0,0,0,0,0,1,1,1,0,1,1,1,1,1,1,0
tripropindan,CCC(=O)C1=C(C2=C(C=C1C(C)C)C(CC2)(C)C)C,1,0,0,0,0,0,0,0,0,0,0,0,0,0,0,0,0,0,0,0,0,0,0,0,0,0,0,0,0,0,0,0,0,0,0,0,0,0,0,0,0,0,0,0,0,0,0,0,0,0,0,0,0,0,0,0,0,0,0,0,0,0,0,0,0,0,0,1,0,0,0,0,0,0,0,1,0,0,0,0,0,0,0,0,0,0,0,0,0,0,0,0,0,0,0,0,0,1,0,0,0,0,1,0,0,0,1,0,0,1,0,0,0,1,0,1,1,1,0,1,0,0,0,0,0,0,0,0,0,0,0,0,0,1,0,0,0,0,0,0,0,0,1,0,0,1,0,0,1,0,1,1,0,1,0,1,1,0,0,0,0,1,0,1,1,1,1,0
tritac,CC(COCC1=C(C=CC(=C1Cl)Cl)Cl)O,1,0,0,0,0,0,0,0,0,0,0,0,0,0,0,0,0,0,0,0,0,0,0,0,0,0,0,0,0,0,0,0,0,0,0,0,0,0,0,0,0,0,0,0,0,0,0,0,0,0,0,0,0,0,0,0,0,0,0,0,0,0,0,0,0,0,0,0,0,0,0,0,0,1,0,0,0,0,0,0,0,0,0,0,0,0,0,1,1,0,0,0,1,0,0,0,0,0,0,0,0,0,0,0,1,1,0,0,1,1,1,0,0,0,0,0,1,0,0,0,0,0,0,0,0,0,0,1,0,0,0,0,0,1,0,1,0,0,0,1,1,0,0,0,0,1,0,0,0,0,0,1,0,1,1,0,1,0,1,0,1,1,0,1,1,1,1,0
aclonifen,C1=CC=C(C=C1)OC2=C(C(=C(C=C2)[N+](=O)[O-])N)Cl,1,0,0,0,0,0,0,0,0,0,0,0,0,0,0,0,0,0,0,0,0,0,0,0,0,1,0,0,0,0,0,0,0,0,0,0,0,0,0,0,0,0,0,0,0,0,0,0,0,0,1,0,0,0,0,0,0,1,0,0,0,0,0,0,1,0,0,0,0,0,0,1,1,0,0,0,0,0,0,0,1,0,0,0,0,1,0,0,1,0,0,0,0,0,0,1,0,0,1,0,0,0,0,1,1,0,0,0,1,0,0,0,0,0,1,0,0,0,0,0,1,0,0,1,0,1,1,1,1,0,0,1,0,0,1,1,1,0,0,0,0,0,0,1,1,1,1,1,0,1,0,1,1,1,0,0,0,1,1,1,1,0,1,1,1,1,1,0
amitrole,C1=NNC(=N1)N,1,0,0,0,0,0,0,0,0,0,0,0,0,0,0,0,0,0,0,0,0,0,0,0,0,0,1,0,0,0,0,0,0,0,0,0,0,0,0,0,0,0,0,0,1,0,0,0,0,0,0,0,0,1,0,0,0,0,0,0,0,0,0,0,0,0,1,0,0,0,1,0,0,0,0,0,0,0,1,0,1,1,0,0,1,1,0,0,0,0,0,0,0,0,0,1,0,1,0,0,0,0,0,0,0,0,0,1,0,0,0,0,0,0,0,0,0,0,0,0,0,1,1,0,0,1,0,0,0,0,0,0,1,0,1,0,1,0,1,0,0,0,0,1,0,0,0,0,0,0,0,0,1,0,0,0,0,1,0,1,0,0,1,1,0,0,1,0
asulam,COC(=O)NS(=O)(=O)C1=CC=C(C=C1)N,1,0,0,0,0,0,0,0,0,0,0,0,0,0,0,0,0,0,0,0,0,0,0,0,1,0,0,0,0,0,0,0,0,1,1,0,0,0,0,0,0,0,0,0,0,0,0,0,0,0,0,0,1,0,0,0,1,0,0,1,1,1,1,0,0,1,0,0,1,0,1,0,0,0,1,0,0,0,0,0,0,0,1,0,0,1,0,0,0,1,1,0,0,0,1,1,0,0,0,0,0,0,0,1,0,0,0,1,0,0,0,1,0,1,0,0,0,0,1,0,0,0,0,0,1,1,0,1,0,0,0,1,1,0,1,0,1,1,0,0,0,1,0,1,0,0,0,1,0,1,0,0,1,0,0,1,0,1,1,1,1,1,1,1,1,1,1,0
bilanafos,CC(C(=O)NC(C)C(=O)O)NC(=O)C(CCP(=O)(C)O)N,1,0,0,0,0,0,0,0,0,0,0,0,0,0,0,0,0,0,0,0,0,0,0,0,0,0,0,0,0,0,1,0,0,0,0,0,0,0,0,0,0,0,0,0,0,0,0,0,0,0,0,0,0,0,0,1,0,0,0,0,0,0,0,0,0,0,0,0,0,0,1,0,0,0,0,0,0,0,0,0,1,0,0,0,0,1,0,1,0,0,0,1,1,1,1,0,1,0,0,0,0,0,0,1,0,1,0,0,0,0,0,1,1,1,0,0,1,1,1,1,0,0,0,0,1,1,0,0,0,0,0,1,1,1,0,0,0,1,0,0,1,1,1,1,0,0,0,1,1,1,1,0,1,0,1,1,1,1,1,1,1,1,1,0,0,1,0,0
cinmethylin,CC1=CC=CC=C1COC2CC3(CCC2(O3)C)C(C)C,1,0,0,0,0,0,0,0,0,0,0,0,0,0,0,0,0,0,0,0,0,0,0,0,0,0,0,0,0,0,0,0,0,0,0,0,0,0,0,0,0,0,0,0,0,0,0,0,0,0,0,0,0,0,0,0,0,0,1,0,0,0,0,0,0,0,0,1,0,0,0,0,0,1,0,1,0,0,0,0,0,0,0,0,1,0,0,0,0,0,1,0,0,0,0,0,0,1,0,0,0,0,0,0,0,0,1,0,0,1,1,0,0,1,0,0,1,1,0,1,0,0,0,0,0,0,0,1,1,1,1,0,0,1,0,0,0,0,1,0,0,0,1,0,1,1,1,0,1,0,1,1,0,1,1,0,1,0,1,0,1,1,0,1,1,1,1,0
clomazone,CC1(CON(C1=O)CC2=CC=CC=C2Cl)C,1,0,0,0,0,0,0,0,0,0,0,0,0,0,1,0,0,0,0,0,0,0,0,0,0,1,0,0,0,0,0,0,0,0,0,0,0,0,0,0,0,0,0,0,0,0,0,0,0,0,0,0,0,0,0,0,0,0,1,0,0,0,0,0,0,0,0,1,0,0,0,0,1,1,0,1,1,0,0,0,0,0,0,0,1,0,0,0,1,0,1,0,0,1,0,1,0,1,1,0,0,1,0,1,1,0,0,0,1,1,1,1,1,1,0,0,1,0,1,0,0,1,1,1,0,1,0,0,1,1,1,0,0,1,0,1,0,0,1,1,0,0,0,0,1,1,0,0,0,1,1,1,0,0,1,1,1,1,1,1,1,1,1,1,1,1,1,0
cyclopyrimorate,CC1=C(C(=CC=C1)C2CC2)OC3=NN=C(C=C3OC(=O)N4CCOCC4)Cl,1,0,0,0,0,0,0,0,0,0,0,0,0,0,0,0,0,0,0,0,0,0,0,1,1,0,0,0,0,0,0,0,0,0,0,0,0,0,0,0,0,0,0,0,0,0,0,0,0,0,0,0,0,1,0,0,0,0,1,0,0,0,0,1,0,0,1,0,0,0,0,0,0,1,0,0,1,0,0,0,0,0,0,0,0,0,1,1,1,0,0,0,0,1,0,1,1,0,1,1,0,1,0,0,1,0,0,1,1,0,1,1,1,0,1,0,0,0,1,1,0,1,1,1,1,1,1,1,1,1,1,0,0,1,0,1,0,0,1,1,0,1,0,1,1,1,1,1,1,1,0,1,0,1,1,1,0,1,1,1,1,1,1,1,1,1,1,0
diflufenzopyr,CC(=NNC(=O)NC1=CC(=CC(=C1)F)F)C2=C(C=CC=N2)C(=O)O,1,0,0,0,0,0,0,0,0,0,0,0,0,0,0,0,0,0,0,0,0,0,0,0,0,0,0,0,0,0,0,0,0,0,0,0,0,0,1,0,0,0,0,1,1,0,0,0,0,0,0,0,0,1,0,0,0,0,0,0,0,0,0,0,0,0,1,0,0,0,1,0,0,0,0,0,0,0,1,1,1,1,0,0,0,0,0,0,1,0,0,0,0,0,0,1,1,0,1,1,0,0,0,0,0,0,0,1,1,0,0,1,0,0,0,0,0,0,1,0,1,0,1,0,1,1,1,0,0,0,0,0,1,0,1,1,1,1,1,0,1,0,0,1,0,1,1,1,0,0,0,1,1,0,0,1,0,1,1,1,1,1,1,1,1,1,1,0
endothal,C1CC2C(C(C1O2)C(=O)O)C(=O)O,1,0,0,0,0,0,0,0,0,0,0,0,0,0,0,0,0,0,0,0,0,0,0,0,0,0,0,0,0,0,0,0,0,0,0,0,0,0,0,0,0,0,0,0,0,0,0,0,0,0,0,0,0,0,0,0,0,0,1,0,0,0,0,0,0,0,0,0,0,0,0,0,0,0,0,0,0,0,0,0,0,0,0,0,1,0,0,0,0,0,1,0,1,0,0,0,0,1,0,0,0,0,0,0,0,0,1,0,0,0,0,0,0,0,0,0,0,0,0,1,0,0,0,0,1,0,0,0,0,0,0,0,1,1,0,0,0,1,1,0,1,1,0,0,0,0,0,1,1,0,0,1,0,1,0,1,0,0,1,0,1,0,0,0,1,1,1,0
glufosinate,CP(=O)(CCC(C(=O)O)N)O,1,0,0,0,0,0,0,0,0,0,0,0,0,0,0,0,0,0,0,0,0,0,0,0,0,0,0,0,0,0,1,0,0,0,0,0,0,0,0,0,0,0,0,0,0,0,0,0,0,0,0,0,0,0,0,1,0,0,0,0,0,0,0,0,0,0,0,0,0,0,1,0,0,0,0,0,0,0,0,0,0,0,0,0,0,1,0,1,0,0,0,1,1,0,1,0,1,0,0,0,0,0,0,1,0,1,0,0,0,0,0,0,1,1,0,0,1,1,0,1,0,0,0,0,1,1,0,0,0,0,0,1,1,1,0,0,0,1,0,0,1,1,0,0,0,0,0,1,1,1,0,0,1,0,1,1,1,1,1,1,1,1,1,0,0,1,0,0
glyphosate,C(C(=O)O)NCP(=O)(O)O,1,0,0,0,0,0,0,0,0,0,0,0,0,0,0,0,0,0,0,0,0,0,0,0,0,0,0,0,0,1,1,0,0,0,0,0,0,0,0,0,0,0,0,0,1,0,0,0,0,1,0,0,0,0,0,1,0,0,0,0,0,0,0,0,0,0,0,0,0,0,1,0,0,0,0,0,0,0,0,0,0,0,0,1,0,0,0,1,0,0,0,0,1,0,0,0,1,0,0,0,0,1,0,1,0,1,0,1,0,0,0,0,0,1,0,0,0,0,0,0,0,0,0,0,1,1,0,0,0,0,0,1,1,1,0,0,0,1,0,1,1,1,0,0,0,0,0,1,0,1,0,0,1,0,1,1,1,0,1,1,1,0,1,0,0,1,0,0
methiozolin,CC1=C(SC=C1)C2=NOC(C2)(C)COCC3=C(C=CC=C3F)F,1,0,0,0,0,0,0,0,0,0,0,0,0,0,0,0,0,0,0,0,0,0,0,0,0,1,0,0,0,0,0,0,0,0,0,0,0,1,0,0,0,0,0,1,0,0,0,0,0,0,0,0,0,0,0,0,0,0,1,0,0,0,0,1,0,0,0,1,0,0,0,0,1,1,0,0,0,0,0,1,0,0,1,0,1,0,0,1,1,1,0,0,0,0,0,1,0,1,1,0,0,0,0,1,0,0,0,0,1,1,1,0,1,1,0,0,1,0,0,0,1,1,1,0,0,1,1,1,0,1,0,0,0,1,0,1,0,0,1,1,0,0,0,0,0,1,0,0,0,0,1,1,0,1,1,0,1,1,1,0,1,1,1,1,1,1,1,0
naptalam,C1=CC=C2C(=C1)C=CC=C2NC(=O)C3=CC=CC=C3C(=O)O,1,0,0,0,0,0,0,0,0,0,0,0,0,0,0,0,0,0,0,0,0,0,0,0,0,0,0,0,0,0,0,0,0,0,0,0,0,0,0,0,0,0,0,0,0,0,0,0,0,0,0,0,0,0,0,0,0,0,0,0,0,0,0,0,0,0,0,0,0,0,0,0,0,0,0,0,0,0,0,0,0,0,0,0,0,0,0,0,0,0,0,0,0,1,0,0,0,0,0,0,0,0,1,0,0,0,1,0,0,0,0,1,0,0,0,0,0,0,1,0,0,0,0,0,1,0,1,0,0,0,0,0,1,0,1,0,1,1,0,0,1,0,0,0,0,1,1,1,0,0,0,1,1,0,0,1,0,1,1,1,1,0,1,1,1,1,1,0
bromobutide,CC(C)(C)C(C(=O)NC(C)(C)C1=CC=CC=C1)Br,1,0,0,0,0,0,0,0,0,0,0,0,0,0,0,0,0,0,0,0,0,0,0,0,0,0,0,0,0,0,0,0,0,0,0,0,0,0,0,0,0,0,0,0,0,0,0,1,0,0,0,0,0,0,0,0,0,0,0,0,0,0,0,0,0,0,0,1,0,0,0,0,0,0,0,1,0,0,0,0,0,0,0,0,0,0,0,0,0,0,0,0,0,1,0,0,0,0,0,0,0,0,0,0,0,0,0,0,1,0,0,1,0,1,0,0,0,0,1,0,0,0,0,0,0,0,0,0,0,0,0,0,0,0,0,1,0,0,0,0,0,0,1,0,0,0,0,0,0,0,1,0,1,0,0,1,0,1,0,1,0,1,1,1,1,1,1,0
cumyluron,CC(C)(C1=CC=CC=C1)NC(=O)NCC2=CC=CC=C2Cl,1,0,0,0,0,0,0,0,0,0,0,0,0,0,0,0,0,0,0,0,0,0,0,0,0,0,0,0,0,0,0,0,0,0,0,0,0,0,1,0,0,0,0,0,1,0,0,0,0,0,0,0,0,0,0,0,0,0,0,0,0,0,0,0,0,0,0,1,0,0,0,0,0,0,0,1,0,0,1,0,0,0,0,1,0,0,0,0,1,0,0,1,0,0,0,0,0,0,0,0,0,1,0,0,1,0,0,1,1,0,0,1,0,1,0,0,0,0,1,0,0,0,0,0,0,0,1,0,0,0,0,0,1,0,0,1,0,0,0,0,0,0,0,1,0,1,1,0,0,0,1,1,1,0,1,1,1,1,0,1,0,1,1,1,1,1,1,0
daimuron,CC1=CC=C(C=C1)NC(=O)NC(C)(C)C2=CC=CC=C2,1,0,0,0,0,0,0,0,0,0,0,0,0,0,0,0,0,0,0,0,0,0,0,0,0,0,0,0,0,0,0,0,0,0,0,0,0,0,1,0,0,0,0,0,1,0,0,0,0,0,0,0,0,0,0,0,0,0,0,0,0,0,0,0,0,0,0,1,0,0,0,0,0,0,0,1,0,0,1,0,0,0,0,0,0,0,0,0,0,0,0,0,0,0,0,0,0,0,0,0,0,0,0,0,0,0,0,1,0,0,0,1,0,1,0,0,0,0,1,0,0,0,0,0,0,0,1,0,0,0,0,0,1,0,1,0,1,0,0,0,0,0,1,1,0,0,1,0,0,0,1,0,1,0,0,1,0,1,0,1,0,1,1,1,1,1,1,0
difenzoquat,CN1C(=CC(=[N+]1C)C2=CC=CC=C2)C3=CC=CC=C3,1,0,0,0,0,0,0,0,0,0,0,0,0,0,0,0,0,0,0,0,0,0,0,0,0,0,0,0,0,0,0,0,0,0,0,0,0,0,0,0,0,0,0,0,0,0,0,0,0,0,1,0,0,1,0,0,0,0,0,0,0,0,0,1,0,0,1,0,0,0,0,0,0,0,0,0,1,0,0,0,0,1,0,0,1,0,0,0,0,0,0,0,0,0,1,1,0,1,0,0,0,0,0,0,0,0,0,0,0,0,0,0,0,0,0,0,0,0,0,0,0,1,1,1,0,1,1,0,0,0,0,0,0,0,0,0,0,0,1,0,0,0,0,1,0,1,1,0,0,1,1,1,0,0,0,0,0,1,0,1,0,1,1,1,1,0,1,0
diphenamid,CN(C)C(=O)C(C1=CC=CC=C1)C2=CC=CC=C2,1,0,0,0,0,0,0,0,0,0,0,0,0,0,0,0,0,0,0,0,0,0,0,0,0,0,0,0,0,0,0,0,0,0,0,0,0,0,0,0,0,0,0,0,0,0,0,0,0,0,0,0,0,0,0,0,0,0,0,0,0,0,0,0,0,0,0,0,0,0,0,0,0,0,0,1,0,0,0,0,0,0,0,0,0,0,1,1,0,0,0,0,0,1,1,0,0,0,0,0,0,0,0,0,0,0,0,0,0,0,0,1,0,0,0,0,0,0,1,0,0,0,0,1,0,0,1,0,0,0,0,0,0,0,0,0,0,0,0,0,0,0,0,0,0,0,1,0,0,1,1,0,0,0,0,1,0,1,0,1,0,1,1,1,1,1,1,0
etobenzanid,CCOCOC1=CC=C(C=C1)C(=O)NC2=C(C(=CC=C2)Cl)Cl,1,0,0,0,0,0,0,0,0,0,0,0,0,0,0,0,0,0,0,0,0,0,0,0,0,0,0,0,0,1,0,0,0,0,0,0,0,0,0,0,0,0,0,0,0,0,0,0,0,0,0,0,0,0,0,0,0,0,0,0,0,0,0,0,0,0,0,0,0,0,0,0,0,0,0,0,0,0,0,0,0,0,0,0,0,0,0,1,1,0,0,0,0,1,0,0,0,0,0,0,0,0,0,0,1,0,0,0,1,0,1,1,0,0,1,1,0,1,1,0,0,0,0,0,1,0,1,1,1,0,0,0,0,0,1,1,1,0,0,1,0,0,0,0,1,1,1,1,0,0,0,1,1,1,1,1,1,1,1,1,1,1,1,1,1,1,1,0
flamprop-M,CC(C(=O)O)N(C1=CC(=C(C=C1)F)Cl)C(=O)C2=CC=CC=C2,1,0,0,0,0,0,0,0,0,0,0,0,0,0,0,0,0,0,0,0,0,0,0,0,0,0,0,0,0,0,0,0,0,0,0,0,0,0,0,0,0,0,0,1,0,0,0,0,0,0,0,0,0,0,0,0,0,0,0,0,0,0,0,0,0,0,0,0,0,0,0,0,0,0,0,0,0,0,0,0,0,0,0,0,0,0,1,0,1,0,0,0,0,1,0,0,1,0,0,0,0,0,0,0,1,0,0,0,1,0,0,1,0,0,0,0,0,0,1,0,0,0,0,1,1,0,1,0,0,0,0,0,0,0,1,1,1,1,0,0,1,0,0,0,0,1,1,1,0,1,0,1,0,0,0,1,0,1,1,1,1,1,1,1,1,1,1,0
fosamine,CCOP(=O)(C(=O)N)O,1,0,0,0,0,0,0,0,0,0,0,0,0,0,0,0,0,0,0,0,0,0,0,0,0,0,0,0,0,0,1,0,0,0,0,0,0,0,0,0,0,0,0,0,0,0,0,0,0,1,0,0,0,0,0,1,0,0,0,0,0,0,0,0,0,0,0,0,0,0,1,0,0,1,0,0,0,0,0,0,0,0,0,0,0,1,0,0,0,0,0,1,1,0,0,0,1,0,0,0,0,0,0,1,0,0,0,1,0,0,1,1,0,1,0,1,0,0,1,0,0,0,0,0,0,1,0,1,0,0,0,1,1,0,0,0,0,1,0,0,1,1,0,0,0,0,0,1,0,1,0,0,1,0,1,1,1,1,1,1,1,1,1,0,0,1,0,0
mefluidide,CC1=CC(=C(C=C1NC(=O)C)NS(=O)(=O)C(F)(F)F)C,1,0,0,0,0,0,0,0,0,0,0,0,0,0,0,0,0,0,0,0,0,0,0,0,0,0,0,0,0,0,0,0,0,1,1,0,0,0,0,0,0,0,0,1,0,0,0,0,0,0,0,0,1,0,1,0,1,0,0,1,0,1,1,0,0,0,0,0,1,0,1,0,0,0,1,0,0,0,0,0,0,1,1,0,0,0,0,0,0,1,0,0,0,1,0,1,0,0,0,0,0,0,0,1,0,0,0,1,1,0,0,1,0,1,0,0,0,0,1,0,0,0,0,0,0,1,0,0,0,0,0,1,1,0,1,1,1,1,0,0,0,0,1,1,0,1,0,1,0,1,1,1,1,0,0,1,0,1,0,1,1,1,1,1,1,1,1,0
methyldymron,CC(C)(C1=CC=CC=C1)NC(=O)N(C)C2=CC=CC=C2,1,0,0,0,0,0,0,0,0,0,0,0,0,0,0,0,0,0,0,0,0,0,0,0,0,0,0,0,0,0,0,0,0,0,0,0,0,0,1,0,0,0,0,0,0,0,0,0,0,0,0,0,0,0,0,0,0,0,0,0,0,0,0,0,0,0,0,1,0,0,0,0,0,0,0,1,0,0,1,0,0,0,0,0,0,0,1,0,0,0,0,0,0,0,1,0,0,0,0,0,0,0,0,0,0,0,0,1,0,0,0,1,0,1,0,0,0,0,1,0,0,0,0,1,0,0,1,0,0,0,0,0,0,0,1,0,1,0,0,0,0,0,1,1,0,0,1,0,0,1,1,0,1,0,0,1,0,1,0,1,0,1,1,1,1,1,1,0
monalide,CCCC(C)(C)C(=O)NC1=CC=C(C=C1)Cl,1,0,0,0,0,0,0,0,0,0,0,0,0,0,0,0,0,0,0,0,0,0,0,0,0,0,0,0,0,0,0,0,0,0,0,0,0,0,0,0,0,0,0,0,0,0,0,0,0,0,0,0,0,0,0,0,0,0,0,0,0,0,0,0,0,0,0,1,0,0,0,0,0,0,0,1,0,0,0,0,0,0,0,0,0,0,0,0,1,0,0,1,1,1,0,0,0,0,0,0,0,0,0,0,1,0,0,0,1,0,0,1,0,1,0,1,1,1,1,1,0,0,0,0,0,0,0,0,0,0,0,0,0,0,1,1,1,0,0,0,0,0,1,0,0,0,0,0,1,0,1,0,1,0,0,1,1,1,0,1,0,1,1,1,1,1,1,0
naproanilide,CC(C(=O)NC1=CC=CC=C1)OC2=CC3=CC=CC=C3C=C2,1,0,0,0,0,0,0,0,0,0,0,0,0,0,0,0,0,0,0,0,0,0,0,0,0,0,0,0,0,0,0,0,0,0,0,0,0,0,0,0,0,0,0,0,0,0,0,0,0,0,0,0,0,0,0,0,0,0,0,0,0,0,0,0,0,0,0,0,0,0,0,0,0,1,0,0,0,0,0,0,0,0,0,0,0,0,0,0,0,0,0,0,0,1,0,0,1,0,0,0,0,0,1,0,0,0,1,0,0,0,0,1,0,0,1,0,0,0,1,0,0,0,0,0,0,0,1,1,1,0,0,0,0,0,1,0,1,0,0,0,0,0,0,0,1,0,1,0,0,0,0,0,1,1,0,1,0,1,1,1,1,1,1,1,1,1,1,0
napropamide,CCN(CC)C(=O)C(C)OC1=CC=CC2=CC=CC=C21,1,0,0,0,0,0,0,0,0,0,0,0,0,0,0,0,0,0,0,0,0,0,0,0,0,0,0,0,0,0,0,0,0,0,0,0,0,0,0,0,0,0,0,0,0,0,0,0,0,0,0,0,0,0,0,0,0,0,0,0,0,0,0,0,0,0,0,0,0,0,0,0,0,1,0,0,0,0,0,0,0,0,0,0,0,0,1,1,0,0,0,0,0,1,0,0,1,0,0,0,0,1,1,0,0,0,1,0,0,1,0,1,0,0,1,1,0,1,1,0,0,0,0,1,0,0,1,1,1,0,0,0,0,0,0,0,0,0,0,1,0,0,1,0,1,0,1,0,0,1,1,0,0,1,1,1,1,1,1,1,1,1,1,1,1,1,1,0
oxaziclomefone,CC1=C(C(=O)N(CO1)C(C)(C)C2=CC(=CC(=C2)Cl)Cl)C3=CC=CC=C3,1,0,0,0,0,0,0,0,0,0,0,0,0,0,0,0,0,0,0,0,0,0,0,0,0,0,0,0,0,1,0,0,0,0,0,0,0,0,0,0,0,0,0,0,0,0,0,0,0,0,0,1,0,0,0,0,0,0,1,0,0,0,0,1,0,0,0,1,0,0,0,0,0,0,0,1,1,1,0,0,0,0,0,0,0,0,1,0,1,0,1,0,0,1,0,0,0,0,1,1,1,1,0,0,1,0,0,0,1,0,1,1,0,1,0,0,0,1,1,0,0,1,1,1,0,0,1,0,1,0,0,0,0,0,0,1,0,0,1,0,0,0,1,0,1,0,1,0,0,1,1,1,0,1,1,1,0,1,1,1,1,1,1,1,1,1,1,0
pelargonic acid,CCCCCCCCC(=O)O,1,0,0,0,0,0,0,0,0,0,0,0,0,0,0,0,0,0,0,0,0,0,0,0,0,0,0,0,0,0,0,0,0,0,0,0,0,0,0,0,0,0,0,0,0,0,0,0,0,0,0,0,0,0,0,0,0,0,0,0,0,0,0,0,0,0,0,0,0,0,0,0,0,0,0,0,0,0,0,0,0,0,0,0,0,0,0,0,0,0,0,1,1,0,0,0,0,0,0,0,0,0,0,0,0,1,0,0,0,1,0,0,0,0,0,1,1,1,0,1,0,0,0,0,1,0,0,0,0,1,1,0,0,1,0,0,0,0,0,0,1,0,0,0,0,0,0,0,1,0,0,0,0,0,0,1,1,0,1,0,1,1,0,0,0,1,0,0
perfluidone,CC1=C(C=CC(=C1)S(=O)(=O)C2=CC=CC=C2)NS(=O)(=O)C(F)(F)F,1,0,0,0,0,0,0,0,0,0,0,0,0,0,0,0,0,0,0,0,0,0,0,0,0,0,0,0,0,0,0,0,0,1,1,0,0,0,0,0,0,0,0,1,0,0,0,0,0,0,0,0,1,0,0,0,1,0,0,1,1,1,1,0,0,1,0,0,1,0,1,0,0,0,1,0,0,0,0,0,0,0,1,0,0,0,0,0,0,1,0,0,0,0,0,1,0,0,0,0,0,0,0,1,0,0,0,1,1,0,0,0,0,1,0,0,0,0,1,0,0,0,0,0,0,1,1,0,0,0,0,1,0,0,1,1,1,1,0,0,0,1,0,0,0,1,1,1,0,1,0,1,1,0,0,0,0,1,0,1,1,1,1,1,1,1,1,0
pyributicarb,CC(C)(C)C1=CC(=CC=C1)OC(=S)N(C)C2=NC(=CC=C2)OC,1,0,0,0,0,0,0,0,0,0,0,0,0,0,0,0,0,0,0,0,0,0,0,0,0,0,0,0,0,0,0,0,0,0,0,0,0,0,0,1,0,0,0,0,0,0,0,0,1,0,0,0,0,0,0,0,0,0,0,0,0,0,0,0,0,0,1,1,0,0,0,0,0,0,1,1,0,0,1,0,0,0,1,0,0,0,1,0,0,1,0,0,0,1,1,0,0,0,1,1,0,0,0,0,0,0,0,1,0,0,0,1,0,1,1,0,0,0,1,0,0,0,1,1,0,0,1,1,1,0,0,0,0,0,1,0,1,0,1,0,0,0,1,1,1,0,1,0,0,1,1,0,0,1,0,0,0,1,1,1,1,1,1,1,1,1,1,0
quinoclamine,C1=CC=C2C(=C1)C(=O)C(=C(C2=O)Cl)N,1,0,0,0,0,0,0,0,0,0,0,0,0,0,0,0,0,0,0,0,0,0,0,0,0,0,0,0,0,0,0,0,0,0,0,0,0,0,0,0,0,0,0,0,0,0,1,0,0,0,0,0,0,0,0,0,0,0,0,0,0,0,0,0,0,0,0,0,0,0,0,0,0,0,0,0,0,1,0,0,0,0,0,0,0,1,0,0,1,0,0,0,0,0,0,0,1,0,1,0,1,0,1,0,1,0,1,0,1,0,0,0,0,0,0,0,0,0,0,0,0,0,0,0,0,0,0,0,1,0,0,0,0,0,1,1,0,1,0,0,0,0,0,0,1,1,1,0,0,0,0,1,1,1,0,1,0,1,0,1,1,0,1,1,1,1,1,0
tebutam,CC(C)N(CC1=CC=CC=C1)C(=O)C(C)(C)C,1,0,0,0,0,0,0,0,0,0,0,0,0,0,0,0,0,0,0,0,0,0,0,0,0,0,0,0,0,0,0,0,0,0,0,0,0,0,0,0,0,0,0,0,0,0,0,0,0,0,0,0,0,0,0,0,0,0,0,0,0,0,0,0,0,0,0,1,0,0,0,0,0,0,0,1,0,0,0,0,0,0,0,0,0,0,1,0,0,0,0,0,0,1,0,0,0,0,0,0,0,1,0,0,0,0,0,0,0,1,0,1,0,1,0,0,0,1,1,0,0,0,0,1,0,0,0,0,0,0,0,0,0,0,0,0,0,0,0,0,0,0,1,0,0,0,0,0,0,1,1,0,0,0,1,1,1,1,0,1,0,1,1,1,1,1,1,0
2_3_6-TBA,C1=CC(=C(C(=C1Cl)C(=O)O)Cl)Cl,1,0,0,0,0,0,0,0,0,0,0,0,0,0,0,0,0,0,0,0,0,0,0,0,0,0,0,0,0,0,0,0,0,0,0,0,0,0,0,0,0,0,0,0,0,0,0,0,0,0,0,0,0,0,0,0,0,0,0,0,0,0,0,0,0,0,0,0,0,0,0,0,0,0,0,0,0,0,0,0,0,0,0,0,0,0,0,0,1,0,0,0,0,0,0,0,0,0,0,0,0,0,0,0,1,0,0,0,1,0,0,0,0,0,0,0,0,0,0,0,0,0,0,0,1,0,0,0,0,0,0,0,0,0,0,1,0,0,0,0,1,0,0,0,0,1,0,0,0,0,0,1,0,0,0,1,0,0,1,0,1,0,0,1,1,1,1,0
2_4_5-TB,C1=C(C(=CC(=C1Cl)Cl)Cl)OCCCC(=O)O,1,0,0,0,0,0,0,0,0,0,0,0,0,0,0,0,0,0,0,0,0,0,0,0,0,0,0,0,0,0,0,0,0,0,0,0,0,0,0,0,0,0,0,0,0,0,0,0,0,0,0,0,0,0,0,0,0,0,0,0,0,0,0,0,0,0,0,0,0,0,0,0,0,0,0,0,0,0,0,0,0,0,0,0,0,0,0,0,1,0,0,1,1,0,0,0,0,0,0,0,0,0,0,0,1,1,0,0,1,0,1,0,0,0,1,0,0,0,0,1,0,0,0,0,1,0,0,1,1,0,0,0,0,1,0,1,0,0,0,0,1,0,0,0,1,1,0,1,1,0,0,1,0,1,1,1,1,0,1,0,1,0,0,1,1,1,1,0
2_4-DEB,C1=CC=C(C=C1)C(=O)OCCOC2=C(C=C(C=C2)Cl)Cl,1,0,0,0,0,0,0,0,0,0,0,0,0,0,0,0,0,0,0,0,0,0,0,0,0,0,0,0,0,0,0,0,0,0,0,0,0,0,0,0,0,0,0,0,0,0,0,0,0,0,0,0,0,0,0,0,0,0,0,0,0,0,0,0,0,0,0,0,0,0,0,0,0,1,0,0,0,0,0,0,0,0,0,0,0,0,0,0,1,0,0,0,0,0,0,0,0,0,0,0,0,0,0,0,1,0,0,0,1,0,1,0,0,0,1,0,0,0,0,1,0,0,0,0,1,0,1,1,1,0,0,0,0,1,0,1,0,0,0,1,0,0,0,0,1,1,1,1,1,0,0,1,0,1,1,1,1,0,1,0,1,0,0,1,1,1,1,0
3_4-DA,C1=CC(=C(C=C1CC=O)O)O,1,0,0,0,0,0,0,0,0,0,0,0,0,0,0,0,0,0,0,0,0,0,0,0,0,0,0,0,0,0,0,0,0,0,0,0,0,0,0,0,0,0,0,0,0,0,0,0,0,0,0,0,0,0,0,1,0,0,0,0,0,0,0,0,0,0,0,0,0,0,0,0,0,1,0,0,0,0,0,0,0,0,0,0,0,0,0,0,0,0,0,0,1,0,0,0,0,0,0,0,0,0,0,0,0,0,0,0,0,0,0,0,0,0,1,0,0,0,0,0,0,0,0,0,0,0,0,0,1,0,0,0,1,1,0,0,0,0,0,0,1,0,0,0,1,1,0,1,0,0,0,1,0,1,0,1,1,0,1,0,1,0,0,1,1,1,1,0
3_4-DB,C1=CC(=C(C=C1OCCCC(=O)O)Cl)Cl,1,0,0,0,0,0,0,0,0,0,0,0,0,0,0,0,0,0,0,0,0,0,0,0,0,0,0,0,0,0,0,0,0,0,0,0,0,0,0,0,0,0,0,0,0,0,0,0,0,0,0,0,0,0,0,0,0,0,0,0,0,0,0,0,0,0,0,0,0,0,0,0,0,0,0,0,0,0,0,0,0,0,0,0,0,0,0,0,1,0,0,1,1,0,0,0,0,0,0,0,0,0,0,0,1,1,0,0,1,0,1,0,0,0,1,0,0,0,0,1,0,0,0,0,1,0,0,1,1,0,0,0,0,1,0,1,0,0,0,0,1,0,0,0,1,1,0,1,1,0,0,1,0,1,1,1,1,0,1,0,1,0,0,1,1,1,1,0
3_4-DP,CC1=C(C=C(C=C1)O)C,1,0,0,0,0,0,0,0,0,0,0,0,0,0,0,0,0,0,0,0,0,0,0,0,0,0,0,0,0,0,0,0,0,0,0,0,0,0,0,0,0,0,0,0,0,0,0,0,0,0,0,0,0,0,0,0,0,0,0,0,0,0,0,0,0,0,0,0,0,0,0,0,0,0,0,0,0,0,0,0,0,0,0,0,0,0,0,0,0,0,0,0,0,0,0,0,0,0,0,0,0,0,0,0,0,0,0,0,0,0,0,0,0,0,1,0,0,0,0,0,0,0,0,0,0,0,0,0,1,0,0,0,0,0,0,0,0,0,0,0,1,0,0,0,1,1,0,0,0,0,1,1,0,1,0,0,0,0,1,0,0,1,0,1,1,1,1,0
4-CPA,C1=CC(=CC=C1OCC(=O)O)Cl,1,0,0,0,0,0,0,0,0,0,0,0,0,0,0,0,0,0,0,0,0,0,0,0,0,0,0,0,0,0,0,0,0,0,0,0,0,0,0,0,0,0,0,0,0,0,0,0,0,0,0,0,0,0,0,0,0,0,0,0,0,0,0,0,0,0,0,0,0,0,0,0,0,1,0,0,0,0,0,0,0,0,0,0,0,0,0,0,1,0,0,0,0,0,0,0,0,0,0,0,0,0,0,0,1,1,0,0,1,0,1,0,0,0,1,0,0,0,0,0,0,0,0,0,1,0,0,1,1,0,0,0,0,1,0,1,0,0,0,0,1,0,0,0,1,0,0,1,0,0,0,0,0,1,1,1,1,0,1,0,1,0,0,1,1,1,1,0
4-CPB,C1=CC(=CC=C1OCCCC(=O)O)Cl,1,0,0,0,0,0,0,0,0,0,0,0,0,0,0,0,0,0,0,0,0,0,0,0,0,0,0,0,0,0,0,0,0,0,0,0,0,0,0,0,0,0,0,0,0,0,0,0,0,0,0,0,0,0,0,0,0,0,0,0,0,0,0,0,0,0,0,0,0,0,0,0,0,0,0,0,0,0,0,0,0,0,0,0,0,0,0,0,1,0,0,1,1,0,0,0,0,0,0,0,0,0,0,0,1,1,0,0,1,0,1,0,0,0,1,0,0,0,0,1,0,0,0,0,1,0,0,1,1,0,0,0,0,1,0,1,0,0,0,0,1,0,0,0,1,0,0,1,1,0,0,0,0,1,1,1,1,0,1,0,1,0,0,1,1,1,1,0
4-CPP,CC(C(=O)O)OC1=CC=C(C=C1)Cl,1,0,0,0,0,0,0,0,0,0,0,0,0,0,0,0,0,0,0,0,0,0,0,0,0,0,0,0,0,0,0,0,0,0,0,0,0,0,0,0,0,0,0,0,0,0,0,0,0,0,0,0,0,0,0,0,0,0,0,0,0,0,0,0,0,0,0,0,0,0,0,0,0,1,0,0,0,0,0,0,0,0,0,0,0,0,0,0,1,0,0,0,0,0,0,0,0,0,0,0,0,0,0,0,1,0,0,0,1,0,0,0,0,0,1,0,0,0,0,0,0,0,0,0,1,0,0,1,1,0,0,0,0,0,0,1,0,0,0,0,1,0,0,0,1,0,0,1,0,0,0,0,0,1,0,1,0,0,1,0,1,1,0,1,1,1,1,0
ametridione,CCSC1=NC(=O)N(C(=O)N1N)CC(C)(C)C,1,0,0,0,0,0,0,0,0,0,0,0,0,0,0,0,0,0,0,0,0,0,0,0,0,0,0,0,0,0,0,0,0,0,0,0,0,0,1,0,0,0,0,0,0,0,0,0,1,0,0,0,0,1,0,0,0,0,0,0,1,0,0,0,0,1,1,1,0,0,1,0,0,0,0,1,1,0,1,0,1,1,1,0,0,1,1,0,0,1,1,0,1,0,0,1,1,0,1,1,0,1,0,0,0,0,0,1,0,0,0,1,0,1,1,1,1,0,1,0,0,1,1,1,0,1,0,0,1,0,0,0,0,0,1,0,1,1,1,1,0,0,1,1,1,1,0,0,0,1,1,1,1,0,1,1,1,1,0,1,1,1,1,1,1,1,1,0
amibuzin,CC(C)(C)C1=NN=C(N(C1=O)C)N(C)C,1,0,0,0,0,0,0,0,0,0,0,0,0,0,0,0,0,0,0,0,0,0,0,0,0,0,1,0,0,0,0,0,0,0,0,0,0,0,0,0,0,0,0,0,0,0,0,0,0,0,0,0,0,1,0,0,0,0,0,0,0,0,0,0,0,0,1,1,0,0,0,0,0,0,0,1,1,0,1,0,1,1,0,0,0,0,1,1,0,0,0,0,0,1,1,1,1,0,1,1,0,0,0,0,0,0,0,1,0,0,0,1,0,1,1,0,0,0,1,0,0,1,1,1,0,1,0,0,1,0,0,0,0,0,1,0,1,0,1,0,0,0,1,1,1,1,0,0,0,1,1,1,0,0,0,1,0,1,0,1,0,1,1,1,1,1,1,0
amiprofos-methyl,CC1=CC(=C(C=C1)OP(=S)(NC(C)C)OC)[N+](=O)[O-],1,0,0,0,0,0,0,0,0,0,0,0,0,0,0,0,0,0,0,0,0,0,0,0,0,1,0,0,0,0,1,0,0,0,0,0,0,0,0,0,0,0,0,0,0,0,0,0,1,0,1,0,0,0,0,0,0,1,0,0,0,0,0,0,1,0,0,0,1,0,1,1,1,0,1,1,0,0,0,0,0,0,1,0,0,0,0,0,0,1,1,0,0,0,1,1,1,0,0,0,0,0,0,1,0,0,0,1,0,0,0,0,0,1,1,0,0,0,1,0,1,0,0,1,0,1,0,1,1,0,0,1,0,0,1,0,1,0,0,0,0,1,1,1,1,1,0,1,0,1,1,1,1,1,0,0,0,1,1,1,1,1,1,1,1,1,1,0
amiprophos,CCOP(=S)(NC(C)C)OC1=C(C=C(C=C1)C)[N+](=O)[O-],1,0,0,0,0,0,0,0,0,0,0,0,0,0,0,0,0,0,0,0,0,0,0,0,0,1,0,0,0,0,1,0,0,0,0,0,0,0,0,0,0,0,0,0,0,0,0,0,1,0,1,0,0,0,0,0,0,1,0,0,0,0,0,0,1,0,0,0,1,0,1,1,1,0,1,1,0,0,0,0,0,0,1,0,0,0,0,0,0,1,1,1,0,0,0,1,1,0,0,0,0,0,0,1,0,0,0,1,0,0,1,0,0,1,1,1,0,0,1,0,1,0,0,1,0,1,0,1,1,0,0,1,0,0,1,0,1,0,0,0,0,1,1,1,1,1,0,1,0,1,1,1,1,1,1,0,1,1,1,1,1,1,1,1,1,1,1,0
anisuron,CN(C)C(=O)N(C1=CC(=C(C=C1)Cl)Cl)C(=O)C2=CC=C(C=C2)OC,1,0,0,0,0,0,0,0,0,0,0,0,0,0,0,0,0,0,0,0,0,0,0,0,0,0,0,0,0,0,0,0,0,0,0,0,0,0,1,0,0,0,0,0,0,0,0,0,0,0,0,0,0,0,0,0,0,0,0,0,0,0,0,0,0,0,0,0,0,0,0,0,0,0,0,1,0,0,1,0,0,0,0,0,0,0,1,1,1,0,1,0,0,1,1,0,0,0,1,0,0,0,0,0,1,0,0,1,1,0,0,1,0,0,1,0,0,0,1,0,0,0,0,1,0,0,1,1,1,0,0,0,0,0,1,1,1,1,0,0,0,0,1,1,1,1,1,1,0,1,1,1,0,1,0,1,0,1,1,1,1,1,1,1,1,1,1,0
BCPC,CCC(C)OC(=O)NC1=CC(=CC=C1)Cl,1,0,0,0,0,0,0,0,0,0,0,0,0,0,0,0,0,0,0,0,0,0,0,0,1,0,0,0,0,0,0,0,0,0,0,0,0,0,0,0,0,0,0,0,0,0,0,0,0,0,0,0,0,0,0,0,0,0,0,0,0,0,0,0,0,0,0,0,0,0,0,0,0,0,0,0,0,0,0,0,0,0,0,0,0,0,0,0,1,0,0,0,1,0,0,0,0,0,0,0,0,0,0,0,1,0,0,1,1,0,0,1,0,0,0,1,1,0,1,0,0,0,0,0,1,0,0,1,0,0,0,0,0,1,1,1,1,0,0,0,0,0,0,0,0,0,0,0,0,0,1,0,1,1,0,1,1,1,1,1,1,1,1,1,1,1,1,0
bencarbazone,CCS(=O)(=O)NC1=CC(=C(C=C1C(=S)N)F)N2C(=O)N(C(=N2)C(F)(F)F)C,1,0,0,0,0,0,0,0,0,0,0,0,0,0,0,0,0,0,0,0,0,0,0,0,0,0,0,0,0,0,0,0,0,1,1,0,0,0,1,1,0,0,0,1,0,0,0,0,1,0,0,0,1,1,1,0,1,0,0,1,0,1,1,1,0,0,1,0,1,0,1,0,0,0,1,0,1,0,1,0,1,1,1,0,1,1,1,0,1,1,0,0,0,0,1,1,1,1,1,0,0,0,0,1,0,1,0,1,1,0,0,1,1,1,1,1,0,0,1,0,0,1,1,1,0,1,1,0,1,0,0,1,1,1,1,1,1,1,1,0,0,0,0,1,1,1,0,1,0,1,1,1,1,0,1,1,1,1,0,1,1,1,1,1,1,1,1,0
benzfendizone,CCC1=CC(=C(C=C1)COC2=CC=C(C=C2)N3C(=O)C=C(N(C3=O)C)C(F)(F)F)OC(C)C(=O)OC,1,0,0,0,0,0,0,0,0,0,0,0,0,0,0,0,0,0,0,0,0,0,0,0,0,0,0,0,0,0,0,0,0,0,0,0,0,0,1,0,0,0,0,1,0,0,0,0,0,0,0,0,0,0,0,0,0,0,0,0,0,0,0,1,0,0,1,0,0,0,0,0,0,1,0,0,1,0,1,0,0,1,0,0,0,0,1,0,0,0,1,0,0,1,1,0,0,0,1,1,0,0,0,0,0,0,0,1,1,0,1,1,0,1,1,1,0,0,1,0,0,1,1,1,1,0,1,1,1,0,0,0,0,0,1,1,1,1,1,0,0,1,1,1,1,1,1,1,0,1,1,1,0,1,1,1,1,1,1,1,1,1,1,1,1,1,1,0
bispyribac,COC1=CC(=NC(=N1)OC2=C(C(=CC=C2)OC3=NC(=CC(=N3)OC)OC)C(=O)O)OC,1,0,0,0,0,0,0,0,0,0,0,0,0,0,0,0,0,0,0,0,0,0,0,0,0,0,0,0,0,0,0,0,0,0,0,0,0,0,1,0,0,0,0,0,0,0,0,0,0,0,0,0,0,0,0,0,0,0,0,0,0,0,0,0,0,0,1,0,0,0,0,0,0,0,0,0,0,0,1,0,0,1,0,0,0,0,0,0,0,0,1,0,0,1,1,0,0,0,1,1,0,0,0,0,0,0,0,1,0,0,0,1,0,0,1,0,0,0,1,0,0,1,1,0,1,0,1,1,1,0,0,0,0,0,0,0,0,0,1,0,1,1,1,1,1,1,1,1,0,0,1,1,0,1,0,1,0,1,1,0,1,1,1,1,1,1,1,0
bromobonil,C1CC(OC1)COC(=O)OC2=C(C=C(C=C2Br)C#N)Br,1,0,0,0,0,0,0,0,0,0,0,0,0,0,0,0,1,0,0,0,0,0,0,0,0,0,0,0,0,0,0,0,0,0,0,0,0,0,0,0,0,0,1,0,0,0,0,1,0,0,0,0,0,0,0,0,0,0,1,0,0,0,0,0,0,0,0,0,0,0,0,0,0,1,0,0,0,0,0,0,0,0,0,0,1,0,0,0,1,0,0,0,0,0,0,0,0,1,0,0,0,0,0,0,0,0,0,1,1,0,1,0,0,0,1,0,0,0,0,1,0,0,0,0,1,0,0,1,1,1,1,0,0,1,0,1,0,0,1,1,0,1,0,0,1,1,0,1,1,0,0,1,0,1,1,1,1,0,1,0,1,0,1,1,1,1,1,0
buthiuron,CCCCS(=O)(=O)C1=NN=C(S1)N(C)C(=O)NC,1,0,0,0,0,0,0,0,0,0,0,0,0,0,0,0,0,0,0,0,0,0,0,0,0,0,0,0,0,0,0,0,0,0,0,0,0,1,1,0,0,0,0,0,0,0,0,0,1,0,0,0,1,1,0,0,1,0,0,1,1,1,1,0,0,1,1,0,1,0,0,0,0,0,1,0,0,0,1,0,1,1,1,0,1,0,1,0,0,1,0,0,0,0,1,1,1,1,1,0,0,0,0,1,0,0,0,1,0,0,0,1,0,1,0,1,1,1,1,1,0,1,1,1,0,1,0,0,0,0,0,1,0,1,1,0,1,1,1,0,0,0,1,1,0,0,0,1,1,1,1,0,1,0,1,1,1,1,0,1,1,1,1,1,0,1,1,0
carbasulam,COC(=O)NC1=CC=C(C=C1)S(=O)(=O)NC(=O)OC,1,0,0,0,0,0,0,0,0,0,0,0,0,0,0,0,0,0,0,0,0,0,0,0,1,0,0,0,0,0,0,0,0,1,1,0,0,0,0,0,0,0,0,0,0,0,0,0,0,0,0,0,1,0,0,0,1,0,0,1,1,1,1,0,0,1,0,0,1,0,1,0,0,0,1,0,0,0,0,0,0,0,1,0,0,0,0,0,0,1,1,0,0,0,1,1,0,0,0,0,0,0,0,1,0,0,0,1,0,0,0,1,0,1,0,0,0,0,1,0,0,0,0,0,1,1,0,1,0,0,0,1,1,0,1,0,1,1,0,0,0,1,0,1,0,0,0,1,0,1,1,0,1,0,0,1,0,1,1,1,1,1,1,1,1,1,1,0
CDEA,CCCCC(CC)CP(=O)(CC(CC)CCCC)OCC,1,0,0,0,0,0,0,0,0,0,0,0,0,0,0,0,0,0,0,0,0,0,0,0,0,0,0,0,0,0,1,0,0,0,0,0,0,0,0,0,0,0,0,0,0,0,0,0,0,0,0,0,0,0,0,0,0,0,0,0,0,0,0,0,0,0,0,0,0,0,0,0,0,0,0,0,0,0,0,0,0,0,0,0,0,0,0,1,0,0,0,0,0,0,0,0,0,0,0,0,0,0,0,1,0,0,0,0,0,1,1,0,0,1,0,1,1,1,0,1,0,0,0,0,0,1,0,1,0,1,1,1,0,1,0,0,0,0,0,1,0,0,1,0,0,0,0,0,1,1,1,0,0,0,1,0,1,0,1,0,1,1,0,0,0,1,0,0
CEPC,C1=CC(=CC(=C1)Cl)NC(=O)OCCCl,1,0,0,0,0,0,0,0,0,0,0,0,0,0,0,0,0,0,0,0,0,0,0,0,1,0,0,0,0,0,0,0,0,0,0,0,0,0,0,0,0,0,0,0,0,0,0,0,0,0,0,0,0,0,0,0,0,0,0,0,0,0,0,0,0,0,0,0,0,0,0,0,0,0,0,0,0,0,0,0,0,0,0,0,0,0,0,0,1,0,0,1,1,0,0,0,0,0,0,0,0,0,0,0,1,0,0,1,1,0,1,1,0,0,0,0,0,0,1,1,0,0,0,0,1,0,0,1,0,0,0,0,0,1,1,1,1,0,0,1,0,0,0,0,0,0,0,0,1,0,0,0,1,0,1,1,1,1,1,1,1,0,1,1,1,1,1,0
chlorazifop,CC(C(=O)O)OC1=CC=C(C=C1)OC2=C(C=C(C=N2)Cl)Cl,1,0,0,0,0,0,0,0,0,0,0,0,0,0,0,0,0,0,0,0,0,0,0,0,0,0,0,0,0,0,0,0,0,0,0,0,0,0,0,0,0,0,0,0,0,0,0,0,0,0,0,0,0,0,0,0,0,0,0,0,0,0,0,0,0,0,1,0,0,0,0,0,0,1,0,0,0,0,0,0,0,0,0,0,0,0,0,0,1,0,0,0,0,1,0,0,0,0,0,1,0,0,0,0,1,0,0,0,1,0,0,1,0,0,1,0,0,0,1,0,0,0,1,0,1,0,1,1,1,0,0,0,0,0,0,1,0,0,1,0,1,1,0,0,1,1,1,1,0,0,0,1,0,1,0,1,0,1,1,0,1,1,1,1,1,1,1,0
chloreturon,CCOC1=C(C=C(C=C1)NC(=O)N(C)C)Cl,1,0,0,0,0,0,0,0,0,0,0,0,0,0,0,0,0,0,0,0,0,0,0,0,0,0,0,0,0,0,0,0,0,0,0,0,0,0,1,0,0,0,0,0,0,0,0,0,0,0,0,0,0,0,0,0,0,0,0,0,0,0,0,0,0,0,0,0,0,0,0,0,0,0,0,1,0,0,1,0,0,0,0,0,0,0,1,1,1,0,0,0,0,0,1,0,0,0,0,0,0,0,0,0,1,0,0,1,1,0,1,1,0,0,1,1,0,0,1,0,0,0,0,1,0,0,0,1,1,0,0,0,0,0,1,1,1,0,0,0,0,0,1,1,1,1,0,0,0,1,1,1,1,1,1,1,1,1,1,1,1,1,1,1,1,1,1,0
chlornidine,CC1=CC(=C(C(=C1)[N+](=O)[O-])N(CCCl)CCCl)[N+](=O)[O-],1,0,0,0,0,0,0,0,0,0,0,0,0,0,0,0,0,0,0,0,0,0,0,0,0,1,0,0,0,0,0,0,0,0,0,0,0,0,0,0,0,0,0,0,0,0,0,0,0,0,1,0,0,0,0,0,0,1,0,0,0,0,0,0,1,0,0,0,0,0,0,1,1,0,0,0,0,0,0,0,1,1,0,0,0,0,1,1,0,0,0,0,0,0,0,1,0,0,1,0,0,1,0,1,1,0,0,0,0,0,0,0,1,0,0,0,0,0,0,1,1,0,0,1,0,1,0,0,0,1,1,1,0,0,1,1,1,1,0,1,0,1,0,1,0,1,0,1,1,1,0,1,0,0,1,0,1,1,0,1,1,1,1,1,1,1,1,0
chloroxynil,C1=C(C=C(C(=C1Cl)O)Cl)C#N,1,0,0,0,0,0,0,0,0,0,0,0,0,0,0,0,0,0,0,0,0,0,0,0,0,0,0,0,0,0,0,0,0,0,0,0,0,0,0,0,0,0,1,0,0,0,0,0,0,0,0,0,0,0,0,0,0,0,0,0,0,0,0,0,0,0,0,0,0,0,0,0,0,0,0,0,0,0,0,0,0,0,0,0,0,0,0,0,1,0,0,0,0,0,0,0,0,0,0,0,0,0,0,0,1,0,0,0,1,0,0,0,0,0,1,0,0,0,0,0,0,0,0,0,0,0,0,0,1,0,0,0,0,0,0,1,0,0,0,0,1,0,0,0,1,1,0,0,0,0,0,1,0,1,0,0,0,0,1,0,0,0,1,1,1,1,1,0
cloprop,CC(C(=O)O)OC1=CC(=CC=C1)Cl,1,0,0,0,0,0,0,0,0,0,0,0,0,0,0,0,0,0,0,0,0,0,0,0,0,0,0,0,0,0,0,0,0,0,0,0,0,0,0,0,0,0,0,0,0,0,0,0,0,0,0,0,0,0,0,0,0,0,0,0,0,0,0,0,0,0,0,0,0,0,0,0,0,1,0,0,0,0,0,0,0,0,0,0,0,0,0,0,1,0,0,0,0,0,0,0,0,0,0,0,0,0,0,0,1,0,0,0,1,0,0,0,0,0,1,0,0,0,0,0,0,0,0,0,1,0,0,1,1,0,0,0,0,0,0,1,0,0,0,0,1,0,0,0,1,0,0,1,0,0,0,0,0,1,0,1,0,0,1,0,1,1,0,1,1,1,1,0
CPPC,CC(CCl)OC(=O)NC1=CC(=CC=C1)Cl,1,0,0,0,0,0,0,0,0,0,0,0,0,0,0,0,0,0,0,0,0,0,0,0,1,0,0,0,0,0,0,0,0,0,0,0,0,0,0,0,0,0,0,0,0,0,0,0,0,0,0,0,0,0,0,0,0,0,0,0,0,0,0,0,0,0,0,0,0,0,0,0,0,0,0,0,0,0,0,0,0,0,0,0,0,0,0,0,1,0,0,0,1,0,0,0,0,0,0,0,0,0,0,0,1,0,0,1,1,0,0,1,0,0,0,0,1,0,1,0,0,0,0,0,1,0,0,1,0,0,0,0,0,1,1,1,1,0,0,0,0,0,0,0,0,0,0,0,0,0,0,0,1,1,1,1,1,1,1,1,1,1,1,1,1,1,1,0
cyanatryn,CCNC1=NC(=NC(=N1)SC)NC(C)(C)C#N,1,0,0,0,0,0,0,0,0,0,0,0,0,0,0,0,0,0,0,0,0,0,0,0,0,0,1,0,0,0,0,0,0,0,0,0,0,0,0,0,0,0,1,0,0,0,0,0,1,0,0,0,0,0,1,0,0,0,0,0,1,0,0,0,0,1,1,1,0,0,0,0,0,0,0,1,0,0,1,0,1,1,1,1,0,0,0,0,0,1,0,0,0,0,1,0,0,0,0,1,0,1,0,0,0,0,0,1,0,0,0,0,0,1,0,1,0,0,0,0,0,1,1,0,0,0,0,0,0,0,0,0,1,0,1,0,1,0,1,0,0,0,1,1,0,0,0,0,0,0,1,0,1,0,1,0,1,1,0,1,0,1,1,1,1,0,1,0
di-allate,CC(C)N(C(C)C)C(=O)SCC(=CCl)Cl,1,0,0,0,0,0,0,0,0,0,0,0,0,0,0,0,0,0,0,0,0,0,0,0,0,0,0,0,0,0,0,0,0,0,0,0,0,0,0,0,0,0,0,0,0,0,0,0,1,0,0,0,0,0,0,0,0,0,0,0,0,0,0,0,0,0,0,0,0,0,0,0,0,0,0,1,0,1,0,0,0,0,1,0,0,0,1,0,0,1,0,0,0,0,0,0,0,0,0,0,1,0,0,0,1,0,0,1,1,0,0,1,0,0,0,0,0,0,1,0,0,0,0,1,0,0,0,0,0,0,0,0,0,0,0,1,0,0,0,0,0,0,1,0,0,0,0,0,0,1,1,0,0,0,1,1,1,1,0,1,0,1,1,0,0,1,0,0
dichlorprop-P,CC(C(=O)O)OC1=C(C=C(C=C1)Cl)Cl,1,0,0,0,0,0,0,0,0,0,0,0,0,0,0,0,0,0,0,0,0,0,0,0,0,0,0,0,0,0,0,0,0,0,0,0,0,0,0,0,0,0,0,0,0,0,0,0,0,0,0,0,0,0,0,0,0,0,0,0,0,0,0,0,0,0,0,0,0,0,0,0,0,1,0,0,0,0,0,0,0,0,0,0,0,0,0,0,1,0,0,0,0,0,0,0,0,0,0,0,0,0,0,0,1,0,0,0,1,0,0,0,0,0,1,0,0,0,0,0,0,0,0,0,1,0,0,1,1,0,0,0,0,0,0,1,0,0,0,0,1,0,0,0,1,1,0,1,0,0,0,1,0,1,0,1,0,0,1,0,1,1,0,1,1,1,1,0
diethamquat,CCN(CC)C(=O)C[N+]1=CC=C(C=C1)C2=CC=[N+](C=C2)CC(=O)N(CC)CC,1,0,0,0,0,0,0,0,0,0,0,0,0,0,0,0,0,0,0,0,0,0,0,0,0,0,0,0,0,0,0,0,0,0,0,0,0,0,0,0,0,0,0,0,0,0,0,0,0,0,1,0,0,0,0,0,0,0,0,0,0,0,0,1,0,0,1,0,0,0,0,0,0,0,0,0,1,0,0,0,1,0,0,0,0,0,1,1,0,0,0,0,0,1,0,0,1,0,0,1,0,1,0,0,0,0,0,0,0,1,0,1,1,0,0,1,0,1,1,0,0,1,1,1,0,0,1,0,0,0,1,0,0,1,0,0,0,1,1,1,0,0,1,1,0,0,1,0,0,1,1,0,0,0,1,1,1,1,0,1,1,1,1,1,1,1,1,0
dimethenamid-P,CC1=CSC(=C1N(C(C)COC)C(=O)CCl)C,1,0,0,0,0,0,0,0,0,0,0,0,0,0,0,0,0,0,0,0,0,0,0,0,0,0,0,0,0,0,0,0,0,0,0,0,0,1,0,0,0,0,0,0,0,0,0,0,0,0,0,0,0,0,0,0,0,0,0,0,0,0,0,0,0,0,0,0,0,0,0,0,0,0,0,0,0,0,0,0,0,0,1,0,1,0,1,1,0,1,0,0,0,1,1,0,1,1,0,0,0,0,0,0,1,0,0,0,0,1,1,1,1,0,0,0,1,0,1,0,0,0,0,1,0,0,0,1,0,1,0,0,0,1,1,1,1,0,1,1,0,0,1,0,0,1,0,0,0,1,1,1,0,0,1,1,1,1,1,1,1,1,1,1,0,1,1,0
dimexano,COC(=S)SSC(=S)OC,1,0,0,0,0,0,0,0,0,0,0,0,0,0,0,1,0,0,0,0,0,0,0,0,0,0,0,0,0,0,0,0,0,0,0,0,0,0,0,0,0,0,0,0,0,0,0,0,0,0,0,0,0,0,0,0,0,0,0,0,0,0,0,0,0,0,0,0,1,0,0,0,0,0,1,0,0,0,0,0,0,0,1,0,0,0,0,0,0,1,0,0,0,0,1,0,0,0,0,0,0,0,0,0,0,0,0,1,0,0,0,0,0,0,0,0,0,0,0,0,0,0,0,0,0,1,0,1,0,0,0,0,0,0,0,0,0,0,0,0,0,0,0,0,0,0,0,0,0,0,1,0,0,0,0,0,0,0,1,0,1,1,0,0,0,1,0,0
dimidazon,COC1=C(C(=O)N(N=C1)C2=CC=CC=C2)OC,1,0,0,0,0,0,0,0,0,0,0,0,0,0,0,0,0,0,0,0,0,0,0,0,0,0,0,0,0,0,0,0,0,0,0,0,0,0,0,0,0,0,0,0,0,0,0,0,0,0,0,0,0,1,0,0,0,0,0,0,0,0,0,1,0,0,1,0,0,0,0,0,0,1,0,0,1,0,0,0,0,0,0,0,0,0,0,0,0,0,1,0,0,1,1,1,1,0,1,1,0,0,0,0,0,0,0,0,0,0,0,1,0,0,1,0,0,0,1,0,0,1,1,1,0,1,1,1,1,0,0,0,0,0,1,0,1,0,1,0,0,0,0,1,1,1,1,1,0,1,1,1,0,1,0,1,0,1,1,1,1,1,1,1,1,1,1,0
dinofenate,CCC(C)C1=C(C(=CC(=C1)[N+](=O)[O-])[N+](=O)[O-])OC(=O)OC2=C(C=C(C=C2)[N+](=O)[O-])[N+](=O)[O-],1,0,0,0,0,0,0,0,0,0,0,0,0,0,0,0,1,0,0,0,0,0,0,0,0,1,0,0,0,0,0,0,0,0,0,0,0,0,0,0,0,0,0,0,0,0,0,0,0,0,1,0,0,0,0,0,0,1,0,0,0,0,0,0,1,0,0,0,0,0,0,1,1,0,0,0,0,0,0,0,0,1,0,0,0,0,0,0,0,0,1,0,0,0,0,1,1,0,0,0,0,0,0,1,0,0,0,1,0,0,0,0,0,0,1,1,1,0,0,0,1,0,0,1,1,1,1,1,1,0,0,1,0,0,1,0,1,1,0,0,0,1,0,1,1,1,1,1,0,1,1,1,0,1,0,1,1,1,1,1,1,1,1,1,1,1,1,0
dinoprop,CC1=C(C(=C(C=C1[N+](=O)[O-])[N+](=O)[O-])O)C(C)C,1,0,0,0,0,0,0,0,0,0,0,0,0,0,0,0,0,0,0,0,0,0,0,0,0,1,0,0,0,0,0,0,0,0,0,0,0,0,0,0,0,0,0,0,0,0,0,0,0,0,1,0,0,0,0,0,0,1,0,0,0,0,0,0,1,0,0,0,0,0,0,1,1,0,0,1,0,0,0,0,0,1,0,0,0,0,0,0,0,0,1,0,0,0,0,1,1,0,0,0,0,0,0,1,0,0,0,0,0,0,0,0,0,0,1,0,0,0,0,0,1,0,0,1,0,1,0,0,1,0,0,1,0,0,1,0,1,1,0,0,1,1,1,1,1,1,0,1,0,1,1,1,0,1,0,0,0,1,1,1,1,1,1,1,1,1,1,0
dipropalin,CCCN(CCC)C1=C(C=C(C=C1[N+](=O)[O-])C)[N+](=O)[O-],1,0,0,0,0,0,0,0,0,0,0,0,0,0,0,0,0,0,0,0,0,0,0,0,0,1,0,0,0,0,0,0,0,0,0,0,0,0,0,0,0,0,0,0,0,0,0,0,0,0,1,0,0,0,0,0,0,1,0,0,0,0,0,0,1,0,0,0,0,0,0,1,1,0,0,0,0,0,0,0,1,1,0,0,0,0,1,1,0,0,0,0,0,0,0,1,0,0,1,0,0,1,0,1,0,0,0,0,0,1,0,0,1,0,0,1,1,0,0,1,1,0,0,1,0,1,0,0,0,1,1,1,0,0,1,0,1,1,0,1,0,1,1,1,0,1,0,1,1,1,1,1,0,0,1,0,1,1,0,1,1,1,1,1,1,1,1,0
epronaz,CCCN(CC)C(=O)N1C=NC(=N1)S(=O)(=O)CCC,1,0,0,0,0,0,0,0,0,0,0,0,0,0,0,0,0,0,0,0,0,0,0,0,0,0,0,0,0,0,0,0,0,0,0,0,0,0,1,0,0,0,0,0,0,0,0,0,1,0,0,0,1,1,0,0,1,0,0,1,1,1,1,0,0,1,1,0,1,0,0,0,0,0,1,0,1,0,1,0,1,1,1,0,1,0,1,1,0,1,0,0,0,0,0,1,1,1,1,0,0,1,0,1,0,0,0,1,0,1,0,1,1,1,0,1,1,1,1,1,0,1,1,1,0,1,0,0,0,0,1,1,0,1,0,0,0,1,1,1,0,0,1,1,0,0,0,1,1,1,1,0,0,0,1,1,1,1,0,1,1,1,1,1,0,1,1,0
erlujixiancaoan,CCCC(C)C(=O)NC1=CC(=C(C=C1)Cl)Cl,1,0,0,0,0,0,0,0,0,0,0,0,0,0,0,0,0,0,0,0,0,0,0,0,0,0,0,0,0,0,0,0,0,0,0,0,0,0,0,0,0,0,0,0,0,0,0,0,0,0,0,0,0,0,0,0,0,0,0,0,0,0,0,0,0,0,0,0,0,0,0,0,0,0,0,0,0,0,0,0,0,0,0,0,0,0,0,0,1,0,0,1,1,1,0,0,0,0,0,0,0,0,0,0,1,0,0,0,1,0,0,1,0,0,0,1,1,1,1,1,0,0,0,0,0,0,0,0,0,0,0,0,0,0,1,1,1,0,0,0,0,0,0,0,0,1,0,0,1,0,1,1,1,0,0,1,1,1,0,1,0,1,1,1,1,1,1,0
ethachlor,CCC1=CC=CC=C1N(COCC)C(=O)CCl,1,0,0,0,0,0,0,0,0,0,0,0,0,0,0,0,0,0,0,0,0,0,0,0,0,0,0,0,0,1,0,0,0,0,0,0,0,0,0,0,0,0,0,0,0,0,0,0,0,0,0,0,0,0,0,0,0,0,0,0,0,0,0,0,0,0,0,0,0,0,0,0,0,0,0,0,0,0,0,0,0,0,0,0,0,0,1,1,0,0,1,0,0,1,0,0,0,0,0,0,0,1,0,0,1,0,0,0,0,0,1,1,1,0,0,1,0,1,1,0,0,0,0,1,0,0,0,1,0,1,1,0,0,1,1,1,1,0,0,1,0,0,0,0,0,1,0,0,0,1,1,1,0,0,1,1,1,1,1,1,1,1,1,1,1,1,1,0
ethiolate,CCN(CC)C(=O)SCC,1,0,0,0,0,0,0,0,0,0,0,0,0,0,0,0,0,0,0,0,0,0,0,0,0,0,0,0,0,0,0,0,0,0,0,0,0,0,0,0,0,0,0,0,0,0,0,0,1,0,0,0,0,0,0,0,0,0,0,0,0,0,0,0,0,0,0,0,0,0,0,0,0,0,0,0,0,0,0,0,0,0,1,0,0,0,1,1,0,1,0,0,0,0,0,0,0,0,0,0,0,1,0,0,0,0,0,1,0,0,0,1,0,0,0,1,0,1,1,0,0,0,0,1,0,0,0,0,0,1,0,0,0,0,0,0,0,0,0,1,0,0,1,0,0,0,0,0,0,1,1,0,0,0,1,1,1,1,0,1,0,1,1,0,0,1,0,0
ethoxyfen,CC(C(=O)O)OC(=O)C1=C(C=CC(=C1)OC2=C(C=C(C=C2)C(F)(F)F)Cl)Cl,1,0,0,0,0,0,0,0,0,0,0,0,0,0,0,0,0,0,0,0,0,0,0,0,0,0,0,0,0,0,0,0,0,0,0,0,0,0,0,0,0,0,0,1,0,0,0,0,0,0,0,0,0,0,0,0,0,0,0,0,0,0,0,0,0,0,0,0,0,0,0,0,0,1,0,0,0,0,0,0,0,0,0,0,0,0,0,0,1,0,0,0,0,0,0,0,0,0,0,0,0,0,0,0,1,0,0,1,1,0,0,0,0,1,1,0,0,0,0,0,0,0,0,0,1,0,1,1,1,0,0,0,0,0,0,1,0,1,0,0,1,1,0,0,1,1,1,1,0,0,0,1,0,1,0,1,0,0,1,0,1,1,0,1,1,1,1,0
etnipromid,CCCCCCOC(=O)C(C)OC1=C(C=CC(=C1)OC2=CC=C(C=C2)Br)[N+](=O)[O-],1,0,0,0,0,0,0,0,0,0,0,0,0,0,0,0,0,0,0,0,0,0,0,0,0,1,0,0,0,0,0,0,0,0,0,0,0,0,0,0,0,0,0,0,0,0,0,1,0,0,1,0,0,0,0,0,0,1,0,0,0,0,0,0,1,0,0,0,0,0,0,1,1,1,0,0,0,0,0,0,0,0,0,0,0,0,0,0,1,0,1,0,0,0,0,1,1,0,0,0,0,0,0,1,0,0,0,0,1,1,1,0,0,0,1,1,1,1,0,1,1,0,0,1,1,1,1,1,1,1,1,1,0,1,1,1,1,1,0,0,0,1,0,0,1,1,1,1,1,1,1,1,0,1,1,1,1,1,1,1,1,1,1,1,1,1,1,0
fenasulam,CC1=C(C=CC(=C1)Cl)OCC(=O)NC2=CC=C(C=C2)S(=O)(=O)NC(=O)OC,1,0,0,0,0,0,0,0,0,0,0,0,0,0,0,0,0,0,0,0,0,0,0,0,1,0,0,0,0,0,0,0,0,1,1,0,0,0,0,0,0,0,0,0,0,0,0,0,0,0,0,0,1,0,0,0,1,0,0,1,1,1,1,0,0,1,0,0,1,0,1,0,0,1,1,0,0,0,0,0,0,0,1,0,0,0,0,0,1,1,1,0,0,1,1,1,1,0,0,0,0,0,0,1,1,1,0,1,1,1,1,1,1,1,1,0,0,0,1,0,0,0,0,0,1,1,1,1,1,0,0,1,1,1,1,1,1,1,0,0,0,1,0,1,1,1,1,1,0,1,1,1,1,1,1,1,1,1,1,1,1,1,1,1,1,1,1,0
fenoxaprop-P,CC(C(=O)O)OC1=CC=C(C=C1)OC2=NC3=C(O2)C=C(C=C3)Cl,1,0,0,0,0,0,0,0,0,0,0,0,0,0,0,0,0,0,0,0,0,0,0,0,1,0,0,0,0,0,0,0,0,0,0,0,0,0,0,0,0,0,0,0,0,0,0,0,0,0,0,0,0,0,0,0,0,0,1,0,0,0,0,0,0,0,1,0,0,0,0,0,0,1,0,0,0,0,0,0,0,0,0,0,1,0,0,0,1,0,0,0,0,0,0,0,1,1,0,0,0,0,1,0,1,0,1,1,1,0,0,1,0,0,1,0,0,0,1,0,0,1,1,0,1,0,1,1,1,0,0,0,0,0,0,1,0,0,1,0,1,1,0,0,1,0,1,1,0,0,0,0,0,1,0,1,0,1,1,0,1,1,1,1,1,1,1,0
fluazifop-P,CC(C(=O)O)OC1=CC=C(C=C1)OC2=NC=C(C=C2)C(F)(F)F,1,0,0,0,0,0,0,0,0,0,0,0,0,0,0,0,0,0,0,0,0,0,0,0,0,0,0,0,0,0,0,0,0,0,0,0,0,0,0,0,0,0,0,1,0,0,0,0,0,0,0,0,0,0,0,0,0,0,0,0,0,0,0,0,0,0,1,0,0,0,0,0,0,1,0,0,0,0,0,0,0,0,0,0,0,0,0,0,0,0,0,0,0,1,0,0,0,0,0,1,0,0,0,0,0,0,0,1,1,0,0,1,0,1,1,0,0,0,1,0,0,0,1,0,1,0,1,1,1,0,0,0,0,0,0,1,0,0,1,0,1,1,0,0,1,0,1,1,0,0,0,0,0,1,0,1,0,1,1,0,1,1,1,1,1,1,1,0
fluazolate,CC(C)OC(=O)C1=C(C=C(C(=C1)C2=NN(C(=C2Br)C(F)(F)F)C)F)Cl,1,0,0,0,0,0,0,0,0,0,0,0,0,0,0,0,0,0,0,0,0,0,0,0,0,0,0,0,0,0,0,0,0,0,0,0,0,0,0,0,0,0,0,1,0,0,0,1,0,0,0,0,0,1,0,0,0,0,0,0,0,0,0,1,0,0,1,0,0,0,0,0,0,0,0,1,1,0,0,0,0,1,0,0,1,0,0,0,1,0,0,0,0,0,1,1,0,1,0,0,0,0,0,0,1,0,0,1,1,0,0,0,0,1,0,0,0,0,0,0,0,1,1,1,1,1,1,1,0,0,0,0,0,0,0,1,0,0,1,0,0,0,1,1,0,1,0,0,0,1,1,1,0,1,0,1,0,1,1,1,1,1,1,1,1,1,1,0
flufenican,C1=CC=C(C=C1)NC(=O)C2=C(N=CC=C2)OC3=CC=CC(=C3)C(F)(F)F,1,0,0,0,0,0,0,0,0,0,0,0,0,0,0,0,0,0,0,0,0,0,0,0,0,0,0,0,0,0,0,0,0,0,0,0,0,0,0,0,0,0,0,1,0,0,0,0,0,0,0,0,0,0,0,0,0,0,0,0,0,0,0,0,0,0,1,0,0,0,0,0,0,0,0,0,0,0,0,0,0,1,0,0,0,0,0,0,0,0,1,0,0,1,0,0,0,0,1,1,0,0,0,0,0,0,0,1,1,0,0,1,0,1,1,0,0,0,1,0,0,0,1,0,0,0,1,1,1,0,0,0,0,0,1,1,1,0,1,0,0,0,0,1,1,1,1,0,0,0,0,1,1,1,0,1,0,1,1,1,1,0,1,1,1,1,1,0
flufenpyr,CC1=C(C=NN(C1=O)C2=CC(=C(C=C2F)Cl)OCC(=O)O)C(F)(F)F,1,0,0,0,0,0,0,0,0,0,0,0,0,0,0,0,0,0,0,0,0,0,0,0,0,0,0,0,0,0,0,0,0,0,0,0,0,0,0,0,0,0,0,1,0,0,0,0,0,0,0,0,0,1,0,0,0,0,0,0,0,0,0,1,0,0,1,0,0,0,0,0,0,1,0,0,1,0,0,0,0,0,0,0,0,0,0,0,1,0,0,0,0,1,0,1,1,0,1,1,0,0,0,0,1,1,0,1,1,0,1,1,0,1,1,0,0,0,1,0,0,1,1,1,1,1,1,1,1,0,0,0,0,1,1,1,1,1,1,0,1,1,0,1,1,1,1,1,0,1,0,1,0,1,1,1,1,1,1,1,1,1,1,1,1,1,1,0
flupropacil,CC(C)OC(=O)C1=C(C=CC(=C1)N2C(=O)C=C(N(C2=O)C)C(F)(F)F)Cl,1,0,0,0,0,0,0,0,0,0,0,0,0,0,0,0,0,0,0,0,0,0,0,0,0,0,0,0,0,0,0,0,0,0,0,0,0,0,1,0,0,0,0,1,0,0,0,0,0,0,0,0,0,0,0,0,0,0,0,0,0,0,0,1,0,0,1,0,0,0,0,0,0,0,0,1,1,0,1,0,0,1,0,0,0,0,1,0,1,0,1,0,0,1,1,0,0,0,1,1,0,0,0,0,1,0,0,1,1,0,0,1,0,1,1,0,0,0,1,0,0,1,1,1,1,0,1,1,1,0,0,0,0,0,1,1,1,1,1,0,0,1,1,1,1,1,1,1,0,1,1,1,0,1,0,1,0,1,1,1,1,1,1,1,1,1,1,0
fucaojing,CC(C)NC1=NC(=NC(=N1)SC(F)F)NC(C)C,1,0,0,0,0,0,0,0,0,0,0,0,0,0,0,0,0,0,0,0,0,0,0,0,0,0,1,0,0,0,0,0,0,0,0,0,0,0,0,0,0,0,0,1,0,0,0,0,1,0,0,0,0,0,1,0,0,0,0,0,1,0,0,0,0,1,1,0,0,0,0,0,0,0,0,1,0,0,1,0,0,1,1,0,0,0,0,0,0,1,0,0,0,0,0,0,0,0,0,1,0,0,0,0,0,0,0,1,1,0,0,0,0,0,0,0,0,0,0,0,0,1,1,0,0,0,0,0,0,0,0,0,1,0,1,1,1,0,1,0,0,0,1,1,0,0,0,0,0,0,1,0,1,0,0,0,0,1,0,1,0,1,1,1,1,0,1,0
furyloxyfen,C1COCC1OC2=C(C=CC(=C2)OC3=C(C=C(C=C3)C(F)(F)F)Cl)[N+](=O)[O-],1,0,0,0,0,0,0,0,0,0,0,0,0,0,0,0,0,0,0,0,0,0,0,0,0,1,0,0,0,0,0,0,0,0,0,0,0,0,0,0,0,0,0,1,0,0,0,0,0,0,1,0,0,0,0,0,0,1,1,0,0,0,0,0,1,0,0,0,0,0,0,1,1,1,0,0,0,0,0,0,0,0,0,0,1,0,0,1,1,0,1,0,0,0,0,1,1,1,0,0,0,0,0,1,1,0,0,1,1,0,1,0,0,1,1,0,0,0,0,1,1,0,0,1,0,1,1,1,1,0,1,1,0,1,1,1,1,0,1,1,0,1,0,0,1,1,1,1,1,1,0,1,0,1,1,0,0,1,1,1,1,0,1,1,1,1,1,0
glufosinate-P,CP(=O)(CCC(C(=O)O)N)O,1,0,0,0,0,0,0,0,0,0,0,0,0,0,0,0,0,0,0,0,0,0,0,0,0,0,0,0,0,0,1,0,0,0,0,0,0,0,0,0,0,0,0,0,0,0,0,0,0,0,0,0,0,0,0,1,0,0,0,0,0,0,0,0,0,0,0,0,0,0,1,0,0,0,0,0,0,0,0,0,0,0,0,0,0,1,0,1,0,0,0,1,1,0,1,0,1,0,0,0,0,0,0,1,0,1,0,0,0,0,0,0,1,1,0,0,1,1,0,1,0,0,0,0,1,1,0,0,0,0,0,1,1,1,0,0,0,1,0,0,1,1,0,0,0,0,0,1,1,1,0,0,1,0,1,1,1,1,1,1,1,1,1,0,0,1,0,0
halosafen,CCS(=O)(=O)NC(=O)C1=C(C=CC(=C1)OC2=C(C=C(C=C2Cl)C(F)(F)F)F)[N+](=O)[O-],1,0,0,0,0,0,0,0,0,0,0,0,0,0,0,0,0,0,0,0,0,0,0,0,0,1,0,0,0,0,0,0,0,1,1,0,0,0,0,0,0,0,0,1,0,0,0,0,0,0,1,0,1,0,0,0,1,1,0,1,0,1,1,0,1,0,0,0,1,0,1,1,1,0,1,0,0,0,0,0,0,1,0,0,0,0,0,0,1,1,1,0,0,1,0,1,0,0,1,0,0,0,0,1,1,1,0,1,1,0,0,1,1,1,1,1,0,0,1,0,1,0,0,1,0,1,1,1,1,0,0,1,0,1,1,1,1,1,0,0,0,1,0,1,1,1,1,1,0,1,0,1,1,1,1,1,1,1,1,1,1,1,1,1,1,1,1,0
haloxyfop-P,CC(C(=O)O)OC1=CC=C(C=C1)OC2=C(C=C(C=N2)C(F)(F)F)Cl,1,0,0,0,0,0,0,0,0,0,0,0,0,0,0,0,0,0,0,0,0,0,0,0,0,0,0,0,0,0,0,0,0,0,0,0,0,0,0,0,0,0,0,1,0,0,0,0,0,0,0,0,0,0,0,0,0,0,0,0,0,0,0,0,0,0,1,0,0,0,0,0,0,1,0,0,0,0,0,0,0,0,0,0,0,0,0,0,1,0,0,0,0,1,0,0,0,0,0,1,0,0,0,0,1,0,0,1,1,0,0,1,0,1,1,0,0,0,1,0,0,0,1,0,1,0,1,1,1,0,0,0,0,0,0,1,0,0,1,0,1,1,0,0,1,1,1,1,0,0,0,1,0,1,0,1,0,1,1,0,1,1,1,1,1,1,1,0
huangcaoling,CN(C(=O)CNCP(=O)(O)O)S(=O)(=O)C,1,0,0,0,0,0,0,0,0,0,0,0,0,0,0,0,0,0,0,0,0,0,0,0,0,0,0,0,0,1,1,0,0,1,1,0,0,0,0,0,0,0,0,0,1,0,0,0,0,1,0,0,1,0,0,1,1,0,0,1,0,1,1,0,0,0,0,0,1,0,1,0,0,0,1,0,0,0,0,0,1,0,1,1,0,0,0,1,0,1,1,0,1,1,1,1,1,0,0,0,0,1,0,1,0,1,0,1,0,1,0,1,1,1,0,0,0,1,1,0,0,0,0,1,0,1,0,0,0,0,0,1,1,1,0,0,0,1,0,1,1,1,0,1,0,0,0,1,0,1,1,0,1,0,1,1,1,1,0,1,1,1,1,0,0,1,0,0
iodobonil,C=CCOC(=O)OC1=C(C=C(C=C1I)C#N)I,1,0,0,0,0,0,0,0,0,0,0,0,0,0,0,0,1,0,0,0,0,0,0,0,0,0,0,0,1,0,0,0,0,0,0,1,0,0,0,0,0,0,1,0,0,0,0,0,0,0,0,0,0,0,0,0,0,0,0,0,0,0,0,0,0,0,0,0,0,0,0,0,0,0,0,0,0,0,0,0,0,0,0,0,0,0,0,0,1,0,0,0,0,0,0,0,0,0,0,0,1,0,0,0,0,0,0,1,1,0,1,0,0,0,1,0,0,0,0,0,0,0,0,0,1,0,0,1,1,0,0,0,0,0,0,1,0,0,0,0,0,0,0,0,1,1,0,1,0,0,0,1,0,1,1,1,1,0,1,0,1,0,1,1,1,1,1,0
iofensulfuron,CC1=NC(=NC(=N1)OC)NC(=O)NS(=O)(=O)C2=CC=CC=C2I,1,0,0,0,0,0,0,0,0,0,0,0,0,0,0,0,0,0,0,0,0,0,0,0,0,0,1,0,1,0,0,0,0,1,1,0,0,0,1,1,0,0,0,0,1,0,0,0,0,0,0,0,1,0,0,0,1,0,0,1,1,1,1,0,0,1,1,0,1,0,1,0,0,0,1,0,0,0,1,0,0,1,1,0,0,0,0,0,1,1,1,0,0,0,1,1,0,0,1,1,0,0,0,1,0,0,0,1,1,0,0,1,0,1,1,0,0,0,1,0,0,1,1,0,0,1,1,1,1,0,0,1,1,0,1,1,1,1,1,0,0,1,0,1,1,1,1,1,0,1,1,1,1,0,0,1,0,1,1,1,1,1,1,1,1,1,1,0
iprymidam,CC(C)NC1=CC(=NC(=N1)N)Cl,1,0,0,0,0,0,0,0,0,0,0,0,0,0,0,0,0,0,0,0,0,0,0,0,0,0,1,0,0,0,0,0,0,0,0,0,0,0,0,1,0,0,0,0,0,0,0,0,0,0,0,0,0,0,1,0,0,0,0,0,0,0,0,0,0,0,1,0,0,0,0,0,0,0,0,1,0,0,1,0,0,1,0,0,0,1,0,0,1,0,0,0,0,0,0,0,0,0,0,1,0,0,0,0,1,0,0,1,1,0,0,0,0,0,0,0,0,0,0,0,0,1,1,0,0,0,0,0,0,0,0,0,1,0,1,1,1,0,1,0,0,0,0,1,0,0,0,0,0,0,1,0,1,0,0,0,0,1,0,1,0,1,1,1,1,0,1,0
isopolinate,CC(C)SC(=O)N1CCCCCC1,1,0,0,0,0,0,0,0,0,0,0,0,0,0,0,0,0,0,0,0,1,0,0,0,0,0,0,0,0,0,0,0,0,0,0,0,0,0,0,0,0,0,0,0,0,0,0,0,1,0,0,0,0,0,0,0,0,0,0,0,0,0,0,0,0,0,0,0,0,0,0,0,0,0,0,1,1,0,0,0,0,0,1,0,0,0,1,1,0,1,0,0,0,0,0,0,0,0,0,0,0,1,0,0,0,0,0,1,0,0,0,1,1,0,0,0,0,0,1,1,0,0,1,1,0,0,0,0,0,1,1,0,0,0,0,0,0,0,1,1,0,0,0,0,0,0,0,0,1,1,1,0,0,0,1,1,0,1,0,1,0,1,1,0,0,1,1,0
isoxachlortole,CS(=O)(=O)C1=C(C=CC(=C1)Cl)C(=O)C2=C(ON=C2)C3CC3,1,0,0,0,0,0,0,0,0,0,0,0,0,0,0,0,0,0,0,0,0,0,0,1,0,0,0,0,0,0,0,0,0,0,0,0,0,0,0,0,0,0,0,0,0,0,0,0,0,0,0,0,1,0,0,0,1,0,1,1,1,1,1,1,0,1,1,0,1,0,0,0,1,0,1,0,0,0,0,0,0,0,1,0,1,0,0,0,1,1,1,0,0,0,1,1,0,1,1,0,0,0,0,1,1,0,0,0,1,0,0,0,0,1,0,0,0,0,0,0,0,1,1,0,0,1,1,0,0,0,0,1,0,0,0,1,0,1,1,0,0,1,0,0,0,1,0,1,1,1,0,1,0,1,0,1,0,0,0,0,1,1,1,1,1,1,1,0
ketospiradox,CC1=CC(=C(C2=C1S(=O)(=O)CCC23OCCO3)C)C(=C4C(=O)CCCC4=O)[O-],1,0,0,0,0,0,0,0,0,0,0,0,0,0,0,0,0,0,0,0,0,0,0,0,0,0,0,0,0,0,0,0,0,0,0,0,0,1,0,0,0,0,0,0,0,0,0,0,0,0,1,1,1,0,0,0,1,0,1,1,1,1,1,0,0,0,0,0,1,0,0,0,0,1,1,0,0,1,0,0,0,0,1,0,1,0,0,0,0,1,1,0,0,0,0,0,0,1,0,1,1,0,1,1,0,0,1,0,0,1,1,0,0,1,0,0,0,0,0,1,0,1,0,0,1,1,0,0,1,1,1,1,0,1,0,0,0,1,1,1,0,1,0,0,1,1,1,1,1,1,1,1,0,1,1,1,0,0,1,0,1,1,0,1,1,1,1,0
mecoprop-P,CC1=C(C=CC(=C1)Cl)OC(C)C(=O)O,1,0,0,0,0,0,0,0,0,0,0,0,0,0,0,0,0,0,0,0,0,0,0,0,0,0,0,0,0,0,0,0,0,0,0,0,0,0,0,0,0,0,0,0,0,0,0,0,0,0,0,0,0,0,0,0,0,0,0,0,0,0,0,0,0,0,0,0,0,0,0,0,0,1,0,0,0,0,0,0,0,0,0,0,0,0,0,0,1,0,0,0,0,0,0,0,0,0,0,0,0,0,0,0,1,0,0,0,1,0,0,0,0,0,1,0,0,0,0,0,0,0,0,0,1,0,0,1,1,0,0,0,0,0,0,1,0,0,0,0,1,0,0,0,1,1,0,1,0,0,1,1,0,1,0,1,0,0,1,0,1,1,0,1,1,1,1,0
mesoprazine,CC(C)NC1=NC(=NC(=N1)NCCCOC)Cl,1,0,0,0,0,0,0,0,0,0,0,0,0,0,0,0,0,0,0,0,0,0,0,0,0,0,1,0,0,0,0,0,0,0,0,0,0,0,0,0,0,0,0,0,0,0,0,0,0,0,0,0,0,0,1,0,0,0,0,0,0,0,0,0,0,0,1,0,0,0,0,0,0,0,0,1,0,0,1,0,0,1,0,1,0,0,0,1,1,0,0,1,0,0,1,0,0,0,1,1,0,1,0,0,1,1,0,1,1,1,1,0,1,0,0,0,1,1,0,1,0,1,1,0,0,0,0,1,0,0,0,0,1,1,1,1,1,0,1,1,0,0,1,1,0,0,0,0,1,0,1,0,1,0,1,0,1,1,1,1,0,1,1,1,1,1,1,0
metflurazon,CN(C)C1=C(C(=O)N(N=C1)C2=CC=CC(=C2)C(F)(F)F)Cl,1,0,0,0,0,0,0,0,0,0,0,0,0,0,0,0,0,0,0,0,0,0,0,0,0,0,0,0,0,0,0,0,0,0,0,0,0,0,0,0,0,0,0,1,0,0,0,0,0,0,0,0,0,1,0,0,0,0,0,0,0,0,0,1,0,0,1,0,0,0,0,0,0,0,0,1,1,0,0,0,1,1,0,0,0,0,1,1,1,0,0,0,0,1,1,1,1,0,1,1,0,0,0,0,1,0,0,1,1,0,0,1,0,1,1,0,0,0,1,0,0,1,1,1,0,1,1,0,1,0,0,0,0,0,1,1,1,0,1,0,0,0,0,1,1,1,1,0,0,1,1,1,0,0,0,1,0,1,0,1,0,1,1,1,1,1,1,0
methalpropalin,CCCN(CC(=C)C)C1=C(C=C(C=C1[N+](=O)[O-])C(F)(F)F)[N+](=O)[O-],1,0,0,0,0,0,0,0,0,0,0,0,0,0,0,0,0,0,0,0,0,0,0,0,0,1,0,0,0,0,0,0,0,0,0,1,0,0,0,0,0,0,0,1,0,0,0,0,0,0,1,1,0,0,0,0,0,1,0,0,0,0,0,0,1,0,0,0,0,0,0,1,1,0,0,0,0,1,0,0,1,1,0,0,0,0,1,1,0,0,0,0,0,0,0,1,0,0,1,0,1,1,0,1,0,0,0,1,1,1,0,0,1,1,0,1,1,0,0,1,1,0,0,1,0,1,0,0,0,0,1,1,0,0,1,1,1,1,0,1,0,1,0,1,0,1,0,1,1,1,1,1,0,0,1,0,1,1,0,1,1,1,1,1,1,1,1,0
methiobencarb,CCN(CC)C(=O)SCC1=CC=C(C=C1)OC,1,0,0,0,0,0,0,0,0,0,0,0,0,0,0,0,0,0,0,0,0,0,0,0,0,0,0,0,0,0,0,0,0,0,0,0,0,0,0,0,0,0,0,0,0,0,0,0,1,0,0,0,0,0,0,0,0,0,0,0,0,0,0,0,0,0,0,0,0,0,0,0,0,0,0,0,0,0,0,0,0,0,1,0,0,0,1,1,0,1,0,0,0,0,1,0,0,0,0,0,0,1,0,0,0,0,0,1,0,0,0,1,0,0,1,1,0,1,1,0,0,0,0,1,0,0,0,1,1,1,0,0,0,0,0,0,0,0,0,1,0,0,1,0,1,0,0,0,0,1,1,0,0,1,1,1,1,1,1,1,1,1,1,1,1,1,1,0
methiuron,CC1=CC(=CC=C1)NC(=S)N(C)C,1,0,0,0,0,0,0,0,0,0,0,0,0,0,0,0,0,0,0,0,0,0,0,0,0,0,0,0,0,0,0,0,0,0,0,0,0,0,0,0,0,0,0,0,0,0,0,0,1,0,0,0,0,0,0,0,0,0,0,0,0,0,0,0,0,0,0,0,0,0,0,0,0,0,1,1,0,0,1,0,0,0,1,0,0,0,1,1,0,1,0,0,0,0,1,0,0,0,0,0,0,0,0,0,0,0,0,1,0,0,0,0,0,0,0,0,0,0,0,0,0,0,0,1,0,0,0,0,0,0,0,0,0,0,1,0,1,0,0,0,0,0,1,1,0,0,0,0,0,1,1,0,1,0,0,0,0,1,0,1,0,1,1,1,1,0,1,0
methometon,COCCCNC1=NC(=NC(=N1)OC)NCCCOC,1,0,0,0,0,0,0,0,0,0,0,0,0,0,0,0,0,0,0,0,0,0,0,0,0,0,1,0,0,0,0,0,0,0,0,0,0,0,1,0,0,0,0,0,0,0,0,0,0,0,0,0,0,0,1,0,0,0,0,0,0,0,0,0,0,0,1,0,0,0,0,0,0,0,0,0,0,0,1,0,0,1,0,1,0,0,0,1,0,0,0,1,0,0,1,0,0,0,1,1,0,1,0,0,0,1,0,1,0,1,1,1,1,0,1,0,1,1,1,1,0,1,1,0,0,0,0,1,1,0,0,0,1,1,1,0,1,0,1,1,0,0,1,1,1,0,0,1,1,0,1,0,1,0,1,0,1,1,1,1,1,1,1,1,1,1,1,0
monisouron,CC(C)(C)C1=CC(=NO1)NC(=O)NC,1,0,0,0,0,0,0,0,0,0,0,0,0,0,0,0,0,0,0,0,0,0,0,0,0,0,0,0,0,0,0,0,0,0,0,0,0,0,1,1,0,0,0,0,1,0,0,0,0,0,0,0,0,0,0,0,0,0,1,0,0,0,0,0,0,0,1,1,0,0,0,0,1,0,0,1,0,0,1,0,0,1,0,0,1,0,0,0,0,0,0,0,0,0,1,1,1,1,1,0,0,0,0,1,0,0,0,1,0,0,0,1,0,1,0,0,0,0,1,0,0,1,1,0,0,1,0,0,0,0,0,0,1,0,1,0,1,0,1,0,0,0,1,1,0,0,0,0,0,0,1,0,1,1,0,1,0,1,0,1,1,1,1,1,0,1,1,0
monosulfuron,CC1=NC(=NC=C1)NC(=O)NS(=O)(=O)C2=CC=CC=C2C(=O)O,1,0,0,0,0,0,0,0,0,0,0,0,0,0,0,0,0,0,0,0,0,0,0,0,0,0,1,0,0,0,0,0,0,1,1,0,0,0,1,0,0,0,0,0,1,0,0,0,0,0,0,0,1,0,0,0,1,0,0,1,1,1,1,0,0,1,1,0,1,0,1,0,0,0,1,0,0,0,1,0,0,1,1,0,0,0,0,0,0,1,1,0,0,0,0,1,0,0,1,1,0,0,0,1,0,0,0,1,0,0,0,1,0,1,0,0,0,0,1,0,0,1,1,0,1,1,1,0,0,0,0,1,1,0,1,0,1,1,1,0,1,1,0,1,0,1,1,1,0,1,0,1,1,0,0,1,0,1,1,1,1,1,1,1,1,1,1,0
napropamide-M,CCN(CC)C(=O)C(C)OC1=CC=CC2=CC=CC=C21,1,0,0,0,0,0,0,0,0,0,0,0,0,0,0,0,0,0,0,0,0,0,0,0,0,0,0,0,0,0,0,0,0,0,0,0,0,0,0,0,0,0,0,0,0,0,0,0,0,0,0,0,0,0,0,0,0,0,0,0,0,0,0,0,0,0,0,0,0,0,0,0,0,1,0,0,0,0,0,0,0,0,0,0,0,0,1,1,0,0,0,0,0,1,0,0,1,0,0,0,0,1,1,0,0,0,1,0,0,1,0,1,0,0,1,1,0,1,1,0,0,0,0,1,0,0,1,1,1,0,0,0,0,0,0,0,0,0,0,1,0,0,1,0,1,0,1,0,0,1,1,0,0,1,1,1,1,1,1,1,1,1,1,1,1,1,1,0
nipyraclofen,C1=C(C=C(C(=C1Cl)N2C(=C(C=N2)[N+](=O)[O-])N)Cl)C(F)(F)F,1,0,0,0,0,0,0,0,0,0,0,0,0,0,0,0,0,0,0,0,0,0,0,0,0,1,0,0,0,0,0,0,0,0,0,0,0,0,0,1,0,0,0,1,0,0,0,0,0,0,1,0,0,1,0,0,0,1,0,0,0,0,0,1,1,0,1,0,0,0,0,1,1,0,0,0,1,0,1,0,1,1,0,0,1,1,0,0,1,0,0,0,0,0,0,1,0,1,1,0,0,0,0,1,1,0,0,1,1,0,0,0,0,1,0,0,0,0,0,0,1,1,1,1,0,1,1,0,0,0,0,1,0,0,1,1,1,0,1,0,0,0,0,1,0,1,0,0,0,1,0,1,1,0,0,0,0,1,0,1,1,0,1,1,1,1,1,0
nitrofluorfen,C1=CC(=CC=C1[N+](=O)[O-])OC2=C(C=C(C=C2)C(F)(F)F)Cl,1,0,0,0,0,0,0,0,0,0,0,0,0,0,0,0,0,0,0,0,0,0,0,0,0,1,0,0,0,0,0,0,0,0,0,0,0,0,0,0,0,0,0,1,0,0,0,0,0,0,1,0,0,0,0,0,0,1,0,0,0,0,0,0,1,0,0,0,0,0,0,1,1,0,0,0,0,0,0,0,0,0,0,0,0,0,0,0,1,0,0,0,0,0,0,1,0,0,0,0,0,0,0,1,1,0,0,1,1,0,0,0,0,1,1,0,0,0,0,0,1,0,0,1,0,1,1,1,1,0,0,1,0,0,1,1,1,0,0,0,0,0,0,0,1,1,1,1,0,1,0,1,0,1,0,0,0,1,1,1,1,0,1,1,1,1,1,0
oxapyrazon,C1=CC=C(C=C1)N2C(=O)C(=C(C=N2)NC(=O)C(=O)O)Br,1,0,0,0,0,0,0,0,0,0,0,0,0,0,0,0,0,0,0,0,0,0,0,0,0,0,0,0,0,0,0,0,0,0,0,0,0,0,0,0,0,0,0,0,0,0,0,1,0,0,0,0,0,1,0,1,0,0,0,0,0,0,0,1,0,0,1,0,0,0,0,0,0,1,0,0,1,0,0,0,1,1,0,0,0,0,0,0,1,0,0,0,0,1,0,1,1,0,1,1,0,0,0,0,0,0,0,0,1,0,0,1,0,0,1,0,0,0,1,0,0,1,1,1,1,1,1,0,1,0,0,0,1,0,1,1,1,1,1,0,1,1,0,1,1,1,1,1,0,1,0,1,1,0,0,1,0,1,1,1,1,0,1,1,1,1,1,0
phenmedipham-ethyl,CCOC(=O)NC1=CC(=CC=C1)OC(=O)NC2=CC=CC(=C2)C,1,0,0,0,0,0,0,0,0,0,0,0,0,0,0,0,0,0,0,0,0,0,0,0,1,0,0,0,0,0,0,0,0,0,0,0,0,0,0,0,0,0,0,0,0,0,0,0,0,0,0,0,0,0,0,0,0,0,0,0,0,0,0,0,0,0,0,0,0,0,0,0,0,0,0,0,0,0,0,0,0,0,0,0,0,0,0,0,0,0,0,1,0,0,0,0,0,0,1,0,0,0,0,0,0,0,0,1,0,0,1,1,0,0,1,1,0,0,1,0,0,0,0,0,1,0,1,1,1,0,0,0,1,0,1,0,1,1,0,0,0,1,0,1,1,0,1,1,0,0,1,0,1,1,1,1,1,1,1,1,1,1,1,1,1,1,1,0
profluazol,C1C(CN2C1C(=O)N(C2=O)C3=C(C=C(C(=C3)NS(=O)(=O)CCl)Cl)F)F,1,0,0,0,0,0,0,0,0,0,0,0,0,0,0,0,0,0,0,0,0,0,0,0,0,0,0,0,0,1,0,0,0,1,1,0,0,0,1,0,0,0,0,1,0,0,0,0,0,0,0,0,1,0,0,0,1,0,0,1,0,1,1,1,0,0,0,0,1,0,1,0,0,0,1,0,1,0,1,0,1,1,0,0,1,0,1,0,1,1,1,0,0,1,0,1,1,1,1,0,0,1,1,1,1,1,1,1,1,0,0,1,1,1,0,0,0,0,1,0,0,1,1,1,0,1,0,0,1,0,1,1,0,1,1,1,1,1,1,1,0,1,0,1,1,1,0,1,0,1,0,1,1,0,1,1,1,1,0,1,1,0,1,1,1,1,1,0
propaquizafop,CC(C(=O)OCCON=C(C)C)OC1=CC=C(C=C1)OC2=CN=C3C=C(C=CC3=N2)Cl,1,0,0,0,0,0,0,0,0,0,0,0,0,0,0,0,0,0,0,0,0,0,0,0,0,1,0,0,0,0,0,0,0,0,0,0,0,0,0,0,0,0,0,0,0,0,0,0,0,0,0,0,0,0,0,0,0,0,0,0,0,0,0,0,0,0,1,0,0,0,0,0,1,1,0,1,0,0,0,1,1,0,0,0,0,0,0,0,1,0,0,0,0,1,0,1,1,0,1,1,0,0,1,1,1,0,1,0,1,1,1,1,1,0,1,0,0,0,1,1,1,1,1,0,1,1,1,1,1,0,0,0,0,1,0,1,0,0,1,1,0,1,1,1,1,0,1,1,1,0,1,0,0,1,1,1,1,1,1,0,1,1,1,1,1,1,1,0
prosulfalin,CCCN(CCC)C1=C(C=C(C=C1[N+](=O)[O-])S(=O)(=O)N=S(C)C)[N+](=O)[O-],1,0,0,0,0,0,0,0,0,0,0,0,0,0,0,0,0,0,0,0,0,0,0,0,0,1,0,0,0,0,0,0,0,1,1,0,0,0,0,0,0,0,0,0,0,0,0,0,0,0,1,0,1,0,0,0,1,1,0,1,1,1,1,0,1,1,0,0,1,0,0,1,1,0,1,1,0,0,0,0,1,1,1,0,0,0,1,1,0,1,0,0,0,0,1,1,0,0,1,0,0,1,0,1,0,0,0,1,0,1,0,0,1,1,0,1,1,0,1,1,1,0,0,1,0,1,0,0,0,1,1,1,0,0,1,0,1,1,0,1,0,1,1,1,0,1,0,1,1,1,1,1,0,0,1,0,1,1,0,1,1,1,1,1,1,1,1,0
pyribambenz-propyl,CCCOC(=O)C1=CC=C(C=C1)NCC2=CC=CC=C2OC3=NC(=CC(=N3)OC)OC,1,0,0,0,0,0,0,0,0,0,0,0,0,0,0,0,0,0,0,0,0,0,0,0,0,0,0,0,0,0,0,0,0,0,0,0,0,0,1,0,0,0,0,0,0,0,0,0,0,0,0,0,0,0,0,0,0,0,0,0,0,0,0,0,0,0,1,0,0,0,0,0,0,0,0,0,0,0,1,0,0,1,0,1,0,0,0,0,0,0,1,0,0,1,1,0,0,0,1,1,0,1,0,0,0,0,0,1,0,0,1,1,0,0,1,1,1,0,1,1,0,1,1,0,1,0,1,1,1,0,0,0,0,1,1,0,1,0,1,1,0,1,1,1,1,1,1,1,1,0,1,1,1,1,1,1,1,1,1,1,1,1,1,1,1,1,1,0
pyridafol,C1=CC=C(C=C1)C2=NNC(=CC2=O)Cl,1,0,0,0,0,0,0,0,0,0,0,0,0,0,0,0,0,0,0,0,0,0,0,0,0,0,0,0,0,0,0,0,0,0,0,0,0,0,0,0,0,0,0,0,0,0,0,0,0,0,0,0,0,1,0,0,0,0,0,0,0,0,0,1,0,0,1,0,0,0,1,0,0,0,0,0,0,0,0,0,0,0,0,0,0,0,0,0,1,0,0,0,0,0,0,1,1,0,1,1,0,0,0,0,1,0,0,0,1,0,0,0,0,0,1,0,0,0,0,0,0,1,1,0,0,1,1,0,1,0,0,0,0,0,0,1,0,0,1,0,0,0,0,1,1,1,1,0,0,0,0,1,1,1,0,1,0,1,0,0,0,0,1,1,1,1,1,0
quizalofop-P,CC(C(=O)O)OC1=CC=C(C=C1)OC2=CN=C3C=C(C=CC3=N2)Cl,1,0,0,0,0,0,0,0,0,0,0,0,0,0,0,0,0,0,0,0,0,0,0,0,0,0,0,0,0,0,0,0,0,0,0,0,0,0,0,0,0,0,0,0,0,0,0,0,0,0,0,0,0,0,0,0,0,0,0,0,0,0,0,0,0,0,1,0,0,0,0,0,0,1,0,0,0,0,0,0,1,0,0,0,0,0,0,0,1,0,0,0,0,1,0,0,1,0,0,1,0,0,1,0,1,0,1,0,1,0,0,1,0,0,1,0,0,0,1,0,0,1,1,0,1,0,1,1,1,0,0,0,0,0,0,1,0,0,1,0,1,1,0,1,1,0,1,1,0,0,0,0,0,1,0,1,0,1,1,0,1,1,1,1,1,1,1,0
simeton,CCNC1=NC(=NC(=N1)OC)NCC,1,0,0,0,0,0,0,0,0,0,0,0,0,0,0,0,0,0,0,0,0,0,0,0,0,0,1,0,0,0,0,0,0,0,0,0,0,0,1,0,0,0,0,0,0,0,0,0,0,0,0,0,0,0,1,0,0,0,0,0,0,0,0,0,0,0,1,0,0,0,0,0,0,0,0,0,0,0,1,0,0,1,0,1,0,0,0,0,0,0,0,0,0,0,1,0,0,0,1,1,0,1,0,0,0,0,0,1,0,0,0,1,0,0,1,1,0,0,1,0,0,1,1,0,0,0,0,1,1,0,0,0,1,0,1,0,1,0,1,1,0,0,1,1,1,0,0,0,0,0,1,0,1,0,1,0,1,1,1,1,0,1,1,1,1,1,1,0
S-metolachlor,CCC1=CC=CC(=C1N(C(C)COC)C(=O)CCl)C,1,0,0,0,0,0,0,0,0,0,0,0,0,0,0,0,0,0,0,0,0,0,0,0,0,0,0,0,0,0,0,0,0,0,0,0,0,0,0,0,0,0,0,0,0,0,0,0,0,0,0,0,0,0,0,0,0,0,0,0,0,0,0,0,0,0,0,0,0,0,0,0,0,0,0,0,0,0,0,0,0,0,0,0,0,0,1,1,0,0,0,0,0,1,1,0,1,0,0,0,0,0,0,0,1,0,0,0,0,1,1,1,1,0,0,1,1,0,1,0,0,0,0,1,0,0,0,1,0,1,0,0,0,1,1,1,1,0,0,1,0,0,1,0,0,1,0,0,0,1,1,1,0,0,1,1,1,1,1,1,1,1,1,1,1,1,1,0
terbuchlor,CCCCOCN(C1=C(C=CC=C1C(C)(C)C)C)C(=O)CCl,1,0,0,0,0,0,0,0,0,0,0,0,0,0,0,0,0,0,0,0,0,0,0,0,0,0,0,0,0,1,0,0,0,0,0,0,0,0,0,0,0,0,0,0,0,0,0,0,0,0,0,0,0,0,0,0,0,0,0,0,0,0,0,0,0,0,0,1,0,0,0,0,0,0,0,1,0,0,0,0,0,0,0,0,0,0,1,1,0,0,1,0,0,1,0,0,0,0,0,0,0,1,0,0,1,0,0,0,0,1,1,1,1,1,0,1,1,1,1,1,0,0,0,1,0,0,0,1,0,1,1,0,0,1,1,1,1,0,0,1,0,0,1,0,0,1,0,0,1,1,1,1,0,0,1,1,1,1,1,1,1,1,1,1,1,1,1,0
tetrafluron,CN(C)C(=O)NC1=CC(=CC=C1)OC(C(F)F)(F)F,1,0,0,0,0,0,0,0,0,0,0,0,0,0,0,0,0,0,0,0,0,0,0,0,0,0,0,0,0,0,0,0,0,0,0,0,0,0,1,0,0,0,0,1,0,0,0,0,0,0,0,0,0,0,0,0,0,0,0,0,0,0,0,0,0,0,0,0,0,0,0,0,0,0,0,1,0,0,1,0,0,0,0,0,0,0,1,1,0,0,0,0,0,0,1,0,0,0,1,0,0,0,0,0,0,0,0,1,1,0,0,1,0,1,1,0,0,0,1,0,0,0,0,1,0,0,0,1,1,0,0,0,0,0,1,1,1,0,0,0,0,0,0,1,1,0,0,0,0,1,1,0,1,1,0,1,0,1,1,1,1,1,1,1,1,1,1,0
thidiazimin,CC1(CC2=NSC(=NC3=CC4=C(C=C3F)OCC(=O)N4CC#C)N2C1)C,1,0,0,0,0,0,0,0,0,0,0,0,0,0,0,0,0,0,1,0,0,0,0,0,0,0,0,0,0,0,0,0,0,1,1,0,0,1,0,1,0,0,0,1,0,0,0,0,1,0,0,0,0,0,0,0,0,0,1,0,0,0,0,0,0,0,1,1,1,0,0,0,0,1,0,1,1,0,1,1,1,1,1,0,1,0,1,0,1,1,0,0,0,1,0,1,1,1,0,1,0,1,1,0,0,0,1,1,1,0,1,1,1,1,1,0,1,0,1,0,1,1,1,1,0,1,1,0,1,0,1,0,0,1,1,1,1,0,1,1,0,0,0,1,1,1,1,0,0,1,1,1,0,1,1,1,1,1,1,1,1,1,1,1,1,1,1,0
tioclorim,CSC1=C(N=C(N=C1Cl)N)N,1,0,0,0,0,0,0,0,0,0,0,0,0,0,0,0,0,0,0,0,0,0,0,0,0,0,1,0,0,0,0,0,0,0,0,0,0,0,0,1,0,0,0,0,0,0,0,0,0,0,0,0,0,0,1,0,0,0,0,0,1,0,0,0,0,1,1,0,0,0,0,0,0,0,0,0,0,0,1,0,0,1,1,0,0,1,0,0,1,1,0,0,0,0,1,0,0,0,0,1,0,0,0,0,1,0,0,1,1,0,0,0,0,0,0,0,0,0,0,0,0,1,1,0,0,0,0,0,0,0,0,0,1,0,1,1,1,0,1,0,0,0,0,1,0,1,0,0,0,0,0,1,1,0,0,0,0,1,0,1,0,1,1,1,1,0,1,0
tricamba,COC1=C(C(=C(C=C1Cl)Cl)Cl)C(=O)O,1,0,0,0,0,0,0,0,0,0,0,0,0,0,0,0,0,0,0,0,0,0,0,0,0,0,0,0,0,0,0,0,0,0,0,0,0,0,0,0,0,0,0,0,0,0,0,0,0,0,0,0,0,0,0,0,0,0,0,0,0,0,0,0,0,0,0,0,0,0,0,0,0,0,0,0,0,0,0,0,0,0,0,0,0,0,0,0,1,0,1,0,0,0,1,0,0,0,0,0,0,0,0,0,1,0,0,0,1,0,0,0,0,0,1,0,0,0,0,0,0,0,0,0,1,0,0,1,1,0,0,0,0,0,0,1,0,0,0,0,1,0,0,0,1,1,0,1,0,0,0,1,0,1,0,1,0,0,1,0,1,1,0,1,1,1,1,0
trifop,CC(C(=O)O)OC1=CC=C(C=C1)OC2=CC=C(C=C2)C(F)(F)F,1,0,0,0,0,0,0,0,0,0,0,0,0,0,0,0,0,0,0,0,0,0,0,0,0,0,0,0,0,0,0,0,0,0,0,0,0,0,0,0,0,0,0,1,0,0,0,0,0,0,0,0,0,0,0,0,0,0,0,0,0,0,0,0,0,0,0,0,0,0,0,0,0,1,0,0,0,0,0,0,0,0,0,0,0,0,0,0,0,0,0,0,0,0,0,0,0,0,0,0,0,0,0,0,0,0,0,1,1,0,0,0,0,1,1,0,0,0,0,0,0,0,0,0,1,0,1,1,1,0,0,0,0,0,0,1,0,0,0,0,1,1,0,0,1,0,1,1,0,0,0,0,0,1,0,1,0,0,1,0,1,1,0,1,1,1,1,0
trifopsime,CC(C(=O)ON=C(C)C)OC1=CC=C(C=C1)OC2=CC=C(C=C2)C(F)(F)F,1,0,0,0,0,0,0,0,0,0,0,0,0,0,0,0,0,0,0,0,0,0,0,0,0,1,0,0,0,0,0,0,0,0,0,0,0,0,0,0,0,0,0,1,0,0,0,0,0,0,0,0,0,0,0,0,0,0,0,0,0,0,0,0,0,0,0,0,0,0,0,0,1,1,0,1,0,0,0,1,0,0,0,0,0,0,0,0,0,0,0,0,0,0,0,1,1,0,1,0,0,0,0,1,0,0,0,1,1,0,0,0,0,1,1,0,0,0,0,0,1,0,0,0,1,1,1,1,1,0,0,0,0,0,0,1,0,0,0,0,0,1,1,0,1,0,1,1,0,0,1,0,0,1,0,1,0,1,1,0,1,1,1,1,1,1,1,0
xylachlor,CC1=C(C(=CC=C1)N(C(C)C)C(=O)CCl)C,1,0,0,0,0,0,0,0,0,0,0,0,0,0,0,0,0,0,0,0,0,0,0,0,0,0,0,0,0,0,0,0,0,0,0,0,0,0,0,0,0,0,0,0,0,0,0,0,0,0,0,0,0,0,0,0,0,0,0,0,0,0,0,0,0,0,0,0,0,0,0,0,0,0,0,1,0,0,0,0,0,0,0,0,0,0,1,0,0,0,0,0,0,1,0,0,0,0,0,0,0,0,0,0,1,0,0,0,0,1,0,1,1,0,0,0,0,0,1,0,0,0,0,1,0,0,0,0,0,0,0,0,0,1,1,1,1,0,0,0,0,0,1,0,0,1,0,0,0,1,1,1,0,0,1,1,1,1,0,1,0,1,1,1,1,1,1,0
amicarbazone,CC(C)C1=NN(C(=O)N1N)C(=O)NC(C)(C)C,1,0,0,0,0,0,0,0,0,0,0,0,0,0,0,0,0,0,0,0,0,0,0,0,0,0,0,0,0,0,0,0,0,0,0,0,0,0,1,1,0,0,0,0,0,0,0,0,0,0,0,0,0,1,0,0,0,0,0,0,0,0,0,0,0,0,1,1,0,0,1,0,0,0,0,1,1,0,1,0,1,1,0,0,1,1,0,0,0,0,1,0,0,0,0,1,1,1,1,0,0,0,0,0,0,0,0,1,0,0,0,1,0,1,1,0,0,0,1,0,0,1,1,1,0,1,0,0,1,0,0,1,1,0,1,0,1,1,1,0,0,0,1,1,1,1,0,0,0,1,1,1,1,0,0,1,0,1,0,1,1,1,1,1,0,1,1,0
aminopyralid,C1=C(C(=C(N=C1Cl)C(=O)O)Cl)N,1,0,0,0,0,0,0,0,0,0,0,0,0,0,0,0,0,0,0,0,0,0,0,0,0,0,0,0,0,0,0,0,0,0,0,0,0,0,0,0,0,0,0,0,0,0,0,0,0,0,0,0,0,0,0,0,0,0,0,0,0,0,0,0,0,0,1,0,0,0,0,0,0,0,0,0,0,0,0,0,0,1,0,0,0,1,0,0,1,0,0,0,0,0,0,0,1,0,0,1,0,0,0,0,1,0,0,0,1,0,0,0,0,0,0,0,0,0,0,0,0,0,1,0,1,0,0,0,0,0,0,0,1,0,1,1,1,0,1,0,1,0,0,1,0,1,0,0,0,0,0,1,1,0,0,1,0,1,1,1,1,0,1,1,1,1,1,0
atraton,CCNC1=NC(=NC(=N1)OC)NC(C)C,1,0,0,0,0,0,0,0,0,0,0,0,0,0,0,0,0,0,0,0,0,0,0,0,0,0,1,0,0,0,0,0,0,0,0,0,0,0,1,0,0,0,0,0,0,0,0,0,0,0,0,0,0,0,1,0,0,0,0,0,0,0,0,0,0,0,1,0,0,0,0,0,0,0,0,1,0,0,1,0,0,1,0,1,0,0,0,0,0,0,0,0,0,0,1,0,0,0,1,1,0,1,0,0,0,0,0,1,0,0,0,1,0,0,1,1,0,0,1,0,0,1,1,0,0,0,0,1,1,0,0,0,1,0,1,0,1,0,1,0,0,0,1,1,1,0,0,0,0,0,1,0,1,0,1,0,1,1,1,1,0,1,1,1,1,1,1,0
atrazine,CCNC1=NC(=NC(=N1)Cl)NC(C)C,1,0,0,0,0,0,0,0,0,0,0,0,0,0,0,0,0,0,0,0,0,0,0,0,0,0,1,0,0,0,0,0,0,0,0,0,0,0,0,0,0,0,0,0,0,0,0,0,0,0,0,0,0,0,1,0,0,0,0,0,0,0,0,0,0,0,1,0,0,0,0,0,0,0,0,1,0,0,1,0,0,1,0,1,0,0,0,0,1,0,0,0,0,0,0,0,0,0,0,1,0,1,0,0,1,0,0,1,1,0,0,0,0,0,0,1,0,0,0,0,0,1,1,0,0,0,0,0,0,0,0,0,1,0,1,1,1,0,1,0,0,0,1,1,0,0,0,0,0,0,1,0,1,0,1,0,1,1,0,1,0,1,1,1,1,0,1,0
azafenidin,C#CCOC1=C(C=C(C(=C1)N2C(=O)N3CCCCC3=N2)Cl)Cl,1,0,0,0,0,0,0,0,0,0,0,0,0,0,0,0,0,0,1,0,0,0,0,0,0,0,0,0,0,0,0,0,0,0,0,0,0,0,1,1,0,0,0,0,0,0,0,0,0,0,0,0,0,1,0,0,0,0,0,0,0,0,0,1,0,0,1,0,0,0,0,0,0,0,0,0,1,0,1,0,1,1,0,0,1,0,1,0,1,0,0,0,0,0,0,1,1,1,1,1,0,1,1,0,1,0,1,1,1,0,1,1,1,0,1,0,0,0,1,1,0,1,1,1,0,1,1,1,1,1,1,0,0,0,1,1,1,0,1,1,0,0,0,1,1,1,1,0,1,1,0,1,0,1,1,1,1,1,1,1,1,0,1,1,1,1,1,0
azimsulfuron,CN1C(=C(C=N1)C2=NN(N=N2)C)S(=O)(=O)NC(=O)NC3=NC(=CC(=N3)OC)OC,1,0,0,0,0,0,0,0,0,0,0,0,0,0,0,0,0,0,0,0,0,0,0,0,0,0,1,0,0,0,0,0,0,1,1,0,0,0,1,1,0,0,0,0,1,0,0,0,1,0,0,0,1,1,0,0,1,0,0,1,1,1,1,1,0,1,1,0,1,0,1,1,0,0,1,0,1,0,1,0,1,1,1,0,1,0,0,0,0,1,1,0,0,1,1,1,1,1,1,1,0,0,0,1,0,0,0,1,0,0,0,1,0,1,1,0,0,0,1,0,0,1,1,1,0,1,1,1,1,0,0,1,1,0,1,0,1,1,1,0,0,1,1,1,1,1,0,1,0,1,1,1,1,0,0,1,0,1,1,1,1,1,1,1,1,1,1,0
bensulfuron,COC1=CC(=NC(=N1)NC(=O)NS(=O)(=O)CC2=CC=CC=C2C(=O)O)OC,1,0,0,0,0,0,0,0,0,0,0,0,0,0,0,0,0,0,0,0,0,0,0,0,0,0,1,0,0,0,0,0,0,1,1,0,0,0,1,0,0,0,0,0,1,0,0,0,0,0,0,0,1,0,0,0,1,0,0,1,0,1,1,0,0,0,1,0,1,0,1,0,0,0,1,0,0,0,1,0,0,1,0,0,0,0,0,0,0,1,1,0,1,1,1,1,0,0,1,1,0,0,0,1,0,1,0,1,0,0,0,1,1,1,1,0,0,0,1,0,0,1,1,0,1,1,1,1,1,0,0,1,1,1,1,0,1,1,1,0,1,1,0,1,1,1,1,1,0,1,1,1,1,0,1,1,1,1,1,1,1,1,1,1,1,1,1,0
bentazone,CC(C)N1C(=O)C2=CC=CC=C2NS1(=O)=O,1,0,0,0,0,0,0,0,0,0,0,0,0,0,0,0,0,0,0,0,0,0,0,0,0,0,0,0,0,0,0,0,0,0,1,0,0,1,0,0,0,0,0,0,0,0,0,0,0,0,0,0,0,0,0,0,1,0,0,1,0,1,1,0,0,0,0,0,1,0,1,0,0,0,1,1,1,0,1,0,0,1,1,0,0,0,0,0,0,1,1,0,0,1,0,1,0,0,1,1,0,0,1,1,0,0,1,1,0,0,0,1,0,1,0,0,0,0,1,0,0,1,1,1,0,1,0,0,1,0,0,1,0,0,0,0,1,1,1,0,0,0,0,1,1,1,1,1,0,1,1,1,1,0,0,1,0,1,0,1,1,1,1,1,1,1,1,0
benzthiazuron,CNC(=O)NC1=NC2=CC=CC=C2S1,1,0,0,0,0,0,0,0,0,0,0,0,0,0,0,0,0,0,0,0,0,0,0,0,0,0,0,0,0,0,0,0,0,0,0,0,0,1,1,0,0,0,0,0,1,0,0,0,1,0,0,0,0,0,0,0,0,0,0,0,0,0,0,0,0,0,1,0,0,0,0,0,0,0,0,0,0,0,1,0,0,1,1,0,1,0,0,0,0,1,0,0,0,0,1,0,0,1,1,0,0,0,1,0,0,0,1,1,0,0,0,1,0,0,0,0,0,0,1,0,0,1,1,0,0,0,1,0,0,0,0,0,1,0,1,0,1,0,1,0,0,0,0,1,0,0,0,0,0,0,0,0,1,0,0,1,0,1,0,1,0,1,1,1,1,1,1,0
butamifos,CCC(C)NP(=S)(OCC)OC1=C(C=CC(=C1)C)[N+](=O)[O-],1,0,0,0,0,0,0,0,0,0,0,0,0,0,0,0,0,0,0,0,0,0,0,0,0,1,0,0,0,0,1,0,0,0,0,0,0,0,0,0,0,0,0,0,0,0,0,0,1,0,1,0,0,0,0,0,0,1,0,0,0,0,0,0,1,0,0,0,1,0,1,1,1,0,1,0,0,0,0,0,0,0,1,0,0,0,0,0,0,1,1,1,0,0,0,1,1,0,0,0,0,0,0,1,0,1,0,1,0,0,1,0,1,1,1,1,1,0,1,0,1,0,0,1,0,1,0,1,1,0,0,1,0,0,1,0,1,0,0,0,0,1,1,1,1,1,0,1,0,1,1,1,1,1,1,0,1,1,1,1,1,1,1,1,1,1,1,0
butylate,CCSC(=O)N(CC(C)C)CC(C)C,1,0,0,0,0,0,0,0,0,0,0,0,0,0,0,0,0,0,0,0,0,0,0,0,0,0,0,0,0,0,0,0,0,0,0,0,0,0,0,0,0,0,0,0,0,0,0,0,1,0,0,0,0,0,0,0,0,0,0,0,0,0,0,0,0,0,0,0,0,0,0,0,0,0,0,1,0,0,0,0,0,0,1,0,0,0,1,1,0,1,0,0,0,0,0,0,0,0,0,0,0,1,0,0,0,0,0,1,0,1,0,1,0,0,0,1,1,0,1,0,0,0,0,1,0,0,0,0,0,1,0,0,0,0,0,0,0,0,0,1,0,0,1,0,0,0,0,0,0,1,1,0,0,0,1,1,1,1,0,1,0,1,1,0,0,1,0,0
chlomethoxyfen,COC1=C(C=CC(=C1)OC2=C(C=C(C=C2)Cl)Cl)[N+](=O)[O-],1,0,0,0,0,0,0,0,0,0,0,0,0,0,0,0,0,0,0,0,0,0,0,0,0,1,0,0,0,0,0,0,0,0,0,0,0,0,0,0,0,0,0,0,0,0,0,0,0,0,1,0,0,0,0,0,0,1,0,0,0,0,0,0,1,0,0,0,0,0,0,1,1,0,0,0,0,0,0,0,0,0,0,0,0,0,0,0,1,0,1,0,0,0,1,1,1,0,0,0,0,0,0,1,1,0,0,0,1,0,0,0,0,0,1,0,0,0,0,0,1,0,0,1,0,1,1,1,1,0,0,1,0,0,1,1,1,0,0,0,0,1,0,0,1,1,1,1,0,1,0,1,0,1,0,0,0,1,1,1,1,1,1,1,1,1,1,0
chloramben,C1=C(C=C(C(=C1C(=O)O)Cl)N)Cl,1,0,0,0,0,0,0,0,0,0,0,0,0,0,0,0,0,0,0,0,0,0,0,0,0,0,0,0,0,0,0,0,0,0,0,0,0,0,0,0,0,0,0,0,0,0,0,0,0,0,0,0,0,0,0,0,0,0,0,0,0,0,0,0,0,0,0,0,0,0,0,0,0,0,0,0,0,0,0,0,0,0,0,0,0,1,0,0,1,0,0,0,0,0,0,0,0,0,0,0,0,0,0,0,1,0,0,0,1,0,0,0,0,0,0,0,0,0,0,0,0,0,0,0,1,0,0,0,0,0,0,0,1,0,1,1,1,0,0,0,1,0,0,0,0,1,0,0,0,0,0,1,1,0,0,1,0,1,1,1,1,0,1,1,1,1,1,0
chlorbufam,CC(C#C)OC(=O)NC1=CC(=CC=C1)Cl,1,0,0,0,0,0,0,0,0,0,0,0,0,0,0,0,0,0,1,0,0,0,0,0,1,0,0,0,0,0,0,0,0,0,0,0,0,0,0,0,0,0,0,0,0,0,0,0,0,0,0,0,0,0,0,0,0,0,0,0,0,0,0,0,0,0,0,0,0,0,0,0,0,0,0,0,0,0,0,0,0,0,0,0,0,0,0,0,1,0,0,0,0,0,0,0,0,0,0,0,0,0,0,0,1,0,0,1,1,0,0,1,0,0,0,0,0,0,1,0,0,0,0,0,1,0,0,1,0,0,0,0,0,0,1,1,1,0,0,0,0,0,0,0,0,0,0,0,0,0,0,0,1,1,0,1,0,1,1,1,1,1,1,1,1,1,1,0
chlornitrofen,C1=CC(=CC=C1[N+](=O)[O-])OC2=C(C=C(C=C2Cl)Cl)Cl,1,0,0,0,0,0,0,0,0,0,0,0,0,0,0,0,0,0,0,0,0,0,0,0,0,1,0,0,0,0,0,0,0,0,0,0,0,0,0,0,0,0,0,0,0,0,0,0,0,0,1,0,0,0,0,0,0,1,0,0,0,0,0,0,1,0,0,0,0,0,0,1,1,0,0,0,0,0,0,0,0,0,0,0,0,0,0,0,1,0,0,0,0,0,0,1,0,0,0,0,0,0,0,1,1,0,0,0,1,0,0,0,0,0,1,0,0,0,0,0,1,0,0,1,0,1,1,1,1,0,0,1,0,0,1,1,1,0,0,0,0,0,0,0,1,1,1,1,0,1,0,1,0,1,0,0,0,1,1,1,1,0,1,1,1,1,1,0
chlorprocarb,CCC(CCl)NC(=O)OC1=CC=CC(=C1)NC(=O)OC,1,0,0,0,0,0,0,0,0,0,0,0,0,0,0,0,0,0,0,0,0,0,0,0,1,0,0,0,0,0,0,0,0,0,0,0,0,0,0,0,0,0,0,0,0,0,0,0,0,0,0,0,0,0,0,0,0,0,0,0,0,0,0,0,0,0,0,0,0,0,0,0,0,0,0,0,0,0,0,0,0,0,0,0,0,0,0,0,0,0,0,0,0,0,1,0,0,0,1,0,0,0,0,0,1,1,0,1,0,0,0,1,1,0,1,1,0,1,1,0,0,0,0,0,1,0,0,1,1,0,0,0,1,0,1,1,1,1,0,0,0,1,0,1,1,0,0,1,0,0,1,0,1,1,1,1,1,1,1,1,1,1,1,1,1,1,1,0
cycloxydim,CCCC(=NOCC)C1=C(CC(CC1=O)C2CCCSC2)O,1,0,0,0,0,0,0,0,0,0,0,0,0,0,0,0,0,0,0,0,0,0,0,0,0,1,0,0,0,0,0,0,0,0,0,0,0,1,0,0,0,0,0,0,0,0,0,0,0,0,0,1,0,0,0,0,0,0,0,0,0,0,0,1,0,0,0,0,0,0,0,0,1,0,0,0,0,1,0,1,0,0,0,0,0,0,0,1,0,1,1,0,1,0,0,1,0,0,1,1,1,0,0,1,0,1,0,0,0,0,1,0,1,0,0,1,1,0,0,1,1,0,0,0,0,1,0,1,1,1,1,0,0,1,0,0,0,0,1,1,1,0,0,0,1,0,1,1,1,0,1,1,0,1,1,1,1,1,1,0,1,1,1,0,1,1,1,0
diclofop,CC(C(=O)O)OC1=CC=C(C=C1)OC2=C(C=C(C=C2)Cl)Cl,1,0,0,0,0,0,0,0,0,0,0,0,0,0,0,0,0,0,0,0,0,0,0,0,0,0,0,0,0,0,0,0,0,0,0,0,0,0,0,0,0,0,0,0,0,0,0,0,0,0,0,0,0,0,0,0,0,0,0,0,0,0,0,0,0,0,0,0,0,0,0,0,0,1,0,0,0,0,0,0,0,0,0,0,0,0,0,0,1,0,0,0,0,0,0,0,0,0,0,0,0,0,0,0,1,0,0,0,1,0,0,0,0,0,1,0,0,0,0,0,0,0,0,0,1,0,1,1,1,0,0,0,0,0,0,1,0,0,0,0,1,1,0,0,1,1,1,1,0,0,0,1,0,1,0,1,0,0,1,0,1,1,0,1,1,1,1,0
difenoxuron,CN(C)C(=O)NC1=CC=C(C=C1)OC2=CC=C(C=C2)OC,1,0,0,0,0,0,0,0,0,0,0,0,0,0,0,0,0,0,0,0,0,0,0,0,0,0,0,0,0,0,0,0,0,0,0,0,0,0,1,0,0,0,0,0,0,0,0,0,0,0,0,0,0,0,0,0,0,0,0,0,0,0,0,0,0,0,0,0,0,0,0,0,0,0,0,1,0,0,1,0,0,0,0,0,0,0,1,1,0,0,0,0,0,0,1,0,0,0,0,0,0,0,0,0,0,0,0,1,0,0,0,1,0,0,1,0,0,0,1,0,0,0,0,1,0,0,1,1,1,0,0,0,0,0,1,0,1,0,0,0,0,0,1,1,1,0,1,1,0,1,1,0,1,1,0,1,0,1,1,1,1,1,1,1,1,1,1,0
diflufenican,C1=CC(=CC(=C1)OC2=C(C=CC=N2)C(=O)NC3=C(C=C(C=C3)F)F)C(F)(F)F,1,0,0,0,0,0,0,0,0,0,0,0,0,0,0,0,0,0,0,0,0,0,0,0,0,0,0,0,0,0,0,0,0,0,0,0,0,0,0,0,0,0,0,1,0,0,0,0,0,0,0,0,0,0,0,0,0,0,0,0,0,0,0,0,0,0,1,0,0,0,0,0,0,0,0,0,0,0,0,0,0,1,0,0,0,0,0,0,1,0,1,0,0,1,0,0,0,0,1,1,0,0,0,0,0,0,0,1,1,0,0,1,0,1,1,0,0,0,1,0,0,0,1,0,0,0,1,1,1,0,0,0,0,0,1,1,1,0,1,0,0,0,0,1,1,1,1,0,0,0,0,1,1,1,0,1,0,1,1,1,1,0,1,1,1,1,1,0
dinosam,CCCC(C)C1=C(C(=CC(=C1)[N+](=O)[O-])[N+](=O)[O-])O,1,0,0,0,0,0,0,0,0,0,0,0,0,0,0,0,0,0,0,0,0,0,0,0,0,1,0,0,0,0,0,0,0,0,0,0,0,0,0,0,0,0,0,0,0,0,0,0,0,0,1,0,0,0,0,0,0,1,0,0,0,0,0,0,1,0,0,0,0,0,0,1,1,0,0,0,0,0,0,0,0,1,0,0,0,0,0,0,0,0,1,0,1,0,0,1,1,0,0,0,0,0,0,1,0,0,0,0,0,0,0,0,0,0,1,1,1,1,0,1,1,0,0,1,0,1,0,0,1,0,0,1,0,0,1,0,1,1,0,0,1,1,0,1,1,1,0,1,1,1,1,1,0,1,0,0,1,1,1,1,1,1,1,1,1,1,1,0
dipropetryn,CCSC1=NC(=NC(=N1)NC(C)C)NC(C)C,1,0,0,0,0,0,0,0,0,0,0,0,0,0,0,0,0,0,0,0,0,0,0,0,0,0,1,0,0,0,0,0,0,0,0,0,0,0,0,0,0,0,0,0,0,0,0,0,1,0,0,0,0,0,1,0,0,0,0,0,1,0,0,0,0,1,1,0,0,0,0,0,0,0,0,1,0,0,1,0,0,1,1,0,0,0,0,0,0,1,0,0,0,0,0,0,0,0,0,1,0,0,0,0,0,0,0,1,0,0,0,0,0,0,0,1,0,0,0,0,0,1,1,0,0,0,0,0,0,0,0,0,1,0,1,0,1,0,1,0,0,0,1,1,0,0,0,0,0,0,1,0,1,0,1,0,1,1,0,1,0,1,1,1,1,0,1,0
dithiopyr,CC(C)CC1=C(C(=NC(=C1C(=O)SC)C(F)(F)F)C(F)F)C(=O)SC,1,0,0,0,0,0,0,0,0,0,0,0,0,0,0,0,0,0,0,0,0,0,0,0,0,0,0,0,0,0,0,0,0,0,0,0,0,0,0,0,0,0,0,1,0,0,0,0,0,0,0,0,0,0,0,0,0,0,0,0,0,0,0,0,0,0,1,0,0,0,0,0,0,0,0,1,0,0,0,0,0,0,1,0,0,0,0,0,0,1,0,0,0,0,1,0,0,0,1,1,0,0,0,0,0,0,0,1,1,0,0,0,0,1,0,0,1,0,0,0,0,0,1,0,0,0,0,0,0,0,0,0,0,0,0,1,0,1,1,0,0,0,1,0,0,1,0,0,0,0,1,1,0,0,0,1,1,1,0,0,1,1,1,1,1,1,1,0
diuron,CN(C)C(=O)NC1=CC(=C(C=C1)Cl)Cl,1,0,0,0,0,0,0,0,0,0,0,0,0,0,0,0,0,0,0,0,0,0,0,0,0,0,0,0,0,0,0,0,0,0,0,0,0,0,1,0,0,0,0,0,0,0,0,0,0,0,0,0,0,0,0,0,0,0,0,0,0,0,0,0,0,0,0,0,0,0,0,0,0,0,0,1,0,0,1,0,0,0,0,0,0,0,1,1,1,0,0,0,0,0,1,0,0,0,0,0,0,0,0,0,1,0,0,1,1,0,0,1,0,0,0,0,0,0,1,0,0,0,0,1,0,0,0,0,0,0,0,0,0,0,1,1,1,0,0,0,0,0,0,1,0,1,0,0,0,1,1,1,1,0,0,1,0,1,0,1,0,1,1,1,1,1,1,0
fenthiaprop,CC(C(=O)O)OC1=CC=C(C=C1)OC2=NC3=C(S2)C=C(C=C3)Cl,1,0,0,0,0,0,0,0,0,0,0,0,0,0,0,0,0,0,0,0,0,0,0,0,0,0,0,0,0,0,0,0,0,0,0,0,0,1,0,0,0,0,0,0,0,0,0,0,1,0,0,0,0,0,0,0,0,0,0,0,0,0,0,0,0,0,1,0,0,0,0,0,0,1,0,0,0,0,0,0,0,0,1,0,1,0,0,0,1,1,0,0,0,0,0,0,0,1,0,0,0,0,1,0,1,0,1,1,1,0,0,1,0,0,1,0,0,0,1,0,0,1,1,0,1,0,1,1,1,0,0,0,0,0,0,1,0,0,1,0,1,1,0,0,1,0,1,1,0,0,0,0,0,1,0,1,0,1,1,0,1,1,1,1,1,1,1,0
fentrazamide,CCN(C1CCCCC1)C(=O)N2C(=O)N(N=N2)C3=CC=CC=C3Cl,1,0,0,0,0,0,0,0,0,0,0,0,0,0,0,0,0,0,0,0,0,0,0,0,0,0,0,0,0,0,0,0,0,0,0,0,0,0,1,0,0,0,0,0,0,0,0,0,0,0,0,0,0,1,0,0,0,0,0,0,0,0,0,1,0,0,1,0,0,0,0,1,0,0,0,0,1,0,1,0,1,1,0,0,1,0,1,0,1,0,1,0,0,0,0,1,1,1,1,0,0,1,0,0,1,0,0,1,1,1,0,1,1,0,1,1,0,0,1,1,0,1,1,1,0,1,1,0,1,1,1,1,0,0,1,1,1,1,1,0,0,0,0,1,1,1,1,0,1,1,0,1,0,0,1,1,1,1,0,1,1,1,1,1,1,1,1,0
flucarbazone,CN1C(=NN(C1=O)C(=O)NS(=O)(=O)C2=CC=CC=C2OC(F)(F)F)OC,1,0,0,0,0,0,0,0,0,0,0,0,0,0,0,0,0,0,0,0,0,0,0,0,0,0,0,0,0,0,0,0,0,1,1,0,0,0,1,0,0,0,0,1,0,0,0,0,0,0,0,0,1,1,0,0,1,0,0,1,1,1,1,0,0,1,1,0,1,0,1,0,0,0,1,0,1,0,1,0,1,1,1,0,1,0,1,0,0,1,1,0,0,0,1,1,1,1,1,0,0,0,0,1,0,0,0,1,1,0,0,1,0,1,1,0,0,0,1,0,0,1,1,1,0,1,1,1,1,0,0,1,0,0,0,1,0,1,1,0,0,1,0,1,1,1,0,1,0,1,1,1,1,1,0,1,0,1,1,1,1,1,1,1,1,1,1,0
flufenacet,CC(C)N(C1=CC=C(C=C1)F)C(=O)COC2=NN=C(S2)C(F)(F)F,1,0,0,0,0,0,0,0,0,0,0,0,0,0,0,0,0,0,0,0,0,0,0,0,0,0,0,0,0,0,0,0,0,0,0,0,0,1,0,0,0,0,0,1,0,0,0,0,1,0,0,0,0,1,0,0,0,0,0,0,0,0,0,0,0,0,1,0,0,0,0,0,0,1,0,1,0,0,0,0,0,1,1,0,1,0,1,0,1,1,0,0,0,1,0,1,1,1,1,0,0,0,0,0,0,0,0,1,1,1,1,1,1,1,1,0,0,0,1,0,0,1,1,1,0,1,1,1,1,0,0,0,0,1,1,1,1,0,1,0,0,0,0,1,1,0,0,0,0,1,1,0,0,0,1,1,1,1,1,1,1,1,1,1,1,1,1,0
halosulfuron,CN1C(=C(C(=N1)Cl)C(=O)O)S(=O)(=O)NC(=O)NC2=NC(=CC(=N2)OC)OC,1,0,0,0,0,0,0,0,0,0,0,0,0,0,0,0,0,0,0,0,0,0,0,0,0,0,1,0,0,0,0,0,0,1,1,0,0,0,1,0,0,0,0,0,1,0,0,0,1,0,0,0,1,1,0,0,1,0,0,1,1,1,1,0,0,1,1,0,1,0,1,0,0,0,1,0,1,0,1,0,1,1,1,0,1,0,0,0,1,1,1,0,0,1,1,1,1,1,1,1,0,0,0,1,1,0,0,1,1,0,0,1,0,1,1,0,0,0,1,0,0,1,1,1,1,1,1,1,1,0,0,1,1,0,1,1,1,1,1,0,1,1,1,1,1,1,0,1,0,1,1,1,1,0,0,1,0,1,1,1,1,1,1,1,1,1,1,0
imazaquin,CC(C)C1(C(=O)NC(=N1)C2=NC3=CC=CC=C3C=C2C(=O)O)C,1,0,0,0,0,0,0,0,0,0,0,0,0,0,0,0,0,0,0,0,0,0,0,0,0,0,0,0,0,0,0,0,0,0,0,0,0,0,0,1,0,0,0,0,0,0,0,0,0,0,0,0,0,0,0,0,0,0,0,0,0,0,0,1,0,0,1,1,0,0,0,0,0,0,0,1,0,0,1,1,1,0,0,0,1,0,0,0,0,0,0,0,0,1,0,0,1,1,1,1,0,0,1,0,0,0,1,0,0,0,0,1,0,1,0,0,0,0,1,0,1,1,1,0,1,0,1,0,1,0,0,0,1,0,0,0,0,1,1,0,1,0,1,1,1,1,1,1,0,0,1,1,1,0,0,1,0,1,1,1,1,1,1,1,1,1,1,0
isocil,CC1=C(C(=O)N(C(=O)N1)C(C)C)Br,1,0,0,0,0,0,0,0,0,0,0,0,0,0,0,0,0,0,0,0,0,0,0,0,0,0,0,0,0,0,0,0,0,0,0,0,0,0,1,0,0,0,0,0,0,0,0,1,0,0,0,0,0,0,0,0,0,0,0,0,0,0,0,0,0,0,1,0,0,0,0,0,0,0,0,1,1,0,1,0,0,1,0,0,0,0,1,0,1,0,1,0,0,1,0,0,0,0,1,1,0,0,0,0,0,0,0,1,1,0,0,1,0,0,1,0,0,0,1,0,0,1,1,1,0,0,0,0,1,0,0,0,0,0,0,1,0,1,1,0,0,0,1,1,1,1,0,0,0,1,1,1,1,0,0,1,0,1,0,1,1,1,1,1,1,1,1,0
isoxaben,CCC(C)(CC)C1=NOC(=C1)NC(=O)C2=C(C=CC=C2OC)OC,1,0,0,0,0,0,0,0,0,0,0,0,0,0,0,0,0,0,0,0,0,0,0,0,0,0,0,0,0,0,0,0,0,0,0,0,0,0,0,0,0,0,0,0,0,0,0,0,0,0,0,0,0,0,0,0,0,0,1,0,0,0,0,0,0,0,1,1,0,0,0,0,1,0,0,0,0,0,0,0,1,1,0,0,1,0,0,0,0,0,1,0,0,1,1,1,0,1,1,0,0,0,0,1,0,0,0,0,0,0,0,1,0,1,1,1,1,1,1,0,0,1,1,0,0,1,1,1,1,0,0,0,0,0,1,0,1,0,1,0,0,1,1,1,1,1,0,1,0,0,1,1,1,1,0,1,1,1,1,1,1,1,1,1,1,1,1,0
lenacil,C1CCC(CC1)N2C(=O)C3=C(CCC3)NC2=O,1,0,0,0,0,0,0,0,0,0,0,0,0,0,0,0,0,0,0,0,0,0,0,0,0,0,0,0,0,0,0,0,0,0,0,0,0,0,1,0,0,0,0,0,0,0,0,0,0,0,0,0,0,0,0,0,0,0,0,0,0,0,0,1,0,0,1,0,0,0,0,0,0,0,0,0,1,0,1,0,0,1,0,0,0,0,1,0,0,0,1,1,1,1,0,0,0,1,1,1,0,0,1,0,0,1,1,1,0,0,0,1,1,0,1,0,0,0,1,1,0,1,1,1,0,0,0,0,1,1,1,0,0,0,1,0,0,1,1,0,0,0,0,1,1,1,1,0,1,1,0,1,1,0,0,1,0,1,0,1,1,0,1,1,1,1,1,0
MCPB,CC1=C(C=CC(=C1)Cl)OCCCC(=O)O,1,0,0,0,0,0,0,0,0,0,0,0,0,0,0,0,0,0,0,0,0,0,0,0,0,0,0,0,0,0,0,0,0,0,0,0,0,0,0,0,0,0,0,0,0,0,0,0,0,0,0,0,0,0,0,0,0,0,0,0,0,0,0,0,0,0,0,0,0,0,0,0,0,0,0,0,0,0,0,0,0,0,0,0,0,0,0,0,1,0,0,1,1,0,0,0,0,0,0,0,0,0,0,0,1,1,0,0,1,1,1,0,0,0,1,0,0,0,0,1,0,0,0,0,1,0,0,1,1,0,0,0,0,1,0,1,0,0,0,0,1,0,0,0,1,1,0,1,1,0,0,1,0,1,1,1,1,0,1,0,1,1,0,1,1,1,1,0
monolinuron,CN(C(=O)NC1=CC=C(C=C1)Cl)OC,1,0,0,0,0,0,0,0,0,0,0,0,0,0,1,0,0,0,0,0,0,0,0,0,0,1,0,0,0,0,0,0,0,0,0,0,0,0,1,0,0,0,0,0,0,0,0,0,0,0,0,0,0,0,0,0,0,0,0,0,0,0,0,0,0,0,0,0,0,0,0,0,1,1,0,0,0,0,1,0,0,0,0,0,0,0,0,0,1,0,0,0,0,0,1,1,1,0,0,0,0,0,0,1,1,0,0,1,1,0,0,1,0,0,0,0,0,0,1,0,0,0,0,1,0,1,0,1,0,0,0,0,0,0,1,1,1,0,0,0,0,0,0,1,0,0,0,0,0,1,1,0,1,0,0,1,0,1,1,1,1,1,1,1,1,1,1,0
monuron,CN(C)C(=O)NC1=CC=C(C=C1)Cl,1,0,0,0,0,0,0,0,0,0,0,0,0,0,0,0,0,0,0,0,0,0,0,0,0,0,0,0,0,0,0,0,0,0,0,0,0,0,1,0,0,0,0,0,0,0,0,0,0,0,0,0,0,0,0,0,0,0,0,0,0,0,0,0,0,0,0,0,0,0,0,0,0,0,0,1,0,0,1,0,0,0,0,0,0,0,1,1,1,0,0,0,0,0,1,0,0,0,0,0,0,0,0,0,1,0,0,1,1,0,0,1,0,0,0,0,0,0,1,0,0,0,0,1,0,0,0,0,0,0,0,0,0,0,1,1,1,0,0,0,0,0,0,1,0,0,0,0,0,1,1,0,1,0,0,1,0,1,0,1,0,1,1,1,1,1,1,0
oxadiazon,CC(C)OC1=C(C=C(C(=C1)N2C(=O)OC(=N2)C(C)(C)C)Cl)Cl,1,0,0,0,0,0,0,0,0,0,0,0,0,0,0,0,0,0,0,0,0,0,0,0,1,0,0,0,0,0,0,0,0,0,0,0,0,0,0,0,0,0,0,0,0,0,0,0,0,0,0,0,0,1,0,0,0,0,1,0,0,0,0,1,0,0,1,1,0,0,0,0,0,0,0,1,1,0,0,0,0,1,0,0,1,0,0,0,1,0,0,0,0,1,0,1,1,1,1,0,0,0,0,0,1,0,0,1,1,0,0,1,0,1,1,0,0,0,1,0,0,1,1,1,1,1,1,1,1,0,0,0,0,0,1,1,1,0,1,0,0,0,1,1,1,1,0,1,0,1,1,1,0,1,0,1,0,1,1,1,1,1,1,1,1,1,1,0
pebulate,CCCCN(CC)C(=O)SCCC,1,0,0,0,0,0,0,0,0,0,0,0,0,0,0,0,0,0,0,0,0,0,0,0,0,0,0,0,0,0,0,0,0,0,0,0,0,0,0,0,0,0,0,0,0,0,0,0,1,0,0,0,0,0,0,0,0,0,0,0,0,0,0,0,0,0,0,0,0,0,0,0,0,0,0,0,0,0,0,0,0,0,1,0,0,0,1,1,0,1,0,0,0,0,0,0,0,0,0,0,0,1,0,0,0,0,0,1,0,1,0,1,1,0,0,1,1,1,1,1,0,0,0,1,0,0,0,0,0,1,1,0,0,0,0,0,0,0,0,1,0,0,1,0,0,0,0,0,1,1,1,0,0,0,1,1,1,1,0,1,0,1,1,0,0,1,0,0
pendimethalin,CCC(CC)NC1=C(C=C(C(=C1[N+](=O)[O-])C)C)[N+](=O)[O-],1,0,0,0,0,0,0,0,0,0,0,0,0,0,0,0,0,0,0,0,0,0,0,0,0,1,0,0,0,0,0,0,0,0,0,0,0,0,0,0,0,0,0,0,0,0,0,0,0,0,1,0,0,0,0,0,0,1,0,0,0,0,0,0,1,0,0,0,0,0,0,1,1,0,0,0,0,0,0,0,1,1,0,0,0,0,0,0,0,0,0,0,0,0,0,1,0,0,1,0,0,0,0,1,0,1,0,0,0,0,0,0,1,0,0,1,0,1,0,0,1,0,0,1,0,1,0,0,0,0,0,1,0,0,1,0,1,1,0,0,0,1,1,1,0,1,0,1,0,1,1,1,1,0,0,0,1,1,0,1,1,1,1,1,1,1,1,0
profoxydim,CCCC(=NOCC(C)OC1=CC=C(C=C1)Cl)C2=C(CC(CC2=O)C3CCCSC3)O,1,0,0,0,0,0,0,0,0,0,0,0,0,0,0,0,0,0,0,0,0,0,0,0,0,1,0,0,0,0,0,0,0,0,0,0,0,1,0,0,0,0,0,0,0,0,0,0,0,0,0,1,0,0,0,0,0,0,0,0,0,0,0,1,0,0,0,0,0,0,0,0,1,1,0,0,0,1,0,1,0,0,0,0,0,0,0,1,1,1,1,0,1,0,0,1,0,0,1,1,1,0,0,1,1,1,0,0,1,0,1,0,1,0,1,1,1,0,0,1,1,0,0,0,0,1,0,1,1,1,1,0,0,1,0,1,0,0,1,1,1,1,0,0,1,0,1,1,1,0,1,1,0,1,1,1,1,1,1,0,1,1,1,1,1,1,1,0
propachlor,CC(C)N(C1=CC=CC=C1)C(=O)CCl,1,0,0,0,0,0,0,0,0,0,0,0,0,0,0,0,0,0,0,0,0,0,0,0,0,0,0,0,0,0,0,0,0,0,0,0,0,0,0,0,0,0,0,0,0,0,0,0,0,0,0,0,0,0,0,0,0,0,0,0,0,0,0,0,0,0,0,0,0,0,0,0,0,0,0,1,0,0,0,0,0,0,0,0,0,0,1,0,0,0,0,0,0,1,0,0,0,0,0,0,0,0,0,0,1,0,0,0,0,1,0,1,1,0,0,0,0,0,1,0,0,0,0,1,0,0,0,0,0,0,0,0,0,1,1,1,1,0,0,0,0,0,0,0,0,0,0,0,0,1,1,0,0,0,1,1,1,1,0,1,0,1,1,1,1,1,1,0
prosulfuron,CC1=NC(=NC(=N1)OC)NC(=O)NS(=O)(=O)C2=CC=CC=C2CCC(F)(F)F,1,0,0,0,0,0,0,0,0,0,0,0,0,0,0,0,0,0,0,0,0,0,0,0,0,0,1,0,0,0,0,0,0,1,1,0,0,0,1,1,0,0,0,1,1,0,0,0,0,0,0,0,1,0,0,0,1,0,0,1,1,1,1,0,0,1,1,0,1,0,1,0,0,0,1,0,0,0,1,0,0,1,1,0,0,0,0,0,0,1,1,0,1,0,1,1,0,0,1,1,0,0,0,1,0,0,0,1,1,0,0,1,0,1,1,0,0,0,1,1,0,1,1,0,0,1,1,1,1,0,0,1,1,0,1,1,1,1,1,0,0,1,0,1,1,1,1,1,1,1,1,1,1,0,0,1,1,1,1,1,1,1,1,1,1,1,1,0
prynachlor,CC(C#C)N(C1=CC=CC=C1)C(=O)CCl,1,0,0,0,0,0,0,0,0,0,0,0,0,0,0,0,0,0,1,0,0,0,0,0,0,0,0,0,0,0,0,0,0,0,0,0,0,0,0,0,0,0,0,0,0,0,0,0,0,0,0,0,0,0,0,0,0,0,0,0,0,0,0,0,0,0,0,0,0,0,0,0,0,0,0,0,0,0,0,0,0,0,0,0,0,0,1,0,0,0,0,0,0,1,0,0,0,0,0,0,0,0,0,0,1,0,0,0,0,1,0,1,1,0,0,0,0,0,1,0,0,0,0,1,0,0,0,0,0,0,0,0,0,1,1,1,1,0,0,0,0,0,0,0,0,0,0,0,0,1,0,0,0,0,1,1,1,1,0,1,0,1,1,1,1,1,1,0
pyraflufen,CN1C(=C(C(=N1)C2=CC(=C(C=C2F)Cl)OCC(=O)O)Cl)OC(F)F,1,0,0,0,0,0,0,0,0,0,0,0,0,0,0,0,0,0,0,0,0,0,0,0,0,0,0,0,0,0,0,0,0,0,0,0,0,0,0,0,0,0,0,1,0,0,0,0,0,0,0,0,0,1,0,0,0,0,0,0,0,0,0,1,0,0,1,0,0,0,0,0,0,1,0,0,1,0,0,0,0,1,0,0,1,0,0,0,1,0,0,0,0,1,1,1,1,1,1,0,0,0,0,0,1,1,0,1,1,0,1,1,0,0,1,0,0,0,1,0,0,1,1,1,1,1,1,1,1,0,0,0,0,1,0,1,0,0,1,0,1,1,0,1,1,1,0,1,0,1,0,1,0,1,1,1,1,1,1,1,1,1,1,1,1,1,1,0
pyribenzoxim,COC1=CC(=NC(=N1)OC2=C(C(=CC=C2)OC3=NC(=CC(=N3)OC)OC)C(=O)ON=C(C4=CC=CC=C4)C5=CC=CC=C5)OC,1,0,0,0,0,0,0,0,0,0,0,0,0,0,0,0,0,0,0,0,0,0,0,0,0,1,0,0,0,0,0,0,0,0,0,0,0,0,1,0,0,0,0,0,0,0,0,0,0,0,0,0,0,0,0,0,0,0,0,0,0,0,0,0,0,0,1,0,0,0,0,0,1,0,0,0,0,0,1,1,0,1,0,0,0,0,0,0,0,0,1,0,0,1,1,1,1,0,1,1,0,0,0,1,0,0,0,1,0,0,0,1,0,0,1,0,0,0,1,0,1,1,1,0,1,1,1,1,1,0,0,0,0,0,0,0,0,0,1,0,0,1,1,1,1,1,1,1,0,0,1,1,0,1,0,1,0,1,1,0,1,1,1,1,1,1,1,0
pyrimisulfan,COCC1=C(C(=CC=C1)C(C2=NC(=CC(=N2)OC)OC)O)NS(=O)(=O)C(F)F,1,0,0,0,0,0,0,0,0,0,0,0,0,0,0,0,0,0,0,0,0,0,0,0,0,0,0,0,0,0,0,0,0,1,1,0,0,0,0,1,0,0,0,1,0,0,0,0,0,0,0,0,1,0,1,0,1,0,0,1,0,1,1,0,0,0,1,0,1,0,1,0,0,0,1,0,0,0,1,0,0,1,1,0,0,0,0,1,0,1,1,1,0,1,1,1,1,0,1,1,0,0,0,1,0,0,0,1,1,0,1,1,0,1,1,0,1,0,1,0,0,1,1,0,0,1,1,1,1,0,0,1,1,0,1,1,1,1,1,0,1,1,1,1,1,1,1,1,0,1,1,1,1,1,1,0,1,1,1,1,1,1,1,1,1,1,1,0
pyroxasulfone,CC1(CC(=NO1)S(=O)(=O)CC2=C(N(N=C2C(F)(F)F)C)OC(F)F)C,1,0,0,0,0,0,0,0,0,0,0,0,0,0,0,0,0,0,0,0,0,0,0,0,0,1,0,0,0,0,0,0,0,0,0,0,0,0,0,0,0,0,0,1,0,0,0,0,1,0,0,0,1,1,0,0,1,0,1,1,0,1,1,0,0,1,1,1,1,0,0,0,1,0,1,1,1,0,0,1,0,1,1,0,1,0,0,0,0,1,1,0,0,1,1,1,1,1,1,0,0,0,0,1,0,0,0,1,1,1,0,1,1,1,1,0,1,0,1,0,1,1,1,1,0,1,0,1,1,0,1,1,0,1,0,1,0,1,1,0,0,1,1,1,1,1,0,1,0,1,1,1,0,1,1,0,1,1,1,1,1,1,1,1,0,1,1,0
pyroxsulam,COC1=CC(=NC2=NC(=NN12)NS(=O)(=O)C3=C(C=CN=C3OC)C(F)(F)F)OC,1,0,0,0,0,0,0,0,0,0,0,0,0,0,0,0,0,0,0,0,0,0,0,0,0,0,1,0,0,0,0,0,0,1,1,0,0,0,0,0,0,0,0,1,0,0,0,0,0,0,0,0,1,1,0,0,1,0,0,1,1,1,1,0,0,1,1,0,1,0,1,0,0,0,1,0,0,0,1,0,1,1,1,0,1,0,0,0,0,1,1,0,0,1,1,1,1,1,1,1,0,0,1,1,0,0,1,1,1,0,0,1,0,1,1,0,0,0,1,0,0,1,1,1,0,1,1,1,1,0,0,1,0,0,1,1,1,1,1,0,0,1,1,1,1,1,1,1,0,1,1,1,1,0,0,0,0,1,1,1,1,1,1,1,1,1,1,0
quinclorac,C1=CC(=C(C2=NC=C(C=C21)Cl)C(=O)O)Cl,1,0,0,0,0,0,0,0,0,0,0,0,0,0,0,0,0,0,0,0,0,0,0,0,0,0,0,0,0,0,0,0,0,0,0,0,0,0,0,0,0,0,0,0,0,0,0,0,0,0,0,0,0,0,0,0,0,0,0,0,0,0,0,0,0,0,1,0,0,0,0,0,0,0,0,0,0,0,0,0,0,0,0,0,0,0,0,0,1,0,0,0,0,0,0,0,0,0,1,1,0,0,1,0,1,0,1,0,1,0,0,0,0,0,0,0,0,0,0,0,0,0,1,0,1,0,1,0,0,0,0,0,0,0,0,1,0,0,1,0,1,0,0,0,0,1,1,0,0,0,0,1,0,0,0,1,0,1,1,0,1,0,1,1,1,1,1,0
simazine,CCNC1=NC(=NC(=N1)Cl)NCC,1,0,0,0,0,0,0,0,0,0,0,0,0,0,0,0,0,0,0,0,0,0,0,0,0,0,1,0,0,0,0,0,0,0,0,0,0,0,0,0,0,0,0,0,0,0,0,0,0,0,0,0,0,0,1,0,0,0,0,0,0,0,0,0,0,0,1,0,0,0,0,0,0,0,0,0,0,0,1,0,0,1,0,1,0,0,0,0,1,0,0,0,0,0,0,0,0,0,0,1,0,1,0,0,1,0,0,1,1,0,0,0,0,0,0,1,0,0,0,0,0,1,1,0,0,0,0,0,0,0,0,0,1,0,1,1,1,0,1,1,0,0,0,1,0,0,0,0,0,0,1,0,1,0,1,0,1,1,0,1,0,1,1,1,1,0,1,0
TCA,C(=O)(C(Cl)(Cl)Cl)O,1,0,0,0,0,0,0,0,0,0,0,0,0,0,0,0,0,0,0,0,0,0,0,0,0,0,0,0,0,0,0,0,0,0,0,0,0,0,0,0,0,0,0,0,0,0,0,0,0,0,0,0,0,0,0,0,0,0,0,0,0,0,0,0,0,0,0,0,0,0,0,0,0,0,0,0,0,0,0,0,0,0,0,0,0,0,0,0,0,0,0,0,0,0,0,0,0,0,0,0,0,0,0,0,1,0,0,1,1,0,0,0,0,1,0,0,0,0,0,0,0,0,0,0,1,0,0,0,0,0,0,0,0,0,0,1,0,0,0,0,1,0,0,0,0,0,0,0,0,0,0,0,0,0,0,1,0,0,1,0,1,0,0,0,0,1,0,0
tefuryltrione,CS(=O)(=O)C1=C(C(=C(C=C1)C(=O)C2C(=O)CCCC2=O)Cl)COCC3CCCO3,1,0,0,0,0,0,0,0,0,0,0,0,0,0,0,0,0,0,0,0,0,0,0,0,0,0,0,0,0,0,0,0,0,0,0,0,0,0,0,0,0,0,0,0,0,0,0,0,0,0,0,0,1,0,0,0,1,0,1,1,1,1,1,0,0,1,0,0,1,0,0,0,0,1,1,0,0,0,0,0,0,0,1,0,1,0,0,1,1,1,1,0,0,0,1,0,0,1,0,0,0,0,0,1,1,0,0,0,1,1,1,0,0,1,0,0,0,0,0,1,0,0,0,0,0,1,0,1,1,1,1,1,0,1,0,1,0,1,1,1,0,1,0,0,1,1,1,1,1,1,0,1,0,1,1,1,1,0,1,0,1,1,0,1,1,1,1,0
tembotrione,CS(=O)(=O)C1=C(C(=C(C=C1)C(=O)C2C(=O)CCCC2=O)Cl)COCC(F)(F)F,1,0,0,0,0,0,0,0,0,0,0,0,0,0,0,0,0,0,0,0,0,0,0,0,0,0,0,0,0,0,0,0,0,0,0,0,0,0,0,0,0,0,0,1,0,0,0,0,0,0,0,0,1,0,0,0,1,0,0,1,1,1,1,0,0,1,0,0,1,0,0,0,0,0,1,0,0,0,0,0,0,0,1,0,0,0,0,1,1,1,1,0,0,0,1,0,0,0,0,0,0,0,0,1,1,0,0,1,1,1,1,0,0,1,0,0,0,0,0,1,0,0,0,0,0,1,0,1,1,1,0,1,0,1,0,1,0,1,0,1,0,1,0,0,1,1,1,1,1,1,0,1,0,1,1,1,1,0,1,0,1,1,0,1,1,1,1,0
thifensulfuron,CC1=NC(=NC(=N1)OC)NC(=O)NS(=O)(=O)C2=C(SC=C2)C(=O)O,1,0,0,0,0,0,0,0,0,0,0,0,0,0,0,0,0,0,0,0,0,0,0,0,0,0,1,0,0,0,0,0,0,1,1,0,0,1,1,1,0,0,0,0,1,0,0,0,0,0,0,0,1,0,0,0,1,0,0,1,1,1,1,0,0,1,1,0,1,0,1,0,0,0,1,0,0,0,1,0,0,1,1,0,1,0,0,0,0,1,1,0,0,0,1,1,0,1,1,1,0,0,0,1,0,0,0,1,0,0,0,1,0,1,1,0,0,0,1,0,0,1,1,0,1,1,1,1,1,0,0,1,1,0,1,0,1,1,1,0,1,1,0,1,1,1,0,1,0,1,1,1,1,0,0,1,0,1,1,1,1,1,1,1,1,1,1,0
tritosulfuron,COC1=NC(=NC(=N1)NC(=O)NS(=O)(=O)C2=CC=CC=C2C(F)(F)F)C(F)(F)F,1,0,0,0,0,0,0,0,0,0,0,0,0,0,0,0,0,0,0,0,0,0,0,0,0,0,1,0,0,0,0,0,0,1,1,0,0,0,1,1,0,0,0,1,1,0,0,0,0,0,0,0,1,0,0,0,1,0,0,1,1,1,1,0,0,1,1,0,1,0,1,0,0,0,1,0,0,0,1,0,0,1,1,0,0,0,0,0,0,1,1,0,0,0,1,1,0,0,1,1,0,0,0,1,0,0,0,1,1,0,0,1,0,1,1,0,0,0,1,0,0,1,1,0,0,1,1,1,1,0,0,1,1,0,1,1,1,1,1,0,0,1,0,1,1,1,1,1,0,1,0,1,1,0,0,1,0,1,1,1,1,1,1,1,1,1,1,0
cyperquat,C[N+]1=CC=C(C=C1)C2=CC=CC=C2,1,0,0,0,0,0,0,0,0,0,0,0,0,0,0,0,0,0,0,0,0,0,0,0,0,0,0,0,0,0,0,0,0,0,0,0,0,0,0,0,0,0,0,0,0,0,0,0,0,0,1,0,0,0,0,0,0,0,0,0,0,0,0,1,0,0,1,0,0,0,0,0,0,0,0,0,1,0,0,0,0,0,0,0,0,0,1,0,0,0,0,0,0,0,1,0,0,0,0,1,0,0,0,0,0,0,0,0,0,0,0,0,0,0,0,0,0,0,0,0,0,0,1,1,0,0,1,0,0,0,0,0,0,0,0,0,0,0,1,0,0,0,0,0,0,0,1,0,0,1,0,0,0,0,0,0,0,0,0,1,0,1,1,1,1,0,1,0
paraquat,C[N+]1=CC=C(C=C1)C2=CC=[N+](C=C2)C,1,0,0,0,0,0,0,0,0,0,0,0,0,0,0,0,0,0,0,0,0,0,0,0,0,0,0,0,0,0,0,0,0,0,0,0,0,0,0,0,0,0,0,0,0,0,0,0,0,0,1,0,0,0,0,0,0,0,0,0,0,0,0,1,0,0,1,0,0,0,0,0,0,0,0,0,1,0,0,0,0,0,0,0,0,0,1,0,0,0,0,0,0,0,1,0,0,0,0,1,0,0,0,0,0,0,0,0,0,0,0,0,0,0,0,0,0,0,0,0,0,1,1,1,0,0,1,0,0,0,0,0,0,0,0,0,0,0,1,0,0,0,0,1,0,0,1,0,0,1,1,0,0,0,0,0,0,0,0,1,0,1,1,1,1,0,1,0
2_4_5-T,CC(C)CCCCCOC(=O)COC1=CC(=C(C=C1Cl)Cl)Cl,1,0,0,0,0,0,0,0,0,0,0,0,0,0,0,0,0,0,0,0,0,0,0,0,0,0,0,0,0,0,0,0,0,0,0,0,0,0,0,0,0,0,0,0,0,0,0,0,0,0,0,0,0,0,0,0,0,0,0,0,0,0,0,0,0,0,0,0,0,0,0,0,0,1,0,1,0,0,0,0,0,0,0,0,0,0,0,0,1,0,0,0,0,0,0,0,0,0,0,0,0,0,0,0,1,0,0,0,1,1,1,0,0,0,1,0,1,1,0,1,0,0,0,0,1,0,0,1,1,1,1,0,0,1,0,1,0,0,0,1,0,0,0,0,1,1,0,1,1,0,1,1,0,1,1,1,1,0,1,0,1,1,0,1,1,1,1,0
2_4-D, CCCCOC(=O)COC1=C(C=C(C=C1)Cl)Cl,1,0,0,0,0,0,0,0,0,0,0,0,0,0,0,0,0,0,0,0,0,0,0,0,0,0,0,0,0,0,0,0,0,0,0,0,0,0,0,0,0,0,0,0,0,0,0,0,0,0,0,0,0,0,0,0,0,0,0,0,0,0,0,0,0,0,0,0,0,0,0,0,0,1,0,0,0,0,0,0,0,0,0,0,0,0,0,0,1,0,0,0,0,0,0,0,0,0,0,0,0,0,0,0,1,0,0,0,1,0,1,0,0,0,1,1,1,1,0,1,0,0,0,0,1,0,0,1,1,1,1,0,0,1,0,1,0,0,0,1,0,0,0,0,1,1,0,1,1,0,0,1,0,1,1,1,1,0,1,0,1,1,0,1,1,1,1,0
2_4-DB,CC(C)CCCCCOC(=O)CCCOC1=C(C=C(C=C1)Cl)Cl,1,0,0,0,0,0,0,0,0,0,0,0,0,0,0,0,0,0,0,0,0,0,0,0,0,0,0,0,0,0,0,0,0,0,0,0,0,0,0,0,0,0,0,0,0,0,0,0,0,0,0,0,0,0,0,0,0,0,0,0,0,0,0,0,0,0,0,0,0,0,0,0,0,0,0,1,0,0,0,0,0,0,0,0,0,0,0,0,1,0,0,0,0,0,0,0,0,0,0,0,0,0,0,0,1,0,0,0,1,1,1,0,0,0,1,0,1,1,0,1,0,0,0,0,1,0,0,1,1,1,1,0,0,1,0,1,0,0,0,1,0,0,0,0,1,1,0,1,1,0,1,1,0,1,1,1,1,0,1,0,1,1,0,1,1,1,1,0
acetochlor,CCC1=CC=CC(=C1N(COCC)C(=O)CCl)C,1,0,0,0,0,0,0,0,0,0,0,0,0,0,0,0,0,0,0,0,0,0,0,0,0,0,0,0,0,1,0,0,0,0,0,0,0,0,0,0,0,0,0,0,0,0,0,0,0,0,0,0,0,0,0,0,0,0,0,0,0,0,0,0,0,0,0,0,0,0,0,0,0,0,0,0,0,0,0,0,0,0,0,0,0,0,1,1,0,0,1,0,0,1,0,0,0,0,0,0,0,1,0,0,1,0,0,0,0,1,1,1,1,0,0,1,0,1,1,0,0,0,0,1,0,0,0,1,0,1,1,0,0,1,1,1,1,0,0,1,0,0,1,0,0,1,0,0,0,1,1,1,0,0,1,1,1,1,1,1,1,1,1,1,1,1,1,0
acifluorfen,C1=CC(=C(C=C1C(F)(F)F)Cl)OC2=CC(=C(C=C2)[N+](=O)[O-])C(=O)O,1,0,0,0,0,0,0,0,0,0,0,0,0,0,0,0,0,0,0,0,0,0,0,0,0,1,0,0,0,0,0,0,0,0,0,0,0,0,0,0,0,0,0,1,0,0,0,0,0,0,1,0,0,0,0,0,0,1,0,0,0,0,0,0,1,0,0,0,0,0,0,1,1,0,0,0,0,0,0,0,0,0,0,0,0,0,0,0,1,0,0,0,0,0,0,1,0,0,1,0,0,0,0,1,1,0,0,1,1,0,0,0,0,1,1,0,0,0,0,0,1,0,0,1,1,1,1,1,1,0,0,1,0,0,1,1,1,1,0,0,1,1,0,0,1,1,1,1,0,1,0,1,0,1,0,1,0,1,1,1,1,0,1,1,1,1,1,0
alachlor,CCC1=C(C(=CC=C1)CC)N(COC)C(=O)CCl,1,0,0,0,0,0,0,0,0,0,0,0,0,0,0,0,0,0,0,0,0,0,0,0,0,0,0,0,0,1,0,0,0,0,0,0,0,0,0,0,0,0,0,0,0,0,0,0,0,0,0,0,0,0,0,0,0,0,0,0,0,0,0,0,0,0,0,0,0,0,0,0,0,0,0,0,0,0,0,0,0,0,0,0,0,0,1,1,0,0,1,0,0,1,1,0,0,0,0,0,0,1,0,0,1,0,0,0,0,0,1,1,1,0,0,1,1,0,1,0,0,0,0,1,0,0,0,1,0,1,1,0,0,1,1,1,1,0,0,1,0,0,1,0,0,1,0,0,0,1,1,1,0,0,1,1,1,1,1,1,1,1,1,1,1,1,1,0
allidochlor,C=CCN(CC=C)C(=O)CCl,1,0,0,0,0,0,0,0,0,0,0,0,0,0,0,0,0,0,0,0,0,0,0,0,0,0,0,0,0,0,0,0,0,0,0,1,0,0,0,0,0,0,0,0,0,0,0,0,0,0,0,0,0,0,0,0,0,0,0,0,0,0,0,0,0,0,0,0,0,0,0,0,0,0,0,0,0,0,0,0,0,0,0,0,0,0,1,1,0,0,0,0,0,1,0,0,0,0,0,0,1,1,0,0,1,0,0,0,0,0,0,1,1,0,0,0,0,0,1,0,0,0,0,1,0,0,0,0,0,0,1,0,0,1,0,1,0,0,0,1,0,0,0,0,0,0,0,0,0,1,0,0,0,0,1,1,1,1,0,1,0,0,1,0,0,1,0,0
alloxydim,CCCC(=NOCC=C)C1=C(C(C(CC1=O)(C)C)C(=O)OC)O,1,0,0,0,0,0,0,0,0,0,0,0,0,0,0,0,0,0,0,0,0,0,0,0,0,1,0,0,0,0,0,0,0,0,0,1,0,0,0,0,0,0,0,0,0,0,0,0,0,0,0,1,0,0,0,0,0,0,0,0,0,0,0,0,0,0,0,1,0,0,0,0,1,0,0,1,0,1,0,1,0,0,0,0,0,0,0,0,0,0,1,0,1,0,1,1,0,0,1,0,1,0,0,1,0,0,0,0,0,0,1,0,1,1,0,1,1,0,0,1,1,0,0,0,1,1,0,1,1,1,0,0,0,1,0,0,0,1,0,0,1,1,1,0,1,0,0,1,1,0,1,1,0,1,1,1,1,1,1,0,1,1,1,0,1,1,1,0
ametryn,CCNC1=NC(=NC(=N1)SC)NC(C)C,1,0,0,0,0,0,0,0,0,0,0,0,0,0,0,0,0,0,0,0,0,0,0,0,0,0,1,0,0,0,0,0,0,0,0,0,0,0,0,0,0,0,0,0,0,0,0,0,1,0,0,0,0,0,1,0,0,0,0,0,1,0,0,0,0,1,1,0,0,0,0,0,0,0,0,1,0,0,1,0,0,1,1,1,0,0,0,0,0,1,0,0,0,0,1,0,0,0,0,1,0,1,0,0,0,0,0,1,0,0,0,0,0,0,0,1,0,0,0,0,0,1,1,0,0,0,0,0,0,0,0,0,1,0,1,0,1,0,1,0,0,0,1,1,0,0,0,0,0,0,1,0,1,0,1,0,1,1,0,1,0,1,1,1,1,0,1,0
amidosulfuron,CN(S(=O)(=O)C)S(=O)(=O)NC(=O)NC1=NC(=CC(=N1)OC)OC,1,0,0,0,0,0,0,0,0,0,0,0,0,0,0,0,0,0,0,0,0,0,0,0,0,0,1,0,0,0,0,0,0,1,1,0,0,0,1,0,0,0,0,0,1,0,0,0,0,0,0,0,1,0,0,0,1,0,0,1,0,1,1,0,0,0,1,0,1,0,1,1,0,0,1,0,0,0,1,0,0,1,1,0,0,0,0,0,0,1,1,0,0,1,1,1,0,0,1,1,0,0,0,1,0,0,0,1,0,0,0,1,0,1,1,0,0,0,1,0,0,1,1,1,0,1,0,1,1,0,0,1,1,0,1,0,1,1,1,0,0,1,1,1,1,0,0,1,0,1,1,0,1,0,0,1,0,1,1,1,1,1,1,1,1,1,1,0
aminocyclopyrachlor,C1CC1C2=NC(=C(C(=N2)N)Cl)C(=O)O,1,0,0,0,0,0,0,0,0,0,0,0,0,0,0,0,0,0,0,0,0,0,0,1,0,0,0,0,0,0,0,0,0,0,0,0,0,0,0,1,0,0,0,0,0,0,0,0,0,0,0,0,0,0,0,0,0,0,0,0,0,0,0,1,0,0,1,0,0,0,0,0,0,0,0,0,0,0,1,0,0,1,0,0,0,1,0,0,1,0,0,0,0,0,0,0,1,0,0,1,0,0,0,0,1,0,0,0,1,0,0,0,0,0,0,0,0,0,0,0,0,1,1,0,1,0,0,0,0,0,0,0,1,0,1,1,1,0,1,0,1,0,0,1,0,1,0,0,1,0,0,1,1,0,0,1,0,1,1,1,1,0,1,1,1,1,1,0
anilofos,CC(C)N(C1=CC=C(C=C1)Cl)C(=O)CSP(=S)(OC)OC,1,0,0,0,0,0,0,0,0,0,0,0,0,0,0,0,0,0,0,0,0,0,0,0,0,0,0,0,0,0,1,0,0,0,0,0,0,0,0,0,0,0,0,0,0,0,0,0,0,0,0,0,0,0,0,0,0,0,0,0,0,0,0,0,0,0,0,0,1,0,0,0,0,0,1,1,0,0,0,0,0,0,1,0,0,0,1,0,1,1,0,0,0,1,1,0,0,0,0,0,0,0,0,1,1,0,0,1,1,1,0,1,1,1,0,0,0,0,1,0,0,0,0,1,0,1,0,1,0,0,0,1,0,1,1,1,1,0,0,0,0,0,1,0,0,0,0,1,0,1,1,0,0,0,1,1,1,1,1,1,1,1,1,1,1,1,1,0
aziprotryne,CC(C)NC1=NC(=NC(=N1)SC)N=[N+]=[N-],1,0,0,0,0,0,0,0,0,0,0,0,0,0,0,0,0,0,0,0,0,0,0,0,0,0,1,0,0,0,0,0,0,0,0,0,0,0,0,0,0,0,0,0,0,0,0,0,1,0,1,0,0,1,0,0,0,0,0,0,1,0,0,0,0,1,1,0,0,0,0,1,0,0,0,1,0,0,1,0,1,1,1,0,0,0,0,0,0,1,0,0,0,0,1,1,0,0,0,1,0,0,0,0,0,0,0,1,0,0,0,0,0,0,0,0,0,0,0,0,1,1,1,0,0,1,0,0,0,0,0,1,0,0,1,0,1,0,1,0,0,0,1,1,0,0,0,0,0,0,1,0,1,0,0,0,0,1,0,1,0,1,1,1,1,0,1,0
barban,C1=CC(=CC(=C1)Cl)NC(=O)OCC#CCCl,1,0,0,0,0,0,0,0,0,0,0,0,0,0,0,0,0,0,1,0,0,0,0,0,1,0,0,0,0,0,0,0,0,0,0,0,0,0,0,0,0,0,0,0,0,0,0,0,0,0,0,0,0,0,0,0,0,0,0,0,0,0,0,0,0,0,0,0,0,0,0,0,0,0,0,0,0,0,0,0,0,0,0,0,0,0,0,0,1,0,0,1,0,0,0,0,0,0,0,0,0,0,0,0,1,0,0,1,1,0,1,1,0,0,0,0,0,0,1,0,0,0,0,0,1,0,0,1,0,0,1,0,0,0,1,1,1,0,0,1,0,0,0,0,0,0,0,0,0,0,0,0,1,0,1,1,1,1,1,1,1,0,1,1,1,1,1,0
beflubutamid,CCC(C(=O)NCC1=CC=CC=C1)OC2=CC(=C(C=C2)F)C(F)(F)F,1,0,0,0,0,0,0,0,0,0,0,0,0,0,0,0,0,0,0,0,0,0,0,0,0,0,0,0,0,0,0,0,0,0,0,0,0,0,0,0,0,0,0,1,0,0,0,0,0,0,0,0,0,0,0,0,0,0,0,0,0,0,0,0,0,0,0,0,0,0,0,0,0,1,0,0,0,0,0,0,0,0,0,1,0,0,0,0,1,0,0,1,0,1,0,0,1,0,0,0,0,1,0,0,0,0,0,1,1,0,0,1,0,1,1,1,0,0,1,0,0,0,0,0,0,0,1,1,1,1,0,0,0,1,0,1,0,0,0,0,0,0,0,0,1,1,1,0,0,0,0,1,1,1,1,1,1,1,1,1,1,1,1,1,1,1,1,0
benazolin,C1=CC2=C(C(=C1)Cl)N(C(=O)S2)CC(=O)O,1,0,0,0,0,0,0,0,0,0,0,0,0,0,0,0,0,0,0,0,0,0,0,0,0,0,0,0,0,0,0,0,0,0,0,0,0,1,0,0,0,0,0,0,0,0,0,0,1,0,0,0,0,0,0,0,0,0,0,0,0,0,0,0,0,0,1,0,0,0,0,0,0,0,0,0,1,0,0,0,0,0,1,0,1,0,1,0,1,1,0,0,0,0,0,0,1,1,0,0,0,1,1,0,1,1,1,1,1,0,0,1,0,0,1,0,0,0,1,0,0,1,1,1,1,0,1,0,1,0,0,0,0,1,0,1,0,1,1,0,1,0,0,0,1,1,0,1,0,1,0,1,0,0,1,1,1,1,1,1,1,0,1,1,1,1,1,0
benfluralin,CCCCN(CC)C1=C(C=C(C=C1[N+](=O)[O-])C(F)(F)F)[N+](=O)[O-],1,0,0,0,0,0,0,0,0,0,0,0,0,0,0,0,0,0,0,0,0,0,0,0,0,1,0,0,0,0,0,0,0,0,0,0,0,0,0,0,0,0,0,1,0,0,0,0,0,0,1,0,0,0,0,0,0,1,0,0,0,0,0,0,1,0,0,0,0,0,0,1,1,0,0,0,0,0,0,0,1,1,0,0,0,0,1,1,0,0,0,0,0,0,0,1,0,0,1,0,0,1,0,1,0,0,0,1,1,1,0,0,1,1,0,1,1,1,0,1,1,0,0,1,0,1,0,0,0,1,1,1,0,0,1,1,1,1,0,1,0,1,0,1,0,1,0,1,1,1,1,1,0,0,1,0,1,1,0,1,1,1,1,1,1,1,1,0
benfuresate,CCS(=O)(=O)OC1=CC2=C(C=C1)OCC2(C)C,1,0,0,0,0,0,0,0,0,0,0,0,0,0,0,0,0,0,0,0,0,0,0,0,0,0,0,0,0,0,0,0,0,0,0,0,0,0,0,0,1,1,0,0,0,0,0,0,0,1,0,0,1,0,0,0,1,0,1,1,0,1,1,0,0,0,0,1,1,0,0,0,0,0,1,1,0,0,0,0,0,0,0,0,1,0,0,0,0,1,0,0,0,0,0,0,0,1,0,0,0,0,1,1,0,0,1,1,0,0,1,0,0,1,1,1,1,0,0,0,0,0,0,0,0,1,0,1,1,0,0,1,0,1,0,0,0,1,1,1,0,1,1,0,1,1,0,1,0,1,1,0,0,1,1,0,1,0,1,0,1,1,0,1,1,1,1,0
bensulide,CC(C)OP(=S)(OC(C)C)SCCNS(=O)(=O)C1=CC=CC=C1,1,0,0,0,0,0,0,0,0,0,0,0,0,0,0,0,0,0,0,0,0,0,0,0,0,0,0,0,0,0,1,0,0,1,1,0,0,0,0,0,0,0,0,0,0,0,0,0,0,0,0,0,1,0,0,0,1,0,0,1,1,1,1,0,0,1,0,0,1,0,1,0,0,0,1,1,0,0,0,0,0,0,1,1,0,0,0,0,0,1,0,0,0,0,0,1,0,0,0,0,0,1,0,1,0,1,0,1,0,0,0,0,1,1,0,0,0,0,1,1,0,0,0,0,0,1,0,1,0,0,0,1,0,0,0,0,0,1,0,1,0,1,1,0,0,0,0,1,1,1,1,0,1,1,1,0,1,1,1,1,1,1,1,1,1,1,1,0
benzobicyclon,CS(=O)(=O)C1=CC(=C(C=C1)C(=O)C2=C(C3CCC(C3)C2=O)SC4=CC=CC=C4)Cl,1,0,0,0,0,0,0,0,0,0,0,0,0,0,0,0,0,0,0,0,1,0,0,0,0,0,0,0,0,0,0,0,0,0,0,0,0,0,0,0,0,0,0,0,0,0,0,0,0,0,0,1,1,0,0,0,1,0,0,1,1,1,1,0,0,1,0,0,1,0,0,0,0,0,1,0,0,1,0,0,0,0,1,0,0,0,0,0,1,1,1,0,0,0,1,0,0,1,0,0,1,0,0,1,1,0,1,0,1,0,0,0,0,1,0,0,0,0,0,1,0,0,0,0,0,1,1,0,1,0,1,1,0,0,0,1,0,1,0,0,0,1,0,0,1,1,1,1,1,1,0,1,0,1,0,1,0,0,0,0,1,1,0,1,1,1,1,0
benzofenap,CC1=CC=C(C=C1)C(=O)COC2=C(C(=NN2C)C)C(=O)C3=C(C(=C(C=C3)Cl)C)Cl,1,0,0,0,0,0,0,0,0,0,0,0,0,0,0,0,0,0,0,0,0,0,0,0,0,0,0,0,0,0,0,0,0,0,0,0,0,0,0,0,0,0,0,0,0,0,0,0,0,0,0,0,0,1,0,0,0,0,0,0,0,0,0,0,0,0,1,0,0,0,0,0,0,1,0,0,1,0,0,0,0,1,0,0,1,0,0,0,1,0,1,0,0,1,1,1,1,1,1,0,0,0,0,0,1,0,0,0,1,1,1,1,0,0,1,0,0,0,1,0,0,1,1,1,0,1,1,1,1,0,0,0,0,1,0,1,0,1,1,0,0,0,1,1,1,1,1,1,0,1,1,1,0,1,1,1,1,1,1,1,1,1,1,1,1,1,1,0
bicyclopyrone,COCCOCC1=C(C=CC(=N1)C(F)(F)F)C(=C2C(=O)C3CCC(C3)C2=O)O,1,0,0,0,0,0,0,0,0,0,0,0,0,0,0,0,0,0,0,0,1,0,0,0,0,0,0,0,0,0,0,0,0,0,0,0,0,0,0,0,0,0,0,1,0,0,0,0,0,0,0,1,0,0,0,0,0,0,0,0,0,0,0,0,0,0,1,0,0,0,0,0,0,1,0,0,0,1,0,0,0,0,0,0,0,0,0,1,0,0,1,0,1,0,1,0,1,1,1,1,1,0,0,0,0,0,1,1,1,0,1,0,1,1,0,0,1,1,0,1,0,0,1,0,0,0,0,1,1,0,1,0,0,1,0,1,0,1,1,1,1,1,0,0,1,1,1,1,1,0,0,1,0,1,1,1,1,1,1,0,1,1,1,1,1,1,1,0
bifenox,COC(=O)C1=C(C=CC(=C1)OC2=C(C=C(C=C2)Cl)Cl)[N+](=O)[O-],1,0,0,0,0,0,0,0,0,0,0,0,0,0,0,0,0,0,0,0,0,0,0,0,0,1,0,0,0,0,0,0,0,0,0,0,0,0,0,0,0,0,0,0,0,0,0,0,0,0,1,0,0,0,0,0,0,1,0,0,0,0,0,0,1,0,0,0,0,0,0,1,1,0,0,0,0,0,0,0,0,0,0,0,0,0,0,0,1,0,0,0,0,0,1,1,0,0,1,0,0,0,0,1,1,0,0,0,1,0,0,0,0,0,1,0,0,0,0,0,1,0,0,1,1,1,1,1,1,0,0,1,0,0,1,1,1,1,0,0,0,1,0,0,1,1,1,1,0,1,0,1,0,1,0,1,0,1,1,1,1,1,1,1,1,1,1,0
bromacil,CCC(C)N1C(=O)C(=C(NC1=O)C)Br,1,0,0,0,0,0,0,0,0,0,0,0,0,0,0,0,0,0,0,0,0,0,0,0,0,0,0,0,0,0,0,0,0,0,0,0,0,0,1,0,0,0,0,0,0,0,0,1,0,0,0,0,0,0,0,0,0,0,0,0,0,0,0,0,0,0,1,0,0,0,0,0,0,0,0,0,1,0,1,0,0,1,0,0,0,0,1,0,1,0,1,0,1,1,0,0,0,0,1,1,0,0,0,0,0,0,0,1,1,0,0,1,1,0,1,1,1,0,1,0,0,1,1,1,0,0,0,0,1,0,0,0,0,0,0,1,0,1,1,0,0,0,1,1,1,1,0,0,0,1,1,1,1,0,0,1,1,1,0,1,1,1,1,1,1,1,1,0
bromofenoxim,C1=CC(=C(C=C1[N+](=O)[O-])[N+](=O)[O-])ON=CC2=CC(=C(C(=C2)Br)O)Br,1,0,0,0,0,0,0,0,0,0,0,0,0,0,0,0,0,0,0,0,0,0,0,0,0,1,0,0,0,0,0,0,0,0,0,0,0,0,0,0,0,0,0,0,0,0,0,1,0,0,1,0,0,0,0,0,0,1,0,0,0,0,0,0,1,0,0,0,0,0,0,1,1,0,0,0,0,0,0,1,0,1,0,0,0,0,0,0,1,0,1,0,0,0,0,1,1,0,0,0,0,0,0,1,0,0,0,0,1,0,0,0,0,0,1,0,0,0,0,0,1,0,0,1,0,1,1,1,1,0,0,1,0,0,1,1,1,1,0,0,1,1,0,1,1,1,1,1,0,1,0,1,0,1,0,0,0,1,1,1,1,0,1,1,1,1,1,0
bromoxynil,C1=C(C=C(C(=C1Br)O)Br)C#N,1,0,0,0,0,0,0,0,0,0,0,0,0,0,0,0,0,0,0,0,0,0,0,0,0,0,0,0,0,0,0,0,0,0,0,0,0,0,0,0,0,0,1,0,0,0,0,1,0,0,0,0,0,0,0,0,0,0,0,0,0,0,0,0,0,0,0,0,0,0,0,0,0,0,0,0,0,0,0,0,0,0,0,0,0,0,0,0,1,0,0,0,0,0,0,0,0,0,0,0,0,0,0,0,0,0,0,0,1,0,0,0,0,0,1,0,0,0,0,0,0,0,0,0,0,0,0,0,1,0,0,0,0,0,0,1,0,0,0,0,1,0,0,0,1,1,0,0,0,0,0,1,0,1,0,0,0,0,1,0,0,0,1,1,1,1,1,0
brompyrazon,C1=CC=C(C=C1)N2C(=O)C(=C(C=N2)N)Br,1,0,0,0,0,0,0,0,0,0,0,0,0,0,0,0,0,0,0,0,0,0,0,0,0,0,0,0,0,0,0,0,0,0,0,0,0,0,0,0,0,0,0,0,0,0,0,1,0,0,0,0,0,1,0,0,0,0,0,0,0,0,0,1,0,0,1,0,0,0,0,0,0,0,0,0,1,0,0,0,1,1,0,0,0,1,0,0,1,0,0,0,0,1,0,1,1,0,1,1,0,0,0,0,0,0,0,0,1,0,0,1,0,0,1,0,0,0,1,0,0,1,1,1,0,1,1,0,1,0,0,0,0,0,1,1,1,0,1,0,0,0,0,1,1,1,1,0,0,1,0,1,1,0,0,1,0,1,0,1,0,0,1,1,1,1,1,0
butachlor,CCCCOCN(C1=C(C=CC=C1CC)CC)C(=O)CCl,1,0,0,0,0,0,0,0,0,0,0,0,0,0,0,0,0,0,0,0,0,0,0,0,0,0,0,0,0,1,0,0,0,0,0,0,0,0,0,0,0,0,0,0,0,0,0,0,0,0,0,0,0,0,0,0,0,0,0,0,0,0,0,0,0,0,0,0,0,0,0,0,0,0,0,0,0,0,0,0,0,0,0,0,0,0,1,1,0,0,1,0,0,1,0,0,0,0,0,0,0,1,0,0,1,0,0,0,0,0,1,1,1,0,0,1,1,1,1,1,0,0,0,1,0,0,0,1,0,1,1,0,0,1,1,1,1,0,0,1,0,0,1,0,0,1,0,0,1,1,1,1,0,0,1,1,1,1,1,1,1,1,1,1,1,1,1,0
butafenacil,CC(C)(C(=O)OCC=C)OC(=O)C1=C(C=CC(=C1)N2C(=O)C=C(N(C2=O)C)C(F)(F)F)Cl,1,0,0,0,0,0,0,0,0,0,0,0,0,0,0,0,0,0,0,0,0,0,0,0,0,0,0,0,0,0,0,0,0,0,0,1,0,0,1,0,0,0,0,1,0,0,0,0,0,0,0,0,0,0,0,0,0,0,0,0,0,0,0,1,0,0,1,1,0,0,0,0,0,1,0,1,1,0,1,0,0,1,0,0,0,0,1,0,1,0,1,0,0,1,1,0,0,0,1,1,1,0,0,0,1,0,0,1,1,1,1,1,0,1,1,0,0,0,1,0,0,1,1,1,1,0,1,1,1,0,0,0,0,0,1,1,1,1,1,0,0,1,1,1,1,1,1,1,0,1,1,1,0,1,1,1,1,1,1,1,1,1,1,1,1,1,1,0
butenachlor,CCC1=C(C(=CC=C1)CC)N(COCC=CC)C(=O)CCl,1,0,0,0,0,0,0,0,0,0,0,0,0,0,0,0,0,0,0,0,0,0,0,0,0,0,0,0,0,1,0,0,0,0,0,0,0,0,0,0,0,0,0,0,0,0,0,0,0,0,0,0,0,0,0,0,0,0,0,0,0,0,0,0,0,0,0,0,0,0,0,0,0,0,0,0,0,0,0,0,0,0,0,0,0,0,1,1,0,0,1,0,0,1,0,0,0,0,0,0,1,1,0,0,1,0,0,0,0,0,1,1,1,0,0,1,0,1,1,0,0,0,0,1,0,0,0,1,0,1,1,0,0,1,1,1,1,0,0,1,0,0,1,0,0,1,0,0,0,1,1,1,0,0,1,1,1,1,1,1,1,1,1,1,1,1,1,0
butralin,CCC(C)NC1=C(C=C(C=C1[N+](=O)[O-])C(C)(C)C)[N+](=O)[O-],1,0,0,0,0,0,0,0,0,0,0,0,0,0,0,0,0,0,0,0,0,0,0,0,0,1,0,0,0,0,0,0,0,0,0,0,0,0,0,0,0,0,0,0,0,0,0,0,0,0,1,0,0,0,0,0,0,1,0,0,0,0,0,0,1,0,0,1,0,0,0,1,1,0,0,1,0,0,0,0,1,1,0,0,0,0,0,0,0,0,0,0,0,0,0,1,0,0,1,0,0,0,0,1,0,1,0,0,0,0,0,0,1,1,0,1,1,0,0,0,1,0,0,1,0,1,0,0,0,0,0,1,0,0,1,0,1,1,0,0,0,1,1,1,0,1,0,1,0,1,1,1,1,0,0,0,1,1,0,1,1,1,1,1,1,1,1,0
butroxydim,CCCC(=O)C1=C(C=C(C(=C1C)C2CC(=C(C(=O)C2)C(=NOCC)CC)O)C)C,1,0,0,0,0,0,0,0,0,0,0,0,0,0,0,0,0,0,0,0,0,0,0,0,0,1,0,0,0,0,0,0,0,0,0,0,0,0,0,0,0,0,0,0,0,0,0,0,0,0,0,1,0,0,0,0,0,0,0,0,0,0,0,1,0,0,0,0,0,0,0,0,1,0,0,0,0,1,0,1,0,0,0,0,0,0,0,0,0,0,1,0,1,0,0,1,0,0,1,0,1,0,0,1,0,1,0,0,0,1,1,0,1,0,0,1,1,0,0,1,1,0,0,0,0,1,0,1,1,1,0,0,0,1,0,0,0,1,0,0,1,1,1,0,1,1,1,1,1,0,1,1,0,1,1,1,1,1,1,0,1,1,1,1,1,1,1,0
buturon,CC(C#C)N(C)C(=O)NC1=CC=C(C=C1)Cl,1,0,0,0,0,0,0,0,0,0,0,0,0,0,0,0,0,0,1,0,0,0,0,0,0,0,0,0,0,0,0,0,0,0,0,0,0,0,1,0,0,0,0,0,0,0,0,0,0,0,0,0,0,0,0,0,0,0,0,0,0,0,0,0,0,0,0,0,0,0,0,0,0,0,0,0,0,0,1,0,0,0,0,0,0,0,1,0,1,0,0,0,0,0,1,0,0,0,0,0,0,0,0,0,1,0,0,1,1,0,0,1,0,0,0,0,0,0,1,0,0,0,0,1,0,0,0,0,0,0,0,0,0,0,1,1,1,0,0,0,0,0,0,1,0,0,0,0,0,1,1,0,1,0,0,1,0,1,0,1,0,1,1,1,1,1,1,0
cafenstrole,CCN(CC)C(=O)N1C=NC(=N1)S(=O)(=O)C2=C(C=C(C=C2C)C)C,1,0,0,0,0,0,0,0,0,0,0,0,0,0,0,0,0,0,0,0,0,0,0,0,0,0,0,0,0,0,0,0,0,0,0,0,0,0,1,0,0,0,0,0,0,0,0,0,1,0,0,0,1,1,0,0,1,0,0,1,1,1,1,0,0,1,1,0,1,0,0,0,0,0,1,0,1,0,1,0,1,1,1,0,1,0,1,1,0,1,0,0,0,0,0,1,1,1,1,0,0,1,0,1,0,0,0,1,0,0,0,1,0,1,0,1,0,1,1,0,0,1,1,1,0,1,1,0,0,0,0,1,0,0,0,0,0,1,1,1,0,0,1,1,0,1,0,1,0,1,1,1,0,0,1,1,1,1,0,1,1,1,1,1,1,1,1,0
carbetamide,CCNC(=O)C(C)OC(=O)NC1=CC=CC=C1,1,0,0,0,0,0,0,0,0,0,0,0,0,0,0,0,0,0,0,0,0,0,0,0,1,0,0,0,0,0,0,0,0,0,0,0,0,0,0,0,0,0,0,0,0,0,0,0,0,0,0,0,0,0,0,0,0,0,0,0,0,0,0,0,0,0,0,0,0,0,0,0,0,1,0,0,0,0,0,0,0,0,0,1,0,0,0,0,0,0,0,0,0,1,0,0,1,0,0,0,0,1,0,0,0,0,0,1,0,1,0,1,0,0,0,1,0,0,1,0,0,0,0,0,1,0,0,1,0,0,0,0,1,0,1,0,1,1,0,0,0,0,0,1,0,0,0,1,0,0,1,0,1,1,1,1,1,1,1,1,1,1,1,1,1,1,1,0
carfentrazone,CC1=NN(C(=O)N1C(F)F)C2=C(C=C(C(=C2)CC(C(=O)O)Cl)Cl)F,1,0,0,0,0,0,0,0,0,0,0,0,0,0,0,0,0,0,0,0,0,0,0,0,0,0,0,0,0,0,0,0,0,0,0,0,0,0,1,1,0,0,0,1,0,0,0,0,0,0,0,0,0,1,0,0,0,0,0,0,0,0,0,1,0,0,1,0,0,0,0,0,0,0,0,0,1,0,1,0,1,1,0,0,1,0,1,0,1,0,0,1,0,0,0,1,1,1,1,0,0,0,0,0,1,0,0,1,1,0,0,1,0,0,1,0,0,0,1,0,0,1,1,1,1,1,1,0,1,0,0,0,0,0,1,1,1,1,1,0,1,0,0,1,1,1,0,1,0,1,0,1,0,0,0,1,1,1,1,1,1,1,1,1,1,1,1,0
chloranocryl,CC(=C)C(=O)NC1=CC(=C(C=C1)Cl)Cl,1,0,0,0,0,0,0,0,0,0,0,0,0,0,0,0,0,0,0,0,0,0,0,0,0,0,0,0,0,0,0,0,0,0,0,1,0,0,0,0,0,0,0,0,0,0,0,0,0,0,0,1,0,0,0,0,0,0,0,0,0,0,0,0,0,0,0,0,0,0,0,0,0,0,0,0,0,1,0,0,0,0,0,0,0,0,0,0,1,0,0,0,0,1,0,0,0,0,0,0,1,0,0,0,1,0,0,0,1,0,0,1,0,0,0,0,0,0,1,0,0,0,0,0,0,0,0,0,0,0,0,0,0,0,1,1,1,0,0,0,0,0,0,0,0,1,0,0,0,0,0,1,1,0,0,1,0,1,0,1,0,1,1,1,1,1,1,0
chlorazine,CCN(CC)C1=NC(=NC(=N1)Cl)N(CC)CC,1,0,0,0,0,0,0,0,0,0,0,0,0,0,0,0,0,0,0,0,0,0,0,0,0,0,1,0,0,0,0,0,0,0,0,0,0,0,0,0,0,0,0,0,0,0,0,0,0,0,0,0,0,0,0,0,0,0,0,0,0,0,0,0,0,0,1,0,0,0,0,0,0,0,0,0,0,0,1,0,0,1,0,0,0,0,1,1,1,0,0,0,0,0,0,0,0,0,0,1,0,1,0,0,1,0,0,1,1,0,0,0,0,0,0,1,0,1,0,0,0,1,1,1,0,0,0,0,0,0,0,0,0,0,1,1,1,0,1,1,0,0,1,1,0,0,0,0,0,1,1,0,0,0,1,0,1,1,0,1,0,1,1,1,1,0,1,0
chlorbromuron,CN(C(=O)NC1=CC(=C(C=C1)Br)Cl)OC,1,0,0,0,0,0,0,0,0,0,0,0,0,0,1,0,0,0,0,0,0,0,0,0,0,1,0,0,0,0,0,0,0,0,0,0,0,0,1,0,0,0,0,0,0,0,0,1,0,0,0,0,0,0,0,0,0,0,0,0,0,0,0,0,0,0,0,0,0,0,0,0,1,1,0,0,0,0,1,0,0,0,0,0,0,0,0,0,1,0,0,0,0,0,1,1,1,0,0,0,0,0,0,1,1,0,0,1,1,0,0,1,0,0,0,0,0,0,1,0,0,0,0,1,0,1,0,1,0,0,0,0,0,0,1,1,1,0,0,0,0,0,0,1,0,1,0,0,0,1,1,1,1,0,0,1,0,1,1,1,1,1,1,1,1,1,1,0
chlorfenac,C1=CC(=C(C(=C1Cl)CC(=O)O)Cl)Cl,1,0,0,0,0,0,0,0,0,0,0,0,0,0,0,0,0,0,0,0,0,0,0,0,0,0,0,0,0,0,0,0,0,0,0,0,0,0,0,0,0,0,0,0,0,0,0,0,0,0,0,0,0,0,0,0,0,0,0,0,0,0,0,0,0,0,0,0,0,0,0,0,0,0,0,0,0,0,0,0,0,0,0,0,0,0,0,0,1,0,0,0,0,0,0,0,0,0,0,0,0,0,0,0,1,1,0,0,1,0,0,0,0,0,0,0,0,0,0,0,0,0,0,0,1,0,0,0,0,0,0,0,0,1,0,1,0,0,0,0,1,0,0,0,0,1,0,0,0,0,0,1,0,0,0,1,1,0,1,0,1,0,0,1,1,1,1,0
chlorfenprop,C1=CC(=CC=C1CC(C(=O)O)Cl)Cl,1,0,0,0,0,0,0,0,0,0,0,0,0,0,0,0,0,0,0,0,0,0,0,0,0,0,0,0,0,0,0,0,0,0,0,0,0,0,0,0,0,0,0,0,0,0,0,0,0,0,0,0,0,0,0,0,0,0,0,0,0,0,0,0,0,0,0,0,0,0,0,0,0,0,0,0,0,0,0,0,0,0,0,0,0,0,0,0,1,0,0,1,0,0,0,0,0,0,0,0,0,0,0,0,1,0,0,0,1,0,0,0,0,0,0,0,0,0,0,0,0,0,0,0,1,0,0,0,0,0,0,0,0,0,0,1,0,0,0,0,1,0,0,0,0,0,0,0,0,0,0,0,0,0,0,1,1,0,1,0,1,0,0,1,1,1,1,0
chloridazon,C1=CC=C(C=C1)N2C(=O)C(=C(C=N2)N)Cl,1,0,0,0,0,0,0,0,0,0,0,0,0,0,0,0,0,0,0,0,0,0,0,0,0,0,0,0,0,0,0,0,0,0,0,0,0,0,0,0,0,0,0,0,0,0,0,0,0,0,0,0,0,1,0,0,0,0,0,0,0,0,0,1,0,0,1,0,0,0,0,0,0,0,0,0,1,0,0,0,1,1,0,0,0,1,0,0,1,0,0,0,0,1,0,1,1,0,1,1,0,0,0,0,1,0,0,0,1,0,0,1,0,0,1,0,0,0,1,0,0,1,1,1,0,1,1,0,1,0,0,0,0,0,1,1,1,0,1,0,0,0,0,1,1,1,1,0,0,1,0,1,1,0,0,1,0,1,0,1,0,0,1,1,1,1,1,0
chlorimuron,COC1=CC(=NC(=N1)NC(=O)NS(=O)(=O)C2=CC=CC=C2C(=O)O)Cl,1,0,0,0,0,0,0,0,0,0,0,0,0,0,0,0,0,0,0,0,0,0,0,0,0,0,1,0,0,0,0,0,0,1,1,0,0,0,1,0,0,0,0,0,1,0,0,0,0,0,0,0,1,0,0,0,1,0,0,1,1,1,1,0,0,1,1,0,1,0,1,0,0,0,1,0,0,0,1,0,0,1,1,0,0,0,0,0,1,1,1,0,0,1,1,1,0,0,1,1,0,0,0,1,1,0,0,1,1,0,0,1,0,1,1,0,0,0,1,0,0,1,1,0,1,1,1,1,1,0,0,1,1,0,1,1,1,1,1,0,1,1,0,1,1,1,1,1,0,1,0,1,1,0,0,1,0,1,1,1,1,1,1,1,1,1,1,0
chlorotoluron,CC1=C(C=C(C=C1)NC(=O)N(C)C)Cl,1,0,0,0,0,0,0,0,0,0,0,0,0,0,0,0,0,0,0,0,0,0,0,0,0,0,0,0,0,0,0,0,0,0,0,0,0,0,1,0,0,0,0,0,0,0,0,0,0,0,0,0,0,0,0,0,0,0,0,0,0,0,0,0,0,0,0,0,0,0,0,0,0,0,0,1,0,0,1,0,0,0,0,0,0,0,1,1,1,0,0,0,0,0,1,0,0,0,0,0,0,0,0,0,1,0,0,1,1,0,0,1,0,0,0,0,0,0,1,0,0,0,0,1,0,0,0,0,0,0,0,0,0,0,1,1,1,0,0,0,0,0,1,1,0,1,0,0,0,1,1,1,1,0,0,1,0,1,0,1,0,1,1,1,1,1,1,0
chloroxuron,CN(C)C(=O)NC1=CC=C(C=C1)OC2=CC=C(C=C2)Cl,1,0,0,0,0,0,0,0,0,0,0,0,0,0,0,0,0,0,0,0,0,0,0,0,0,0,0,0,0,0,0,0,0,0,0,0,0,0,1,0,0,0,0,0,0,0,0,0,0,0,0,0,0,0,0,0,0,0,0,0,0,0,0,0,0,0,0,0,0,0,0,0,0,0,0,1,0,0,1,0,0,0,0,0,0,0,1,1,1,0,0,0,0,0,1,0,0,0,0,0,0,0,0,0,1,0,0,1,1,0,0,1,0,0,1,0,0,0,1,0,0,0,0,1,0,0,1,1,1,0,0,0,0,0,1,1,1,0,0,0,0,0,0,1,1,0,1,0,0,1,1,0,1,1,0,1,0,1,1,1,1,1,1,1,1,1,1,0
chlorphthalim,C1CCC2=C(C1)C(=O)N(C2=O)C3=CC=C(C=C3)Cl,1,0,0,0,0,0,0,0,0,0,0,0,0,0,0,0,0,0,0,0,0,0,0,0,0,0,0,1,0,0,0,0,0,0,0,0,0,0,0,0,0,0,0,0,0,0,0,0,0,0,0,1,0,0,0,0,0,0,0,0,0,0,0,1,0,0,0,0,0,0,0,0,0,0,0,0,1,1,0,0,0,0,0,0,1,0,1,0,1,0,1,0,0,1,0,0,0,1,0,0,1,0,1,0,1,0,1,0,1,0,0,1,0,0,0,0,0,0,1,1,0,0,1,1,0,0,0,0,1,1,1,0,0,0,1,1,1,1,1,0,0,0,0,0,1,0,1,0,1,1,0,1,0,0,0,1,0,1,0,1,1,0,1,1,1,1,1,0
chlorpropham,CC(C)OC(=O)NC1=CC(=CC=C1)Cl,1,0,0,0,0,0,0,0,0,0,0,0,0,0,0,0,0,0,0,0,0,0,0,0,1,0,0,0,0,0,0,0,0,0,0,0,0,0,0,0,0,0,0,0,0,0,0,0,0,0,0,0,0,0,0,0,0,0,0,0,0,0,0,0,0,0,0,0,0,0,0,0,0,0,0,1,0,0,0,0,0,0,0,0,0,0,0,0,1,0,0,0,0,0,0,0,0,0,0,0,0,0,0,0,1,0,0,1,1,0,0,1,0,0,0,0,0,0,1,0,0,0,0,0,1,0,0,1,0,0,0,0,0,0,1,1,1,0,0,0,0,0,0,0,0,0,0,0,0,0,1,0,1,1,0,1,0,1,1,1,1,1,1,1,1,1,1,0
chlorsulfuron,CC1=NC(=NC(=N1)OC)NC(=O)NS(=O)(=O)C2=CC=CC=C2Cl,1,0,0,0,0,0,0,0,0,0,0,0,0,0,0,0,0,0,0,0,0,0,0,0,0,0,1,0,0,0,0,0,0,1,1,0,0,0,1,1,0,0,0,0,1,0,0,0,0,0,0,0,1,0,0,0,1,0,0,1,1,1,1,0,0,1,1,0,1,0,1,0,0,0,1,0,0,0,1,0,0,1,1,0,0,0,0,0,1,1,1,0,0,0,1,1,0,0,1,1,0,0,0,1,1,0,0,1,1,0,0,1,0,1,1,0,0,0,1,0,0,1,1,0,0,1,1,1,1,0,0,1,1,0,1,1,1,1,1,0,0,1,0,1,1,1,1,1,0,1,1,1,1,0,0,1,0,1,1,1,1,1,1,1,1,1,1,0
chlorthal,C1(=C(C(=C(C(=C1Cl)Cl)C(=O)O)Cl)Cl)C(=O)O,1,0,0,0,0,0,0,0,0,0,0,0,0,0,0,0,0,0,0,0,0,0,0,0,0,0,0,0,0,0,0,0,0,0,0,0,0,0,0,0,0,0,0,0,0,0,0,0,0,0,0,0,0,0,0,0,0,0,0,0,0,0,0,0,0,0,0,0,0,0,0,0,0,0,0,0,0,0,0,0,0,0,0,0,0,0,0,0,1,0,0,0,0,0,0,0,0,0,0,0,0,0,0,0,1,0,0,0,1,0,0,0,0,0,0,0,0,0,0,0,0,0,0,0,1,0,0,0,0,0,0,0,1,0,0,1,0,1,0,0,1,1,0,0,0,1,0,1,0,0,0,1,0,0,0,1,0,0,1,0,1,0,0,1,1,1,1,0
chlorthiamid,C1=CC(=C(C(=C1)Cl)C(=S)N)Cl,1,0,0,0,0,0,0,0,0,0,0,0,0,0,0,0,0,0,0,0,0,0,0,0,0,0,0,0,0,0,0,0,0,0,0,0,0,0,0,0,0,0,0,0,0,0,0,0,1,0,0,0,0,0,0,0,0,0,0,0,0,0,0,0,0,0,0,0,0,0,0,0,0,0,1,0,0,0,0,0,0,0,1,0,0,1,0,0,1,1,0,0,0,0,0,0,0,0,0,0,0,0,0,0,1,0,0,0,1,0,0,0,0,0,0,0,0,0,0,0,0,0,0,0,0,0,0,0,0,0,0,0,0,0,0,1,0,0,0,0,0,0,0,0,0,1,0,0,0,0,0,1,1,0,0,0,0,1,0,1,0,0,1,1,1,0,1,0
cinidon-ethyl,CCOC(=O)C(=CC1=C(C=CC(=C1)N2C(=O)C3=C(C2=O)CCCC3)Cl)Cl,1,0,0,0,0,0,0,0,0,0,0,0,0,0,0,0,0,0,0,0,0,0,0,0,0,0,0,1,0,0,0,0,0,0,0,0,0,0,0,0,0,0,0,0,0,0,0,0,0,0,0,1,0,0,0,0,0,0,0,0,0,0,0,1,0,0,0,0,0,0,0,0,0,0,0,0,1,1,0,0,0,0,0,0,1,0,1,0,1,0,1,0,0,1,0,0,0,1,0,0,1,0,1,0,1,0,1,0,1,0,1,1,0,0,0,1,0,0,1,1,0,0,1,1,1,0,0,1,1,1,1,0,0,0,1,1,1,1,1,0,0,1,0,0,1,1,1,1,1,1,0,1,0,0,1,1,1,1,1,1,1,1,1,1,1,1,1,0
cinosulfuron,COCCOC1=CC=CC=C1S(=O)(=O)NC(=O)NC2=NC(=NC(=N2)OC)OC,1,0,0,0,0,0,0,0,0,0,0,0,0,0,0,0,0,0,0,0,0,0,0,0,0,0,1,0,0,0,0,0,0,1,1,0,0,0,1,0,0,0,0,0,1,0,0,0,0,0,0,0,1,0,0,0,1,0,0,1,1,1,1,0,0,1,1,0,1,0,1,0,0,1,1,0,0,0,1,0,0,1,1,0,0,0,0,1,0,1,1,0,0,0,1,1,0,0,1,1,0,0,0,1,0,0,0,1,0,0,1,1,0,1,1,0,1,1,1,1,0,1,1,0,0,1,1,1,1,0,0,1,1,1,1,0,1,1,1,1,0,1,1,1,1,1,1,1,1,1,1,1,1,1,1,1,1,1,1,1,1,1,1,1,1,1,1,0
clethodim,CCC(=NOCC=CCl)C1=C(CC(CC1=O)CC(C)SCC)O,1,0,0,0,0,0,0,0,0,0,0,0,0,0,0,0,0,0,0,0,0,0,0,0,0,1,0,0,0,0,0,0,0,0,0,0,0,0,0,0,0,0,0,0,0,0,0,0,0,0,0,1,0,0,0,0,0,0,0,0,0,0,0,0,0,0,0,0,0,0,0,0,1,0,0,0,0,1,0,1,0,0,1,0,0,0,0,0,0,1,1,0,1,0,0,1,0,0,1,0,1,0,0,1,1,1,0,0,0,1,1,0,1,0,0,1,1,1,0,0,1,0,0,0,0,1,0,1,1,1,1,0,0,1,0,1,0,0,0,1,1,0,1,0,1,0,0,1,0,0,1,1,0,1,1,1,1,1,1,0,1,1,1,0,1,1,1,0
clodinafop,CC(C(=O)O)OC1=CC=C(C=C1)OC2=C(C=C(C=N2)Cl)F,1,0,0,0,0,0,0,0,0,0,0,0,0,0,0,0,0,0,0,0,0,0,0,0,0,0,0,0,0,0,0,0,0,0,0,0,0,0,0,0,0,0,0,1,0,0,0,0,0,0,0,0,0,0,0,0,0,0,0,0,0,0,0,0,0,0,1,0,0,0,0,0,0,1,0,0,0,0,0,0,0,0,0,0,0,0,0,0,1,0,0,0,0,1,0,0,0,0,0,1,0,0,0,0,1,0,0,0,1,0,0,1,0,0,1,0,0,0,1,0,0,0,1,0,1,0,1,1,1,0,0,0,0,0,0,1,0,0,1,0,1,1,0,0,1,1,1,1,0,0,0,1,0,1,0,1,0,1,1,0,1,1,1,1,1,1,1,0
clofop,CC(C(=O)O)OC1=CC=C(C=C1)OC2=CC=C(C=C2)Cl,1,0,0,0,0,0,0,0,0,0,0,0,0,0,0,0,0,0,0,0,0,0,0,0,0,0,0,0,0,0,0,0,0,0,0,0,0,0,0,0,0,0,0,0,0,0,0,0,0,0,0,0,0,0,0,0,0,0,0,0,0,0,0,0,0,0,0,0,0,0,0,0,0,1,0,0,0,0,0,0,0,0,0,0,0,0,0,0,1,0,0,0,0,0,0,0,0,0,0,0,0,0,0,0,1,0,0,0,1,0,0,0,0,0,1,0,0,0,0,0,0,0,0,0,1,0,1,1,1,0,0,0,0,0,0,1,0,0,0,0,1,1,0,0,1,0,1,1,0,0,0,0,0,1,0,1,0,0,1,0,1,1,0,1,1,1,1,0
clomeprop,CC1=C(C=CC(=C1Cl)OC(C)C(=O)NC2=CC=CC=C2)Cl,1,0,0,0,0,0,0,0,0,0,0,0,0,0,0,0,0,0,0,0,0,0,0,0,0,0,0,0,0,0,0,0,0,0,0,0,0,0,0,0,0,0,0,0,0,0,0,0,0,0,0,0,0,0,0,0,0,0,0,0,0,0,0,0,0,0,0,0,0,0,0,0,0,1,0,0,0,0,0,0,0,0,0,0,0,0,0,0,1,0,0,0,0,1,0,0,1,0,0,0,0,0,0,0,1,0,0,0,1,0,0,1,0,0,1,0,0,0,1,0,0,0,0,0,0,0,1,1,1,0,0,0,0,0,1,1,1,0,0,0,0,0,0,0,1,1,1,0,0,0,1,1,1,1,0,1,0,1,1,1,1,1,1,1,1,1,1,0
cloproxydim,CCCC(=NOCC=CCl)C1=C(CC(CC1=O)CC(C)SCC)O,1,0,0,0,0,0,0,0,0,0,0,0,0,0,0,0,0,0,0,0,0,0,0,0,0,1,0,0,0,0,0,0,0,0,0,0,0,0,0,0,0,0,0,0,0,0,0,0,0,0,0,1,0,0,0,0,0,0,0,0,0,0,0,0,0,0,0,0,0,0,0,0,1,0,0,0,0,1,0,1,0,0,1,0,0,0,0,0,0,1,1,0,1,0,0,1,0,0,1,0,1,0,0,1,1,1,0,0,0,1,1,0,1,0,0,1,1,1,0,1,1,0,0,0,0,1,0,1,1,1,1,0,0,1,0,1,0,0,0,1,1,0,1,0,1,0,0,1,1,0,1,1,0,1,1,1,1,1,1,0,1,1,1,0,1,1,1,0
clopyralid,C1=CC(=NC(=C1Cl)C(=O)O)Cl,1,0,0,0,0,0,0,0,0,0,0,0,0,0,0,0,0,0,0,0,0,0,0,0,0,0,0,0,0,0,0,0,0,0,0,0,0,0,0,0,0,0,0,0,0,0,0,0,0,0,0,0,0,0,0,0,0,0,0,0,0,0,0,0,0,0,1,0,0,0,0,0,0,0,0,0,0,0,0,0,0,0,0,0,0,0,0,0,1,0,0,0,0,0,0,0,1,0,0,1,0,0,0,0,1,0,0,0,1,0,0,0,0,0,0,0,0,0,0,0,0,0,1,0,1,0,0,0,0,0,0,0,0,0,0,1,0,0,1,0,1,0,0,0,0,1,0,0,0,0,0,1,0,0,0,1,0,1,1,0,1,0,1,1,1,1,1,0
cloransulam,CCOC1=NC(=CC2=NC(=NN21)S(=O)(=O)NC3=C(C=CC=C3Cl)C(=O)O)F,1,0,0,0,0,0,0,0,0,0,0,0,0,0,0,0,0,0,0,0,0,0,0,0,0,0,0,0,0,0,0,0,0,1,1,0,0,0,1,1,0,0,0,1,0,0,0,0,1,0,0,0,1,1,1,0,1,0,0,1,1,1,1,0,0,1,1,0,1,0,1,0,0,0,1,0,0,0,1,0,1,1,1,0,1,0,0,0,1,1,0,0,0,0,0,1,1,1,1,1,0,0,1,1,1,0,1,1,1,0,1,1,0,1,1,1,0,0,1,0,0,1,1,1,1,1,1,1,1,0,0,1,1,0,1,1,1,1,1,0,1,1,0,1,1,1,1,1,0,1,0,1,1,0,1,1,1,1,1,1,1,1,1,1,1,1,1,0
cyanazine,CCNC1=NC(=NC(=N1)Cl)NC(C)(C)C#N,1,0,0,0,0,0,0,0,0,0,0,0,0,0,0,0,0,0,0,0,0,0,0,0,0,0,1,0,0,0,0,0,0,0,0,0,0,0,0,0,0,0,1,0,0,0,0,0,0,0,0,0,0,0,1,0,0,0,0,0,0,0,0,0,0,0,1,1,0,0,0,0,0,0,0,1,0,0,1,0,1,1,0,1,0,0,0,0,1,0,0,0,0,0,0,0,0,0,0,1,0,1,0,0,1,0,0,1,1,0,0,0,0,1,0,1,0,0,0,0,0,1,1,0,0,0,0,0,0,0,0,0,1,0,1,1,1,0,1,0,0,0,1,1,0,0,0,0,0,0,1,0,1,0,1,0,1,1,0,1,0,1,1,1,1,0,1,0
cycloate,CCN(C1CCCCC1)C(=O)SCC,1,0,0,0,0,0,0,0,0,0,0,0,0,0,0,0,0,0,0,0,0,0,0,0,0,0,0,0,0,0,0,0,0,0,0,0,0,0,0,0,0,0,0,0,0,0,0,0,1,0,0,0,0,0,0,0,0,0,0,0,0,0,0,0,0,0,0,0,0,0,0,0,0,0,0,0,0,0,0,0,0,0,1,0,0,0,1,0,0,1,0,0,0,0,0,0,0,0,0,0,0,1,0,0,0,0,0,1,0,1,0,1,1,0,0,1,0,0,1,1,0,0,0,1,0,0,0,0,0,1,1,0,0,0,1,0,0,0,0,1,0,0,0,0,0,0,0,0,1,1,1,0,0,0,1,1,1,1,0,1,0,1,1,0,1,1,1,0
cyclosulfamuron,COC1=CC(=NC(=N1)NC(=O)NS(=O)(=O)NC2=CC=CC=C2C(=O)C3CC3)OC,1,0,0,0,0,0,0,0,0,0,0,0,0,0,0,0,0,0,0,0,0,0,0,1,0,0,1,0,0,0,0,0,0,0,1,0,0,0,1,0,0,0,0,0,1,0,0,0,0,0,0,0,0,0,1,0,1,0,0,1,0,1,1,0,0,0,1,0,1,0,1,0,0,0,1,0,0,0,1,0,0,1,0,0,0,0,0,0,0,1,1,0,0,1,1,1,0,0,1,1,0,0,0,1,0,0,0,1,0,0,0,1,0,1,1,0,0,0,1,0,0,1,1,0,0,1,1,1,1,0,0,1,1,0,1,0,1,1,1,0,0,1,0,1,1,1,1,1,1,1,1,1,1,1,0,1,0,1,1,1,1,1,1,1,1,1,1,0
cyhalofop,CC(C(=O)O)OC1=CC=C(C=C1)OC2=C(C=C(C=C2)C#N)F,1,0,0,0,0,0,0,0,0,0,0,0,0,0,0,0,0,0,0,0,0,0,0,0,0,0,0,0,0,0,0,0,0,0,0,0,0,0,0,0,0,0,1,1,0,0,0,0,0,0,0,0,0,0,0,0,0,0,0,0,0,0,0,0,0,0,0,0,0,0,0,0,0,1,0,0,0,0,0,0,0,0,0,0,0,0,0,0,1,0,0,0,0,0,0,0,0,0,0,0,0,0,0,0,0,0,0,0,1,0,0,0,0,0,1,0,0,0,0,0,0,0,0,0,1,0,1,1,1,0,0,0,0,0,0,1,0,0,0,0,1,1,0,0,1,1,1,1,0,0,0,1,0,1,0,1,0,0,1,0,1,1,1,1,1,1,1,0
cyprazine,CC(C)NC1=NC(=NC(=N1)NC2CC2)Cl,1,0,0,0,0,0,0,0,0,0,0,0,0,0,0,0,0,0,0,0,0,0,0,1,0,0,1,0,0,0,0,0,0,0,0,0,0,0,0,0,0,0,0,0,0,0,0,0,0,0,0,0,0,0,1,0,0,0,0,0,0,0,0,0,0,0,1,0,0,0,0,0,0,0,0,1,0,0,1,0,0,1,0,0,0,0,0,0,1,0,0,1,0,0,0,0,0,0,0,1,0,0,0,0,1,1,0,1,1,0,0,0,1,0,0,0,0,0,0,0,0,1,1,0,0,0,0,0,0,0,0,0,1,0,1,1,1,0,1,0,0,0,0,1,0,0,0,0,1,0,1,0,1,0,0,0,0,1,0,1,0,1,1,1,1,0,1,0
dalapon,CC(C(=O)O)(Cl)Cl,1,0,0,0,0,0,0,0,0,0,0,0,0,0,0,0,0,0,0,0,0,0,0,0,0,0,0,0,0,0,0,0,0,0,0,0,0,0,0,0,0,0,0,0,0,0,0,0,0,0,0,0,0,0,0,0,0,0,0,0,0,0,0,0,0,0,0,0,0,0,0,0,0,0,0,0,0,0,0,0,0,0,0,0,0,0,0,0,0,0,0,0,0,0,0,0,0,0,0,0,0,0,0,0,1,0,0,0,1,0,0,0,0,1,0,0,0,0,0,0,0,0,0,0,1,0,0,0,0,0,0,0,0,0,0,1,0,0,0,0,1,0,0,0,0,0,0,0,0,0,0,0,0,0,0,1,0,0,1,0,1,1,0,0,0,1,0,0
delachlor,CC1=C(C(=CC=C1)C)N(COCC(C)C)C(=O)CCl,1,0,0,0,0,0,0,0,0,0,0,0,0,0,0,0,0,0,0,0,0,0,0,0,0,0,0,0,0,1,0,0,0,0,0,0,0,0,0,0,0,0,0,0,0,0,0,0,0,0,0,0,0,0,0,0,0,0,0,0,0,0,0,0,0,0,0,0,0,0,0,0,0,0,0,1,0,0,0,0,0,0,0,0,0,0,1,1,0,0,1,0,0,1,0,0,0,0,0,0,0,1,0,0,1,0,0,0,0,1,1,1,1,0,0,0,1,0,1,0,0,0,0,1,0,0,0,1,0,0,1,0,0,1,1,1,1,0,0,1,0,0,1,0,0,1,0,0,0,1,1,1,0,0,1,1,1,1,1,1,1,1,1,1,1,1,1,0
desmedipham,CCOC(=O)NC1=CC(=CC=C1)OC(=O)NC2=CC=CC=C2,1,0,0,0,0,0,0,0,0,0,0,0,0,0,0,0,0,0,0,0,0,0,0,0,1,0,0,0,0,0,0,0,0,0,0,0,0,0,0,0,0,0,0,0,0,0,0,0,0,0,0,0,0,0,0,0,0,0,0,0,0,0,0,0,0,0,0,0,0,0,0,0,0,0,0,0,0,0,0,0,0,0,0,0,0,0,0,0,0,0,0,1,0,0,0,0,0,0,1,0,0,0,0,0,0,0,0,1,0,0,1,1,0,0,1,1,0,0,1,0,0,0,0,0,1,0,1,1,1,0,0,0,1,0,1,0,1,1,0,0,0,1,0,1,1,0,1,1,0,0,0,0,1,1,1,1,1,1,1,1,1,1,1,1,1,1,1,0
desmetryn,CC(C)NC1=NC(=NC(=N1)NC)SC,1,0,0,0,0,0,0,0,0,0,0,0,0,0,0,0,0,0,0,0,0,0,0,0,0,0,1,0,0,0,0,0,0,0,0,0,0,0,0,0,0,0,0,0,0,0,0,0,1,0,0,0,0,0,1,0,0,0,0,0,1,0,0,0,0,1,1,0,0,0,0,0,0,0,0,1,0,0,1,0,0,1,1,0,0,0,0,0,0,1,0,0,0,0,1,0,0,0,0,1,0,0,0,0,0,0,0,1,0,0,0,0,0,0,0,0,0,0,0,0,0,1,1,0,0,0,0,0,0,0,0,0,1,0,1,0,1,0,1,0,0,0,1,1,0,0,0,0,0,0,1,0,1,0,0,0,0,1,0,1,0,1,1,1,1,0,1,0
dicamba,COC1=C(C=CC(=C1C(=O)O)Cl)Cl,1,0,0,0,0,0,0,0,0,0,0,0,0,0,0,0,0,0,0,0,0,0,0,0,0,0,0,0,0,0,0,0,0,0,0,0,0,0,0,0,0,0,0,0,0,0,0,0,0,0,0,0,0,0,0,0,0,0,0,0,0,0,0,0,0,0,0,0,0,0,0,0,0,0,0,0,0,0,0,0,0,0,0,0,0,0,0,0,1,0,1,0,0,0,1,0,0,0,0,0,0,0,0,0,1,0,0,0,1,0,0,0,0,0,1,0,0,0,0,0,0,0,0,0,1,0,0,1,1,0,0,0,0,0,0,1,0,0,0,0,1,0,0,0,1,1,0,1,0,0,0,1,0,1,0,1,0,0,1,0,1,1,0,1,1,1,1,0
dichlobenil,C1=CC(=C(C(=C1)Cl)C#N)Cl,1,0,0,0,0,0,0,0,0,0,0,0,0,0,0,0,0,0,0,0,0,0,0,0,0,0,0,0,0,0,0,0,0,0,0,0,0,0,0,0,0,0,1,0,0,0,0,0,0,0,0,0,0,0,0,0,0,0,0,0,0,0,0,0,0,0,0,0,0,0,0,0,0,0,0,0,0,0,0,0,0,0,0,0,0,0,0,0,1,0,0,0,0,0,0,0,0,0,0,0,0,0,0,0,1,0,0,0,1,0,0,0,0,0,0,0,0,0,0,0,0,0,0,0,0,0,0,0,0,0,0,0,0,0,0,1,0,0,0,0,0,0,0,0,0,1,0,0,0,0,0,1,0,0,0,0,0,0,0,0,0,0,1,1,1,0,1,0
dichlorprop,CC(C(=O)O)OC1=C(C=C(C=C1)Cl)Cl,1,0,0,0,0,0,0,0,0,0,0,0,0,0,0,0,0,0,0,0,0,0,0,0,0,0,0,0,0,0,0,0,0,0,0,0,0,0,0,0,0,0,0,0,0,0,0,0,0,0,0,0,0,0,0,0,0,0,0,0,0,0,0,0,0,0,0,0,0,0,0,0,0,1,0,0,0,0,0,0,0,0,0,0,0,0,0,0,1,0,0,0,0,0,0,0,0,0,0,0,0,0,0,0,1,0,0,0,1,0,0,0,0,0,1,0,0,0,0,0,0,0,0,0,1,0,0,1,1,0,0,0,0,0,0,1,0,0,0,0,1,0,0,0,1,1,0,1,0,0,0,1,0,1,0,1,0,0,1,0,1,1,0,1,1,1,1,0
diclosulam,CCOC1=NC(=CC2=NC(=NN21)S(=O)(=O)NC3=C(C=CC=C3Cl)Cl)F,1,0,0,0,0,0,0,0,0,0,0,0,0,0,0,0,0,0,0,0,0,0,0,0,0,0,0,0,0,0,0,0,0,1,1,0,0,0,1,1,0,0,0,1,0,0,0,0,1,0,0,0,1,1,0,0,1,0,0,1,1,1,1,0,0,1,1,0,1,0,1,0,0,0,1,0,0,0,1,0,1,1,1,0,1,0,0,0,1,1,0,0,0,0,0,1,1,1,1,1,0,0,1,1,1,0,1,1,1,0,1,1,0,1,1,1,0,0,1,0,0,1,1,1,0,1,1,1,1,0,0,1,0,0,1,1,1,1,1,0,0,0,0,1,1,1,1,1,0,1,0,1,1,0,1,0,1,1,1,1,1,1,1,1,1,1,1,0
diethatyl,CCC1=C(C(=CC=C1)CC)N(CC(=O)O)C(=O)CCl,1,0,0,0,0,0,0,0,0,0,0,0,0,0,0,0,0,0,0,0,0,0,0,0,0,0,0,0,0,0,0,0,0,0,0,0,0,0,0,0,0,0,0,0,0,0,0,0,0,0,0,0,0,0,0,0,0,0,0,0,0,0,0,0,0,0,0,0,0,0,0,0,0,0,0,0,0,0,0,0,0,0,0,0,0,0,1,0,0,0,0,0,0,1,0,0,1,0,0,0,0,1,0,0,1,1,0,0,0,0,0,1,1,0,0,1,0,0,1,0,0,0,0,1,1,0,0,0,0,1,1,0,0,1,1,1,1,1,0,1,1,0,0,0,0,1,0,1,0,1,1,1,0,0,1,1,1,1,1,1,1,1,1,1,1,1,1,0
dimefuron,CC(C)(C)C1=NN(C(=O)O1)C2=C(C=C(C=C2)NC(=O)N(C)C)Cl,1,0,0,0,0,0,0,0,0,0,0,0,0,0,0,0,0,0,0,0,0,0,0,0,1,0,0,0,0,0,0,0,0,0,0,0,0,0,1,0,0,0,0,0,0,0,0,0,0,0,0,0,0,1,0,0,0,0,1,0,0,0,0,1,0,0,1,1,0,0,0,0,0,0,0,1,1,0,1,0,0,1,0,0,1,0,1,1,1,0,0,0,0,1,1,1,1,1,1,0,0,0,0,0,1,0,0,1,1,0,0,1,0,1,1,0,0,0,1,0,0,1,1,1,1,1,1,0,1,0,0,0,0,0,1,1,1,1,1,0,0,0,1,1,1,1,0,1,0,1,1,1,1,0,0,1,0,1,0,1,1,1,1,1,1,1,1,0
dimepiperate,CC(C)(C1=CC=CC=C1)SC(=O)N2CCCCC2,1,0,0,0,0,0,0,0,0,0,0,0,0,0,0,0,0,0,0,0,0,0,0,0,0,0,0,0,0,0,0,0,0,0,0,0,0,0,0,0,0,0,0,0,0,0,0,0,1,0,0,0,0,0,0,0,0,0,0,0,0,0,0,0,0,0,0,1,0,0,0,0,0,0,0,1,1,0,0,0,0,0,1,0,0,0,1,1,0,1,0,0,0,0,0,0,0,0,0,1,0,1,0,0,0,0,0,1,0,0,0,1,1,1,0,0,0,0,1,1,0,0,1,1,0,0,0,0,0,1,1,0,0,0,0,0,0,0,1,1,0,0,0,0,0,0,1,0,1,1,1,0,0,0,1,1,0,1,0,1,0,1,1,1,1,1,1,0
dimethachlor,CC1=C(C(=CC=C1)C)N(CCOC)C(=O)CCl,1,0,0,0,0,0,0,0,0,0,0,0,0,0,0,0,0,0,0,0,0,0,0,0,0,0,0,0,0,0,0,0,0,0,0,0,0,0,0,0,0,0,0,0,0,0,0,0,0,0,0,0,0,0,0,0,0,0,0,0,0,0,0,0,0,0,0,0,0,0,0,0,0,0,0,0,0,0,0,0,0,0,0,0,0,0,1,1,0,0,0,0,0,1,1,0,1,0,0,0,0,1,0,0,1,0,0,0,0,1,1,1,1,0,0,0,1,1,1,1,0,0,0,1,0,0,0,1,0,1,1,0,0,1,1,1,1,0,0,1,0,0,1,0,0,1,0,0,1,1,1,1,0,0,1,1,1,1,1,1,1,1,1,1,1,1,1,0
dimethametryn,CCNC1=NC(=NC(=N1)SC)NC(C)C(C)C,1,0,0,0,0,0,0,0,0,0,0,0,0,0,0,0,0,0,0,0,0,0,0,0,0,0,1,0,0,0,0,0,0,0,0,0,0,0,0,0,0,0,0,0,0,0,0,0,1,0,0,0,0,0,1,0,0,0,0,0,1,0,0,0,0,1,1,0,0,0,0,0,0,0,0,1,0,0,1,0,0,1,1,1,0,0,0,0,0,1,0,0,0,0,1,0,0,0,0,1,0,1,0,0,0,0,0,1,0,0,0,0,0,0,0,1,0,0,0,0,0,1,1,0,0,0,0,0,0,0,0,0,1,0,1,0,1,0,1,0,0,0,1,1,0,0,0,0,0,0,1,0,1,0,1,0,1,1,0,1,0,1,1,1,1,0,1,0
dimethenamid,CC1=CSC(=C1N(C(C)COC)C(=O)CCl)C,1,0,0,0,0,0,0,0,0,0,0,0,0,0,0,0,0,0,0,0,0,0,0,0,0,0,0,0,0,0,0,0,0,0,0,0,0,1,0,0,0,0,0,0,0,0,0,0,0,0,0,0,0,0,0,0,0,0,0,0,0,0,0,0,0,0,0,0,0,0,0,0,0,0,0,0,0,0,0,0,0,0,1,0,1,0,1,1,0,1,0,0,0,1,1,0,1,1,0,0,0,0,0,0,1,0,0,0,0,1,1,1,1,0,0,0,1,0,1,0,0,0,0,1,0,0,0,1,0,1,0,0,0,1,1,1,1,0,1,1,0,0,1,0,0,1,0,0,0,1,1,1,0,0,1,1,1,1,1,1,1,1,1,1,0,1,1,0
dinitramine,CCN(CC)C1=C(C=C(C(=C1[N+](=O)[O-])N)C(F)(F)F)[N+](=O)[O-],1,0,0,0,0,0,0,0,0,0,0,0,0,0,0,0,0,0,0,0,0,0,0,0,0,1,0,0,0,0,0,0,0,0,0,0,0,0,0,0,0,0,0,1,0,0,0,0,0,0,1,0,0,0,0,0,0,1,0,0,0,0,0,0,1,0,0,0,0,0,0,1,1,0,0,0,0,0,0,0,1,1,0,0,0,1,1,1,0,0,0,0,0,0,0,1,0,0,1,0,0,1,0,1,0,0,0,1,1,0,0,0,0,1,0,1,0,1,0,0,1,0,0,1,0,1,0,0,0,0,0,1,0,0,1,1,1,1,0,1,0,1,0,1,0,1,0,1,0,1,1,1,1,0,1,0,1,1,0,1,1,1,1,1,1,1,1,0
dinoseb,CCC(C)C1=C(C(=CC(=C1)[N+](=O)[O-])[N+](=O)[O-])O,1,0,0,0,0,0,0,0,0,0,0,0,0,0,0,0,0,0,0,0,0,0,0,0,0,1,0,0,0,0,0,0,0,0,0,0,0,0,0,0,0,0,0,0,0,0,0,0,0,0,1,0,0,0,0,0,0,1,0,0,0,0,0,0,1,0,0,0,0,0,0,1,1,0,0,0,0,0,0,0,0,1,0,0,0,0,0,0,0,0,1,0,1,0,0,1,1,0,0,0,0,0,0,1,0,0,0,0,0,0,0,0,0,0,1,1,1,0,0,0,1,0,0,1,0,1,0,0,1,0,0,1,0,0,1,0,1,1,0,0,1,1,0,1,1,1,0,1,0,1,1,1,0,1,0,0,1,1,1,1,1,1,1,1,1,1,1,0
dinoterb,CC(C)(C)C1=C(C(=CC(=C1)[N+](=O)[O-])[N+](=O)[O-])O,1,0,0,0,0,0,0,0,0,0,0,0,0,0,0,0,0,0,0,0,0,0,0,0,0,1,0,0,0,0,0,0,0,0,0,0,0,0,0,0,0,0,0,0,0,0,0,0,0,0,1,0,0,0,0,0,0,1,0,0,0,0,0,0,1,0,0,1,0,0,0,1,1,0,0,1,0,0,0,0,0,1,0,0,0,0,0,0,0,0,1,0,0,0,0,1,1,0,0,0,0,0,0,1,0,0,0,0,0,0,0,0,0,1,1,0,0,0,0,0,1,0,0,1,0,1,0,0,1,0,0,1,0,0,1,0,1,1,0,0,1,1,1,1,1,1,0,1,0,1,1,1,0,1,0,0,0,1,1,1,1,1,1,1,1,1,1,0
DMPA,COC1=C(C=C(C=C1)C[C@@H](C(=O)[O-])[NH3+])OC,1,0,0,0,0,0,0,0,0,0,0,0,0,0,0,0,0,0,0,0,0,0,0,0,0,0,0,0,0,0,0,0,0,0,0,0,0,0,0,0,0,0,0,0,0,0,0,0,0,0,1,0,0,0,0,0,0,0,0,0,0,0,0,0,0,0,0,0,0,0,0,0,0,1,0,0,0,0,0,0,0,0,0,0,0,0,0,0,0,0,0,0,0,0,1,0,1,0,0,0,0,0,0,0,0,1,0,0,0,0,0,0,1,0,1,0,0,0,0,0,0,0,0,0,1,0,0,1,1,0,0,0,0,0,0,0,0,0,0,0,0,1,0,0,1,1,0,1,0,0,1,1,1,1,0,1,1,1,1,1,1,1,1,1,1,1,1,0
DNOC,CC1=CC(=CC(=C1O)[N+](=O)[O-])[N+](=O)[O-],1,0,0,0,0,0,0,0,0,0,0,0,0,0,0,0,0,0,0,0,0,0,0,0,0,1,0,0,0,0,0,0,0,0,0,0,0,0,0,0,0,0,0,0,0,0,0,0,0,0,1,0,0,0,0,0,0,1,0,0,0,0,0,0,1,0,0,0,0,0,0,1,1,0,0,0,0,0,0,0,0,1,0,0,0,0,0,0,0,0,1,0,0,0,0,1,1,0,0,0,0,0,0,1,0,0,0,0,0,0,0,0,0,0,1,0,0,0,0,0,1,0,0,1,0,1,0,0,1,0,0,1,0,0,1,0,1,1,0,0,1,1,0,1,1,1,0,1,0,1,0,1,0,1,0,0,0,1,1,1,1,1,1,1,1,1,1,0
eglinazine,CCNC1=NC(=NC(=N1)Cl)NCC(=O)O,1,0,0,0,0,0,0,0,0,0,0,0,0,0,0,0,0,0,0,0,0,0,0,0,0,0,1,0,0,0,0,0,0,0,0,0,0,0,0,0,0,0,0,0,0,0,0,0,0,0,0,0,0,0,1,1,0,0,0,0,0,0,0,0,0,0,1,0,0,0,0,0,0,0,0,0,0,0,1,0,0,1,0,1,0,0,0,0,1,0,0,0,0,0,0,0,1,0,0,1,0,1,0,0,1,1,0,1,1,0,0,0,0,0,0,1,0,0,0,0,0,1,1,0,1,0,0,0,0,0,0,0,1,1,1,1,1,0,1,1,1,0,0,1,0,0,0,0,0,0,0,0,1,0,1,1,1,1,1,1,1,1,1,1,1,1,1,0
EPTC,CCCN(CCC)C(=O)SCC,1,0,0,0,0,0,0,0,0,0,0,0,0,0,0,0,0,0,0,0,0,0,0,0,0,0,0,0,0,0,0,0,0,0,0,0,0,0,0,0,0,0,0,0,0,0,0,0,1,0,0,0,0,0,0,0,0,0,0,0,0,0,0,0,0,0,0,0,0,0,0,0,0,0,0,0,0,0,0,0,0,0,1,0,0,0,1,1,0,1,0,0,0,0,0,0,0,0,0,0,0,1,0,0,0,0,0,1,0,1,0,1,1,0,0,1,1,0,1,1,0,0,0,1,0,0,0,0,0,1,1,0,0,0,0,0,0,0,0,1,0,0,1,0,0,0,0,0,1,1,1,0,0,0,1,1,1,1,0,1,0,1,1,0,0,1,0,0
esprocarb,CCN(C(C)C(C)C)C(=O)SCC1=CC=CC=C1,1,0,0,0,0,0,0,0,0,0,0,0,0,0,0,0,0,0,0,0,0,0,0,0,0,0,0,0,0,0,0,0,0,0,0,0,0,0,0,0,0,0,0,0,0,0,0,0,1,0,0,0,0,0,0,0,0,0,0,0,0,0,0,0,0,0,0,0,0,0,0,0,0,0,0,1,0,0,0,0,0,0,1,0,0,0,1,0,0,1,0,0,0,0,0,0,0,0,0,0,0,1,0,0,0,0,0,1,0,1,0,1,0,0,0,1,0,1,1,0,0,0,0,1,0,0,0,0,0,1,0,0,0,0,0,0,0,0,0,1,0,0,1,0,0,0,0,0,0,1,1,0,0,0,1,1,1,1,0,1,0,1,1,1,1,1,1,0
ethalfluralin,CCN(CC(=C)C)C1=C(C=C(C=C1[N+](=O)[O-])C(F)(F)F)[N+](=O)[O-],1,0,0,0,0,0,0,0,0,0,0,0,0,0,0,0,0,0,0,0,0,0,0,0,0,1,0,0,0,0,0,0,0,0,0,1,0,0,0,0,0,0,0,1,0,0,0,0,0,0,1,1,0,0,0,0,0,1,0,0,0,0,0,0,1,0,0,0,0,0,0,1,1,0,0,0,0,1,0,0,1,1,0,0,0,0,1,1,0,0,0,0,0,0,0,1,0,0,1,0,1,1,0,1,0,0,0,1,1,1,0,0,0,1,0,1,1,1,0,0,1,0,0,1,0,1,0,0,0,0,0,1,0,0,1,1,1,1,0,1,0,1,0,1,0,1,0,1,0,1,1,1,0,0,1,0,1,1,0,1,1,1,1,1,1,1,1,0
ethametsulfuron,CCOC1=NC(=NC(=N1)NC(=O)NS(=O)(=O)C2=CC=CC=C2C(=O)O)NC,1,0,0,0,0,0,0,0,0,0,0,0,0,0,0,0,0,0,0,0,0,0,0,0,0,0,1,0,0,0,0,0,0,1,1,0,0,0,1,0,0,0,0,0,1,0,0,0,0,0,0,0,1,0,1,0,1,0,0,1,1,1,1,0,0,1,1,0,1,0,1,0,0,0,1,0,0,0,1,0,0,1,1,0,0,0,0,0,0,1,1,0,0,0,1,1,0,0,1,1,0,0,0,1,0,0,0,1,0,0,1,1,0,1,1,1,0,0,1,0,0,1,1,0,1,1,1,1,1,0,0,1,1,0,1,0,1,1,1,0,1,1,0,1,1,1,1,1,0,1,1,1,1,0,1,1,1,1,1,1,1,1,1,1,1,1,1,0
ethidimuron,CCS(=O)(=O)C1=NN=C(S1)N(C)C(=O)NC,1,0,0,0,0,0,0,0,0,0,0,0,0,0,0,0,0,0,0,0,0,0,0,0,0,0,0,0,0,0,0,0,0,0,0,0,0,1,1,0,0,0,0,0,0,0,0,0,1,0,0,0,1,1,0,0,1,0,0,1,1,1,1,0,0,1,1,0,1,0,0,0,0,0,1,0,0,0,1,0,1,1,1,0,1,0,1,0,0,1,0,0,0,0,1,1,1,1,1,0,0,0,0,1,0,0,0,1,0,0,0,1,0,1,0,1,0,0,1,0,0,1,1,1,0,1,0,0,0,0,0,1,0,1,1,0,1,1,1,0,0,0,1,1,0,0,0,1,0,1,1,0,1,0,1,1,1,1,0,1,1,1,1,1,0,1,1,0
ethiozin,CCSC1=NN=C(C(=O)N1N)C(C)(C)C,1,0,0,0,0,0,0,0,0,0,0,0,0,0,0,0,0,0,0,0,0,0,0,0,0,0,0,0,0,0,0,0,0,0,0,0,0,0,0,0,0,0,0,0,0,0,0,0,1,0,0,0,0,1,0,0,0,0,0,0,1,0,0,0,0,1,1,1,0,0,1,0,0,0,0,1,1,0,1,0,1,1,1,0,0,1,0,0,0,1,0,0,1,1,0,1,1,0,1,1,0,0,0,0,0,0,0,1,0,0,0,1,0,1,1,1,0,0,1,0,0,1,1,1,0,1,0,0,1,0,0,1,0,0,1,0,1,0,1,0,0,0,1,1,1,1,0,0,0,1,1,1,1,0,1,1,1,1,0,0,0,1,1,1,1,1,1,0
ethofumesate,CCOC1C(C2=C(O1)C=CC(=C2)OS(=O)(=O)C)(C)C,1,0,0,0,0,0,0,0,0,0,0,0,0,0,0,0,0,0,0,0,0,0,0,0,0,0,0,0,0,0,0,0,0,0,0,0,0,0,0,0,1,1,0,0,0,0,0,0,0,1,0,0,1,0,0,0,1,0,1,1,0,1,1,0,0,0,0,1,1,0,0,0,0,0,1,1,0,0,0,0,0,0,0,0,1,0,0,0,0,1,0,0,0,0,1,0,0,1,0,0,0,0,1,1,0,0,1,1,0,1,1,0,0,1,1,1,0,0,0,0,0,0,0,0,1,1,0,1,1,0,0,1,0,0,0,0,0,1,1,0,0,1,1,0,1,1,0,1,0,1,1,1,0,1,1,0,1,0,1,0,1,1,0,1,1,1,1,0
ethoxysulfuron,CCOC1=CC=CC=C1OS(=O)(=O)NC(=O)NC2=NC(=CC(=N2)OC)OC,1,0,0,0,0,0,0,0,0,0,0,0,0,0,0,0,0,0,0,0,0,0,0,0,0,0,1,0,0,0,0,0,0,0,1,0,0,0,1,0,1,1,0,0,1,0,0,0,0,1,0,0,0,0,0,0,1,0,0,1,0,1,1,0,0,0,1,0,1,0,1,0,0,1,1,0,0,0,1,0,0,1,0,0,0,0,0,0,0,1,1,0,0,1,1,1,0,0,1,1,0,0,0,1,0,0,0,1,0,0,1,1,0,1,1,1,0,0,1,0,0,1,1,0,0,1,1,1,1,0,0,1,1,0,1,0,1,1,1,0,0,1,1,1,1,1,1,1,0,1,1,1,1,1,1,1,1,1,1,1,1,1,1,1,1,1,1,0
etinofen,CCOCC1=C(C(=CC(=C1)[N+](=O)[O-])[N+](=O)[O-])O,1,0,0,0,0,0,0,0,0,0,0,0,0,0,0,0,0,0,0,0,0,0,0,0,0,1,0,0,0,0,0,0,0,0,0,0,0,0,0,0,0,0,0,0,0,0,0,0,0,0,1,0,0,0,0,0,0,1,0,0,0,0,0,0,1,0,0,0,0,0,0,1,1,0,0,0,0,0,0,0,0,1,0,0,0,0,0,1,0,0,1,1,0,0,0,1,1,0,0,0,0,0,0,1,0,0,0,0,0,0,1,0,0,0,1,1,0,1,0,0,1,0,0,1,0,1,0,1,1,0,0,1,0,0,1,0,1,1,0,1,1,1,0,1,1,1,0,1,0,1,0,1,0,1,1,0,1,1,1,1,1,1,1,1,1,1,1,0
fenoprop,CC(C(=O)O)OC1=CC(=C(C=C1Cl)Cl)Cl,1,0,0,0,0,0,0,0,0,0,0,0,0,0,0,0,0,0,0,0,0,0,0,0,0,0,0,0,0,0,0,0,0,0,0,0,0,0,0,0,0,0,0,0,0,0,0,0,0,0,0,0,0,0,0,0,0,0,0,0,0,0,0,0,0,0,0,0,0,0,0,0,0,1,0,0,0,0,0,0,0,0,0,0,0,0,0,0,1,0,0,0,0,0,0,0,0,0,0,0,0,0,0,0,1,0,0,0,1,0,0,0,0,0,1,0,0,0,0,0,0,0,0,0,1,0,0,1,1,0,0,0,0,0,0,1,0,0,0,0,1,0,0,0,1,1,0,1,0,0,0,1,0,1,0,1,0,0,1,0,1,1,0,1,1,1,1,0
fenoxaprop,CC(C(=O)O)OC1=CC=C(C=C1)OC2=NC3=C(O2)C=C(C=C3)Cl,1,0,0,0,0,0,0,0,0,0,0,0,0,0,0,0,0,0,0,0,0,0,0,0,1,0,0,0,0,0,0,0,0,0,0,0,0,0,0,0,0,0,0,0,0,0,0,0,0,0,0,0,0,0,0,0,0,0,1,0,0,0,0,0,0,0,1,0,0,0,0,0,0,1,0,0,0,0,0,0,0,0,0,0,1,0,0,0,1,0,0,0,0,0,0,0,1,1,0,0,0,0,1,0,1,0,1,1,1,0,0,1,0,0,1,0,0,0,1,0,0,1,1,0,1,0,1,1,1,0,0,0,0,0,0,1,0,0,1,0,1,1,0,0,1,0,1,1,0,0,0,0,0,1,0,1,0,1,1,0,1,1,1,1,1,1,1,0
fenoxasulfone,CCOC1=C(C=C(C(=C1)Cl)CS(=O)(=O)C2=NOC(C2)(C)C)Cl,1,0,0,0,0,0,0,0,0,0,0,0,0,0,0,0,0,0,0,0,0,0,0,0,0,1,0,0,0,0,0,0,0,0,0,0,0,0,0,0,0,0,0,0,0,0,0,0,1,0,0,0,1,0,0,0,1,0,1,1,0,1,1,0,0,1,0,1,1,0,0,0,1,0,1,1,0,0,0,1,0,0,1,0,1,0,0,0,1,1,1,0,0,0,0,1,1,1,1,0,0,0,0,1,1,0,0,0,1,0,1,0,1,1,1,1,1,0,0,0,1,1,1,0,0,1,0,1,1,0,1,1,0,1,0,1,0,1,1,1,0,1,1,0,1,1,0,1,0,1,1,1,0,1,1,0,1,1,1,0,1,1,1,1,1,1,1,0
fenquinotrione,COC1=CC=C(C=C1)N2C3=C(C(=CC=C3)Cl)N=C(C2=O)C(=O)C4C(=O)CCCC4=O,1,0,0,0,0,0,0,0,0,0,0,0,0,0,0,0,0,0,0,0,0,0,0,0,0,0,0,0,0,0,0,0,0,0,0,0,0,0,0,0,0,0,0,0,0,0,0,0,0,0,0,0,0,0,0,0,0,0,0,0,0,0,0,1,0,0,1,0,0,0,0,0,0,0,0,0,1,0,0,0,1,0,0,0,0,0,1,0,1,0,1,0,0,1,1,0,1,0,1,1,0,0,1,0,1,0,1,0,1,0,0,1,0,0,1,0,0,0,1,1,0,1,1,1,0,0,1,1,1,1,0,0,0,1,1,1,1,1,1,0,0,1,0,1,1,1,1,1,1,1,0,1,0,1,0,1,0,1,1,1,1,1,1,1,1,1,1,0
fenuron,CN(C)C(=O)NC1=CC=CC=C1,1,0,0,0,0,0,0,0,0,0,0,0,0,0,0,0,0,0,0,0,0,0,0,0,0,0,0,0,0,0,0,0,0,0,0,0,0,0,1,0,0,0,0,0,0,0,0,0,0,0,0,0,0,0,0,0,0,0,0,0,0,0,0,0,0,0,0,0,0,0,0,0,0,0,0,1,0,0,1,0,0,0,0,0,0,0,1,1,0,0,0,0,0,0,1,0,0,0,0,0,0,0,0,0,0,0,0,1,0,0,0,1,0,0,0,0,0,0,1,0,0,0,0,1,0,0,0,0,0,0,0,0,0,0,1,0,1,0,0,0,0,0,0,1,0,0,0,0,0,1,1,0,1,0,0,1,0,1,0,1,0,1,1,1,1,1,1,0
flazasulfuron,COC1=CC(=NC(=N1)NC(=O)NS(=O)(=O)C2=C(C=CC=N2)C(F)(F)F)OC,1,0,0,0,0,0,0,0,0,0,0,0,0,0,0,0,0,0,0,0,0,0,0,0,0,0,1,0,0,0,0,0,0,1,1,0,0,0,1,0,0,0,0,1,1,0,0,0,1,0,0,0,1,0,0,0,1,0,0,1,1,1,1,0,0,1,1,0,1,0,1,0,0,0,1,0,0,0,1,0,1,1,1,0,0,0,0,0,0,1,1,0,0,1,1,1,1,0,1,1,0,0,0,1,0,0,0,1,1,0,0,1,0,1,1,0,0,0,1,0,0,1,1,0,0,1,1,1,1,0,0,1,1,0,1,1,1,1,1,0,0,1,0,1,1,1,1,1,0,1,1,1,1,0,0,1,0,1,1,1,1,1,1,1,1,1,1,0
florasulam,COC1=NC=C(C2=NC(=NN21)S(=O)(=O)NC3=C(C=CC=C3F)F)F,1,0,0,0,0,0,0,0,0,0,0,0,0,0,0,0,0,0,0,0,0,0,0,0,0,0,0,0,0,0,0,0,0,1,1,0,0,0,1,1,0,0,0,1,0,0,0,0,1,0,0,0,1,1,0,0,1,0,0,1,1,1,1,0,0,1,1,0,1,0,1,0,0,0,1,0,0,0,1,0,1,1,1,0,1,0,0,0,1,1,0,0,0,0,1,1,1,1,1,1,0,0,1,1,0,0,1,1,1,0,0,1,0,1,1,0,0,0,1,0,0,1,1,1,0,1,1,1,1,0,0,1,0,0,1,1,1,1,1,0,0,0,0,1,1,1,1,1,0,1,0,1,1,0,0,0,0,1,1,1,1,1,1,1,1,1,1,0
florpyrauxifen,COC1=C(C=CC(=C1F)C2=NC(=C(C(=C2F)N)Cl)C(=O)O)Cl,1,0,0,0,0,0,0,0,0,0,0,0,0,0,0,0,0,0,0,0,0,0,0,0,0,0,0,0,0,0,0,0,0,0,0,0,0,0,0,0,0,0,0,1,0,0,0,0,0,0,0,0,0,0,0,0,0,0,0,0,0,0,0,1,0,0,1,0,0,0,0,0,0,0,0,0,0,0,0,0,0,1,0,0,0,1,0,0,1,0,0,0,0,0,1,0,1,0,0,1,0,0,0,0,1,0,0,0,1,0,0,0,0,0,1,0,0,0,0,0,0,0,1,0,1,0,1,1,1,0,0,0,1,0,1,1,1,0,1,0,1,0,0,1,1,1,1,1,0,0,0,1,1,1,0,1,0,1,1,1,1,1,1,1,1,1,1,0
fluazifop,CC(C(=O)O)OC1=CC=C(C=C1)OC2=NC=C(C=C2)C(F)(F)F,1,0,0,0,0,0,0,0,0,0,0,0,0,0,0,0,0,0,0,0,0,0,0,0,0,0,0,0,0,0,0,0,0,0,0,0,0,0,0,0,0,0,0,1,0,0,0,0,0,0,0,0,0,0,0,0,0,0,0,0,0,0,0,0,0,0,1,0,0,0,0,0,0,1,0,0,0,0,0,0,0,0,0,0,0,0,0,0,0,0,0,0,0,1,0,0,0,0,0,1,0,0,0,0,0,0,0,1,1,0,0,1,0,1,1,0,0,0,1,0,0,0,1,0,1,0,1,1,1,0,0,0,0,0,0,1,0,0,1,0,1,1,0,0,1,0,1,1,0,0,0,0,0,1,0,1,0,1,1,0,1,1,1,1,1,1,1,0
flucetosulfuron,CC(C(C1=C(C=CC=N1)S(=O)(=O)NC(=O)NC2=NC(=CC(=N2)OC)OC)OC(=O)COC)F,1,0,0,0,0,0,0,0,0,0,0,0,0,0,0,0,0,0,0,0,0,0,0,0,0,0,1,0,0,0,0,0,0,1,1,0,0,0,1,0,0,0,0,1,1,0,0,0,0,0,0,0,1,0,0,0,1,0,0,1,1,1,1,0,0,1,1,0,1,0,1,0,0,1,1,0,0,0,1,0,0,1,1,0,0,0,0,1,0,1,1,0,0,1,1,1,1,0,1,1,0,0,0,1,0,0,0,1,1,0,1,1,0,1,1,0,1,0,1,0,0,1,1,0,1,1,1,1,1,0,0,1,1,1,1,1,1,1,1,0,0,1,1,1,1,1,1,1,0,1,1,1,1,1,1,1,1,1,1,1,1,1,1,1,1,1,1,0
fluchloralin,CCCN(CCCl)C1=C(C=C(C=C1[N+](=O)[O-])C(F)(F)F)[N+](=O)[O-],1,0,0,0,0,0,0,0,0,0,0,0,0,0,0,0,0,0,0,0,0,0,0,0,0,1,0,0,0,0,0,0,0,0,0,0,0,0,0,0,0,0,0,1,0,0,0,0,0,0,1,0,0,0,0,0,0,1,0,0,0,0,0,0,1,0,0,0,0,0,0,1,1,0,0,0,0,0,0,0,1,1,0,0,0,0,1,1,0,0,0,0,0,0,0,1,0,0,1,0,0,1,0,1,1,0,0,1,1,1,0,0,1,1,0,1,1,0,0,1,1,0,0,1,0,1,0,0,0,1,1,1,0,0,1,1,1,1,0,1,0,1,0,1,0,1,0,1,1,1,0,1,0,0,1,0,1,1,0,1,1,1,1,1,1,1,1,0
flumetsulam,CC1=NC2=NC(=NN2C=C1)S(=O)(=O)NC3=C(C=CC=C3F)F,1,0,0,0,0,0,0,0,0,0,0,0,0,0,0,0,0,0,0,0,0,0,0,0,0,0,1,0,0,0,0,0,0,1,1,0,0,0,0,0,0,0,0,1,0,0,0,0,1,0,0,0,1,1,0,0,1,0,0,1,1,1,1,0,0,1,1,0,1,0,1,0,0,0,1,0,0,0,1,0,1,1,1,0,1,0,0,0,1,1,0,0,0,0,0,1,1,1,1,1,0,0,1,1,0,0,1,1,1,0,0,0,0,1,0,0,0,0,1,0,0,1,1,1,0,1,1,0,0,0,0,1,0,0,1,1,1,1,1,0,0,0,0,1,0,1,1,0,0,1,0,1,1,0,0,0,0,1,0,1,1,1,1,1,1,1,1,0
flumiclorac,C1CCC2=C(C1)C(=O)N(C2=O)C3=CC(=C(C=C3F)Cl)OCC(=O)O,1,0,0,0,0,0,0,0,0,0,0,0,0,0,0,0,0,0,0,0,0,0,0,0,0,0,0,1,0,0,0,0,0,0,0,0,0,0,0,0,0,0,0,1,0,0,0,0,0,0,0,1,0,0,0,0,0,0,0,0,0,0,0,1,0,0,0,0,0,0,0,0,0,1,0,0,1,1,0,0,0,0,0,0,1,0,1,0,1,0,1,0,0,1,0,0,0,1,1,0,1,0,1,0,1,1,1,0,1,0,1,1,0,0,1,0,0,0,1,1,0,0,1,1,1,0,0,1,1,1,1,0,0,1,1,1,1,1,1,0,1,1,0,0,1,1,1,1,1,1,0,1,0,1,1,1,1,1,1,1,1,0,1,1,1,1,1,0
flumioxazin,C#CCN1C(=O)COC2=CC(=C(C=C21)N3C(=O)C4=C(C3=O)CCCC4)F,1,0,0,0,0,0,0,0,0,0,0,0,0,0,0,0,0,0,1,0,0,0,0,0,0,0,0,1,0,0,0,0,0,0,0,0,0,0,0,0,0,0,0,1,0,0,0,0,0,0,0,1,0,0,0,0,0,0,1,0,0,0,0,1,0,0,0,0,0,0,0,0,0,1,0,0,1,1,0,0,0,1,0,0,1,0,1,0,1,0,1,0,0,1,0,0,1,1,0,1,1,1,1,0,0,0,1,0,1,0,1,1,1,0,1,0,0,0,1,1,0,1,1,1,0,0,0,0,1,1,1,0,0,1,1,1,1,1,1,1,0,1,0,1,1,1,1,1,1,1,0,1,0,1,1,1,1,1,1,1,1,0,1,1,1,1,1,0
flumipropyn,CC(C#C)OC1=C(C=C(C(=C1)N2C(=O)C3=C(C2=O)CCCC3)F)Cl,1,0,0,0,0,0,0,0,0,0,0,0,0,0,0,0,0,0,1,0,0,0,0,0,0,0,0,1,0,0,0,0,0,0,0,0,0,0,0,0,0,0,0,1,0,0,0,0,0,0,0,1,0,0,0,0,0,0,0,0,0,0,0,1,0,0,0,0,0,0,0,0,0,0,0,0,1,1,0,0,0,0,0,0,1,0,1,0,1,0,1,0,0,1,0,0,0,1,1,0,1,0,1,0,1,0,1,0,1,0,0,1,0,0,1,0,0,0,1,1,0,0,1,1,0,0,0,1,1,1,1,0,0,0,1,1,1,1,1,0,0,0,0,0,1,1,1,1,1,1,0,1,0,1,0,1,0,1,1,1,1,1,1,1,1,1,1,0
fluometuron,CN(C)C(=O)NC1=CC=CC(=C1)C(F)(F)F,1,0,0,0,0,0,0,0,0,0,0,0,0,0,0,0,0,0,0,0,0,0,0,0,0,0,0,0,0,0,0,0,0,0,0,0,0,0,1,0,0,0,0,1,0,0,0,0,0,0,0,0,0,0,0,0,0,0,0,0,0,0,0,0,0,0,0,0,0,0,0,0,0,0,0,1,0,0,1,0,0,0,0,0,0,0,1,1,0,0,0,0,0,0,1,0,0,0,0,0,0,0,0,0,0,0,0,1,1,0,0,1,0,1,0,0,0,0,1,0,0,0,0,1,0,0,0,0,0,0,0,0,0,0,1,1,1,0,0,0,0,0,0,1,0,0,0,0,0,1,1,0,1,0,0,1,0,1,0,1,0,1,1,1,1,1,1,0
fluorodifen,C1=CC(=CC=C1[N+](=O)[O-])OC2=C(C=C(C=C2)C(F)(F)F)[N+](=O)[O-],1,0,0,0,0,0,0,0,0,0,0,0,0,0,0,0,0,0,0,0,0,0,0,0,0,1,0,0,0,0,0,0,0,0,0,0,0,0,0,0,0,0,0,1,0,0,0,0,0,0,1,0,0,0,0,0,0,1,0,0,0,0,0,0,1,0,0,0,0,0,0,1,1,0,0,0,0,0,0,0,0,0,0,0,0,0,0,0,0,0,1,0,0,0,0,1,1,0,0,0,0,0,0,1,0,0,0,1,1,0,0,0,0,1,1,0,0,0,0,0,1,0,0,1,0,1,1,1,1,0,0,1,0,0,1,1,1,1,0,0,0,1,0,1,1,1,1,1,0,1,0,1,0,1,0,0,0,1,1,1,1,0,1,1,1,1,1,0
fluoroglycofen,C1=CC(=C(C=C1C(F)(F)F)Cl)OC2=CC(=C(C=C2)[N+](=O)[O-])C(=O)OCC(=O)O,1,0,0,0,0,0,0,0,0,0,0,0,0,0,0,0,0,0,0,0,0,0,0,0,0,1,0,0,0,0,0,0,0,0,0,0,0,0,0,0,0,0,0,1,0,0,0,0,0,0,1,0,0,0,0,0,0,1,0,0,0,0,0,0,1,0,0,0,0,0,0,1,1,1,0,0,0,0,0,0,0,0,0,0,0,0,0,0,1,0,0,0,0,0,0,1,0,0,1,0,0,0,0,1,1,1,0,1,1,0,1,0,0,1,1,0,0,0,0,0,1,0,0,1,1,1,1,1,1,0,0,1,0,1,1,1,1,1,0,0,1,1,0,0,1,1,1,1,0,1,0,1,0,1,1,1,1,1,1,1,1,0,1,1,1,1,1,0
fluoronitrofen,C1=CC(=CC=C1[N+](=O)[O-])OC2=C(C=C(C=C2Cl)Cl)F,1,0,0,0,0,0,0,0,0,0,0,0,0,0,0,0,0,0,0,0,0,0,0,0,0,1,0,0,0,0,0,0,0,0,0,0,0,0,0,0,0,0,0,1,0,0,0,0,0,0,1,0,0,0,0,0,0,1,0,0,0,0,0,0,1,0,0,0,0,0,0,1,1,0,0,0,0,0,0,0,0,0,0,0,0,0,0,0,1,0,0,0,0,0,0,1,0,0,0,0,0,0,0,1,1,0,0,0,1,0,0,0,0,0,1,0,0,0,0,0,1,0,0,1,0,1,1,1,1,0,0,1,0,0,1,1,1,0,0,0,0,0,0,0,1,1,1,1,0,1,0,1,0,1,0,0,0,1,1,1,1,0,1,1,1,1,1,0
fluothiuron,CN(C)C(=O)NC1=CC(=C(C=C1)SC(F)(F)Cl)Cl,1,0,0,0,0,0,0,0,0,0,0,0,0,0,0,0,0,0,0,0,0,0,0,0,0,0,0,0,0,0,0,0,0,0,0,0,0,0,1,0,0,0,0,1,0,0,0,0,0,0,0,0,0,0,0,0,0,0,0,0,1,0,0,0,0,1,0,0,0,0,0,0,0,0,0,1,0,0,1,0,0,0,1,0,0,0,1,1,1,1,0,0,0,0,1,0,0,0,0,0,0,0,0,0,1,0,0,1,1,0,0,1,0,1,0,0,0,0,1,0,0,0,0,1,0,0,0,0,0,0,0,0,0,0,1,1,1,0,0,0,0,0,0,1,0,1,0,0,0,1,1,1,1,0,0,1,0,1,0,1,0,1,1,1,1,1,1,0
flupoxam,C1=CC=C(C=C1)C2=NC(=NN2C3=CC(=C(C=C3)Cl)COCC(C(F)(F)F)(F)F)C(=O)N,1,0,0,0,0,0,0,0,0,0,0,0,0,0,0,0,0,0,0,0,0,0,0,0,0,0,0,0,0,0,0,0,0,0,0,0,0,0,0,1,0,0,0,1,0,0,0,0,0,0,0,0,0,1,0,0,0,0,0,0,0,0,0,1,0,0,1,0,0,0,0,0,0,0,0,0,1,0,1,0,1,1,0,0,1,1,0,1,1,0,0,0,0,1,0,1,1,1,1,0,0,0,0,0,1,0,0,1,1,0,1,1,0,1,0,0,0,0,1,0,0,1,1,1,0,1,1,1,0,0,0,0,0,0,1,1,1,0,1,1,0,0,0,1,0,1,1,0,0,1,0,1,1,0,1,1,1,1,1,1,1,0,1,1,1,1,1,0
flupropanate,C(C(C(=O)O)(F)F)(F)F,1,0,0,0,0,0,0,0,0,0,0,0,0,0,0,0,0,0,0,0,0,0,0,0,0,0,0,0,0,0,0,0,0,0,0,0,0,0,0,0,0,0,0,1,0,0,0,0,0,0,0,0,0,0,0,0,0,0,0,0,0,0,0,0,0,0,0,0,0,0,0,0,0,0,0,0,0,0,0,0,0,0,0,0,0,0,0,0,0,0,0,0,0,0,0,0,0,0,0,0,0,0,0,0,0,0,0,0,1,0,0,0,0,1,0,0,0,0,0,0,0,0,0,0,1,0,0,0,0,0,0,0,0,0,0,1,0,0,0,0,1,0,0,0,0,0,0,0,0,0,0,0,0,0,0,1,0,0,1,0,1,0,0,0,0,1,0,0
flupyrsulfuron,COC1=CC(=NC(=N1)NC(=O)NS(=O)(=O)C2=C(C=CC(=N2)C(F)(F)F)C(=O)O)OC,1,0,0,0,0,0,0,0,0,0,0,0,0,0,0,0,0,0,0,0,0,0,0,0,0,0,1,0,0,0,0,0,0,1,1,0,0,0,1,0,0,0,0,1,1,0,0,0,1,0,0,0,1,0,0,0,1,0,0,1,1,1,1,0,0,1,1,0,1,0,1,0,0,0,1,0,0,0,1,0,1,1,1,0,0,0,0,0,0,1,1,0,0,1,1,1,1,0,1,1,0,0,0,1,0,0,0,1,1,0,0,1,0,1,1,0,0,0,1,0,0,1,1,0,1,1,1,1,1,0,0,1,1,0,1,1,1,1,1,0,1,1,0,1,1,1,1,1,0,1,1,1,1,0,0,1,0,1,1,1,1,1,1,1,1,1,1,0
fluridone,CN1C=C(C(=O)C(=C1)C2=CC(=CC=C2)C(F)(F)F)C3=CC=CC=C3,1,0,0,0,0,0,0,0,0,0,0,0,0,0,0,0,0,0,0,0,0,0,0,0,0,0,0,0,0,0,0,0,0,0,0,0,0,0,0,0,0,0,0,1,0,0,0,0,0,0,0,0,0,0,0,0,0,0,0,0,0,0,0,1,0,0,1,0,0,0,0,0,0,0,0,0,1,0,0,0,0,0,0,0,0,0,1,0,0,0,0,0,0,0,1,0,0,0,1,1,0,0,0,0,0,0,0,1,1,0,0,0,0,1,1,0,0,0,0,0,0,0,1,1,0,0,1,0,1,0,0,0,0,0,0,1,0,0,1,0,0,0,0,0,1,1,1,0,0,1,0,1,0,1,0,1,0,0,0,1,0,1,1,1,1,1,1,0
flurochloridone,C1C(C(C(=O)N1C2=CC=CC(=C2)C(F)(F)F)Cl)CCl,1,0,0,0,0,0,0,0,0,0,0,0,0,0,0,0,0,0,0,0,0,0,0,0,0,0,0,0,0,0,0,0,0,0,0,0,0,0,0,0,0,0,0,1,0,0,0,0,0,0,0,0,0,0,0,0,0,0,0,0,0,0,0,1,0,0,0,0,0,0,0,0,0,0,0,0,1,0,0,0,0,0,0,0,1,0,1,0,1,0,0,0,0,1,0,0,0,1,0,0,0,1,0,0,1,0,0,1,1,0,0,1,0,1,0,0,0,0,1,0,0,0,1,1,0,0,0,0,1,0,0,0,0,0,1,1,1,0,1,1,0,0,0,0,1,0,0,0,0,1,0,1,0,0,1,1,1,1,0,1,0,0,1,1,1,1,1,0
fluroxypyr,C(C(=O)O)OC1=NC(=C(C(=C1Cl)N)Cl)F,1,0,0,0,0,0,0,0,0,0,0,0,0,0,0,0,0,0,0,0,0,0,0,0,0,0,0,0,0,0,0,0,0,0,0,0,0,0,0,0,0,0,0,1,0,0,0,0,0,0,0,0,0,0,0,0,0,0,0,0,0,0,0,0,0,0,1,0,0,0,0,0,0,1,0,0,0,0,0,0,0,1,0,0,0,1,0,0,1,0,0,0,0,1,0,0,0,0,1,1,0,0,0,0,1,1,0,0,1,0,1,1,0,0,1,0,0,0,1,0,0,0,1,0,1,0,0,1,1,0,0,0,1,1,1,1,1,0,1,0,1,0,0,1,1,1,0,1,0,0,0,1,1,0,1,1,1,1,1,1,1,0,1,1,1,1,1,0
flurtamone,CNC1=C(C(=O)C(O1)C2=CC=CC=C2)C3=CC(=CC=C3)C(F)(F)F,1,0,0,0,0,0,0,0,0,0,0,0,0,0,0,0,0,0,0,0,0,0,1,0,0,0,0,0,0,0,0,0,0,0,0,0,0,0,0,0,0,0,0,1,0,0,1,0,0,0,0,1,0,0,0,0,0,0,1,0,0,0,0,1,0,0,0,0,0,0,0,0,0,1,0,0,0,1,0,0,0,0,0,0,1,0,0,0,0,0,1,0,0,1,1,0,0,1,1,0,1,0,0,0,0,0,0,1,1,0,0,1,0,1,0,0,0,0,1,0,0,0,0,0,0,0,1,0,1,0,0,0,0,0,1,1,0,0,1,0,0,0,0,0,1,0,1,0,0,0,0,1,1,1,0,1,0,1,1,1,1,1,1,1,1,1,1,0
fluthiacet,C1CCN2C(=O)SC(=NC3=CC(=C(C=C3F)Cl)SCC(=O)O)N2C1,1,0,0,0,0,0,0,0,0,0,0,0,0,0,0,0,0,0,0,0,0,0,0,0,0,0,0,0,0,0,0,0,0,0,0,0,0,1,0,0,0,0,0,1,0,0,0,0,1,0,0,0,0,1,0,0,0,0,0,0,1,0,0,0,0,1,1,0,0,0,0,0,0,0,0,0,0,0,1,1,1,1,1,0,1,0,0,0,1,1,0,0,0,0,0,1,1,1,1,1,0,1,1,0,1,1,1,1,1,0,0,1,1,0,1,0,0,0,1,1,1,1,1,1,1,1,1,0,1,1,1,0,0,1,1,1,1,1,1,1,1,0,0,1,1,1,1,1,1,1,0,1,0,0,1,1,1,1,1,1,1,0,1,1,1,1,1,0
fomesafen,CS(=O)(=O)NC(=O)C1=C(C=CC(=C1)OC2=C(C=C(C=C2)C(F)(F)F)Cl)[N+](=O)[O-],1,0,0,0,0,0,0,0,0,0,0,0,0,0,0,0,0,0,0,0,0,0,0,0,0,1,0,0,0,0,0,0,0,1,1,0,0,0,0,0,0,0,0,1,0,0,0,0,0,0,1,0,1,0,0,0,1,1,0,1,0,1,1,0,1,0,0,0,1,0,1,1,1,0,1,0,0,0,0,0,0,1,0,0,0,0,0,0,1,1,1,0,0,1,1,1,0,0,1,0,0,0,0,1,1,0,0,1,1,0,0,1,0,1,1,0,0,0,1,0,1,0,0,1,0,1,1,1,1,0,0,1,0,0,1,1,1,1,0,0,0,1,0,1,1,1,1,1,0,1,0,1,1,1,0,1,0,1,1,1,1,1,1,1,1,1,1,0
foramsulfuron,CN(C)C(=O)C1=C(C=C(C=C1)NC=O)S(=O)(=O)NC(=O)NC2=NC(=CC(=N2)OC)OC,1,0,0,0,0,0,0,0,0,0,0,0,0,0,0,0,0,0,0,0,0,0,0,0,0,0,1,0,0,0,0,0,0,1,1,0,0,0,1,0,0,0,0,0,1,0,0,0,0,0,0,0,1,0,0,0,1,0,0,1,1,1,1,0,0,1,1,0,1,0,1,0,0,0,1,1,0,0,1,0,0,1,1,0,0,0,1,1,0,1,1,0,0,1,1,1,0,0,1,1,0,0,0,1,0,0,0,1,0,0,0,1,0,1,1,0,0,0,1,0,0,1,1,1,0,1,1,1,1,0,0,1,1,0,1,0,1,1,1,0,0,1,1,1,1,1,1,1,0,1,1,1,1,0,0,1,0,1,1,1,1,1,1,1,1,1,1,0
halauxifen,COC1=C(C=CC(=C1F)C2=NC(=C(C(=C2)N)Cl)C(=O)O)Cl,1,0,0,0,0,0,0,0,0,0,0,0,0,0,0,0,0,0,0,0,0,0,0,0,0,0,0,0,0,0,0,0,0,0,0,0,0,0,0,0,0,0,0,1,0,0,0,0,0,0,0,0,0,0,0,0,0,0,0,0,0,0,0,1,0,0,1,0,0,0,0,0,0,0,0,0,0,0,0,0,0,1,0,0,0,1,0,0,1,0,0,0,0,0,1,0,1,0,0,1,0,0,0,0,1,0,0,0,1,0,0,0,0,0,1,0,0,0,0,0,0,0,1,0,1,0,1,1,1,0,0,0,1,0,1,1,1,0,1,0,1,0,0,1,1,1,1,1,0,0,0,1,1,1,0,1,0,1,1,1,1,1,1,1,1,1,1,0
haloxyfop,CC(C(=O)O)OC1=CC=C(C=C1)OC2=C(C=C(C=N2)C(F)(F)F)Cl,1,0,0,0,0,0,0,0,0,0,0,0,0,0,0,0,0,0,0,0,0,0,0,0,0,0,0,0,0,0,0,0,0,0,0,0,0,0,0,0,0,0,0,1,0,0,0,0,0,0,0,0,0,0,0,0,0,0,0,0,0,0,0,0,0,0,1,0,0,0,0,0,0,1,0,0,0,0,0,0,0,0,0,0,0,0,0,0,1,0,0,0,0,1,0,0,0,0,0,1,0,0,0,0,1,0,0,1,1,0,0,1,0,1,1,0,0,0,1,0,0,0,1,0,1,0,1,1,1,0,0,0,0,0,0,1,0,0,1,0,1,1,0,0,1,1,1,1,0,0,0,1,0,1,0,1,0,1,1,0,1,1,1,1,1,1,1,0
hexazinone,CN1C(=NC(=O)N(C1=O)C2CCCCC2)N(C)C,1,0,0,0,0,0,0,0,0,0,0,0,0,0,0,0,0,0,0,0,0,0,0,0,0,0,1,0,0,0,0,0,0,0,0,0,0,0,1,0,0,0,0,0,0,0,0,0,0,0,0,0,0,0,0,0,0,0,0,0,0,0,0,1,0,0,1,0,0,0,0,0,0,0,0,1,1,0,1,0,0,1,0,0,0,0,1,1,0,0,1,0,0,0,1,0,0,0,1,1,0,0,0,0,0,0,0,1,0,0,0,1,1,0,1,0,0,0,1,1,0,1,1,1,0,0,0,0,1,1,1,0,0,0,1,0,1,1,1,0,0,0,1,1,1,1,1,0,1,1,1,1,0,0,0,1,0,1,0,1,1,1,1,1,1,1,1,0
imazamethabenz,CC1=CC(=C(C=C1)C(=O)OC)C2=NC(C(=O)N2)(C)C(C)C.CC1=CC(=C(C=C1)C2=NC(C(=O)N2)(C)C(C)C)C(=O)OC,1,0,0,0,0,0,0,0,0,0,0,0,0,0,0,0,0,0,0,0,0,0,0,0,0,0,0,0,0,0,0,0,0,0,0,0,0,0,0,1,0,0,0,0,0,0,0,0,0,0,0,0,0,0,0,0,0,0,0,0,0,0,0,1,0,0,0,1,0,0,0,0,0,0,0,1,0,0,1,1,1,0,0,0,1,0,0,0,0,0,0,0,0,1,1,0,1,1,1,0,0,0,0,0,0,0,0,0,0,0,0,1,0,1,0,0,0,0,1,0,1,1,1,0,1,0,1,1,1,0,0,0,1,0,0,0,0,1,1,0,0,1,1,1,1,1,1,1,0,0,1,1,1,0,0,1,0,1,1,1,1,1,1,1,1,1,1,1
imazamox,CC(C)C1(C(=O)NC(=N1)C2=C(C=C(C=N2)COC)C(=O)O)C,1,0,0,0,0,0,0,0,0,0,0,0,0,0,0,0,0,0,0,0,0,0,0,0,0,0,0,0,0,0,0,0,0,0,0,0,0,0,0,1,0,0,0,0,0,0,0,0,0,0,0,0,0,0,0,0,0,0,0,0,0,0,0,1,0,0,1,1,0,0,0,0,0,0,0,1,0,0,1,1,1,0,0,0,1,0,0,1,0,0,0,0,0,1,1,0,1,1,1,1,0,0,0,0,0,0,0,0,0,0,1,1,0,1,0,0,1,0,1,0,1,1,1,0,1,0,0,1,1,0,0,0,1,0,0,0,0,1,1,0,1,1,1,1,1,1,0,1,0,0,1,1,1,0,1,1,1,1,1,1,1,1,1,1,1,1,1,0
imazapic,CC1=CC(=C(N=C1)C2=NC(C(=O)N2)(C)C(C)C)C(=O)O,1,0,0,0,0,0,0,0,0,0,0,0,0,0,0,0,0,0,0,0,0,0,0,0,0,0,0,0,0,0,0,0,0,0,0,0,0,0,0,1,0,0,0,0,0,0,0,0,0,0,0,0,0,0,0,0,0,0,0,0,0,0,0,1,0,0,1,1,0,0,0,0,0,0,0,1,0,0,1,1,1,0,0,0,1,0,0,0,0,0,0,0,0,1,0,0,1,1,1,1,0,0,0,0,0,0,0,0,0,0,0,1,0,1,0,0,0,0,1,0,1,1,1,0,1,0,0,0,1,0,0,0,1,0,0,0,0,1,1,0,1,0,1,1,1,1,0,1,0,0,1,1,1,0,0,1,0,1,1,1,1,1,1,1,1,1,1,0
imazapyr,CC(C)C1(C(=O)NC(=N1)C2=C(C=CC=N2)C(=O)O)C,1,0,0,0,0,0,0,0,0,0,0,0,0,0,0,0,0,0,0,0,0,0,0,0,0,0,0,0,0,0,0,0,0,0,0,0,0,0,0,1,0,0,0,0,0,0,0,0,0,0,0,0,0,0,0,0,0,0,0,0,0,0,0,1,0,0,1,1,0,0,0,0,0,0,0,1,0,0,1,1,1,0,0,0,1,0,0,0,0,0,0,0,0,1,0,0,1,1,1,1,0,0,0,0,0,0,0,0,0,0,0,1,0,1,0,0,0,0,1,0,1,1,1,0,1,0,0,0,1,0,0,0,1,0,0,0,0,1,1,0,1,0,1,1,1,1,0,1,0,0,1,1,1,0,0,1,0,1,1,1,1,1,1,1,1,1,1,0
imazethapyr,CCC1=CC(=C(N=C1)C2=NC(C(=O)N2)(C)C(C)C)C(=O)O,1,0,0,0,0,0,0,0,0,0,0,0,0,0,0,0,0,0,0,0,0,0,0,0,0,0,0,0,0,0,0,0,0,0,0,0,0,0,0,1,0,0,0,0,0,0,0,0,0,0,0,0,0,0,0,0,0,0,0,0,0,0,0,1,0,0,1,1,0,0,0,0,0,0,0,1,0,0,1,1,1,0,0,0,1,0,0,0,0,0,0,0,0,1,0,0,1,1,1,1,0,0,0,0,0,0,0,0,0,0,0,1,0,1,0,1,0,0,1,0,1,1,1,0,1,0,0,0,1,0,0,0,1,0,0,0,0,1,1,0,1,0,1,1,1,1,0,1,0,0,1,1,1,0,0,1,1,1,1,1,1,1,1,1,1,1,1,0
imazosulfuron,COC1=CC(=NC(=N1)NC(=O)NS(=O)(=O)C2=C(N=C3N2C=CC=C3)Cl)OC,1,0,0,0,0,0,0,0,0,0,0,0,0,0,0,0,0,0,0,0,0,0,0,0,0,0,1,0,0,0,0,0,0,1,1,0,0,0,1,1,0,0,0,0,1,0,0,0,1,0,0,0,1,0,0,0,1,0,0,1,1,1,1,0,0,1,1,0,1,0,1,0,0,0,1,0,0,0,1,0,1,1,1,0,1,0,1,0,1,1,1,0,0,1,1,1,1,1,1,1,0,0,1,1,1,0,1,1,1,0,0,1,0,1,1,0,0,0,1,0,0,1,1,1,0,1,1,1,1,0,0,1,1,0,1,1,1,1,1,0,0,1,0,1,1,1,1,1,0,1,1,1,1,0,0,1,0,1,1,1,1,1,1,1,1,1,1,0
indanofan,CCC1(C(=O)C2=CC=CC=C2C1=O)CC3(CO3)C4=CC(=CC=C4)Cl,1,0,0,0,0,0,0,0,0,0,0,0,0,0,0,0,0,1,0,0,0,0,0,1,0,0,0,0,0,0,0,0,0,0,0,0,0,0,0,0,0,0,0,0,0,0,0,0,0,0,0,0,0,0,0,0,0,0,1,0,0,0,0,1,0,0,0,1,0,0,0,0,0,0,0,0,0,0,0,0,0,0,0,0,0,0,0,0,1,0,1,0,0,0,0,0,0,1,0,0,0,0,1,0,1,0,1,0,1,0,1,0,0,1,0,1,0,1,0,0,0,0,0,0,0,0,1,0,1,1,1,0,0,1,0,1,0,1,1,0,0,0,0,0,1,1,1,1,0,0,0,1,0,1,1,1,1,0,1,0,1,1,0,1,1,1,1,0
indaziflam,CC1CC2=C(C1NC3=NC(=NC(=N3)N)C(C)F)C=C(C=C2)C,1,0,0,0,0,0,0,0,0,0,0,0,0,0,0,0,0,0,0,0,0,0,0,0,0,0,1,0,0,0,0,0,0,0,0,0,0,0,0,1,0,0,0,1,0,0,0,0,0,0,0,0,0,0,1,0,0,0,0,0,0,0,0,0,0,0,1,0,0,0,0,0,0,0,0,0,0,0,1,0,0,1,0,0,0,1,0,0,0,0,0,1,1,0,0,0,0,1,0,1,0,0,1,0,0,0,1,1,1,0,0,0,0,0,0,0,1,0,0,0,0,1,1,0,0,0,1,0,0,0,0,0,1,0,1,1,1,0,1,0,0,0,1,1,0,1,1,0,0,0,1,1,1,0,0,0,0,1,0,1,0,1,1,1,1,0,1,0
iodosulfuron,CC1=NC(=NC(=N1)OC)NC(=O)NS(=O)(=O)C2=C(C=CC(=C2)I)C(=O)O,1,0,0,0,0,0,0,0,0,0,0,0,0,0,0,0,0,0,0,0,0,0,0,0,0,0,1,0,1,0,0,0,0,1,1,0,0,0,1,1,0,0,0,0,1,0,0,0,0,0,0,0,1,0,0,0,1,0,0,1,1,1,1,0,0,1,1,0,1,0,1,0,0,0,1,0,0,0,1,0,0,1,1,0,0,0,0,0,1,1,1,0,0,0,1,1,0,0,1,1,0,0,0,1,0,0,0,1,1,0,0,1,0,1,1,0,0,0,1,0,0,1,1,0,1,1,1,1,1,0,0,1,1,0,1,1,1,1,1,0,1,1,0,1,1,1,1,1,0,1,1,1,1,0,0,1,0,1,1,1,1,1,1,1,1,1,1,0
ioxynil,C1=C(C=C(C(=C1I)O)I)C#N,1,0,0,0,0,0,0,0,0,0,0,0,0,0,0,0,0,0,0,0,0,0,0,0,0,0,0,0,1,0,0,0,0,0,0,0,0,0,0,0,0,0,1,0,0,0,0,0,0,0,0,0,0,0,0,0,0,0,0,0,0,0,0,0,0,0,0,0,0,0,0,0,0,0,0,0,0,0,0,0,0,0,0,0,0,0,0,0,1,0,0,0,0,0,0,0,0,0,0,0,0,0,0,0,0,0,0,0,1,0,0,0,0,0,1,0,0,0,0,0,0,0,0,0,0,0,0,0,1,0,0,0,0,0,0,1,0,0,0,0,1,0,0,0,1,1,0,0,0,0,0,1,0,1,0,0,0,0,1,0,0,0,1,1,1,1,1,0
ipazine,CCN(CC)C1=NC(=NC(=N1)NC(C)C)Cl,1,0,0,0,0,0,0,0,0,0,0,0,0,0,0,0,0,0,0,0,0,0,0,0,0,0,1,0,0,0,0,0,0,0,0,0,0,0,0,0,0,0,0,0,0,0,0,0,0,0,0,0,0,0,0,0,0,0,0,0,0,0,0,0,0,0,1,0,0,0,0,0,0,0,0,1,0,0,1,0,0,1,0,0,0,0,1,1,1,0,0,0,0,0,0,0,0,0,0,1,0,1,0,0,1,0,0,1,1,0,0,0,0,0,0,1,0,1,0,0,0,1,1,1,0,0,0,0,0,0,0,0,0,0,1,1,1,0,1,1,0,0,1,1,0,0,0,0,0,1,1,0,1,0,1,0,1,1,0,1,0,1,1,1,1,0,1,0
ipfencarbazone,CC(C)N(C1=C(C=C(C=C1)F)F)C(=O)N2C=NN(C2=O)C3=C(C=C(C=C3)Cl)Cl,1,0,0,0,0,0,0,0,0,0,0,0,0,0,0,0,0,0,0,0,0,0,0,0,0,0,0,0,0,0,0,0,0,0,0,0,0,0,1,0,0,0,0,1,0,0,0,0,0,0,0,0,0,1,0,0,0,0,0,0,0,0,0,1,0,0,1,0,0,0,0,0,0,0,0,1,1,0,1,0,1,1,0,0,1,0,1,0,1,0,1,0,0,0,0,1,1,1,1,0,0,0,0,0,1,0,0,1,1,0,0,1,0,0,1,0,0,0,1,0,0,1,1,1,0,1,1,0,1,0,0,0,0,0,1,1,1,1,1,0,0,0,0,1,1,1,1,0,0,1,1,1,0,0,0,1,0,1,0,1,1,1,1,1,1,1,1,0
isomethiozin,CC(C)C=NN1C(=O)C(=NN=C1SC)C(C)(C)C,1,0,0,0,0,0,0,0,0,0,0,0,0,0,0,0,0,0,0,0,0,0,0,0,0,0,0,0,0,0,0,0,0,0,0,0,0,0,0,0,0,0,0,0,0,0,0,0,1,0,0,0,0,1,0,0,0,0,0,0,1,0,0,0,0,1,1,1,0,0,0,0,0,0,0,1,1,0,1,1,1,1,1,0,0,0,0,0,0,1,0,0,0,1,1,1,1,0,1,1,0,0,0,0,0,0,0,1,0,0,0,1,0,1,1,0,0,0,1,0,1,1,1,1,0,1,0,0,1,0,0,1,0,0,1,0,1,0,1,0,0,0,1,1,1,1,0,0,0,1,1,1,0,0,0,1,0,1,0,0,0,1,1,1,1,1,1,0
isopropalin,CCCN(CCC)C1=C(C=C(C=C1[N+](=O)[O-])C(C)C)[N+](=O)[O-],1,0,0,0,0,0,0,0,0,0,0,0,0,0,0,0,0,0,0,0,0,0,0,0,0,1,0,0,0,0,0,0,0,0,0,0,0,0,0,0,0,0,0,0,0,0,0,0,0,0,1,0,0,0,0,0,0,1,0,0,0,0,0,0,1,0,0,0,0,0,0,1,1,0,0,1,0,0,0,0,1,1,0,0,0,0,1,1,0,0,0,0,0,0,0,1,0,0,1,0,0,1,0,1,0,0,0,0,0,1,0,0,1,0,0,1,1,0,0,1,1,0,0,1,0,1,0,0,0,1,1,1,0,0,1,0,1,1,0,1,0,1,1,1,0,1,0,1,1,1,1,1,0,0,1,0,1,1,0,1,1,1,1,1,1,1,1,0
isoproturon,CC(C)C1=CC=C(C=C1)NC(=O)N(C)C,1,0,0,0,0,0,0,0,0,0,0,0,0,0,0,0,0,0,0,0,0,0,0,0,0,0,0,0,0,0,0,0,0,0,0,0,0,0,1,0,0,0,0,0,0,0,0,0,0,0,0,0,0,0,0,0,0,0,0,0,0,0,0,0,0,0,0,0,0,0,0,0,0,0,0,1,0,0,1,0,0,0,0,0,0,0,1,1,0,0,0,0,0,0,1,0,0,0,0,0,0,0,0,0,0,0,0,1,0,0,0,1,0,0,0,0,0,0,1,0,0,0,0,1,0,0,0,0,0,0,0,0,0,0,1,0,1,0,0,0,0,0,1,1,0,0,0,0,0,1,1,0,1,0,0,1,0,1,0,1,0,1,1,1,1,1,1,0
isouron,CC(C)(C)C1=CC(=NO1)NC(=O)N(C)C,1,0,0,0,0,0,0,0,0,0,0,0,0,0,0,0,0,0,0,0,0,0,0,0,0,0,0,0,0,0,0,0,0,0,0,0,0,0,1,1,0,0,0,0,0,0,0,0,0,0,0,0,0,0,0,0,0,0,1,0,0,0,0,0,0,0,1,1,0,0,0,0,1,0,0,1,0,0,1,0,0,1,0,0,1,0,1,1,0,0,0,0,0,0,1,1,1,1,1,0,0,0,0,1,0,0,0,1,0,0,0,1,0,1,0,0,0,0,1,0,0,1,1,1,0,1,0,0,0,0,0,0,0,0,1,0,1,0,1,0,0,0,1,1,0,0,0,0,0,1,1,0,1,1,0,1,0,1,0,1,1,1,1,1,0,1,1,0
isoxaflutole,CS(=O)(=O)C1=C(C=CC(=C1)C(F)(F)F)C(=O)C2=C(ON=C2)C3CC3,1,0,0,0,0,0,0,0,0,0,0,0,0,0,0,0,0,0,0,0,0,0,0,1,0,0,0,0,0,0,0,0,0,0,0,0,0,0,0,0,0,0,0,1,0,0,0,0,0,0,0,0,1,0,0,0,1,0,1,1,1,1,1,1,0,1,1,0,1,0,0,0,1,0,1,0,0,0,0,0,0,0,1,0,1,0,0,0,0,1,1,0,0,0,1,1,0,1,1,0,0,0,0,1,0,0,0,1,1,0,0,0,0,1,0,0,0,0,0,0,0,1,1,0,0,1,1,0,0,0,0,1,0,0,0,1,0,1,1,0,0,1,0,0,0,1,0,1,1,1,0,1,0,1,0,1,0,0,0,0,1,1,1,1,1,1,1,0
isoxapyrifop,CC(C(=O)N1CCCO1)OC2=CC=C(C=C2)OC3=C(C=C(C=N3)Cl)Cl,1,0,0,0,0,0,0,0,0,0,0,0,0,0,1,0,0,0,0,0,0,0,0,0,0,1,0,0,0,0,0,0,0,0,0,0,0,0,0,0,0,0,0,0,0,0,0,0,0,0,0,0,0,0,0,0,0,0,1,0,0,0,0,0,0,0,1,0,0,0,0,0,1,1,0,0,1,0,0,0,0,0,0,0,1,0,0,0,1,0,1,0,0,1,0,1,1,1,1,1,0,1,0,1,1,0,0,0,1,1,1,1,1,0,1,0,0,0,1,1,0,1,1,1,0,1,1,1,1,0,1,0,0,1,0,1,0,0,1,1,0,1,0,1,1,1,1,1,1,1,0,1,0,1,1,1,0,1,1,1,1,1,1,1,1,1,1,0
lactofen,CCOC(=O)C(C)OC(=O)C1=C(C=CC(=C1)OC2=C(C=C(C=C2)C(F)(F)F)Cl)[N+](=O)[O-],1,0,0,0,0,0,0,0,0,0,0,0,0,0,0,0,0,0,0,0,0,0,0,0,0,1,0,0,0,0,0,0,0,0,0,0,0,0,0,0,0,0,0,1,0,0,0,0,0,0,1,0,0,0,0,0,0,1,0,0,0,0,0,0,1,0,0,0,0,0,0,1,1,1,0,0,0,0,0,0,0,0,0,0,0,0,0,0,1,0,0,0,0,0,0,1,0,0,1,0,0,0,0,1,1,0,0,1,1,1,1,0,0,1,1,1,0,0,0,0,1,0,0,1,1,1,1,1,1,0,0,1,0,0,1,1,1,1,0,0,0,1,0,0,1,1,1,1,0,1,1,1,0,1,1,1,1,1,1,1,1,1,1,1,1,1,1,0
linuron,CN(C(=O)NC1=CC(=C(C=C1)Cl)Cl)OC,1,0,0,0,0,0,0,0,0,0,0,0,0,0,1,0,0,0,0,0,0,0,0,0,0,1,0,0,0,0,0,0,0,0,0,0,0,0,1,0,0,0,0,0,0,0,0,0,0,0,0,0,0,0,0,0,0,0,0,0,0,0,0,0,0,0,0,0,0,0,0,0,1,1,0,0,0,0,1,0,0,0,0,0,0,0,0,0,1,0,0,0,0,0,1,1,1,0,0,0,0,0,0,1,1,0,0,1,1,0,0,1,0,0,0,0,0,0,1,0,0,0,0,1,0,1,0,1,0,0,0,0,0,0,1,1,1,0,0,0,0,0,0,1,0,1,0,0,0,1,1,1,1,0,0,1,0,1,1,1,1,1,1,1,1,1,1,0
MCPA,CC1=C(C=CC(=C1)Cl)OCC(=O)O,1,0,0,0,0,0,0,0,0,0,0,0,0,0,0,0,0,0,0,0,0,0,0,0,0,0,0,0,0,0,0,0,0,0,0,0,0,0,0,0,0,0,0,0,0,0,0,0,0,0,0,0,0,0,0,0,0,0,0,0,0,0,0,0,0,0,0,0,0,0,0,0,0,1,0,0,0,0,0,0,0,0,0,0,0,0,0,0,1,0,0,0,0,0,0,0,0,0,0,0,0,0,0,0,1,1,0,0,1,1,1,0,0,0,1,0,0,0,0,0,0,0,0,0,1,0,0,1,1,0,0,0,0,1,0,1,0,0,0,0,1,0,0,0,1,1,0,1,0,0,0,1,0,1,1,1,1,0,1,0,1,1,0,1,1,1,1,0
mecoprop,CC1=C(C=CC(=C1)Cl)OC(C)C(=O)O,1,0,0,0,0,0,0,0,0,0,0,0,0,0,0,0,0,0,0,0,0,0,0,0,0,0,0,0,0,0,0,0,0,0,0,0,0,0,0,0,0,0,0,0,0,0,0,0,0,0,0,0,0,0,0,0,0,0,0,0,0,0,0,0,0,0,0,0,0,0,0,0,0,1,0,0,0,0,0,0,0,0,0,0,0,0,0,0,1,0,0,0,0,0,0,0,0,0,0,0,0,0,0,0,1,0,0,0,1,0,0,0,0,0,1,0,0,0,0,0,0,0,0,0,1,0,0,1,1,0,0,0,0,0,0,1,0,0,0,0,1,0,0,0,1,1,0,1,0,0,1,1,0,1,0,1,0,0,1,0,1,1,0,1,1,1,1,0
medinoterb,CC1=C(C=C(C(=C1[N+](=O)[O-])O)C(C)(C)C)[N+](=O)[O-],1,0,0,0,0,0,0,0,0,0,0,0,0,0,0,0,0,0,0,0,0,0,0,0,0,1,0,0,0,0,0,0,0,0,0,0,0,0,0,0,0,0,0,0,0,0,0,0,0,0,1,0,0,0,0,0,0,1,0,0,0,0,0,0,1,0,0,1,0,0,0,1,1,0,0,1,0,0,0,0,0,1,0,0,0,0,0,0,0,0,1,0,0,0,0,1,1,0,0,0,0,0,0,1,0,0,0,0,0,0,0,0,0,1,1,0,0,0,0,0,1,0,0,1,0,1,0,0,1,0,0,1,0,0,1,0,1,1,0,0,1,1,1,1,1,1,0,1,0,1,1,1,0,1,0,0,0,1,1,1,1,1,1,1,1,1,1,0
mefenacet,CN(C1=CC=CC=C1)C(=O)COC2=NC3=CC=CC=C3S2,1,0,0,0,0,0,0,0,0,0,0,0,0,0,0,0,0,0,0,0,0,0,0,0,0,0,0,0,0,0,0,0,0,0,0,0,0,1,0,0,0,0,0,0,0,0,0,0,1,0,0,0,0,0,0,0,0,0,0,0,0,0,0,0,0,0,1,0,0,0,0,0,0,1,0,0,0,0,0,0,0,0,1,0,1,0,1,0,0,1,0,0,0,1,1,0,1,1,0,0,0,0,1,0,0,0,1,1,0,0,1,1,1,0,1,0,0,1,1,0,0,1,1,1,0,0,1,1,1,0,0,0,0,1,1,0,1,0,1,0,0,0,0,1,1,0,1,0,0,1,0,0,0,0,1,1,1,1,1,1,1,1,1,1,1,1,1,0
mesosulfuron,COC1=CC(=NC(=N1)NC(=O)NS(=O)(=O)C2=C(C=CC(=C2)CNS(=O)(=O)C)C(=O)O)OC,1,0,0,0,0,0,0,0,0,0,0,0,0,0,0,0,0,0,0,0,0,0,0,0,0,0,1,0,0,0,0,0,0,1,1,0,0,0,1,0,0,0,0,0,1,0,0,0,0,0,0,0,1,0,0,0,1,0,0,1,1,1,1,0,0,1,1,0,1,0,1,0,0,0,1,0,0,0,1,0,0,1,1,1,0,0,0,0,0,1,1,0,0,1,1,1,0,0,1,1,0,1,0,1,0,0,0,1,0,0,0,1,0,1,1,0,0,1,1,0,0,1,1,0,1,1,1,1,1,0,0,1,1,0,1,0,1,1,1,0,1,1,1,1,1,1,1,1,0,1,1,1,1,0,1,1,1,1,1,1,1,1,1,1,1,1,1,0
mesotrione,CS(=O)(=O)C1=CC(=C(C=C1)C(=O)C2C(=O)CCCC2=O)[N+](=O)[O-],1,0,0,0,0,0,0,0,0,0,0,0,0,0,0,0,0,0,0,0,0,0,0,0,0,1,0,0,0,0,0,0,0,0,0,0,0,0,0,0,0,0,0,0,0,0,0,0,0,0,1,0,1,0,0,0,1,1,0,1,1,1,1,0,1,1,0,0,1,0,0,1,1,0,1,0,0,0,0,0,0,0,1,0,0,0,0,0,0,1,1,0,0,0,1,1,0,0,1,0,0,0,0,1,0,0,0,0,0,0,0,0,0,1,0,0,0,0,0,1,1,0,0,1,0,1,0,0,1,1,0,1,0,1,1,0,1,1,0,0,0,1,0,0,1,1,1,1,1,1,0,1,0,1,0,1,0,1,0,1,1,1,1,1,1,1,1,0
metamifop,CC(C(=O)N(C)C1=CC=CC=C1F)OC2=CC=C(C=C2)OC3=NC4=C(O3)C=C(C=C4)Cl,1,0,0,0,0,0,0,0,0,0,0,0,0,0,0,0,0,0,0,0,0,0,0,0,1,0,0,0,0,0,0,0,0,0,0,0,0,0,0,0,0,0,0,1,0,0,0,0,0,0,0,0,0,0,0,0,0,0,1,0,0,0,0,0,0,0,1,0,0,0,0,0,0,1,0,0,0,0,0,0,0,0,0,0,1,0,1,0,1,0,0,0,0,1,1,0,1,1,0,0,0,0,1,0,1,0,1,1,1,0,0,1,0,0,1,0,0,0,1,0,0,1,1,1,1,0,1,1,1,0,0,0,0,0,1,1,1,0,1,0,0,1,0,1,1,1,1,1,0,1,1,1,0,1,0,1,0,1,1,1,1,1,1,1,1,1,1,0
metamitron,CC1=NN=C(C(=O)N1N)C2=CC=CC=C2,1,0,0,0,0,0,0,0,0,0,0,0,0,0,0,0,0,0,0,0,0,0,0,0,0,0,0,0,0,0,0,0,0,0,0,0,0,0,0,1,0,0,0,0,0,0,0,0,0,0,0,0,0,1,0,0,0,0,0,0,0,0,0,1,0,0,1,0,0,0,1,0,0,0,0,0,1,0,1,0,1,1,0,0,0,1,0,0,0,0,0,0,0,1,0,1,1,0,1,1,0,0,0,0,0,0,0,0,0,0,0,1,0,0,1,0,0,0,1,0,0,1,1,1,0,1,1,0,1,0,0,1,0,0,1,0,1,0,1,0,0,0,0,1,1,1,1,0,0,1,0,1,1,0,0,1,0,1,0,0,0,1,1,1,1,1,1,0
metazachlor,CC1=C(C(=CC=C1)C)N(CN2C=CC=N2)C(=O)CCl,1,0,0,0,0,0,0,0,0,0,0,0,0,0,0,0,0,0,0,0,0,0,0,0,0,0,0,0,0,1,0,0,0,0,0,0,0,0,0,0,0,0,0,0,0,0,0,0,0,0,0,0,0,1,0,0,0,0,0,0,0,0,0,0,0,0,1,0,0,0,0,0,0,0,0,0,1,0,1,0,1,1,0,0,1,0,1,0,0,0,0,0,0,1,0,1,0,1,1,0,0,1,0,0,1,0,0,0,0,1,0,1,1,0,0,0,0,0,1,0,0,1,1,1,0,1,1,0,0,0,1,0,0,1,1,1,1,0,1,1,0,0,0,1,0,1,0,0,0,1,1,1,0,0,1,1,1,1,0,1,0,1,1,1,1,1,1,0
metazosulfuron,CC1CON=C(O1)C2=C(N(N=C2Cl)C)S(=O)(=O)NC(=O)NC3=NC(=CC(=N3)OC)OC,1,0,0,0,0,0,0,0,0,0,0,0,0,0,0,0,0,0,0,0,0,0,0,0,0,1,1,0,0,0,0,0,0,1,1,0,0,0,1,0,0,0,0,0,1,0,0,0,1,0,0,0,1,1,0,0,1,0,1,1,1,1,1,1,0,1,1,0,1,0,1,0,1,1,1,0,1,0,1,1,1,1,1,0,1,0,0,0,1,1,1,0,0,1,1,1,1,1,1,1,0,0,0,1,1,0,0,1,1,0,1,1,1,1,1,0,1,0,1,0,1,1,1,1,0,1,1,1,1,0,0,1,1,1,1,1,1,1,1,0,0,1,1,1,1,1,1,1,0,1,1,1,1,1,1,1,0,1,1,1,1,1,1,1,1,1,1,0
methabenzthiazuron,CNC(=O)N(C)C1=NC2=CC=CC=C2S1,1,0,0,0,0,0,0,0,0,0,0,0,0,0,0,0,0,0,0,0,0,0,0,0,0,0,0,0,0,0,0,0,0,0,0,0,0,1,1,0,0,0,0,0,0,0,0,0,1,0,0,0,0,0,0,0,0,0,0,0,0,0,0,0,0,0,1,0,0,0,0,0,0,0,0,0,0,0,1,0,0,1,1,0,1,0,1,0,0,1,0,0,0,0,1,0,0,1,1,0,0,0,1,0,0,0,1,1,0,0,0,1,0,0,0,0,0,0,1,0,0,1,1,1,0,0,1,0,0,0,0,0,0,0,1,0,1,0,1,0,0,0,0,1,0,0,0,0,0,1,1,0,1,0,0,1,0,1,0,1,0,1,1,1,1,1,1,0
methoprotryne,CC(C)NC1=NC(=NC(=N1)NCCCOC)SC,1,0,0,0,0,0,0,0,0,0,0,0,0,0,0,0,0,0,0,0,0,0,0,0,0,0,1,0,0,0,0,0,0,0,0,0,0,0,0,0,0,0,0,0,0,0,0,0,1,0,0,0,0,0,1,0,0,0,0,0,1,0,0,0,0,1,1,0,0,0,0,0,0,0,0,1,0,0,1,0,0,1,1,1,0,0,0,1,0,1,0,1,0,0,1,0,0,0,1,1,0,1,0,0,0,1,0,1,0,1,1,0,1,0,0,0,1,1,0,1,0,1,1,0,0,0,0,1,0,0,0,0,1,1,1,0,1,0,1,1,0,0,1,1,0,0,0,0,1,0,1,0,1,0,1,0,1,1,1,1,0,1,1,1,1,1,1,0
metobenzuron,CC1(CC(OC2=C1C=CC(=C2)OC3=CC=C(C=C3)NC(=O)N(C)OC)(C)OC)C,1,0,0,0,0,0,0,0,0,0,0,0,0,0,1,0,0,0,0,0,0,0,0,0,0,1,0,0,0,0,0,0,0,0,0,0,0,0,1,0,0,0,0,0,0,0,0,0,0,0,0,0,0,0,0,0,0,0,1,0,0,0,0,0,0,0,0,1,0,0,0,0,1,1,0,1,0,0,1,0,0,0,0,0,0,0,0,0,0,0,1,0,0,0,1,1,1,0,0,1,0,0,1,1,0,0,1,1,0,0,0,1,0,1,1,0,1,1,1,0,0,0,0,1,1,1,1,1,1,0,0,0,0,1,1,0,1,0,1,0,0,1,1,1,1,1,1,1,0,1,1,0,1,1,0,1,0,1,1,1,1,1,1,1,1,1,1,0
metobromuron,CN(C(=O)NC1=CC=C(C=C1)Br)OC,1,0,0,0,0,0,0,0,0,0,0,0,0,0,1,0,0,0,0,0,0,0,0,0,0,1,0,0,0,0,0,0,0,0,0,0,0,0,1,0,0,0,0,0,0,0,0,1,0,0,0,0,0,0,0,0,0,0,0,0,0,0,0,0,0,0,0,0,0,0,0,0,1,1,0,0,0,0,1,0,0,0,0,0,0,0,0,0,1,0,0,0,0,0,1,1,1,0,0,0,0,0,0,1,0,0,0,1,1,0,0,1,0,0,0,0,0,0,1,0,0,0,0,1,0,1,0,1,0,0,0,0,0,0,1,1,1,0,0,0,0,0,0,1,0,0,0,0,0,1,1,0,1,0,0,1,0,1,1,1,1,1,1,1,1,1,1,0
metolachlor,CCC1=CC=CC(=C1N(C(C)COC)C(=O)CCl)C,1,0,0,0,0,0,0,0,0,0,0,0,0,0,0,0,0,0,0,0,0,0,0,0,0,0,0,0,0,0,0,0,0,0,0,0,0,0,0,0,0,0,0,0,0,0,0,0,0,0,0,0,0,0,0,0,0,0,0,0,0,0,0,0,0,0,0,0,0,0,0,0,0,0,0,0,0,0,0,0,0,0,0,0,0,0,1,1,0,0,0,0,0,1,1,0,1,0,0,0,0,0,0,0,1,0,0,0,0,1,1,1,1,0,0,1,1,0,1,0,0,0,0,1,0,0,0,1,0,1,0,0,0,1,1,1,1,0,0,1,0,0,1,0,0,1,0,0,0,1,1,1,0,0,1,1,1,1,1,1,1,1,1,1,1,1,1,0
metosulam,CC1=C(C(=C(C=C1)Cl)NS(=O)(=O)C2=NN3C(=CC(=NC3=N2)OC)OC)Cl,1,0,0,0,0,0,0,0,0,0,0,0,0,0,0,0,0,0,0,0,0,0,0,0,0,0,1,0,0,0,0,0,0,1,1,0,0,0,0,0,0,0,0,0,0,0,0,0,1,0,0,0,1,1,0,0,1,0,0,1,1,1,1,0,0,1,1,0,1,0,1,0,0,0,1,0,0,0,1,0,1,1,1,0,1,0,0,0,1,1,1,0,0,1,1,1,1,1,1,1,0,0,1,1,1,0,1,1,1,0,0,1,0,1,1,0,0,0,1,0,0,1,1,1,0,1,1,1,1,0,0,1,0,0,1,1,1,1,1,0,0,1,1,1,1,1,1,1,0,1,1,1,1,0,0,0,0,1,1,1,1,1,1,1,1,1,1,0
metoxuron,CN(C)C(=O)NC1=CC(=C(C=C1)OC)Cl,1,0,0,0,0,0,0,0,0,0,0,0,0,0,0,0,0,0,0,0,0,0,0,0,0,0,0,0,0,0,0,0,0,0,0,0,0,0,1,0,0,0,0,0,0,0,0,0,0,0,0,0,0,0,0,0,0,0,0,0,0,0,0,0,0,0,0,0,0,0,0,0,0,0,0,1,0,0,1,0,0,0,0,0,0,0,1,1,1,0,0,0,0,0,1,0,0,0,0,0,0,0,0,0,1,0,0,1,1,0,0,1,0,0,1,0,0,0,1,0,0,0,0,1,0,0,0,1,1,0,0,0,0,0,1,1,1,0,0,0,0,0,1,1,1,1,0,0,0,1,1,1,1,1,0,1,0,1,1,1,1,1,1,1,1,1,1,0
metribuzin,CC(C)(C)C1=NN=C(N(C1=O)N)SC,1,0,0,0,0,0,0,0,0,0,0,0,0,0,0,0,0,0,0,0,0,0,0,0,0,0,0,0,0,0,0,0,0,0,0,0,0,0,0,0,0,0,0,0,0,0,0,0,1,0,0,0,0,1,0,0,0,0,0,0,1,0,0,0,0,1,1,1,0,0,1,0,0,0,0,1,1,0,1,0,1,1,1,0,0,1,0,0,0,1,0,0,0,1,1,1,1,0,1,1,0,0,0,0,0,0,0,1,0,0,0,1,0,1,1,0,0,0,1,0,0,1,1,1,0,1,0,0,1,0,0,1,0,0,1,0,1,0,1,0,0,0,1,1,1,1,0,0,0,1,1,1,1,0,0,1,0,1,0,0,0,1,1,1,1,1,1,0
metsulfuron,CC1=NC(=NC(=N1)OC)NC(=O)NS(=O)(=O)C2=CC=CC=C2C(=O)O,1,0,0,0,0,0,0,0,0,0,0,0,0,0,0,0,0,0,0,0,0,0,0,0,0,0,1,0,0,0,0,0,0,1,1,0,0,0,1,1,0,0,0,0,1,0,0,0,0,0,0,0,1,0,0,0,1,0,0,1,1,1,1,0,0,1,1,0,1,0,1,0,0,0,1,0,0,0,1,0,0,1,1,0,0,0,0,0,0,1,1,0,0,0,1,1,0,0,1,1,0,0,0,1,0,0,0,1,0,0,0,1,0,1,1,0,0,0,1,0,0,1,1,0,1,1,1,1,1,0,0,1,1,0,1,0,1,1,1,0,1,1,0,1,1,1,1,1,0,1,1,1,1,0,0,1,0,1,1,1,1,1,1,1,1,1,1,0
molinate,CCSC(=O)N1CCCCCC1,1,0,0,0,0,0,0,0,0,0,0,0,0,0,0,0,0,0,0,0,1,0,0,0,0,0,0,0,0,0,0,0,0,0,0,0,0,0,0,0,0,0,0,0,0,0,0,0,1,0,0,0,0,0,0,0,0,0,0,0,0,0,0,0,0,0,0,0,0,0,0,0,0,0,0,0,1,0,0,0,0,0,1,0,0,0,1,1,0,1,0,0,0,0,0,0,0,0,0,0,0,1,0,0,0,0,0,1,0,0,0,1,1,0,0,1,0,0,1,1,0,0,1,1,0,0,0,0,0,1,1,0,0,0,0,0,0,0,1,1,0,0,0,0,0,0,0,0,1,1,0,0,0,0,1,1,1,1,0,1,0,1,1,0,0,1,1,0
neburon,CCCCN(C)C(=O)NC1=CC(=C(C=C1)Cl)Cl,1,0,0,0,0,0,0,0,0,0,0,0,0,0,0,0,0,0,0,0,0,0,0,0,0,0,0,0,0,0,0,0,0,0,0,0,0,0,1,0,0,0,0,0,0,0,0,0,0,0,0,0,0,0,0,0,0,0,0,0,0,0,0,0,0,0,0,0,0,0,0,0,0,0,0,0,0,0,1,0,0,0,0,0,0,0,1,1,1,0,0,1,1,0,1,0,0,0,0,0,0,1,0,0,1,0,0,1,1,1,0,1,1,0,0,1,1,1,1,1,0,0,0,1,0,0,0,0,0,0,0,0,0,0,1,1,1,0,0,0,0,0,0,1,0,1,0,0,1,1,1,1,1,0,1,1,1,1,0,1,0,1,1,1,1,1,1,0
nicosulfuron,CN(C)C(=O)C1=C(N=CC=C1)S(=O)(=O)NC(=O)NC2=NC(=CC(=N2)OC)OC,1,0,0,0,0,0,0,0,0,0,0,0,0,0,0,0,0,0,0,0,0,0,0,0,0,0,1,0,0,0,0,0,0,1,1,0,0,0,1,0,0,0,0,0,1,0,0,0,1,0,0,0,1,0,0,0,1,0,0,1,1,1,1,0,0,1,1,0,1,0,1,0,0,0,1,1,0,0,1,0,1,1,1,0,0,0,1,1,0,1,1,0,0,1,1,1,1,0,1,1,0,0,0,1,0,0,0,1,0,0,0,1,0,1,1,0,0,0,1,0,0,1,1,1,0,1,1,1,1,0,0,1,1,0,1,0,1,1,1,0,0,1,1,1,1,1,1,1,0,1,1,1,1,0,0,1,0,1,1,1,1,1,1,1,1,1,1,0
nitralin,CCCN(CCC)C1=C(C=C(C=C1[N+](=O)[O-])S(=O)(=O)C)[N+](=O)[O-],1,0,0,0,0,0,0,0,0,0,0,0,0,0,0,0,0,0,0,0,0,0,0,0,0,1,0,0,0,0,0,0,0,0,0,0,0,0,0,0,0,0,0,0,0,0,0,0,0,0,1,0,1,0,0,0,1,1,0,1,1,1,1,0,1,1,0,0,1,0,0,1,1,0,1,0,0,0,0,0,1,1,1,0,0,0,1,1,0,1,0,0,0,0,1,1,0,0,1,0,0,1,0,1,0,0,0,0,0,1,0,0,1,1,0,1,1,0,0,1,1,0,0,1,0,1,0,0,0,1,1,1,0,0,1,0,1,1,0,1,0,1,1,1,0,1,0,1,1,1,1,1,0,0,1,0,1,1,0,1,1,1,1,1,1,1,1,0
nitrofen,C1=CC(=CC=C1[N+](=O)[O-])OC2=C(C=C(C=C2)Cl)Cl,1,0,0,0,0,0,0,0,0,0,0,0,0,0,0,0,0,0,0,0,0,0,0,0,0,1,0,0,0,0,0,0,0,0,0,0,0,0,0,0,0,0,0,0,0,0,0,0,0,0,1,0,0,0,0,0,0,1,0,0,0,0,0,0,1,0,0,0,0,0,0,1,1,0,0,0,0,0,0,0,0,0,0,0,0,0,0,0,1,0,0,0,0,0,0,1,0,0,0,0,0,0,0,1,1,0,0,0,1,0,0,0,0,0,1,0,0,0,0,0,1,0,0,1,0,1,1,1,1,0,0,1,0,0,1,1,1,0,0,0,0,0,0,0,1,1,1,1,0,1,0,1,0,1,0,0,0,1,1,1,1,0,1,1,1,1,1,0
norflurazon,CNC1=C(C(=O)N(N=C1)C2=CC=CC(=C2)C(F)(F)F)Cl,1,0,0,0,0,0,0,0,0,0,0,0,0,0,0,0,0,0,0,0,0,0,0,0,0,0,0,0,0,0,0,0,0,0,0,0,0,0,0,0,0,0,0,1,0,0,0,0,0,0,0,0,0,1,0,0,0,0,0,0,0,0,0,1,0,0,1,0,0,0,0,0,0,0,0,0,1,0,0,0,1,1,0,0,0,0,0,0,1,0,0,0,0,1,1,1,1,0,1,1,0,0,0,0,1,0,0,1,1,0,0,1,0,1,1,0,0,0,1,0,0,1,1,1,0,1,1,0,1,0,0,0,0,0,1,1,1,0,1,0,0,0,0,1,1,1,1,0,0,1,0,1,1,0,0,1,0,1,0,1,0,1,1,1,1,1,1,0
orbencarb,CCN(CC)C(=O)SCC1=CC=CC=C1Cl,1,0,0,0,0,0,0,0,0,0,0,0,0,0,0,0,0,0,0,0,0,0,0,0,0,0,0,0,0,0,0,0,0,0,0,0,0,0,0,0,0,0,0,0,0,0,0,0,1,0,0,0,0,0,0,0,0,0,0,0,0,0,0,0,0,0,0,0,0,0,0,0,0,0,0,0,0,0,0,0,0,0,1,0,0,0,1,1,1,1,0,0,0,0,0,0,0,0,0,0,0,1,0,0,1,0,0,1,1,0,0,1,0,0,0,1,0,1,1,0,0,0,0,1,0,0,0,0,0,1,0,0,0,0,0,1,0,0,0,1,0,0,0,0,0,1,0,0,0,1,1,1,0,0,1,1,1,1,0,1,0,1,1,1,1,1,1,0
orthosulfamuron,CN(C)C(=O)C1=CC=CC=C1NS(=O)(=O)NC(=O)NC2=NC(=CC(=N2)OC)OC,1,0,0,0,0,0,0,0,0,0,0,0,0,0,0,0,0,0,0,0,0,0,0,0,0,0,1,0,0,0,0,0,0,0,1,0,0,0,1,0,0,0,0,0,1,0,0,0,0,0,0,0,0,0,1,0,1,0,0,1,0,1,1,0,0,0,1,0,1,0,1,0,0,0,1,1,0,0,1,0,0,1,0,0,0,0,1,1,0,1,1,0,0,1,1,1,0,0,1,1,0,0,0,1,0,0,0,1,0,0,0,1,0,1,1,0,0,0,1,0,0,1,1,1,0,1,1,1,1,0,0,1,1,0,1,0,1,1,1,0,0,1,1,1,1,1,1,1,0,1,1,1,1,0,0,1,0,1,1,1,1,1,1,1,1,1,1,0
oryzalin,CCCN(CCC)C1=C(C=C(C=C1[N+](=O)[O-])S(=O)(=O)N)[N+](=O)[O-],1,0,0,0,0,0,0,0,0,0,0,0,0,0,0,0,0,0,0,0,0,0,0,0,0,1,0,0,0,0,0,0,0,1,1,0,0,0,0,0,0,0,0,0,0,0,0,0,0,0,1,0,1,0,0,0,1,1,0,1,1,1,1,0,1,1,0,0,1,0,1,1,1,0,1,0,0,0,0,0,1,1,1,0,0,1,1,1,0,1,0,0,0,0,0,1,0,0,1,0,0,1,0,1,0,0,0,1,0,1,0,0,1,1,0,1,1,0,1,1,1,0,0,1,0,1,0,0,0,1,1,1,0,0,1,0,1,1,0,1,0,1,0,1,0,1,0,1,1,1,1,1,1,0,1,0,1,1,0,1,1,1,1,1,1,1,1,0
oxadiargyl,CC(C)(C)C1=NN(C(=O)O1)C2=CC(=C(C=C2Cl)Cl)OCC#C,1,0,0,0,0,0,0,0,0,0,0,0,0,0,0,0,0,0,1,0,0,0,0,0,1,0,0,0,0,0,0,0,0,0,0,0,0,0,0,0,0,0,0,0,0,0,0,0,0,0,0,0,0,1,0,0,0,0,1,0,0,0,0,1,0,0,1,1,0,0,0,0,0,0,0,1,1,0,0,0,0,1,0,0,1,0,0,0,1,0,0,0,0,1,0,1,1,1,1,0,0,0,0,0,1,0,0,1,1,0,1,1,0,1,1,0,0,0,1,0,0,1,1,1,1,1,1,1,1,0,0,0,0,0,1,1,1,0,1,0,0,0,1,1,1,1,0,1,0,1,1,1,0,1,1,1,1,1,1,1,1,1,1,1,1,1,1,0
oxasulfuron,CC1=CC(=NC(=N1)NC(=O)NS(=O)(=O)C2=CC=CC=C2C(=O)OC3COC3)C,1,0,0,0,0,0,0,0,0,1,0,0,1,0,0,0,0,0,0,0,0,0,0,0,0,0,1,0,0,0,0,0,0,1,1,0,0,0,1,0,0,0,0,0,1,0,0,0,0,0,0,0,1,0,0,0,1,0,1,1,1,1,1,0,0,1,1,0,1,0,1,0,0,1,1,0,0,0,1,0,0,1,1,0,0,0,0,1,0,1,1,0,0,0,0,1,0,0,1,1,0,0,0,1,0,0,0,1,0,0,1,1,0,1,0,0,0,0,1,0,0,1,1,0,1,1,1,1,1,0,0,1,1,1,1,0,1,1,1,1,0,1,0,1,1,1,1,1,0,1,1,1,1,1,1,1,0,1,1,1,1,1,1,1,1,1,1,0
oxyfluorfen,CCOC1=C(C=CC(=C1)OC2=C(C=C(C=C2)C(F)(F)F)Cl)[N+](=O)[O-],1,0,0,0,0,0,0,0,0,0,0,0,0,0,0,0,0,0,0,0,0,0,0,0,0,1,0,0,0,0,0,0,0,0,0,0,0,0,0,0,0,0,0,1,0,0,0,0,0,0,1,0,0,0,0,0,0,1,0,0,0,0,0,0,1,0,0,0,0,0,0,1,1,0,0,0,0,0,0,0,0,0,0,0,0,0,0,0,1,0,1,0,0,0,0,1,1,0,0,0,0,0,0,1,1,0,0,1,1,0,1,0,0,1,1,1,0,0,0,0,1,0,0,1,0,1,1,1,1,0,0,1,0,0,1,1,1,0,0,0,0,1,0,0,1,1,1,1,0,1,0,1,0,1,1,0,1,1,1,1,1,1,1,1,1,1,1,0
parafluron,CN(C)C(=O)NC1=CC=C(C=C1)C(F)(F)F,1,0,0,0,0,0,0,0,0,0,0,0,0,0,0,0,0,0,0,0,0,0,0,0,0,0,0,0,0,0,0,0,0,0,0,0,0,0,1,0,0,0,0,1,0,0,0,0,0,0,0,0,0,0,0,0,0,0,0,0,0,0,0,0,0,0,0,0,0,0,0,0,0,0,0,1,0,0,1,0,0,0,0,0,0,0,1,1,0,0,0,0,0,0,1,0,0,0,0,0,0,0,0,0,0,0,0,1,1,0,0,1,0,1,0,0,0,0,1,0,0,0,0,1,0,0,0,0,0,0,0,0,0,0,1,1,1,0,0,0,0,0,0,1,0,0,0,0,0,1,1,0,1,0,0,1,0,1,0,1,0,1,1,1,1,1,1,0
penoxsulam,COC1=CN=C(N2C1=NC(=N2)NS(=O)(=O)C3=C(C=CC=C3OCC(F)F)C(F)(F)F)OC,1,0,0,0,0,0,0,0,0,0,0,0,0,0,0,0,0,0,0,0,0,0,0,0,0,0,1,0,0,0,0,0,0,1,1,0,0,0,1,1,0,0,0,1,0,0,0,0,0,0,0,0,1,1,0,0,1,0,0,1,1,1,1,0,0,1,1,0,1,0,1,0,0,0,1,0,0,0,1,0,1,1,1,0,1,0,0,0,0,1,1,0,0,0,1,1,1,1,1,1,0,0,1,1,0,0,1,1,1,0,1,1,0,1,1,0,0,0,1,0,0,1,1,1,0,1,1,1,1,0,0,1,0,0,1,1,1,1,1,0,0,1,0,1,1,1,1,1,0,1,1,1,1,1,1,0,1,1,1,1,1,1,1,1,1,1,1,0
pentanochlor,CCCC(C)C(=O)NC1=CC(=C(C=C1)C)Cl,1,0,0,0,0,0,0,0,0,0,0,0,0,0,0,0,0,0,0,0,0,0,0,0,0,0,0,0,0,0,0,0,0,0,0,0,0,0,0,0,0,0,0,0,0,0,0,0,0,0,0,0,0,0,0,0,0,0,0,0,0,0,0,0,0,0,0,0,0,0,0,0,0,0,0,0,0,0,0,0,0,0,0,0,0,0,0,0,1,0,0,1,1,1,0,0,0,0,0,0,0,0,0,0,1,0,0,0,1,0,0,1,0,0,0,1,1,1,1,1,0,0,0,0,0,0,0,0,0,0,0,0,0,0,1,1,1,0,0,0,0,0,1,0,0,1,0,0,1,0,1,1,1,0,0,1,1,1,0,1,0,1,1,1,1,1,1,0
pentoxazone,CC(=C1C(=O)N(C(=O)O1)C2=CC(=C(C=C2F)Cl)OC3CCCC3)C,1,0,0,0,0,0,0,0,0,0,0,0,0,0,0,0,0,0,0,0,0,0,0,0,1,0,0,0,0,0,0,0,0,0,0,0,0,0,0,0,0,0,0,1,0,0,0,0,0,0,0,1,0,0,0,0,0,0,1,0,0,0,0,1,0,0,0,0,0,0,0,0,0,1,0,1,1,1,0,0,0,0,0,0,1,0,1,0,1,0,1,0,0,1,0,0,1,1,1,0,1,0,0,0,1,0,0,1,1,0,0,1,0,0,1,0,0,0,1,1,0,1,1,1,1,0,0,1,1,0,1,0,0,1,1,1,1,1,1,0,0,1,0,0,1,1,0,1,1,1,1,1,0,1,0,1,0,1,1,1,1,1,1,1,1,1,1,0
pethoxamid,CCOCCN(C(=O)CCl)C(=C(C)C)C1=CC=CC=C1,1,0,0,0,0,0,0,0,0,0,0,0,0,0,0,0,0,0,0,0,0,0,0,0,0,0,0,0,0,0,0,0,0,0,0,0,0,0,0,0,0,0,0,0,0,0,1,0,0,0,0,1,0,0,0,0,0,0,0,0,0,0,0,0,0,0,0,0,0,0,0,0,0,0,0,1,0,1,0,0,0,0,0,0,0,0,1,1,0,0,0,0,0,1,0,0,1,0,0,0,1,1,0,0,1,0,0,0,0,1,1,1,1,0,0,1,0,1,1,1,0,0,0,1,0,0,0,1,0,1,1,0,0,1,0,1,0,0,0,1,0,0,1,0,0,0,0,0,1,1,1,0,0,0,1,1,1,1,1,1,1,1,1,1,1,1,1,0
phenisopham,CCN(C1=CC=CC=C1)C(=O)OC2=CC=CC(=C2)NC(=O)OC(C)C,1,0,0,0,0,0,0,0,0,0,0,0,0,0,0,0,0,0,0,0,0,0,0,0,1,0,0,0,0,0,0,0,0,0,0,0,0,0,0,0,0,0,0,0,0,0,0,0,0,0,0,0,0,0,0,0,0,0,0,0,0,0,0,0,0,0,0,0,0,0,0,0,0,0,0,1,0,0,0,0,0,0,0,0,0,0,1,0,0,0,0,0,0,0,0,0,0,0,1,0,0,1,0,0,0,0,0,1,0,0,0,1,0,0,1,1,0,0,1,0,0,0,0,1,1,0,1,1,1,0,0,0,0,0,1,0,1,1,0,0,0,1,1,1,1,0,1,1,0,1,1,0,1,1,1,1,1,1,1,1,1,1,1,1,1,1,1,0
phenmedipham,CC1=CC(=CC=C1)NC(=O)OC2=CC=CC(=C2)NC(=O)OC,1,0,0,0,0,0,0,0,0,0,0,0,0,0,0,0,0,0,0,0,0,0,0,0,1,0,0,0,0,0,0,0,0,0,0,0,0,0,0,0,0,0,0,0,0,0,0,0,0,0,0,0,0,0,0,0,0,0,0,0,0,0,0,0,0,0,0,0,0,0,0,0,0,0,0,0,0,0,0,0,0,0,0,0,0,0,0,0,0,0,0,0,0,0,1,0,0,0,1,0,0,0,0,0,0,0,0,1,0,0,0,1,0,0,1,0,0,0,1,0,0,0,0,0,1,0,1,1,1,0,0,0,1,0,1,0,1,1,0,0,0,1,0,1,1,0,1,1,0,0,1,0,1,1,0,1,0,1,1,1,1,1,1,1,1,1,1,0
picloram,C1(=C(C(=NC(=C1Cl)Cl)C(=O)O)Cl)N,1,0,0,0,0,0,0,0,0,0,0,0,0,0,0,0,0,0,0,0,0,0,0,0,0,0,0,0,0,0,0,0,0,0,0,0,0,0,0,0,0,0,0,0,0,0,0,0,0,0,0,0,0,0,0,0,0,0,0,0,0,0,0,0,0,0,1,0,0,0,0,0,0,0,0,0,0,0,0,0,0,1,0,0,0,1,0,0,1,0,0,0,0,0,0,0,1,0,0,1,0,0,0,0,1,0,0,0,1,0,0,0,0,0,0,0,0,0,0,0,0,0,1,0,1,0,0,0,0,0,0,0,1,0,1,1,1,0,1,0,1,0,0,1,0,1,0,0,0,0,0,1,1,0,0,1,0,1,1,1,1,0,1,1,1,1,1,0
picolinafen,C1=CC(=CC(=C1)OC2=CC=CC(=N2)C(=O)NC3=CC=C(C=C3)F)C(F)(F)F,1,0,0,0,0,0,0,0,0,0,0,0,0,0,0,0,0,0,0,0,0,0,0,0,0,0,0,0,0,0,0,0,0,0,0,0,0,0,0,0,0,0,0,1,0,0,0,0,0,0,0,0,0,0,0,0,0,0,0,0,0,0,0,0,0,0,1,0,0,0,0,0,0,0,0,0,0,0,0,0,1,0,0,0,0,0,0,0,1,0,0,0,0,1,0,0,1,0,0,1,0,0,0,0,0,0,0,1,1,0,0,1,0,1,1,0,0,0,1,0,0,0,1,0,0,0,1,1,1,0,0,0,0,0,1,1,1,0,1,0,0,0,0,1,1,0,1,0,0,0,0,0,1,1,0,1,0,1,1,1,1,0,1,1,1,1,1,0
pinoxaden,CCC1=CC(=CC(=C1C2=C(N3CCOCCN3C2=O)OC(=O)C(C)(C)C)CC)C,1,0,0,0,0,0,0,0,0,0,0,0,0,0,0,0,0,0,0,0,1,0,0,0,0,0,0,0,0,0,0,0,0,0,0,0,0,0,0,0,0,0,0,0,0,0,0,0,0,0,0,0,0,1,0,0,0,0,1,0,0,0,0,1,0,0,1,1,0,0,0,0,0,0,0,1,0,0,0,0,0,1,0,0,1,0,0,1,0,0,1,0,0,1,0,1,1,1,1,0,0,1,1,0,0,0,1,0,0,1,1,1,1,1,1,1,0,0,1,1,0,1,1,1,1,1,1,1,1,1,1,0,0,1,0,0,0,1,1,1,0,1,1,1,1,1,0,1,1,1,1,1,0,0,1,1,1,1,1,1,1,1,1,1,1,1,1,0
piperophos,CCCOP(=S)(OCCC)SCC(=O)N1CCCCC1C,1,0,0,0,0,0,0,0,0,0,0,0,0,0,0,0,0,0,0,0,0,0,0,0,0,0,0,0,0,0,1,0,0,0,0,0,0,0,0,0,0,0,0,0,0,0,0,0,0,0,0,0,0,0,0,0,0,0,0,0,0,0,0,0,0,0,0,0,1,0,0,0,0,0,1,0,1,0,0,0,0,0,1,0,0,0,1,0,0,1,0,0,0,1,0,0,0,0,0,1,0,1,0,1,0,0,0,1,0,1,1,1,1,1,0,1,1,1,1,1,0,0,1,1,0,1,0,1,0,1,1,1,0,1,0,0,0,0,1,1,0,0,1,0,0,0,0,1,1,1,1,1,0,0,1,1,1,1,1,1,1,1,1,0,1,1,1,0
pretilachlor,CCCOCCN(C1=C(C=CC=C1CC)CC)C(=O)CCl,1,0,0,0,0,0,0,0,0,0,0,0,0,0,0,0,0,0,0,0,0,0,0,0,0,0,0,0,0,0,0,0,0,0,0,0,0,0,0,0,0,0,0,0,0,0,0,0,0,0,0,0,0,0,0,0,0,0,0,0,0,0,0,0,0,0,0,0,0,0,0,0,0,0,0,0,0,0,0,0,0,0,0,0,0,0,1,1,0,0,0,0,0,1,0,0,1,0,0,0,0,1,0,0,1,0,0,0,0,1,1,1,1,0,0,1,1,0,1,1,0,0,0,1,0,0,0,1,0,1,1,0,0,1,1,1,1,0,0,1,0,0,1,0,0,1,0,0,1,1,1,1,0,0,1,1,1,1,1,1,1,1,1,1,1,1,1,0
primisulfuron,C1=CC=C(C(=C1)C(=O)O)S(=O)(=O)NC(=O)NC2=NC(=CC(=N2)OC(F)F)OC(F)F,1,0,0,0,0,0,0,0,0,0,0,0,0,0,0,0,0,0,0,0,0,0,0,0,0,0,1,0,0,0,0,0,0,1,1,0,0,0,1,0,0,0,0,1,1,0,0,0,0,0,0,0,1,0,0,0,1,0,0,1,1,1,1,0,0,1,1,0,1,0,1,0,0,0,1,0,0,0,1,0,0,1,1,0,0,0,0,0,0,1,1,0,0,1,0,1,0,0,1,1,0,0,0,1,0,0,0,1,1,0,0,1,0,1,1,0,0,0,1,0,0,1,1,0,1,1,1,1,1,0,0,1,1,0,1,1,1,1,1,0,1,1,0,1,1,1,1,1,0,1,0,1,1,0,0,1,0,1,1,1,1,0,1,1,1,1,1,0
procyazine,CC(C)(C#N)NC1=NC(=NC(=N1)NC2CC2)Cl,1,0,0,0,0,0,0,0,0,0,0,0,0,0,0,0,0,0,0,0,0,0,0,1,0,0,1,0,0,0,0,0,0,0,0,0,0,0,0,0,0,0,1,0,0,0,0,0,0,0,0,0,0,0,1,0,0,0,0,0,0,0,0,0,0,0,1,1,0,0,0,0,0,0,0,1,0,0,1,0,1,1,0,0,0,0,0,0,1,0,0,1,0,0,0,0,0,0,0,1,0,0,0,0,1,1,0,1,1,0,0,0,1,1,0,0,0,0,0,0,0,1,1,0,0,0,0,0,0,0,0,0,1,0,1,1,1,0,1,0,0,0,0,1,0,0,0,0,1,0,1,0,1,0,0,0,0,1,0,1,0,1,1,1,1,0,1,0
prodiamine,CCCN(CCC)C1=C(C=C(C(=C1[N+](=O)[O-])N)C(F)(F)F)[N+](=O)[O-],1,0,0,0,0,0,0,0,0,0,0,0,0,0,0,0,0,0,0,0,0,0,0,0,0,1,0,0,0,0,0,0,0,0,0,0,0,0,0,0,0,0,0,1,0,0,0,0,0,0,1,0,0,0,0,0,0,1,0,0,0,0,0,0,1,0,0,0,0,0,0,1,1,0,0,0,0,0,0,0,1,1,0,0,0,1,1,1,0,0,0,0,0,0,0,1,0,0,1,0,0,1,0,1,0,0,0,1,1,1,0,0,1,1,0,1,1,0,0,1,1,0,0,1,0,1,0,0,0,1,1,1,0,0,1,1,1,1,0,1,0,1,0,1,0,1,0,1,1,1,1,1,1,0,1,0,1,1,0,1,1,1,1,1,1,1,1,0
profluralin,CCCN(CC1CC1)C2=C(C=C(C=C2[N+](=O)[O-])C(F)(F)F)[N+](=O)[O-],1,0,0,0,0,0,0,0,0,0,0,0,0,0,0,0,0,0,0,0,0,0,0,1,0,1,0,0,0,0,0,0,0,0,0,0,0,0,0,0,0,0,0,1,0,0,0,0,0,0,1,0,0,0,0,0,0,1,0,0,0,0,0,0,1,0,0,0,0,0,0,1,1,0,0,0,0,0,0,0,1,1,0,0,0,0,1,1,0,0,0,0,0,0,0,1,0,0,1,0,0,1,0,1,0,0,0,1,1,1,0,0,1,1,0,1,1,0,0,1,1,0,0,1,0,1,0,0,0,1,1,1,0,0,1,1,1,1,0,1,0,1,0,1,0,1,0,1,1,1,0,1,0,0,1,0,1,1,0,1,1,1,1,1,1,1,1,0
proglinazine,CC(C)NC1=NC(=NC(=N1)NCC(=O)O)Cl,1,0,0,0,0,0,0,0,0,0,0,0,0,0,0,0,0,0,0,0,0,0,0,0,0,0,1,0,0,0,0,0,0,0,0,0,0,0,0,0,0,0,0,0,0,0,0,0,0,0,0,0,0,0,1,1,0,0,0,0,0,0,0,0,0,0,1,0,0,0,0,0,0,0,0,1,0,0,1,0,0,1,0,1,0,0,0,0,1,0,0,0,0,0,0,0,1,0,0,1,0,1,0,0,1,1,0,1,1,0,0,0,0,0,0,0,0,0,0,0,0,1,1,0,1,0,0,0,0,0,0,0,1,1,1,1,1,0,1,0,1,0,0,1,0,0,0,0,0,0,1,0,1,0,1,1,1,1,1,1,1,1,1,1,1,1,1,0
prometon,CC(C)NC1=NC(=NC(=N1)OC)NC(C)C,1,0,0,0,0,0,0,0,0,0,0,0,0,0,0,0,0,0,0,0,0,0,0,0,0,0,1,0,0,0,0,0,0,0,0,0,0,0,1,0,0,0,0,0,0,0,0,0,0,0,0,0,0,0,1,0,0,0,0,0,0,0,0,0,0,0,1,0,0,0,0,0,0,0,0,1,0,0,1,0,0,1,0,0,0,0,0,0,0,0,0,0,0,0,1,0,0,0,1,1,0,0,0,0,0,0,0,1,0,0,0,1,0,0,1,0,0,0,1,0,0,1,1,0,0,0,0,1,1,0,0,0,1,0,1,0,1,0,1,0,0,0,1,1,1,0,0,0,0,0,1,0,1,0,0,0,0,1,1,1,0,1,1,1,1,1,1,0
prometryn,CC(C)NC1=NC(=NC(=N1)SC)NC(C)C,1,0,0,0,0,0,0,0,0,0,0,0,0,0,0,0,0,0,0,0,0,0,0,0,0,0,1,0,0,0,0,0,0,0,0,0,0,0,0,0,0,0,0,0,0,0,0,0,1,0,0,0,0,0,1,0,0,0,0,0,1,0,0,0,0,1,1,0,0,0,0,0,0,0,0,1,0,0,1,0,0,1,1,0,0,0,0,0,0,1,0,0,0,0,1,0,0,0,0,1,0,0,0,0,0,0,0,1,0,0,0,0,0,0,0,0,0,0,0,0,0,1,1,0,0,0,0,0,0,0,0,0,1,0,1,0,1,0,1,0,0,0,1,1,0,0,0,0,0,0,1,0,1,0,0,0,0,1,0,1,0,1,1,1,1,0,1,0
propanil,CCC(=O)NC1=CC(=C(C=C1)Cl)Cl,1,0,0,0,0,0,0,0,0,0,0,0,0,0,0,0,0,0,0,0,0,0,0,0,0,0,0,0,0,0,0,0,0,0,0,0,0,0,0,0,0,0,0,0,0,0,0,0,0,0,0,0,0,0,0,0,0,0,0,0,0,0,0,0,0,0,0,0,0,0,0,0,0,0,0,0,0,0,0,0,0,0,0,0,0,0,0,0,1,0,0,0,0,1,0,0,0,0,0,0,0,0,0,0,1,1,0,0,1,0,0,1,1,0,0,1,0,0,1,0,0,0,0,0,0,0,0,0,0,0,0,0,0,1,1,1,1,0,0,0,0,0,0,0,0,1,0,0,0,0,0,1,1,0,0,1,1,1,0,1,0,1,1,1,1,1,1,0
propazine,CC(C)NC1=NC(=NC(=N1)Cl)NC(C)C,1,0,0,0,0,0,0,0,0,0,0,0,0,0,0,0,0,0,0,0,0,0,0,0,0,0,1,0,0,0,0,0,0,0,0,0,0,0,0,0,0,0,0,0,0,0,0,0,0,0,0,0,0,0,1,0,0,0,0,0,0,0,0,0,0,0,1,0,0,0,0,0,0,0,0,1,0,0,1,0,0,1,0,0,0,0,0,0,1,0,0,0,0,0,0,0,0,0,0,1,0,0,0,0,1,0,0,1,1,0,0,0,0,0,0,0,0,0,0,0,0,1,1,0,0,0,0,0,0,0,0,0,1,0,1,1,1,0,1,0,0,0,1,1,0,0,0,0,0,0,1,0,1,0,0,0,0,1,0,1,0,1,1,1,1,0,1,0
propham,CC(C)OC(=O)NC1=CC=CC=C1,1,0,0,0,0,0,0,0,0,0,0,0,0,0,0,0,0,0,0,0,0,0,0,0,1,0,0,0,0,0,0,0,0,0,0,0,0,0,0,0,0,0,0,0,0,0,0,0,0,0,0,0,0,0,0,0,0,0,0,0,0,0,0,0,0,0,0,0,0,0,0,0,0,0,0,1,0,0,0,0,0,0,0,0,0,0,0,0,0,0,0,0,0,0,0,0,0,0,0,0,0,0,0,0,0,0,0,1,0,0,0,1,0,0,0,0,0,0,1,0,0,0,0,0,1,0,0,1,0,0,0,0,0,0,1,0,1,0,0,0,0,0,0,0,0,0,0,0,0,0,1,0,1,1,0,1,0,1,1,1,1,1,1,1,1,1,1,0
propisochlor,CCC1=CC=CC(=C1N(COC(C)C)C(=O)CCl)C,1,0,0,0,0,0,0,0,0,0,0,0,0,0,0,0,0,0,0,0,0,0,0,0,0,0,0,0,0,1,0,0,0,0,0,0,0,0,0,0,0,0,0,0,0,0,0,0,0,0,0,0,0,0,0,0,0,0,0,0,0,0,0,0,0,0,0,0,0,0,0,0,0,0,0,1,0,0,0,0,0,0,0,0,0,0,1,0,0,0,1,0,0,1,0,0,0,0,0,0,0,1,0,0,1,0,0,0,0,1,1,1,1,0,0,1,0,1,1,0,0,0,0,1,0,0,0,1,0,1,1,0,0,1,1,1,1,0,0,1,0,0,1,0,0,1,0,0,0,1,1,1,0,1,1,1,1,1,1,1,1,1,1,1,1,1,1,0
propoxycarbazone,CCCOC1=NN(C(=O)N1C)C(=O)NS(=O)(=O)C2=CC=CC=C2C(=O)OC,1,0,0,0,0,0,0,0,0,0,0,0,0,0,0,0,0,0,0,0,0,0,0,0,0,0,0,0,0,0,0,0,0,1,1,0,0,0,1,0,0,0,0,0,0,0,0,0,0,0,0,0,1,1,0,0,1,0,0,1,1,1,1,0,0,1,1,0,1,0,1,0,0,0,1,0,1,0,1,0,1,1,1,0,1,0,1,0,0,1,1,0,0,0,1,1,1,1,1,0,0,0,0,1,0,0,0,1,0,1,1,1,0,1,1,1,1,0,1,1,0,1,1,1,1,1,1,1,1,0,0,1,0,1,0,0,0,1,1,0,0,1,1,1,1,1,0,1,1,1,1,1,1,0,1,1,1,1,1,1,1,1,1,1,1,1,1,0
propyrisulfuron,CCCC1=NN2C(=NC(=C2S(=O)(=O)NC(=O)NC3=NC(=CC(=N3)OC)OC)Cl)C=C1,1,0,0,0,0,0,0,0,0,0,0,0,0,0,0,0,0,0,0,0,0,0,0,0,0,0,1,0,0,0,0,0,0,1,1,0,0,0,1,1,0,0,0,0,1,0,0,0,1,0,0,0,1,1,0,0,1,0,0,1,1,1,1,0,0,1,1,0,1,0,1,0,0,0,1,0,0,0,1,0,1,1,1,0,1,0,0,0,1,1,1,0,0,1,1,1,1,1,1,1,0,0,1,1,1,0,1,1,1,0,0,1,1,1,1,1,1,0,1,1,0,1,1,1,0,1,1,1,1,0,0,1,1,0,1,1,1,1,1,0,0,1,1,1,1,1,1,1,1,1,1,1,1,0,0,1,1,1,1,1,1,1,1,1,1,1,1,0
propyzamide,CC(C)(C#C)NC(=O)C1=CC(=CC(=C1)Cl)Cl,1,0,0,0,0,0,0,0,0,0,0,0,0,0,0,0,0,0,1,0,0,0,0,0,0,0,0,0,0,0,0,0,0,0,0,0,0,0,0,0,0,0,0,0,0,0,0,0,0,0,0,0,0,0,0,0,0,0,0,0,0,0,0,0,0,0,0,1,0,0,0,0,0,0,0,1,0,0,0,0,0,0,0,0,0,0,0,0,1,0,0,0,0,1,0,0,0,0,0,0,0,0,0,0,1,0,0,0,1,0,0,1,0,1,0,0,0,0,1,0,0,0,0,0,0,0,0,0,0,0,0,0,0,0,0,1,0,0,0,0,0,0,0,0,0,0,0,0,0,0,1,0,1,0,0,1,0,1,0,1,0,1,1,1,1,1,1,0
prosulfocarb,CCCN(CCC)C(=O)SCC1=CC=CC=C1,1,0,0,0,0,0,0,0,0,0,0,0,0,0,0,0,0,0,0,0,0,0,0,0,0,0,0,0,0,0,0,0,0,0,0,0,0,0,0,0,0,0,0,0,0,0,0,0,1,0,0,0,0,0,0,0,0,0,0,0,0,0,0,0,0,0,0,0,0,0,0,0,0,0,0,0,0,0,0,0,0,0,1,0,0,0,1,1,0,1,0,0,0,0,0,0,0,0,0,0,0,1,0,0,0,0,0,1,0,1,0,1,1,0,0,1,1,0,1,1,0,0,0,1,0,0,0,0,0,1,1,0,0,0,0,0,0,0,0,1,0,0,0,0,0,0,0,0,1,1,1,0,0,0,1,1,1,1,0,1,0,1,1,1,1,1,1,0
pyraclonil,CN(CC#C)C1=C(C=NN1C2=NN3CCCCC3=C2Cl)C#N,1,0,0,0,0,0,0,0,0,0,0,0,0,0,0,0,0,0,1,0,0,0,0,0,0,0,0,0,0,0,0,0,0,0,0,0,0,0,0,1,0,0,1,0,0,0,0,0,0,0,0,0,0,1,0,0,0,0,0,0,0,0,0,1,0,0,1,0,0,0,0,0,0,0,0,0,1,0,1,0,1,1,0,0,1,0,1,1,1,0,0,0,0,0,1,1,0,1,0,1,0,1,1,0,1,0,1,0,1,0,0,0,1,0,0,0,1,0,0,1,0,1,1,1,0,1,1,0,0,1,1,1,0,0,1,1,1,0,1,1,0,0,0,1,0,1,0,0,1,1,0,1,0,0,1,0,1,1,0,1,0,1,1,1,1,0,1,0
pyrasulfotole,CC1=C(C(=O)N(N1)C)C(=O)C2=C(C=C(C=C2)C(F)(F)F)S(=O)(=O)C,1,0,0,0,0,0,0,0,0,0,0,0,0,0,0,0,0,0,0,0,0,0,0,0,0,0,0,0,0,0,0,0,0,0,0,0,0,0,0,0,0,0,0,1,0,0,0,0,0,0,0,0,1,1,0,0,1,0,0,1,1,1,1,0,0,1,1,0,1,0,1,0,0,0,1,0,1,0,0,0,0,1,1,0,1,0,0,0,0,1,1,0,0,1,1,1,1,1,1,0,0,0,0,1,0,0,0,1,1,0,0,1,0,1,1,0,0,0,1,0,0,1,1,1,0,1,1,0,1,0,0,1,0,0,0,1,0,1,1,0,0,1,1,1,1,1,0,1,0,1,1,1,1,1,0,1,0,1,0,1,1,1,1,1,1,1,1,0
pyrazolynate,CC1=CC=C(C=C1)S(=O)(=O)OC2=C(C(=NN2C)C)C(=O)C3=C(C=C(C=C3)Cl)Cl,1,0,0,0,0,0,0,0,0,0,0,0,0,0,0,0,0,0,0,0,0,0,0,0,0,0,0,0,0,0,0,0,0,0,0,0,0,0,0,0,1,1,0,0,0,0,0,0,0,1,0,0,1,1,0,0,1,0,0,1,1,1,1,0,0,1,1,0,1,0,0,0,0,0,1,0,1,0,0,0,0,1,1,0,1,0,0,0,1,1,1,0,0,1,1,1,1,1,1,0,0,0,0,1,1,0,0,1,1,0,0,1,0,1,1,0,0,0,1,0,0,1,1,1,0,1,1,1,1,0,0,1,0,0,0,1,0,1,1,0,0,1,1,1,1,1,1,1,0,1,1,1,0,1,0,1,0,1,1,1,1,1,1,1,1,1,1,0
pyrazosulfuron,CN1C(=C(C=N1)C(=O)O)S(=O)(=O)NC(=O)NC2=NC(=CC(=N2)OC)OC,1,0,0,0,0,0,0,0,0,0,0,0,0,0,0,0,0,0,0,0,0,0,0,0,0,0,1,0,0,0,0,0,0,1,1,0,0,0,1,0,0,0,0,0,1,0,0,0,1,0,0,0,1,1,0,0,1,0,0,1,1,1,1,0,0,1,1,0,1,0,1,0,0,0,1,0,1,0,1,0,1,1,1,0,1,0,0,0,0,1,1,0,0,1,1,1,1,1,1,1,0,0,0,1,0,0,0,1,0,0,0,1,0,1,1,0,0,0,1,0,0,1,1,1,1,1,1,1,1,0,0,1,1,0,1,0,1,1,1,0,1,1,1,1,1,1,0,1,0,1,1,1,1,0,0,1,0,1,1,1,1,1,1,1,1,1,1,0
pyrazoxyfen,CC1=NN(C(=C1C(=O)C2=C(C=C(C=C2)Cl)Cl)OCC(=O)C3=CC=CC=C3)C,1,0,0,0,0,0,0,0,0,0,0,0,0,0,0,0,0,0,0,0,0,0,0,0,0,0,0,0,0,0,0,0,0,0,0,0,0,0,0,0,0,0,0,0,0,0,0,0,0,0,0,0,0,1,0,0,0,0,0,0,0,0,0,0,0,0,1,0,0,0,0,0,0,1,0,0,1,0,0,0,0,1,0,0,1,0,0,0,1,0,1,0,0,1,1,1,1,1,1,0,0,0,0,0,1,0,0,0,1,1,1,1,0,0,1,0,0,0,1,0,0,1,1,1,0,1,1,1,1,0,0,0,0,1,0,1,0,1,1,0,0,0,0,1,1,1,1,1,0,1,1,1,0,1,1,1,1,1,1,1,1,1,1,1,1,1,1,0
pyridate,CCCCCCCCSC(=O)OC1=CC(=NN=C1C2=CC=CC=C2)Cl,1,0,0,0,0,0,0,0,0,0,0,0,0,0,0,0,0,0,0,0,0,0,0,0,0,0,0,0,0,0,0,0,0,0,0,0,0,0,0,0,0,0,0,0,0,0,0,0,0,0,0,0,0,1,0,0,0,0,0,0,0,0,0,1,0,0,1,0,0,0,0,0,0,0,0,0,0,0,0,0,0,0,1,0,0,0,0,0,1,1,0,0,0,0,0,1,1,0,1,1,0,0,0,0,1,0,0,1,1,1,0,0,0,0,1,1,1,1,0,1,0,1,1,0,1,1,1,1,1,1,1,0,0,0,0,1,0,0,1,0,0,0,0,1,1,1,1,0,1,0,0,1,0,1,1,1,1,1,1,0,1,1,1,1,1,1,1,0
pyriftalid,CC1C2=C(C(=CC=C2)SC3=NC(=CC(=N3)OC)OC)C(=O)O1,1,0,0,0,0,0,0,0,0,0,0,0,0,0,0,0,0,0,0,0,0,0,0,0,0,0,0,0,0,0,0,0,0,0,0,0,0,0,0,0,0,0,0,0,0,0,0,0,1,0,0,0,0,0,0,0,0,0,1,0,1,0,0,0,0,1,1,0,0,0,0,0,0,0,0,0,0,0,1,0,0,1,1,0,1,0,0,0,0,1,1,0,0,1,1,0,0,1,1,1,0,0,1,0,0,0,1,1,0,0,0,1,0,0,1,0,0,0,1,0,0,1,1,0,1,0,1,1,1,0,0,0,0,0,0,0,0,0,1,0,0,1,1,1,1,1,1,1,0,0,1,0,0,1,0,1,0,1,1,0,1,1,1,1,1,1,1,0
pyriminobac,CC(=NOC)C1=C(C(=CC=C1)OC2=NC(=CC(=N2)OC)OC)C(=O)O,1,0,0,0,0,0,0,0,0,0,0,0,0,0,0,0,0,0,0,0,0,0,0,0,0,1,0,0,0,0,0,0,0,0,0,0,0,0,1,0,0,0,0,0,0,0,0,0,0,0,0,0,0,0,0,0,0,0,0,0,0,0,0,0,0,0,1,0,0,0,0,0,1,0,0,0,0,0,1,1,0,1,0,0,0,0,0,0,0,0,1,0,0,1,1,1,0,0,1,1,0,0,0,1,0,0,0,1,0,0,0,1,0,0,1,0,0,0,1,0,1,1,1,0,1,1,1,1,1,0,0,0,0,0,0,0,0,0,1,0,1,1,1,1,1,1,1,1,0,0,1,1,0,1,0,1,0,1,1,0,1,1,1,1,1,1,1,0
pyrithiobac,COC1=CC(=NC(=N1)SC2=C(C(=CC=C2)Cl)C(=O)O)OC,1,0,0,0,0,0,0,0,0,0,0,0,0,0,0,0,0,0,0,0,0,0,0,0,0,0,0,0,0,0,0,0,0,0,0,0,0,0,0,0,0,0,0,0,0,0,0,0,1,0,0,0,0,0,0,0,0,0,0,0,1,0,0,0,0,1,1,0,0,0,0,0,0,0,0,0,0,0,1,0,0,1,1,0,0,0,0,0,1,1,1,0,0,1,1,0,0,0,1,1,0,0,0,0,1,0,0,1,1,0,0,1,0,0,1,0,0,0,1,0,0,1,1,0,1,0,1,1,1,0,0,0,0,0,0,1,0,0,1,0,1,1,0,1,1,1,1,1,0,0,1,1,0,0,0,1,0,1,1,0,1,1,1,1,1,1,1,0
quinmerac,CC1=CC2=C(C(=C(C=C2)Cl)C(=O)O)N=C1,1,0,0,0,0,0,0,0,0,0,0,0,0,0,0,0,0,0,0,0,0,0,0,0,0,0,0,0,0,0,0,0,0,0,0,0,0,0,0,0,0,0,0,0,0,0,0,0,0,0,0,0,0,0,0,0,0,0,0,0,0,0,0,0,0,0,1,0,0,0,0,0,0,0,0,0,0,0,0,0,0,0,0,0,0,0,0,0,1,0,0,0,0,0,0,0,0,0,1,1,0,0,1,0,1,0,1,0,1,0,0,0,0,0,0,0,0,0,0,0,0,0,1,0,1,0,1,0,0,0,0,0,0,0,0,1,0,0,1,0,1,0,0,0,0,1,1,0,0,0,0,1,0,0,0,1,0,1,1,0,1,1,1,1,1,1,1,0
quizalofop,CC(C(=O)O)OC1=CC=C(C=C1)OC2=CN=C3C=C(C=CC3=N2)Cl,1,0,0,0,0,0,0,0,0,0,0,0,0,0,0,0,0,0,0,0,0,0,0,0,0,0,0,0,0,0,0,0,0,0,0,0,0,0,0,0,0,0,0,0,0,0,0,0,0,0,0,0,0,0,0,0,0,0,0,0,0,0,0,0,0,0,1,0,0,0,0,0,0,1,0,0,0,0,0,0,1,0,0,0,0,0,0,0,1,0,0,0,0,1,0,0,1,0,0,1,0,0,1,0,1,0,1,0,1,0,0,1,0,0,1,0,0,0,1,0,0,1,1,0,1,0,1,1,1,0,0,0,0,0,0,1,0,0,1,0,1,1,0,1,1,0,1,1,0,0,0,0,0,1,0,1,0,1,1,0,1,1,1,1,1,1,1,0
rimsulfuron,CCS(=O)(=O)C1=C(N=CC=C1)S(=O)(=O)NC(=O)NC2=NC(=CC(=N2)OC)OC,1,0,0,0,0,0,0,0,0,0,0,0,0,0,0,0,0,0,0,0,0,0,0,0,0,0,1,0,0,0,0,0,0,1,1,0,0,0,1,0,0,0,0,0,1,0,0,0,1,0,0,0,1,0,0,0,1,0,0,1,1,1,1,0,0,1,1,0,1,0,1,0,0,0,1,0,0,0,1,0,1,1,1,0,0,0,0,0,0,1,1,0,0,1,1,1,1,0,1,1,0,0,0,1,0,0,0,1,0,0,0,1,0,1,1,1,0,0,1,0,0,1,1,0,0,1,1,1,1,0,0,1,1,1,1,0,1,1,1,0,0,1,1,1,1,1,1,1,0,1,1,1,1,0,1,1,1,1,1,1,1,1,1,1,1,1,1,0
saflufenacil,CC(C)N(C)S(=O)(=O)NC(=O)C1=CC(=C(C=C1Cl)F)N2C(=O)C=C(N(C2=O)C)C(F)(F)F,1,0,0,0,0,0,0,0,0,0,0,0,0,0,0,0,0,0,0,0,0,0,0,0,0,0,0,0,0,0,0,0,0,0,1,0,0,0,1,0,0,0,0,1,0,0,0,0,0,0,0,0,0,0,0,0,1,0,0,1,0,1,1,1,0,0,1,0,1,0,1,0,0,0,1,1,1,0,1,0,0,1,1,0,0,0,1,0,1,1,1,0,0,1,1,1,0,0,1,1,0,0,0,1,1,0,0,1,1,0,0,1,0,1,1,0,0,0,1,0,0,1,1,1,0,1,1,0,1,0,0,1,0,0,1,1,1,1,1,0,0,1,1,1,1,1,1,1,0,1,1,1,1,0,0,1,0,1,0,1,1,1,1,1,1,1,1,0
sebuthylazine,CCC(C)NC1=NC(=NC(=N1)NCC)Cl,1,0,0,0,0,0,0,0,0,0,0,0,0,0,0,0,0,0,0,0,0,0,0,0,0,0,1,0,0,0,0,0,0,0,0,0,0,0,0,0,0,0,0,0,0,0,0,0,0,0,0,0,0,0,1,0,0,0,0,0,0,0,0,0,0,0,1,0,0,0,0,0,0,0,0,0,0,0,1,0,0,1,0,1,0,0,0,0,1,0,0,0,0,0,0,0,0,0,0,1,0,1,0,0,1,1,0,1,1,0,0,0,1,0,0,1,1,0,0,0,0,1,1,0,0,0,0,0,0,0,0,0,1,0,1,1,1,0,1,0,0,0,1,1,0,0,0,0,0,0,1,0,1,0,1,0,1,1,0,1,0,1,1,1,1,0,1,0
secbumeton,CCC(C)NC1=NC(=NC(=N1)NCC)OC,1,0,0,0,0,0,0,0,0,0,0,0,0,0,0,0,0,0,0,0,0,0,0,0,0,0,1,0,0,0,0,0,0,0,0,0,0,0,1,0,0,0,0,0,0,0,0,0,0,0,0,0,0,0,1,0,0,0,0,0,0,0,0,0,0,0,1,0,0,0,0,0,0,0,0,0,0,0,1,0,0,1,0,1,0,0,0,0,0,0,0,0,0,0,1,0,0,0,1,1,0,1,0,0,0,1,0,1,0,0,0,1,1,0,1,1,1,0,1,0,0,1,1,0,0,0,0,1,1,0,0,0,1,0,1,0,1,0,1,0,0,0,1,1,1,0,0,0,0,0,1,0,1,0,1,0,1,1,1,1,0,1,1,1,1,1,1,0
sethoxydim,CCCC(=NOCC)C1=C(CC(CC1=O)CC(C)SCC)O,1,0,0,0,0,0,0,0,0,0,0,0,0,0,0,0,0,0,0,0,0,0,0,0,0,1,0,0,0,0,0,0,0,0,0,0,0,0,0,0,0,0,0,0,0,0,0,0,0,0,0,1,0,0,0,0,0,0,0,0,0,0,0,0,0,0,0,0,0,0,0,0,1,0,0,0,0,1,0,1,0,0,1,0,0,0,0,0,0,1,1,0,1,0,0,1,0,0,1,0,1,0,0,1,0,1,0,0,0,1,1,0,1,0,0,1,1,1,0,1,1,0,0,0,0,1,0,1,1,1,1,0,0,1,0,0,0,0,0,1,1,0,1,0,1,0,0,1,1,0,1,1,0,1,1,1,1,1,1,0,1,1,1,0,1,1,1,0
siduron,CC1CCCCC1NC(=O)NC2=CC=CC=C2,1,0,0,0,0,0,0,0,0,0,0,0,0,0,0,0,0,0,0,0,0,0,0,0,0,0,0,0,0,0,0,0,0,0,0,0,0,0,1,0,0,0,0,0,1,0,0,0,0,0,0,0,0,0,0,0,0,0,0,0,0,0,0,0,0,0,0,0,0,0,0,0,0,0,0,0,0,0,1,0,0,0,0,0,0,0,0,0,0,0,0,1,1,0,0,0,0,0,0,0,0,0,0,0,0,1,0,1,0,1,0,1,1,0,0,0,1,1,1,1,0,0,0,0,0,0,0,0,0,1,1,0,1,0,1,0,1,0,0,0,0,0,0,1,0,0,1,0,1,0,0,1,1,0,0,1,0,1,0,1,0,1,1,1,1,1,1,0
simetryn,CCNC1=NC(=NC(=N1)SC)NCC,1,0,0,0,0,0,0,0,0,0,0,0,0,0,0,0,0,0,0,0,0,0,0,0,0,0,1,0,0,0,0,0,0,0,0,0,0,0,0,0,0,0,0,0,0,0,0,0,1,0,0,0,0,0,1,0,0,0,0,0,1,0,0,0,0,1,1,0,0,0,0,0,0,0,0,0,0,0,1,0,0,1,1,1,0,0,0,0,0,1,0,0,0,0,1,0,0,0,0,1,0,1,0,0,0,0,0,1,0,0,0,0,0,0,0,1,0,0,0,0,0,1,1,0,0,0,0,0,0,0,0,0,1,0,1,0,1,0,1,1,0,0,1,1,0,0,0,0,0,0,1,0,1,0,1,0,1,1,0,1,0,1,1,1,1,0,1,0
sulcotrione,CS(=O)(=O)C1=CC(=C(C=C1)C(=O)C2C(=O)CCCC2=O)Cl,1,0,0,0,0,0,0,0,0,0,0,0,0,0,0,0,0,0,0,0,0,0,0,0,0,0,0,0,0,0,0,0,0,0,0,0,0,0,0,0,0,0,0,0,0,0,0,0,0,0,0,0,1,0,0,0,1,0,0,1,1,1,1,0,0,1,0,0,1,0,0,0,0,0,1,0,0,0,0,0,0,0,1,0,0,0,0,0,1,1,1,0,0,0,1,0,0,0,0,0,0,0,0,1,1,0,0,0,1,0,0,0,0,1,0,0,0,0,0,1,0,0,0,0,0,1,0,0,1,1,0,1,0,1,0,1,0,1,0,0,0,1,0,0,1,1,1,1,1,1,0,1,0,1,0,1,0,0,0,0,1,1,0,1,1,1,1,0
sulfentrazone,CC1=NN(C(=O)N1C(F)F)C2=C(C=C(C(=C2)NS(=O)(=O)C)Cl)Cl,1,0,0,0,0,0,0,0,0,0,0,0,0,0,0,0,0,0,0,0,0,0,0,0,0,0,0,0,0,0,0,0,0,1,1,0,0,0,1,1,0,0,0,1,0,0,0,0,0,0,0,0,1,1,0,0,1,0,0,1,0,1,1,1,0,0,1,0,1,0,1,0,0,0,1,0,1,0,1,0,1,1,0,0,1,0,1,0,1,1,0,0,0,0,1,1,1,1,1,0,0,0,0,1,1,0,0,1,1,0,0,1,0,1,1,0,0,0,1,0,0,1,1,1,0,1,1,0,1,0,0,1,0,0,1,1,1,1,1,0,0,0,0,1,1,1,0,1,0,1,1,1,1,0,0,1,0,1,0,1,1,1,1,1,1,1,1,0
sulfometuron,CC1=CC(=NC(=N1)NC(=O)NS(=O)(=O)C2=CC=CC=C2C(=O)O)C,1,0,0,0,0,0,0,0,0,0,0,0,0,0,0,0,0,0,0,0,0,0,0,0,0,0,1,0,0,0,0,0,0,1,1,0,0,0,1,0,0,0,0,0,1,0,0,0,0,0,0,0,1,0,0,0,1,0,0,1,1,1,1,0,0,1,1,0,1,0,1,0,0,0,1,0,0,0,1,0,0,1,1,0,0,0,0,0,0,1,1,0,0,0,0,1,0,0,1,1,0,0,0,1,0,0,0,1,0,0,0,1,0,1,0,0,0,0,1,0,0,1,1,0,1,1,1,0,0,0,0,1,1,0,1,0,1,1,1,0,1,1,0,1,0,1,1,1,0,1,1,1,1,0,0,1,0,1,1,1,1,1,1,1,1,1,1,0
sulfosulfuron,CCS(=O)(=O)C1=C(N2C=CC=CC2=N1)S(=O)(=O)NC(=O)NC3=NC(=CC(=N3)OC)OC,1,0,0,0,0,0,0,0,0,0,0,0,0,0,0,0,0,0,0,0,0,0,0,0,0,0,1,0,0,0,0,0,0,1,1,0,0,0,1,1,0,0,0,0,1,0,0,0,1,0,0,0,1,0,0,0,1,0,0,1,1,1,1,0,0,1,1,0,1,0,1,0,0,0,1,0,0,0,1,0,1,1,1,0,1,0,1,0,0,1,1,0,0,1,1,1,1,1,1,1,0,0,1,1,0,0,1,1,0,0,0,1,0,1,1,1,0,0,1,0,0,1,1,1,0,1,1,1,1,0,0,1,1,1,1,0,1,1,1,0,0,1,1,1,1,1,1,1,0,1,1,1,1,0,1,1,1,1,1,1,1,1,1,1,1,1,1,0
swep,COC(=O)NC1=CC(=C(C=C1)Cl)Cl,1,0,0,0,0,0,0,0,0,0,0,0,0,0,0,0,0,0,0,0,0,0,0,0,1,0,0,0,0,0,0,0,0,0,0,0,0,0,0,0,0,0,0,0,0,0,0,0,0,0,0,0,0,0,0,0,0,0,0,0,0,0,0,0,0,0,0,0,0,0,0,0,0,0,0,0,0,0,0,0,0,0,0,0,0,0,0,0,1,0,0,0,0,0,1,0,0,0,0,0,0,0,0,0,1,0,0,1,1,0,0,1,0,0,0,0,0,0,1,0,0,0,0,0,1,0,0,1,0,0,0,0,0,0,1,1,1,0,0,0,0,0,0,0,0,1,0,0,0,0,0,1,1,0,0,1,0,1,1,1,1,1,1,1,1,1,1,0
tebuthiuron,CC(C)(C)C1=NN=C(S1)N(C)C(=O)NC,1,0,0,0,0,0,0,0,0,0,0,0,0,0,0,0,0,0,0,0,0,0,0,0,0,0,0,0,0,0,0,0,0,0,0,0,0,1,1,0,0,0,0,0,0,0,0,0,1,0,0,0,0,1,0,0,0,0,0,0,0,0,0,0,0,0,1,1,0,0,0,0,0,0,0,1,0,0,1,0,1,1,1,0,1,0,1,0,0,1,0,0,0,0,1,1,0,1,1,0,0,0,0,0,0,0,0,1,0,0,0,1,0,1,0,0,0,0,1,0,0,1,1,1,0,1,0,0,0,0,0,0,0,0,1,0,1,0,1,0,0,0,1,1,0,0,0,0,0,1,1,0,1,0,0,1,0,1,0,1,0,1,1,1,0,1,1,0
tepraloxydim,CCC(=NOCC=CCl)C1=C(CC(CC1=O)C2CCOCC2)O,1,0,0,0,0,0,0,0,0,0,0,0,0,0,0,0,0,0,0,0,0,0,0,0,0,1,0,0,0,0,0,0,0,0,0,0,0,0,0,0,0,0,0,0,0,0,0,0,0,0,0,1,0,0,0,0,0,0,1,0,0,0,0,1,0,0,0,0,0,0,0,0,1,0,0,0,0,1,0,1,0,0,0,0,0,0,0,1,0,0,1,0,1,0,0,1,0,0,1,1,1,0,0,1,1,1,0,0,0,0,1,0,1,0,0,1,0,0,0,1,1,0,0,0,0,1,0,1,1,1,1,0,0,1,0,1,0,0,1,1,1,1,0,0,1,0,1,1,1,0,0,1,0,1,1,1,1,1,1,0,1,1,1,0,1,1,1,0
terbacil,CC1=C(C(=O)N(C(=O)N1)C(C)(C)C)Cl,1,0,0,0,0,0,0,0,0,0,0,0,0,0,0,0,0,0,0,0,0,0,0,0,0,0,0,0,0,0,0,0,0,0,0,0,0,0,1,0,0,0,0,0,0,0,0,0,0,0,0,0,0,0,0,0,0,0,0,0,0,0,0,0,0,0,1,1,0,0,0,0,0,0,0,1,1,0,1,0,0,1,0,0,0,0,1,0,1,0,1,0,0,1,0,0,0,0,1,1,0,0,0,0,1,0,0,1,1,0,0,1,0,1,1,0,0,0,1,0,0,1,1,1,0,0,0,0,1,0,0,0,0,0,0,1,0,1,1,0,0,0,1,1,1,1,0,0,0,1,1,1,1,0,0,1,0,1,0,1,1,1,1,1,1,1,1,0
terbumeton,CCNC1=NC(=NC(=N1)OC)NC(C)(C)C,1,0,0,0,0,0,0,0,0,0,0,0,0,0,0,0,0,0,0,0,0,0,0,0,0,0,1,0,0,0,0,0,0,0,0,0,0,0,1,0,0,0,0,0,0,0,0,0,0,0,0,0,0,0,1,0,0,0,0,0,0,0,0,0,0,0,1,1,0,0,0,0,0,0,0,1,0,0,1,0,0,1,0,1,0,0,0,0,0,0,0,0,0,0,1,0,0,0,1,1,0,1,0,0,0,0,0,1,0,0,0,1,0,1,1,1,0,0,1,0,0,1,1,0,0,0,0,1,1,0,0,0,1,0,1,0,1,0,1,0,0,0,1,1,1,0,0,0,0,0,1,0,1,0,1,0,1,1,1,1,0,1,1,1,1,1,1,0
terbuthylazine,CCNC1=NC(=NC(=N1)Cl)NC(C)(C)C,1,0,0,0,0,0,0,0,0,0,0,0,0,0,0,0,0,0,0,0,0,0,0,0,0,0,1,0,0,0,0,0,0,0,0,0,0,0,0,0,0,0,0,0,0,0,0,0,0,0,0,0,0,0,1,0,0,0,0,0,0,0,0,0,0,0,1,1,0,0,0,0,0,0,0,1,0,0,1,0,0,1,0,1,0,0,0,0,1,0,0,0,0,0,0,0,0,0,0,1,0,1,0,0,1,0,0,1,1,0,0,0,0,1,0,1,0,0,0,0,0,1,1,0,0,0,0,0,0,0,0,0,1,0,1,1,1,0,1,0,0,0,1,1,0,0,0,0,0,0,1,0,1,0,1,0,1,1,0,1,0,1,1,1,1,0,1,0
terbutryn,CCNC1=NC(=NC(=N1)SC)NC(C)(C)C,1,0,0,0,0,0,0,0,0,0,0,0,0,0,0,0,0,0,0,0,0,0,0,0,0,0,1,0,0,0,0,0,0,0,0,0,0,0,0,0,0,0,0,0,0,0,0,0,1,0,0,0,0,0,1,0,0,0,0,0,1,0,0,0,0,1,1,1,0,0,0,0,0,0,0,1,0,0,1,0,0,1,1,1,0,0,0,0,0,1,0,0,0,0,1,0,0,0,0,1,0,1,0,0,0,0,0,1,0,0,0,0,0,1,0,1,0,0,0,0,0,1,1,0,0,0,0,0,0,0,0,0,1,0,1,0,1,0,1,0,0,0,1,1,0,0,0,0,0,0,1,0,1,0,1,0,1,1,0,1,0,1,1,1,1,0,1,0
thenylchlor,CC1=C(C(=CC=C1)C)N(CC2=C(C=CS2)OC)C(=O)CCl,1,0,0,0,0,0,0,0,0,0,0,0,0,0,0,0,0,0,0,0,0,0,0,0,0,0,0,0,0,0,0,0,0,0,0,0,0,1,0,0,0,0,0,0,0,0,0,0,0,0,0,0,0,0,0,0,0,0,0,0,0,0,0,0,0,0,0,0,0,0,0,0,0,0,0,0,0,0,0,0,0,0,1,0,1,0,1,0,0,1,0,0,0,1,1,0,0,1,1,0,0,1,0,0,1,0,0,0,0,1,0,1,1,0,1,0,0,0,1,0,0,0,0,1,0,0,1,1,1,0,1,0,0,1,1,1,1,0,1,1,0,0,1,0,1,1,0,0,0,1,1,1,0,1,1,1,1,1,1,1,1,1,1,1,1,1,1,0
thiazafluron,CNC(=O)N(C)C1=NN=C(S1)C(F)(F)F,1,0,0,0,0,0,0,0,0,0,0,0,0,0,0,0,0,0,0,0,0,0,0,0,0,0,0,0,0,0,0,0,0,0,0,0,0,1,1,0,0,0,0,1,0,0,0,0,1,0,0,0,0,1,0,0,0,0,0,0,0,0,0,0,0,0,1,0,0,0,0,0,0,0,0,0,0,0,1,0,1,1,1,0,1,0,1,0,0,1,0,0,0,0,1,1,0,1,1,0,0,0,0,0,0,0,0,1,1,0,0,1,0,1,0,0,0,0,1,0,0,1,1,1,0,1,0,0,0,0,0,0,0,0,1,1,1,0,1,0,0,0,0,1,0,0,0,0,0,1,1,0,1,0,0,1,0,1,0,1,0,1,1,1,0,1,1,0
thiazopyr,CC(C)CC1=C(C(=NC(=C1C(=O)OC)C(F)F)C(F)(F)F)C2=NCCS2,1,0,0,0,0,0,0,0,0,0,0,0,0,0,0,0,0,0,0,0,0,0,0,0,0,0,0,0,0,0,0,0,0,0,0,0,0,1,0,0,0,0,0,1,0,0,0,0,1,0,0,0,0,0,0,0,0,0,0,0,0,0,0,1,0,0,1,0,0,0,0,0,0,0,0,1,0,0,0,1,0,1,1,0,1,0,0,0,0,1,0,0,0,0,1,0,0,1,1,1,0,1,0,0,0,0,0,1,1,0,0,0,1,1,0,0,1,0,0,1,1,1,1,0,1,0,0,1,0,0,0,0,0,0,0,1,0,0,1,1,0,0,1,1,0,1,0,0,1,0,1,1,0,0,1,1,1,1,1,1,1,1,1,1,1,1,1,0
thiencarbazone,CC1=C(C(=CS1)C(=O)O)S(=O)(=O)NC(=O)N2C(=O)N(C(=N2)OC)C,1,0,0,0,0,0,0,0,0,0,0,0,0,0,0,0,0,0,0,0,0,0,0,0,0,0,0,0,0,0,0,0,0,1,1,0,0,1,1,0,0,0,0,0,0,0,0,0,0,0,0,0,1,1,0,0,1,0,0,1,1,1,1,0,0,1,1,0,1,0,1,0,0,0,1,0,1,0,1,0,1,1,1,0,1,0,1,0,0,1,1,0,0,0,1,1,1,1,1,0,0,0,0,1,0,0,0,1,0,0,0,1,0,1,1,0,0,0,1,0,0,1,1,1,1,1,1,1,1,0,0,1,1,0,0,0,0,1,1,0,1,1,1,1,1,1,0,1,0,1,1,1,1,0,0,1,0,1,1,1,1,1,1,1,0,1,1,0
thiobencarb,CCN(CC)C(=O)SCC1=CC=C(C=C1)Cl,1,0,0,0,0,0,0,0,0,0,0,0,0,0,0,0,0,0,0,0,0,0,0,0,0,0,0,0,0,0,0,0,0,0,0,0,0,0,0,0,0,0,0,0,0,0,0,0,1,0,0,0,0,0,0,0,0,0,0,0,0,0,0,0,0,0,0,0,0,0,0,0,0,0,0,0,0,0,0,0,0,0,1,0,0,0,1,1,1,1,0,0,0,0,0,0,0,0,0,0,0,1,0,0,1,0,0,1,1,0,0,1,0,0,0,1,0,1,1,0,0,0,0,1,0,0,0,0,0,1,0,0,0,0,0,1,0,0,0,1,0,0,0,0,0,0,0,0,0,1,1,0,0,0,1,1,1,1,0,1,0,1,1,1,1,1,1,0
tiocarbazil,CCC(C)N(C(C)CC)C(=O)SCC1=CC=CC=C1,1,0,0,0,0,0,0,0,0,0,0,0,0,0,0,0,0,0,0,0,0,0,0,0,0,0,0,0,0,0,0,0,0,0,0,0,0,0,0,0,0,0,0,0,0,0,0,0,1,0,0,0,0,0,0,0,0,0,0,0,0,0,0,0,0,0,0,0,0,0,0,0,0,0,0,0,0,0,0,0,0,0,1,0,0,0,1,0,0,1,0,0,0,0,0,0,0,0,0,0,0,0,0,0,0,0,0,1,0,1,0,1,1,0,0,1,1,0,1,0,0,0,0,1,0,0,0,0,0,1,0,0,0,0,0,0,0,0,0,0,0,0,1,0,0,0,0,0,0,1,1,0,0,0,1,1,1,1,0,1,0,1,1,1,1,1,1,0
tolpyralate,CCN1C(=C(C=N1)C(=O)C2=C(C(=C(C=C2)S(=O)(=O)C)OCCOC)C)OC(C)OC(=O)OC,1,0,0,0,0,0,0,0,0,0,0,0,0,0,0,0,1,0,0,0,0,0,0,0,0,0,0,0,0,0,0,0,0,0,0,0,0,0,0,0,0,0,0,0,0,0,0,0,0,0,0,0,1,1,0,0,1,0,0,1,1,1,1,0,0,1,1,0,1,0,0,0,0,1,1,0,1,0,0,0,0,1,1,0,1,0,0,1,0,1,1,0,0,1,1,1,1,1,1,0,0,1,0,1,0,0,0,1,0,1,1,1,1,1,1,1,1,1,1,1,0,1,1,1,1,1,1,1,1,0,0,1,0,1,0,0,0,1,1,1,0,1,1,1,1,1,0,1,1,1,1,1,0,1,1,1,1,1,1,1,1,1,1,1,1,1,1,0
topramezone,CC1=C(C=CC(=C1C2=NOCC2)S(=O)(=O)C)C(=O)C3=CNN(C3=O)C,1,0,0,0,0,0,0,0,0,0,0,0,0,0,0,0,0,0,0,0,0,0,0,0,0,1,0,0,0,0,0,0,0,0,0,0,0,0,0,0,0,0,0,0,0,0,0,0,0,0,0,0,1,1,0,0,1,0,1,1,1,1,1,1,0,1,1,0,1,0,1,0,1,0,1,0,1,0,0,1,0,1,1,0,1,0,0,0,0,1,1,0,0,1,1,1,1,1,1,0,0,0,0,1,0,0,0,0,0,1,1,1,1,1,1,0,0,0,1,1,1,1,1,1,0,1,1,0,1,0,0,1,0,1,0,0,0,1,1,0,0,1,1,1,1,1,0,1,1,1,1,1,1,1,1,1,0,1,1,1,1,1,1,1,1,1,1,0
tralkoxydim, CC/C(=N\\OCC)/C1=C(CC(CC1=O)C2=C(C=C(C=C2C)C)C)O,1,0,0,0,0,0,0,0,0,0,0,0,0,0,0,0,0,0,0,0,0,0,0,0,0,1,0,0,0,0,0,0,0,0,0,0,0,0,0,0,0,0,0,0,0,0,0,0,0,0,0,1,0,0,0,0,0,0,0,0,0,0,0,1,0,0,0,0,0,0,0,0,1,0,0,0,0,1,0,1,0,0,0,0,0,0,0,0,0,0,1,0,1,0,0,1,0,0,1,0,1,0,0,1,0,1,0,0,0,1,1,0,1,0,0,1,0,0,0,0,1,0,0,0,0,1,0,1,1,1,0,0,0,1,0,0,0,0,0,0,1,0,1,0,1,1,1,1,0,0,1,1,0,1,1,1,1,1,1,0,1,1,1,1,1,1,1,0
triafamone,CN(C1=C(C=CC=C1F)C(=O)C2=NC(=NC(=N2)OC)OC)S(=O)(=O)C(F)F,1,0,0,0,0,0,0,0,0,0,0,0,0,0,0,0,0,0,0,0,0,0,0,0,0,0,0,0,0,0,0,0,0,1,1,0,0,0,1,1,0,0,0,1,0,0,0,0,0,0,0,0,1,0,0,0,1,0,0,1,0,1,1,0,0,0,1,0,1,0,0,0,0,0,1,0,0,0,1,0,0,1,1,0,0,0,0,0,1,1,1,0,0,0,1,1,1,0,1,1,0,0,0,1,0,0,0,1,1,0,0,1,0,1,1,0,0,0,1,0,0,1,1,1,0,1,1,1,1,0,0,1,0,0,1,1,1,1,1,0,0,1,1,1,1,1,1,1,0,1,1,1,0,1,0,1,0,1,1,1,1,1,1,1,1,1,1,0
tri-allate,CC(C)N(C(C)C)C(=O)SCC(=C(Cl)Cl)Cl,1,0,0,0,0,0,0,0,0,0,0,0,0,0,0,0,0,0,0,0,0,0,1,0,0,0,0,0,0,0,0,0,0,0,0,0,0,0,0,0,0,0,0,0,0,0,0,0,1,0,0,0,0,0,0,0,0,0,0,0,0,0,0,0,0,0,0,0,0,0,0,0,0,0,0,1,0,1,0,0,0,0,1,0,0,0,1,0,0,1,0,0,0,0,0,0,0,0,0,0,1,0,0,0,1,0,0,1,1,0,0,1,0,0,0,0,0,0,1,0,0,0,0,1,0,0,0,0,0,0,0,0,0,0,0,1,0,0,0,0,0,0,1,0,0,0,0,0,0,1,1,0,0,0,1,1,1,1,0,1,0,1,1,0,0,1,0,0
triasulfuron,CC1=NC(=NC(=N1)OC)NC(=O)NS(=O)(=O)C2=CC=CC=C2OCCCl,1,0,0,0,0,0,0,0,0,0,0,0,0,0,0,0,0,0,0,0,0,0,0,0,0,0,1,0,0,0,0,0,0,1,1,0,0,0,1,1,0,0,0,0,1,0,0,0,0,0,0,0,1,0,0,0,1,0,0,1,1,1,1,0,0,1,1,0,1,0,1,0,0,0,1,0,0,0,1,0,0,1,1,0,0,0,0,0,0,1,1,0,0,0,1,1,0,0,1,1,0,0,0,1,1,0,0,1,0,0,1,1,0,1,1,0,0,0,1,1,0,1,1,0,0,1,1,1,1,0,0,1,1,1,1,1,1,1,1,1,0,1,0,1,1,1,1,1,1,1,1,1,1,1,1,1,1,1,1,1,1,1,1,1,1,1,1,0
triaziflam,CC1=CC(=CC(=C1)OCC(C)NC2=NC(=NC(=N2)N)C(C)(C)F)C,1,0,0,0,0,0,0,0,0,0,0,0,0,0,0,0,0,0,0,0,0,0,0,0,0,0,1,0,0,0,0,0,0,0,0,0,0,0,0,1,0,0,0,1,0,0,0,0,0,0,0,0,0,0,1,0,0,0,0,0,0,0,0,0,0,0,1,1,0,0,0,0,0,0,0,1,0,0,1,0,0,1,0,0,0,1,0,0,0,0,0,0,0,0,0,0,1,0,0,1,0,0,0,0,0,1,0,1,1,0,1,0,1,1,1,0,1,0,0,0,0,1,1,0,0,0,1,1,1,0,0,0,1,0,1,1,1,0,1,0,0,0,1,1,1,0,1,0,0,0,1,0,1,1,1,0,1,1,1,1,0,1,1,1,1,1,1,0
tribenuron,CC1=NC(=NC(=N1)OC)N(C)C(=O)NS(=O)(=O)C2=CC=CC=C2C(=O)O,1,0,0,0,0,0,0,0,0,0,0,0,0,0,0,0,0,0,0,0,0,0,0,0,0,0,1,0,0,0,0,0,0,1,1,0,0,0,1,1,0,0,0,0,0,0,0,0,0,0,0,0,1,0,0,0,1,0,0,1,1,1,1,0,0,1,1,0,1,0,1,0,0,0,1,0,0,0,1,0,0,1,1,0,0,0,1,0,0,1,1,0,0,0,1,1,0,0,1,1,0,0,0,1,0,0,0,1,0,0,0,1,0,1,1,0,0,0,1,0,0,1,1,1,1,1,1,1,1,0,0,1,1,0,1,0,1,1,1,0,1,1,1,1,1,1,1,1,0,1,1,1,1,0,0,1,0,1,1,1,1,1,1,1,1,1,1,0
triclopyr,C1=C(C(=NC(=C1Cl)Cl)OCC(=O)O)Cl,1,0,0,0,0,0,0,0,0,0,0,0,0,0,0,0,0,0,0,0,0,0,0,0,0,0,0,0,0,0,0,0,0,0,0,0,0,0,0,0,0,0,0,0,0,0,0,0,0,0,0,0,0,0,0,0,0,0,0,0,0,0,0,0,0,0,1,0,0,0,0,0,0,1,0,0,0,0,0,0,0,0,0,0,0,0,0,0,1,0,0,0,0,1,0,0,0,0,0,1,0,0,0,0,1,1,0,0,1,0,1,1,0,0,1,0,0,0,1,0,0,0,1,0,1,0,0,1,1,0,0,0,0,1,0,1,0,0,1,0,1,0,0,0,1,1,0,1,0,0,0,1,0,0,1,1,1,1,1,0,1,0,1,1,1,1,1,0
tridiphane,C1C(O1)(CC(Cl)(Cl)Cl)C2=CC(=CC(=C2)Cl)Cl,1,0,0,0,0,0,0,0,0,0,0,0,0,0,0,0,0,1,0,0,0,0,0,1,0,0,0,0,0,0,0,0,0,0,0,0,0,0,0,0,0,0,0,0,0,0,0,0,0,0,0,0,0,0,0,0,0,0,1,0,0,0,0,1,0,0,0,1,0,0,0,0,0,0,0,0,0,0,0,0,0,0,0,0,0,0,0,0,1,0,0,0,0,0,0,0,0,0,0,0,0,0,0,0,1,0,0,1,1,0,1,0,0,1,0,0,0,0,0,0,0,0,0,0,0,0,0,0,0,0,1,0,0,1,0,1,0,0,1,0,0,0,0,0,0,0,0,0,0,0,0,0,0,1,1,0,1,0,1,0,0,0,0,1,1,1,1,0
trietazine,CCNC1=NC(=NC(=N1)Cl)N(CC)CC,1,0,0,0,0,0,0,0,0,0,0,0,0,0,0,0,0,0,0,0,0,0,0,0,0,0,1,0,0,0,0,0,0,0,0,0,0,0,0,0,0,0,0,0,0,0,0,0,0,0,0,0,0,0,0,0,0,0,0,0,0,0,0,0,0,0,1,0,0,0,0,0,0,0,0,0,0,0,1,0,0,1,0,1,0,0,1,1,1,0,0,0,0,0,0,0,0,0,0,1,0,1,0,0,1,0,0,1,1,0,0,0,0,0,0,1,0,1,0,0,0,1,1,1,0,0,0,0,0,0,0,0,0,0,1,1,1,0,1,1,0,0,1,1,0,0,0,0,0,1,1,0,1,0,1,0,1,1,0,1,0,1,1,1,1,0,1,0
trifloxysulfuron,COC1=CC(=NC(=N1)NC(=O)NS(=O)(=O)C2=C(C=CC=N2)OCC(F)(F)F)OC,1,0,0,0,0,0,0,0,0,0,0,0,0,0,0,0,0,0,0,0,0,0,0,0,0,0,1,0,0,0,0,0,0,1,1,0,0,0,1,0,0,0,0,1,1,0,0,0,1,0,0,0,1,0,0,0,1,0,0,1,1,1,1,0,0,1,1,0,1,0,1,0,0,0,1,0,0,0,1,0,1,1,1,0,0,0,0,0,0,1,1,0,0,1,1,1,1,0,1,1,0,0,0,1,0,0,0,1,1,0,1,1,0,1,1,0,0,0,1,0,0,1,1,0,0,1,1,1,1,0,0,1,1,0,1,1,1,1,1,0,0,1,0,1,1,1,1,1,0,1,1,1,1,1,1,1,1,1,1,1,1,1,1,1,1,1,1,0
trifludimoxazin,CN1C(=O)N(C(=O)N(C1=S)C)C2=CC3=C(C=C2F)OC(C(=O)N3CC#C)(F)F,1,0,0,0,0,0,0,0,0,0,0,0,0,0,0,0,0,0,1,0,0,0,0,0,0,0,0,0,0,0,0,0,0,0,0,0,0,0,1,0,0,0,0,1,0,0,0,0,1,0,0,0,0,0,0,0,0,0,1,0,1,0,0,1,0,1,1,0,0,0,0,0,0,1,1,0,1,0,1,0,0,1,1,0,0,0,1,0,1,1,1,0,0,1,1,0,1,0,1,1,0,1,1,0,0,0,1,1,1,0,0,1,0,1,1,0,0,0,1,0,0,1,1,1,0,0,1,0,1,0,0,0,0,0,1,1,1,1,1,0,0,1,0,1,1,1,1,1,0,1,1,1,0,1,1,1,1,1,1,1,1,1,1,1,1,1,1,0
trifluralin,CCCN(CCC)C1=C(C=C(C=C1[N+](=O)[O-])C(F)(F)F)[N+](=O)[O-],1,0,0,0,0,0,0,0,0,0,0,0,0,0,0,0,0,0,0,0,0,0,0,0,0,1,0,0,0,0,0,0,0,0,0,0,0,0,0,0,0,0,0,1,0,0,0,0,0,0,1,0,0,0,0,0,0,1,0,0,0,0,0,0,1,0,0,0,0,0,0,1,1,0,0,0,0,0,0,0,1,1,0,0,0,0,1,1,0,0,0,0,0,0,0,1,0,0,1,0,0,1,0,1,0,0,0,1,1,1,0,0,1,1,0,1,1,0,0,1,1,0,0,1,0,1,0,0,0,1,1,1,0,0,1,1,1,1,0,1,0,1,0,1,0,1,0,1,1,1,1,1,0,0,1,0,1,1,0,1,1,1,1,1,1,1,1,0
triflusulfuron,CC1=C(C(=CC=C1)C(=O)O)S(=O)(=O)NC(=O)NC2=NC(=NC(=N2)OCC(F)(F)F)N(C)C,1,0,0,0,0,0,0,0,0,0,0,0,0,0,0,0,0,0,0,0,0,0,0,0,0,0,1,0,0,0,0,0,0,1,1,0,0,0,1,0,0,0,0,1,1,0,0,0,0,0,0,0,1,0,0,0,1,0,0,1,1,1,1,0,0,1,1,0,1,0,1,0,0,0,1,1,0,0,1,0,0,1,1,0,0,0,1,1,0,1,1,0,0,0,1,1,0,0,1,1,0,0,0,1,0,0,0,1,1,0,1,1,0,1,1,0,0,0,1,0,0,1,1,1,1,1,1,1,1,0,0,1,1,0,1,1,1,1,1,0,1,1,1,1,1,1,1,1,0,1,1,1,1,0,1,1,1,1,1,1,1,1,1,1,1,1,1,0
vernolate,CCCCCC1C(O1)CC=CCCCCCCCC(=O)[O-],1,0,0,0,0,0,0,0,0,0,0,0,0,0,0,0,0,1,0,0,0,0,0,1,0,0,0,0,0,0,0,0,0,0,0,0,0,0,0,0,0,0,0,0,0,0,0,0,0,0,1,0,0,0,0,0,0,0,1,0,0,0,0,0,0,0,0,0,0,0,0,0,0,0,0,0,0,0,0,0,0,0,0,0,0,0,0,0,0,0,0,0,0,0,0,0,0,0,0,0,1,0,0,0,0,0,0,0,0,1,0,0,0,0,0,1,1,1,0,1,0,0,0,0,1,0,0,0,0,1,1,0,0,1,0,0,0,0,1,0,0,0,0,0,0,0,0,1,1,0,0,1,0,1,0,1,1,0,1,0,1,1,0,0,0,1,1,0
diquat,C1C[N+]2=CC=CC=C2C3=CC=CC=[N+]31,1,0,0,0,0,0,0,0,0,0,0,0,0,0,0,0,0,0,0,0,0,0,0,0,0,0,0,0,0,0,0,0,0,0,0,0,0,0,0,0,0,0,0,0,0,0,0,0,0,0,1,0,0,0,0,0,0,0,0,0,0,0,0,0,0,0,1,0,0,0,0,0,0,0,0,0,0,0,0,0,1,0,0,0,0,0,1,0,0,0,0,0,0,0,0,0,0,0,0,1,0,1,1,0,0,0,1,0,0,0,0,0,1,0,0,0,0,0,0,1,0,1,1,1,0,0,1,0,0,0,0,0,0,0,0,0,0,0,1,1,0,0,0,1,0,1,1,0,1,1,0,0,0,0,1,0,0,1,0,1,0,0,1,1,1,0,1,0
morfamquat,CC1COCC(N1C(=O)C[N+]2=CC=C(C=C2)C3=CC=[N+](C=C3)CC(=O)N4C(COCC4C)C)C,1,0,0,0,0,0,0,0,0,0,0,0,0,0,0,0,0,0,0,0,0,0,0,0,0,0,0,0,0,0,0,0,0,0,0,0,0,0,0,0,0,0,0,0,0,0,0,0,0,0,1,0,0,0,0,0,0,0,1,0,0,0,0,1,0,0,1,0,0,0,0,0,0,0,0,0,1,0,0,0,1,0,0,0,0,0,1,1,0,0,0,0,0,1,0,0,1,0,0,1,0,1,0,0,0,0,0,0,0,1,1,1,1,0,0,0,1,0,1,0,0,1,1,1,0,0,1,0,0,1,0,0,0,1,0,0,0,1,1,1,0,1,1,1,0,0,1,1,0,1,1,1,0,0,1,1,1,1,1,1,1,1,1,1,1,1,1,0
trifluralin,CCCN(CCC)C1=C(C=C(C=C1[N+](=O)[O-])C(F)(F)F)[N+](=O)[O-],1,0,0,0,0,0,0,0,0,0,0,0,0,0,0,0,0,0,0,0,0,0,0,0,0,1,0,0,0,0,0,0,0,0,0,0,0,0,0,0,0,0,0,1,0,0,0,0,0,0,1,0,0,0,0,0,0,1,0,0,0,0,0,0,1,0,0,0,0,0,0,1,1,0,0,0,0,0,0,0,1,1,0,0,0,0,1,1,0,0,0,0,0,0,0,1,0,0,1,0,0,1,0,1,0,0,0,1,1,1,0,0,1,1,0,1,1,0,0,1,1,0,0,1,0,1,0,0,0,1,1,1,0,0,1,1,1,1,0,1,0,1,0,1,0,1,0,1,1,1,1,1,0,0,1,0,1,1,0,1,1,1,1,1,1,1,1,0
triflusulfuron,CC1=C(C(=CC=C1)C(=O)O)S(=O)(=O)NC(=O)NC2=NC(=NC(=N2)OCC(F)(F)F)N(C)C,1,0,0,0,0,0,0,0,0,0,0,0,0,0,0,0,0,0,0,0,0,0,0,0,0,0,1,0,0,0,0,0,0,1,1,0,0,0,1,0,0,0,0,1,1,0,0,0,0,0,0,0,1,0,0,0,1,0,0,1,1,1,1,0,0,1,1,0,1,0,1,0,0,0,1,1,0,0,1,0,0,1,1,0,0,0,1,1,0,1,1,0,0,0,1,1,0,0,1,1,0,0,0,1,0,0,0,1,1,0,1,1,0,1,1,0,0,0,1,0,0,1,1,1,1,1,1,1,1,0,0,1,1,0,1,1,1,1,1,0,1,1,1,1,1,1,1,1,0,1,1,1,1,0,1,1,1,1,1,1,1,1,1,1,1,1,1,0
vernolate,CCCCCC1C(O1)CC=CCCCCCCCC(=O)[O-],1,0,0,0,0,0,0,0,0,0,0,0,0,0,0,0,0,1,0,0,0,0,0,1,0,0,0,0,0,0,0,0,0,0,0,0,0,0,0,0,0,0,0,0,0,0,0,0,0,0,1,0,0,0,0,0,0,0,1,0,0,0,0,0,0,0,0,0,0,0,0,0,0,0,0,0,0,0,0,0,0,0,0,0,0,0,0,0,0,0,0,0,0,0,0,0,0,0,0,0,1,0,0,0,0,0,0,0,0,1,0,0,0,0,0,1,1,1,0,1,0,0,0,0,1,0,0,0,0,1,1,0,0,1,0,0,0,0,1,0,0,0,0,0,0,0,0,1,1,0,0,1,0,1,0,1,1,0,1,0,1,1,0,0,0,1,1,0
diquat,C1C[N+]2=CC=CC=C2C3=CC=CC=[N+]31,1,0,0,0,0,0,0,0,0,0,0,0,0,0,0,0,0,0,0,0,0,0,0,0,0,0,0,0,0,0,0,0,0,0,0,0,0,0,0,0,0,0,0,0,0,0,0,0,0,0,1,0,0,0,0,0,0,0,0,0,0,0,0,0,0,0,1,0,0,0,0,0,0,0,0,0,0,0,0,0,1,0,0,0,0,0,1,0,0,0,0,0,0,0,0,0,0,0,0,1,0,1,1,0,0,0,1,0,0,0,0,0,1,0,0,0,0,0,0,1,0,1,1,1,0,0,1,0,0,0,0,0,0,0,0,0,0,0,1,1,0,0,0,1,0,1,1,0,1,1,0,0,0,0,1,0,0,1,0,1,0,0,1,1,1,0,1,0
morfamquat,CC1COCC(N1C(=O)C[N+]2=CC=C(C=C2)C3=CC=[N+](C=C3)CC(=O)N4C(COCC4C)C)C,1,0,0,0,0,0,0,0,0,0,0,0,0,0,0,0,0,0,0,0,0,0,0,0,0,0,0,0,0,0,0,0,0,0,0,0,0,0,0,0,0,0,0,0,0,0,0,0,0,0,1,0,0,0,0,0,0,0,1,0,0,0,0,1,0,0,1,0,0,0,0,0,0,0,0,0,1,0,0,0,1,0,0,0,0,0,1,1,0,0,0,0,0,1,0,0,1,0,0,1,0,1,0,0,0,0,0,0,0,1,1,1,1,0,0,0,1,0,1,0,0,1,1,1,0,0,1,0,0,1,0,0,0,1,0,0,0,1,1,1,0,1,1,1,0,0,1,1,0,1,1,1,0,0,1,1,1,1,1,1,1,1,1,1,1,1,1,0
"cis-N-(1,1,2,2-Tetrachloroethylthio)-4-cyclohexene-1,2-dicarboximide",C1C=CC[C@H]2[C@@H]1C(=O)N(C2=O)SC(C(Cl)Cl)(Cl)Cl,0,0,0,0,0,0,0,0,0,0,0,0,0,0,0,0,0,0,0,0,0,0,0,0,0,0,0,0,0,0,0,0,0,1,1,0,0,0,0,0,0,0,0,0,0,0,0,0,0,0,0,0,0,0,0,0,0,0,0,0,0,0,0,0,0,1,0,0,1,0,0,0,0,0,0,0,1,0,0,0,0,0,1,0,1,0,0,0,0,1,1,0,0,1,0,1,0,1,0,0,1,0,1,0,1,0,1,1,1,0,0,1,0,1,0,0,0,0,1,0,0,0,1,1,0,1,0,0,1,0,1,0,0,0,0,1,0,1,1,0,0,0,0,0,1,0,0,0,0,1,0,1,0,0,0,1,0,1,0,1,1,0,1,0,1,1,1,0
Aldrin,C1[C@@H]2C=C[C@H]1[C@H]3[C@@H]2[C@]4(C(=C([C@@]3(C4(Cl)Cl)Cl)Cl)Cl)Cl,0,0,0,0,0,0,0,0,0,0,0,0,0,0,0,0,0,0,0,0,0,0,0,0,0,0,0,0,0,0,0,0,0,0,0,0,0,0,0,0,0,0,0,0,0,0,0,0,0,0,0,0,0,0,0,0,0,0,0,0,0,0,0,0,0,0,0,1,0,0,0,0,0,0,0,0,0,1,0,0,0,0,0,0,0,0,0,0,1,0,0,0,0,0,0,0,0,1,0,0,1,0,1,0,1,0,1,0,1,0,0,0,0,1,0,0,0,0,0,0,0,0,0,0,0,0,0,0,0,0,0,0,0,0,0,1,0,0,0,0,0,0,0,0,0,0,1,0,0,0,0,1,0,0,0,0,0,0,0,0,0,0,0,0,1,0,1,0
2-[1-[[[(2E)-3-chloro-2-propen-1-yl]oxy]imino]propyl]-5-[2-(ethylthio)propyl]-3-hydroxy-2-cyclohexen-1-one,CC/C(=N\OC/C=C/Cl)/C1=C(CC(CC1=O)CC(C)SCC)O,0,0,0,0,0,0,0,0,0,0,0,0,0,0,0,0,0,0,0,0,0,0,0,0,0,1,0,0,0,0,0,0,0,0,0,0,0,0,0,0,0,0,0,0,0,0,0,0,0,0,0,1,0,0,0,0,0,0,0,0,0,0,0,0,0,0,0,0,0,0,0,0,1,0,0,0,0,1,0,1,0,0,1,0,0,0,0,0,0,1,1,0,1,0,0,1,0,0,1,0,1,0,0,1,1,1,0,0,0,1,1,0,1,0,0,1,1,1,0,0,1,0,0,0,0,1,0,1,1,1,1,0,0,1,0,1,0,0,0,1,1,0,1,0,1,0,0,1,0,0,1,1,0,1,1,1,1,1,1,0,1,1,1,0,1,1,1,0
Bioallethrin,CC1=C(C(=O)CC1OC(=O)[C@@H]2[C@H](C2(C)C)C=C(C)C)CC=C,0,0,0,0,0,0,0,0,0,0,0,0,0,0,0,0,0,0,0,0,0,0,0,1,0,0,0,0,0,0,0,0,0,0,0,1,0,0,0,0,0,0,0,0,0,0,0,0,0,0,0,1,0,0,0,0,0,0,0,0,0,0,0,0,0,0,0,1,0,0,0,0,0,0,0,1,0,1,0,0,0,0,0,0,0,0,0,0,0,0,1,0,0,0,0,0,0,1,0,0,1,0,0,0,0,0,0,0,0,1,0,0,0,1,0,0,0,1,0,0,0,0,0,0,1,0,0,1,1,1,1,0,0,1,0,0,0,1,0,0,0,0,1,0,1,0,0,1,0,0,1,1,0,1,0,1,1,0,1,0,1,1,0,0,0,1,1,0
Fenaminosulf,CN(C)C1=CC=C(C=C1)N=NS(=O)(=O)[O-].[Na+],0,0,0,0,0,0,0,0,0,0,0,0,0,0,0,0,0,0,0,0,0,0,0,0,0,0,0,0,0,0,0,0,0,0,1,0,1,0,0,0,1,1,0,0,0,1,0,0,1,1,1,0,0,1,0,0,1,0,0,1,0,1,1,0,0,0,0,0,1,0,0,1,0,0,1,1,0,0,0,0,0,0,0,0,0,0,1,1,0,1,0,0,0,0,1,1,1,0,0,0,0,0,0,1,0,0,0,1,0,0,0,0,0,1,0,0,0,0,1,0,1,0,0,1,0,1,0,0,0,0,0,1,0,0,1,0,1,1,0,0,0,0,0,1,0,0,0,1,0,1,1,0,0,0,0,0,0,1,0,1,1,1,1,1,1,1,1,1
Warfarin Sodium,CC(=O)CC(C1=CC=CC=C1)C2=C(C3=CC=CC=C3OC2=O)[O-].[Na+],0,0,0,0,0,0,0,0,0,0,0,0,0,0,0,0,0,0,0,0,0,0,0,0,0,0,0,0,0,0,0,0,0,0,0,0,1,0,0,0,0,0,0,0,0,1,0,0,0,0,1,0,0,0,0,0,0,0,1,0,0,0,0,0,0,0,0,0,0,0,0,0,0,0,0,0,0,0,0,0,0,0,0,0,0,0,0,0,0,0,1,0,0,0,0,0,0,0,0,1,0,0,1,0,0,0,1,0,0,0,0,0,0,0,1,0,1,0,0,0,0,0,0,0,1,0,1,0,1,0,0,0,0,1,0,0,0,1,1,0,0,1,0,0,1,1,1,1,0,0,0,1,0,1,0,1,1,0,1,0,1,1,0,1,1,1,1,1
Flusilazole,C[Si](CN1C=NC=N1)(C2=CC=C(C=C2)F)C3=CC=C(C=C3)F,0,0,0,0,0,0,0,0,0,0,0,0,0,0,0,0,0,0,0,0,0,1,0,0,0,0,0,0,0,1,0,1,0,0,0,0,0,0,0,0,0,0,0,1,0,0,0,0,0,0,0,0,0,1,0,0,0,0,0,0,0,0,0,0,0,0,1,0,0,0,0,0,0,0,0,0,1,0,1,0,1,1,0,0,1,0,0,1,1,0,0,0,0,0,1,1,0,1,0,0,0,1,0,0,0,0,0,0,1,0,0,0,1,1,0,0,1,0,0,0,0,1,1,1,0,1,1,0,0,0,0,0,0,0,0,1,0,0,1,0,0,0,0,1,0,0,1,0,0,1,0,0,0,0,1,0,1,1,0,1,0,1,1,1,1,0,1,0
Glyphosate,C(C(=O)O)NCP(=O)(O)O,0,0,0,0,0,0,0,0,0,0,0,0,0,0,0,0,0,0,0,0,0,0,0,0,0,0,0,0,0,1,1,0,0,0,0,0,0,0,0,0,0,0,0,0,1,0,0,0,0,1,0,0,0,0,0,1,0,0,0,0,0,0,0,0,0,0,0,0,0,0,1,0,0,0,0,0,0,0,0,0,0,0,0,1,0,0,0,1,0,0,0,0,1,0,0,0,1,0,0,0,0,1,0,1,0,1,0,1,0,0,0,0,0,1,0,0,0,0,0,0,0,0,0,0,1,1,0,0,0,0,0,1,1,1,0,0,0,1,0,1,1,1,0,0,0,0,0,1,0,1,0,0,1,0,1,1,1,0,1,1,1,0,1,0,0,1,0,0
cis-Chlorfenvinphos,CCOP(=O)(OCC)O/C(=C\Cl)/C1=C(C=C(C=C1)Cl)Cl,0,0,0,0,0,0,0,0,0,0,0,0,0,0,0,0,0,0,0,0,0,0,0,0,0,0,0,0,0,0,1,0,0,0,0,0,0,0,0,0,0,0,0,0,0,0,0,0,0,1,0,0,0,0,0,0,0,0,0,0,0,0,0,0,0,0,0,0,0,0,0,0,0,0,0,0,0,1,0,0,0,0,0,0,0,0,0,0,1,0,0,0,0,0,0,0,0,0,0,0,1,0,0,1,1,0,0,1,1,0,1,0,0,1,0,1,0,0,0,0,0,0,0,0,0,1,0,1,0,1,0,1,0,0,0,1,0,0,0,1,0,1,0,0,0,1,0,1,0,1,1,1,0,1,1,0,1,0,1,0,1,1,0,1,1,1,1,0
"3,5-Dioxa-6-aza-4-phosphaoct-6-ene-8-nitrile, 4-ethoxy-7-phenyl-, 4-sulfide",CCOP(=S)(OCC)O/N=C(\C#N)/C1=CC=CC=C1,0,0,0,0,0,0,0,0,0,0,0,0,0,0,0,0,0,0,0,0,0,0,0,0,0,1,0,0,0,0,1,0,0,0,0,0,0,0,0,0,0,0,1,0,0,0,0,0,0,1,0,0,0,0,0,0,0,0,0,0,0,0,0,0,0,0,0,0,1,0,0,0,1,0,1,0,0,0,0,1,1,0,1,0,0,0,0,0,0,1,0,0,0,0,0,1,1,0,1,0,0,0,0,1,0,0,0,1,0,0,1,0,0,1,0,1,0,0,0,0,1,0,0,0,0,1,0,1,0,1,0,1,0,0,0,0,0,0,0,1,0,0,0,1,0,0,0,1,0,1,1,0,0,0,1,0,1,1,1,0,1,1,1,1,1,1,1,0
Imidacloprid,C1CN(/C(=N/[N+](=O)[O-])/N1)CC2=CN=C(C=C2)Cl,0,0,0,0,0,0,0,0,0,0,0,0,0,0,0,0,0,0,0,0,0,0,0,0,0,1,1,0,0,0,0,0,0,0,0,0,0,0,0,0,0,0,0,0,0,0,0,0,0,0,1,0,0,1,0,0,0,0,0,0,0,0,0,0,1,0,1,0,0,0,0,1,1,0,0,0,1,0,1,1,1,1,0,1,1,0,1,1,1,0,0,1,1,0,0,1,0,1,1,1,0,1,0,1,1,1,0,1,1,0,0,0,1,0,0,0,0,0,1,1,1,1,1,1,0,1,0,0,0,1,1,1,0,0,1,1,0,0,1,1,0,0,0,1,0,0,0,0,1,1,0,1,1,0,1,0,1,1,0,1,1,0,1,1,1,1,1,0
(E)-Methomyl,C/C(=N\OC(=O)NC)/SC,0,0,0,0,0,0,0,0,0,0,0,0,0,0,0,0,0,0,0,0,0,0,0,0,1,1,0,0,0,0,0,0,0,0,0,0,0,0,0,0,0,0,0,0,0,0,0,0,1,0,0,0,0,0,0,0,0,0,0,0,0,0,0,0,0,0,0,0,0,0,0,0,1,0,0,0,0,0,0,1,1,0,1,0,0,0,0,0,0,1,0,0,0,0,1,1,1,0,0,0,0,0,0,1,0,0,0,1,0,0,0,1,0,0,0,0,0,0,1,0,1,0,0,0,1,1,0,1,0,0,0,0,0,0,0,0,0,0,0,0,0,0,1,1,0,0,0,0,0,0,1,0,1,0,0,1,0,1,1,1,1,1,1,0,0,1,0,0
Alpha-Naphthylthiourea,C1=CC=C2C(=C1)C=CC=C2NC(=S)N,0,0,0,0,0,0,0,0,0,0,0,0,0,0,0,0,0,0,0,0,0,0,0,0,0,0,0,0,0,0,0,0,0,0,0,0,0,0,0,0,0,0,0,0,1,0,0,0,1,0,0,0,0,0,0,0,0,0,0,0,0,0,0,0,0,0,0,0,0,0,0,0,0,0,1,0,0,0,1,0,0,0,1,0,0,1,0,0,0,1,0,0,0,0,0,0,0,0,0,0,0,0,1,0,0,0,1,1,0,0,0,0,0,0,0,0,0,0,0,0,0,0,0,0,0,0,1,0,0,0,0,0,1,0,1,0,1,0,0,0,0,0,0,1,0,0,1,0,0,0,0,0,1,0,0,0,0,1,0,1,0,0,1,1,1,0,1,0
Carbendazim,COC(=O)NC1=NC2=CC=CC=C2N1,0,0,0,0,0,0,0,0,0,0,0,0,0,0,0,0,0,0,0,0,0,0,0,0,1,0,1,0,0,0,0,0,0,0,0,0,0,0,0,0,0,0,0,0,1,0,0,0,0,0,0,0,0,0,0,0,0,0,0,0,0,0,0,0,0,0,1,0,0,0,0,0,0,0,0,0,0,0,1,0,1,0,0,0,1,0,0,0,0,0,0,0,0,0,1,0,0,1,1,0,0,0,1,0,0,0,1,1,0,0,0,1,0,0,0,0,0,0,1,0,0,1,1,0,1,0,1,1,0,0,0,0,1,0,1,0,1,0,1,0,0,0,0,1,0,0,0,0,0,0,0,0,1,0,0,1,0,1,1,1,1,1,1,1,1,1,1,0
Sodium Fluoroacetate,C(C(=O)[O-])F.[Na+],0,0,0,0,0,0,0,0,0,0,0,0,0,0,0,0,0,0,0,0,0,0,0,0,0,0,0,0,0,0,0,0,0,0,0,0,1,0,0,0,0,0,0,1,0,1,0,0,0,0,1,0,0,0,0,0,0,0,0,0,0,0,0,0,0,0,0,0,0,0,0,0,0,0,0,0,0,0,0,0,0,0,0,0,0,0,0,0,0,0,0,0,0,0,0,0,0,0,0,0,0,0,0,0,0,0,0,0,0,0,0,0,0,0,0,0,0,0,0,0,0,0,0,0,1,0,0,0,0,0,0,0,0,1,0,1,0,0,0,0,0,0,0,0,0,0,0,0,0,0,0,0,0,0,1,1,1,0,1,0,1,0,0,0,0,1,0,1
Amitraz,CC1=CC(=C(C=C1)N=CN(C)C=NC2=C(C=C(C=C2)C)C)C,0,0,0,0,0,0,0,0,0,0,0,0,0,0,0,0,0,0,0,0,0,0,0,0,0,0,0,0,0,0,0,0,0,0,0,0,0,0,0,0,0,0,0,0,0,0,0,0,0,0,0,0,0,0,0,0,0,0,0,0,0,0,0,0,0,0,0,0,0,0,0,0,0,0,0,0,0,0,1,1,0,1,0,0,0,0,1,0,0,0,0,0,0,0,1,0,0,0,0,0,0,0,0,0,0,0,0,0,0,0,0,0,0,0,0,0,0,0,0,0,1,0,0,1,0,0,1,0,0,0,0,0,0,0,1,0,1,0,0,0,0,0,1,1,0,1,1,0,0,1,1,1,0,0,0,0,0,1,0,1,0,1,1,1,1,0,1,0
Permethrin,CC1(C(C1C(=O)OCC2=CC(=CC=C2)OC3=CC=CC=C3)C=C(Cl)Cl)C,0,0,0,0,0,0,0,0,0,0,0,0,0,0,0,0,0,0,0,0,0,0,1,1,0,0,0,0,0,0,0,0,0,0,0,0,0,0,0,0,0,0,0,0,0,0,0,0,0,0,0,0,0,0,0,0,0,0,0,0,0,0,0,0,0,0,0,1,0,0,0,0,0,0,0,1,0,1,0,0,0,0,0,0,0,0,0,0,0,0,0,0,0,0,0,0,0,0,0,0,1,0,0,0,1,0,0,0,1,0,1,0,0,1,1,0,0,0,0,0,0,0,0,0,1,0,1,1,1,0,0,0,0,0,0,1,0,0,0,0,0,0,0,0,1,0,1,1,0,0,1,1,0,1,1,1,1,0,1,0,1,1,0,1,1,1,1,0
N-Ethyl-o-crotonotoluidide,CCN(C1=CC=CC=C1C)C(=O)/C=C/C,0,0,0,0,0,0,0,0,0,0,0,0,0,0,0,0,0,0,0,0,0,0,0,0,0,0,0,0,0,0,0,0,0,0,0,0,0,0,0,0,0,0,0,0,0,0,0,0,0,0,0,0,0,0,0,0,0,0,0,0,0,0,0,0,0,0,0,0,0,0,0,0,0,0,0,0,0,0,0,0,0,0,0,0,0,0,1,0,0,0,0,0,0,1,0,0,0,0,0,0,1,1,0,0,0,0,0,0,0,1,0,1,0,0,0,1,0,0,1,0,0,0,0,1,0,0,0,0,0,0,0,0,0,0,1,0,1,0,0,0,0,0,1,0,0,1,0,0,0,1,1,1,0,0,1,1,1,1,0,1,0,1,1,1,1,1,1,0
Bentazone-sodium,CC(C)N1C(=O)C2=CC=CC=C2[N-]S1(=O)=O.[Na+],0,0,0,0,0,0,0,0,0,0,0,0,0,0,0,0,0,0,0,0,0,0,0,0,0,0,0,0,0,0,0,0,0,0,1,0,1,1,0,0,0,0,0,0,0,1,0,0,0,0,1,0,0,0,0,0,1,0,0,1,0,1,1,0,0,0,0,0,1,0,0,0,0,0,1,1,1,0,1,0,0,1,1,0,0,0,0,0,0,1,1,0,0,1,0,1,0,0,1,1,0,0,1,1,0,0,1,1,0,0,0,1,0,1,0,0,0,0,1,0,0,1,1,1,0,1,0,0,1,0,0,1,0,0,0,0,1,1,1,0,0,0,0,1,1,1,1,1,0,1,1,1,0,0,0,1,0,1,0,1,1,1,1,1,1,1,1,1
Phenylmercuric Acetate,CC(=O)O[Hg]C1=CC=CC=C1,0,0,0,0,0,0,0,0,0,0,0,0,0,1,0,0,0,0,0,0,0,0,0,0,0,0,0,0,0,0,0,0,0,0,0,0,0,0,0,0,0,0,0,0,0,1,0,0,0,0,0,0,0,0,0,0,0,0,0,0,0,0,0,0,0,0,0,0,0,0,0,0,0,0,0,0,0,0,0,0,0,0,0,0,0,0,0,0,0,0,0,0,0,0,0,0,0,0,0,0,0,0,0,1,0,0,0,0,0,0,0,0,0,0,0,0,0,0,0,0,0,0,0,0,1,1,0,1,0,0,0,0,0,0,0,0,0,0,0,0,0,0,0,0,0,0,0,0,0,0,0,0,0,0,0,1,0,0,1,0,1,1,0,1,1,1,1,0
Bis(tributyltin) oxide,CCCC[Sn](CCCC)(CCCC)O[Sn](CCCC)(CCCC)CCCC,0,0,0,0,1,0,0,0,0,0,0,0,0,0,0,0,0,0,0,0,0,0,0,0,0,0,0,0,0,0,0,1,0,0,0,0,0,0,0,0,0,0,0,0,0,1,0,0,0,0,0,0,0,0,0,0,0,0,0,0,0,0,0,0,0,0,0,0,0,0,0,0,0,0,0,0,0,0,0,0,0,0,0,0,0,0,0,1,0,0,0,0,0,0,0,0,0,0,0,0,0,0,0,1,0,0,0,0,0,0,0,0,0,1,0,1,1,1,0,1,0,0,0,0,0,1,0,1,0,1,1,1,0,1,0,0,0,0,0,1,0,0,1,0,0,0,0,0,1,1,1,0,0,0,1,0,1,0,0,0,0,1,0,0,0,1,0,0
Thimerosal,CC[Hg]SC1=CC=CC=C1C(=O)[O-].[Na+],0,0,0,0,0,0,0,0,0,0,0,0,0,1,0,0,0,0,0,0,0,0,0,0,0,0,0,0,0,0,0,0,0,0,0,0,1,0,0,0,0,0,0,0,0,1,0,0,0,0,1,0,0,0,0,0,0,0,0,0,1,0,0,0,0,1,0,0,1,0,0,0,0,0,0,0,0,0,0,0,0,0,1,0,0,0,0,0,0,1,0,0,0,0,0,0,0,0,0,0,0,0,0,0,0,0,0,0,0,0,0,0,0,0,0,1,0,0,0,0,0,0,0,0,1,1,0,0,0,0,0,0,0,0,0,0,0,0,0,0,0,0,0,0,0,1,0,0,0,0,0,1,0,0,1,1,1,0,1,0,1,1,0,1,1,1,1,1
Thiophanate,CCOC(=O)NC(=S)NC1=CC=CC=C1NC(=S)NC(=O)OCC,0,0,0,0,0,0,0,0,0,0,0,0,0,0,0,0,0,0,0,0,0,0,0,0,1,0,0,0,0,0,0,0,0,0,0,0,0,0,0,0,0,0,0,0,1,0,0,0,1,0,0,0,0,0,0,1,0,0,0,0,0,0,0,0,0,0,0,0,0,0,0,0,0,0,1,0,0,0,1,0,1,0,1,0,0,0,0,0,0,1,0,1,0,0,0,0,0,0,1,0,0,0,0,0,0,0,0,1,0,0,1,1,0,0,0,1,0,0,1,0,0,0,0,0,1,0,0,1,0,0,0,0,1,0,1,0,1,1,0,1,0,1,0,1,0,1,0,1,0,0,1,1,1,0,1,1,1,1,1,1,1,1,1,1,1,1,1,0
Sodium pentachlorophenolate,C1(=C(C(=C(C(=C1Cl)Cl)Cl)Cl)Cl)[O-].[Na+],0,0,0,0,0,0,0,0,0,0,0,0,0,0,0,0,0,0,0,0,0,0,0,0,0,0,0,0,0,0,0,0,0,0,0,0,1,0,0,0,0,0,0,0,0,1,0,0,0,0,1,0,0,0,0,0,0,0,0,0,0,0,0,0,0,0,0,0,0,0,0,0,0,0,0,0,0,0,0,0,0,0,0,0,0,0,0,0,1,0,0,0,0,0,0,0,0,0,0,0,0,0,0,0,1,0,0,0,1,0,0,0,0,0,1,0,0,0,0,0,0,0,0,0,0,0,0,0,1,0,0,0,0,0,0,1,0,0,0,0,0,0,0,0,1,1,0,0,0,0,0,1,0,1,0,0,0,0,1,0,0,0,0,1,1,1,1,1
Pentachlorophenol,C1(=C(C(=C(C(=C1Cl)Cl)Cl)Cl)Cl)O,0,0,0,0,0,0,0,0,0,0,0,0,0,0,0,0,0,0,0,0,0,0,0,0,0,0,0,0,0,0,0,0,0,0,0,0,0,0,0,0,0,0,0,0,0,0,0,0,0,0,0,0,0,0,0,0,0,0,0,0,0,0,0,0,0,0,0,0,0,0,0,0,0,0,0,0,0,0,0,0,0,0,0,0,0,0,0,0,1,0,0,0,0,0,0,0,0,0,0,0,0,0,0,0,1,0,0,0,1,0,0,0,0,0,1,0,0,0,0,0,0,0,0,0,0,0,0,0,1,0,0,0,0,0,0,1,0,0,0,0,1,0,0,0,1,1,0,0,0,0,0,1,0,1,0,0,0,0,1,0,0,0,0,1,1,1,1,0
Cypermethrin,CC1(C(C1C(=O)OC(C#N)C2=CC(=CC=C2)OC3=CC=CC=C3)C=C(Cl)Cl)C,0,0,0,0,0,0,0,0,0,0,0,0,0,0,0,0,0,0,0,0,0,0,1,1,0,0,0,0,0,0,0,0,0,0,0,0,0,0,0,0,0,0,1,0,0,0,0,0,0,0,0,0,0,0,0,0,0,0,0,0,0,0,0,0,0,0,0,1,0,0,0,0,0,0,0,1,0,1,0,0,0,0,0,0,0,0,0,0,0,0,0,0,0,0,0,0,1,0,0,0,1,0,0,0,1,0,0,0,1,0,0,0,0,1,1,0,0,0,0,0,0,0,0,0,1,0,1,1,1,0,0,0,0,0,0,1,0,0,0,0,0,0,0,0,1,0,1,1,0,0,1,1,0,1,0,1,0,0,1,0,1,1,1,1,1,1,1,0
Quintozene,C1(=C(C(=C(C(=C1Cl)Cl)Cl)Cl)Cl)[N+](=O)[O-],0,0,0,0,0,0,0,0,0,0,0,0,0,0,0,0,0,0,0,0,0,0,0,0,0,1,0,0,0,0,0,0,0,0,0,0,0,0,0,0,0,0,0,0,0,0,0,0,0,0,1,0,0,0,0,0,0,1,0,0,0,0,0,0,1,0,0,0,0,0,0,1,1,0,0,0,0,0,0,0,0,0,0,0,0,0,0,0,1,0,0,0,0,0,0,1,0,0,0,0,0,0,0,1,1,0,0,0,1,0,0,0,0,0,0,0,0,0,0,0,1,0,0,1,0,1,0,0,0,0,0,1,0,0,1,1,1,0,0,0,0,0,0,0,0,1,0,0,0,1,0,1,0,0,0,0,0,1,0,1,1,0,1,1,1,1,1,0
cis-Mevinphos,C/C(=C\C(=O)OC)/OP(=O)(OC)OC,0,0,0,0,0,0,0,0,0,0,0,0,0,0,0,0,0,0,0,0,0,0,0,0,0,0,0,0,0,0,1,0,0,0,0,0,0,0,0,0,0,0,0,0,0,0,0,0,0,1,0,0,0,0,0,0,0,0,0,0,0,0,0,0,0,0,0,0,0,0,0,0,0,0,0,0,0,1,0,0,0,0,0,0,0,0,0,0,0,0,1,0,0,0,1,0,0,0,0,0,1,0,0,1,0,0,0,1,0,0,0,0,0,1,0,0,0,0,0,0,0,0,0,0,1,1,0,1,0,0,0,1,0,0,0,0,0,1,0,0,0,1,1,0,0,0,0,1,0,1,1,0,0,1,0,1,0,0,1,0,1,1,0,0,0,1,0,0
Metam-sodium,CNC(=S)[S-].[Na+],0,0,0,0,0,0,0,0,0,0,0,0,0,0,0,0,0,0,0,0,0,0,0,0,0,0,0,0,0,0,0,0,0,0,0,0,1,0,0,0,0,0,0,0,0,1,0,0,1,0,1,0,0,0,0,0,0,0,0,0,0,0,0,0,0,0,0,0,0,0,0,0,0,0,1,0,0,0,0,0,0,0,1,0,0,0,0,0,0,1,0,0,0,0,1,0,0,0,0,0,0,0,0,0,0,0,0,1,0,0,0,0,0,0,0,0,0,0,0,0,0,0,0,0,0,0,0,0,0,0,0,0,0,0,0,0,0,0,0,0,0,0,0,0,0,0,0,0,0,0,0,0,1,0,0,0,0,1,0,1,0,1,1,0,0,0,0,1
Monocrotophos,C/C(=C\C(=O)NC)/OP(=O)(OC)OC,0,0,0,0,0,0,0,0,0,0,0,0,0,0,0,0,0,0,0,0,0,0,0,0,0,0,0,0,0,0,1,0,0,0,0,0,0,0,0,0,0,0,0,0,0,0,0,0,0,1,0,0,0,0,0,0,0,0,0,0,0,0,0,0,0,0,0,0,0,0,0,0,0,0,0,0,0,1,0,0,0,0,0,0,0,0,0,0,0,0,1,0,0,1,1,0,0,0,1,0,1,0,0,1,0,0,0,1,0,0,0,1,0,1,0,0,0,0,1,0,0,0,0,0,0,1,0,1,0,0,0,1,0,0,0,0,0,1,0,0,0,1,1,0,0,0,0,1,0,1,1,0,1,1,0,1,0,1,1,1,1,1,1,0,0,1,0,0
Endrin,C1[C@@H]2[C@@H]3[C@H]([C@H]1[C@H]4[C@@H]2O4)[C@@]5(C(=C([C@]3(C5(Cl)Cl)Cl)Cl)Cl)Cl,0,0,0,0,0,0,0,0,0,0,0,0,0,0,0,0,0,1,0,0,1,0,0,1,0,0,0,0,0,0,0,0,0,0,0,0,0,0,0,0,0,0,0,0,0,0,0,0,0,0,0,0,0,0,0,0,0,0,1,0,0,0,0,0,0,0,0,1,0,0,0,0,0,0,0,0,0,1,0,0,0,0,0,0,0,0,0,0,1,0,0,0,0,0,0,0,0,1,0,1,1,0,1,0,1,0,1,0,1,0,0,0,0,1,0,0,0,0,0,0,0,0,0,0,0,0,0,0,0,0,0,0,0,0,0,1,0,0,1,0,0,0,0,0,0,0,1,0,0,0,0,1,0,1,0,0,0,0,1,0,0,0,0,0,1,1,1,0
"Phosphoric acid, (7-chloro-bicyclo(3.2.0)hepta-2,6-dien-6-yl) dimethyl ester",COP(=O)(OC)OC1=C([C@H]2[C@@H]1CC=C2)Cl,0,0,0,0,0,0,0,0,0,0,0,0,1,0,0,0,0,0,0,0,1,0,0,0,0,0,0,0,0,0,1,0,0,0,0,0,0,0,0,0,0,0,0,0,0,0,0,0,0,1,0,0,0,0,0,0,0,0,0,0,0,0,0,0,0,0,0,0,0,0,0,0,0,0,0,0,0,1,0,0,0,0,0,0,0,0,0,0,1,0,0,0,0,0,1,0,0,1,0,0,1,0,0,1,1,0,1,1,1,0,0,0,0,1,0,0,0,0,0,0,0,0,0,0,0,1,0,1,1,0,0,1,0,0,0,1,0,0,0,0,0,1,0,0,1,0,0,1,0,1,1,1,0,1,0,0,0,0,1,0,1,1,0,0,0,1,1,0
Thiobencarb,CCN(CC)C(=O)SCC1=CC=C(C=C1)Cl,0,0,0,0,0,0,0,0,0,0,0,0,0,0,0,0,0,0,0,0,0,0,0,0,0,0,0,0,0,0,0,0,0,0,0,0,0,0,0,0,0,0,0,0,0,0,0,0,1,0,0,0,0,0,0,0,0,0,0,0,0,0,0,0,0,0,0,0,0,0,0,0,0,0,0,0,0,0,0,0,0,0,1,0,0,0,1,1,1,1,0,0,0,0,0,0,0,0,0,0,0,1,0,0,1,0,0,1,1,0,0,1,0,0,0,1,0,1,1,0,0,0,0,1,0,0,0,0,0,1,0,0,0,0,0,1,0,0,0,1,0,0,0,0,0,0,0,0,0,1,1,0,0,0,1,1,1,1,0,1,0,1,1,1,1,1,1,0
Glufosinate-Ammonium,CP(=O)(CCC(C(=O)[O-])N)O.[NH4+],0,0,0,0,0,0,0,0,0,0,0,0,0,0,0,0,0,0,0,0,0,0,0,0,0,0,0,0,0,0,1,0,0,0,0,0,0,0,0,0,0,0,0,0,0,0,0,0,0,0,1,0,0,0,0,0,0,0,0,0,0,0,0,0,0,0,0,0,0,0,1,0,0,0,0,0,0,0,0,0,0,0,0,0,0,1,0,1,0,0,0,1,0,0,1,0,1,0,0,0,0,0,0,1,0,1,0,0,0,0,0,0,1,1,0,0,1,1,0,1,0,0,0,0,1,1,0,0,0,0,0,1,1,1,0,0,0,1,0,0,1,1,0,1,0,0,0,1,1,1,0,0,1,0,1,1,1,1,1,1,1,1,1,0,0,1,0,1
Warfarin,CC(=O)CC(C1=CC=CC=C1)C2=C(C3=CC=CC=C3OC2=O)O,0,0,0,0,0,0,0,0,0,0,0,0,0,0,0,0,0,0,0,0,0,0,0,0,0,0,0,0,0,0,0,0,0,0,0,0,0,0,0,0,0,0,0,0,0,0,0,0,0,0,0,0,0,0,0,0,0,0,1,0,0,0,0,0,0,0,0,0,0,0,0,0,0,0,0,0,0,0,0,0,0,0,0,0,0,0,0,0,0,0,1,0,1,0,0,0,0,0,0,1,0,0,1,0,0,0,1,0,0,0,0,0,0,0,1,0,1,0,0,0,0,0,0,0,1,0,1,0,1,0,0,0,0,1,0,0,0,1,1,0,1,1,0,0,1,1,1,1,0,0,0,1,0,1,0,1,1,0,1,0,1,1,0,1,1,1,1,0
Pyraclostrobin,COC(=O)N(C1=CC=CC=C1COC2=NN(C=C2)C3=CC=C(C=C3)Cl)OC,0,0,0,0,0,0,0,0,0,0,0,0,0,0,1,0,0,0,0,0,0,0,0,0,1,1,0,0,0,0,0,0,0,0,0,0,0,0,0,0,0,0,0,0,0,0,0,0,0,0,0,0,0,1,0,0,0,0,0,0,0,0,0,1,0,0,1,0,0,0,0,0,1,1,0,0,1,0,0,0,0,1,0,0,1,0,0,0,1,0,0,0,0,1,1,1,1,1,1,0,0,0,0,1,1,0,0,1,1,0,1,1,0,0,1,0,0,0,1,0,0,1,1,1,1,1,1,1,1,0,0,1,0,0,1,1,1,0,1,0,0,1,0,1,1,1,1,1,0,1,1,1,0,0,1,1,1,1,1,1,1,1,1,1,1,1,1,0
Tricyclohexylzinnhydroxid [German],C1CCC(CC1)[Sn](C2CCCCC2)C3CCCCC3.O,0,0,0,0,1,0,0,0,0,0,0,0,0,0,0,0,0,0,0,0,0,0,0,0,0,0,0,0,0,0,0,0,0,0,0,0,0,0,0,0,0,0,0,0,0,1,0,0,0,0,0,0,0,0,0,0,0,0,0,0,0,0,0,0,0,0,0,0,0,0,0,0,0,0,0,0,0,0,0,0,0,0,0,0,0,0,0,0,0,0,0,0,0,0,0,0,0,0,0,0,0,0,0,0,0,0,0,0,0,0,0,0,0,0,0,0,0,0,0,1,0,0,0,0,0,0,0,0,0,1,1,0,0,0,0,0,0,0,0,0,1,0,0,0,0,0,1,0,1,1,0,0,0,0,0,0,0,0,0,0,0,0,0,0,1,1,1,1
f-16(Pesticide),C1=CC(=C(C=C1NC2=NC=NC=N2)S(=O)(=O)O)/C=C/C3=C(C=C(C=C3)NC4=NC=NC=N4)S(=O)(=O)O,0,0,0,0,0,0,0,0,0,0,0,0,0,0,0,0,0,0,0,0,0,0,0,0,0,0,1,0,0,0,0,0,0,0,0,0,0,0,0,0,1,1,0,0,0,0,0,0,0,1,0,0,1,0,0,0,1,0,0,1,1,1,1,0,0,1,1,0,1,0,1,0,0,0,1,0,0,0,1,0,0,1,1,0,0,0,0,0,0,1,0,0,0,0,0,0,0,0,0,1,1,0,0,1,0,0,0,1,0,0,0,0,0,1,0,0,0,0,0,0,0,1,1,0,0,1,1,0,0,0,0,1,1,0,1,0,1,1,1,0,1,1,0,1,0,1,1,1,0,1,0,1,1,0,0,0,0,1,0,1,1,0,1,1,1,1,1,0
Pyrethrin I,CC1=C(C(=O)C[C@@H]1OC(=O)[C@@H]2[C@H](C2(C)C)C=C(C)C)C/C=C\C=C,0,0,0,0,0,0,0,0,0,0,0,0,0,0,0,0,0,0,0,0,0,0,0,1,0,0,0,0,0,0,0,0,0,0,0,1,0,0,0,0,0,0,0,0,0,0,0,0,0,0,0,1,0,0,0,0,0,0,0,0,0,0,0,0,0,0,0,1,0,0,0,0,0,0,0,1,0,1,0,0,0,0,0,0,0,0,0,0,0,0,1,0,0,0,0,0,0,1,0,0,1,0,0,0,0,0,0,0,0,1,0,0,0,1,0,0,0,1,0,0,0,0,0,0,1,0,0,1,1,1,1,0,0,1,0,0,0,1,0,0,0,0,1,0,1,0,0,1,0,0,1,1,0,1,0,1,1,0,1,0,1,1,0,0,0,1,1,0
Cyhalothrin,CC1(C(C1C(=O)OC(C#N)C2=CC(=CC=C2)OC3=CC=CC=C3)/C=C(/C(F)(F)F)\Cl)C,0,0,0,0,0,0,0,0,0,0,0,0,0,0,0,0,0,0,0,0,0,0,0,1,0,0,0,0,0,0,0,0,0,0,0,0,0,0,0,0,0,0,1,1,0,0,0,0,0,0,0,0,0,0,0,0,0,0,0,0,0,0,0,0,0,0,0,1,0,0,0,0,0,0,0,1,0,1,0,0,0,0,0,0,0,0,0,0,0,0,0,0,0,0,0,0,1,0,0,0,1,0,0,0,1,0,0,1,1,0,0,0,0,1,1,0,0,0,0,0,0,0,0,0,1,0,1,1,1,0,0,0,0,0,0,1,0,0,0,0,0,0,0,0,1,0,1,1,0,0,1,1,0,1,0,1,0,0,1,0,1,1,1,1,1,1,1,0
Bifenthrin,CC1=C(C=CC=C1C2=CC=CC=C2)COC(=O)[C@@H]3[C@@H](C3(C)C)/C=C(/C(F)(F)F)\Cl,0,0,0,0,0,0,0,0,0,0,0,0,0,0,0,0,0,0,0,0,0,0,0,1,0,0,0,0,0,0,0,0,0,0,0,0,0,0,0,0,0,0,0,1,0,0,0,0,0,0,0,0,0,0,0,0,0,0,0,0,0,0,0,1,0,0,0,1,0,0,0,0,0,0,0,1,0,1,0,0,0,0,0,0,0,0,0,0,0,0,0,0,0,0,0,0,0,0,0,0,1,0,0,0,1,0,0,1,1,0,1,0,0,1,0,0,0,1,0,0,0,0,0,0,1,0,1,1,0,0,0,0,0,0,0,1,0,0,0,0,0,0,1,0,0,1,1,0,0,0,1,1,0,0,1,1,1,0,1,0,1,1,0,1,1,1,1,0
Thiophanate-Methyl,COC(=O)NC(=S)NC1=CC=CC=C1NC(=S)NC(=O)OC,0,0,0,0,0,0,0,0,0,0,0,0,0,0,0,0,0,0,0,0,0,0,0,0,1,0,0,0,0,0,0,0,0,0,0,0,0,0,0,0,0,0,0,0,1,0,0,0,1,0,0,0,0,0,0,1,0,0,0,0,0,0,0,0,0,0,0,0,0,0,0,0,0,0,1,0,0,0,1,0,1,0,1,0,0,0,0,0,0,1,0,0,0,0,1,0,0,0,1,0,0,0,0,0,0,0,0,1,0,0,0,1,0,0,0,0,0,0,1,0,0,0,0,0,1,0,0,1,0,0,0,0,1,0,1,0,1,1,0,0,0,1,0,1,0,1,0,1,0,0,1,1,1,0,0,1,0,1,1,1,1,1,1,1,1,1,1,0
Picloram-potassium,C1(=C(C(=NC(=C1Cl)Cl)C(=O)[O-])Cl)N.[K+],0,0,0,0,0,0,0,0,0,0,0,0,0,0,0,0,0,0,0,0,0,0,0,0,0,0,0,0,0,0,0,0,0,0,0,0,1,0,0,0,0,0,0,0,0,1,0,0,0,0,1,0,0,0,0,0,0,0,0,0,0,0,0,0,0,0,1,0,0,0,0,0,0,0,0,0,0,0,0,0,0,1,0,0,0,1,0,0,1,0,0,0,0,0,0,0,1,0,0,1,0,0,0,0,1,0,0,0,1,0,0,0,0,0,0,0,0,0,0,0,0,0,1,0,1,0,0,0,0,0,0,0,0,0,1,1,1,0,1,0,0,0,0,1,0,1,0,0,0,0,0,1,1,0,0,1,0,1,1,1,1,0,1,1,1,1,1,1
Brodifacoum,C1C(CC2=CC=CC=C2C1C3=C(C4=CC=CC=C4OC3=O)O)C5=CC=C(C=C5)C6=CC=C(C=C6)Br,0,0,0,0,0,0,0,0,0,0,0,0,0,0,0,0,0,0,0,0,0,0,0,0,0,0,0,0,0,0,0,0,0,0,0,0,0,0,0,0,0,0,0,0,0,0,0,1,0,0,0,0,0,0,0,0,0,0,1,0,0,0,0,1,0,0,0,0,0,0,0,0,0,0,0,0,0,0,0,0,0,0,0,0,0,0,0,0,1,0,1,0,1,0,0,0,0,0,0,1,0,0,1,0,0,0,1,0,1,0,0,0,0,0,1,0,0,0,0,0,0,0,0,0,1,0,1,0,1,1,0,0,0,0,0,1,0,0,1,0,1,0,0,0,1,1,1,1,0,0,0,1,0,1,0,1,0,0,1,0,1,0,0,1,1,1,1,0
Sodium Chlorate,[O-]Cl(=O)=O.[Na+],0,0,0,0,0,0,0,0,0,0,0,0,0,0,0,0,0,0,0,0,0,0,0,0,0,0,0,0,0,0,0,0,1,0,0,0,1,0,0,0,0,0,0,0,0,1,0,0,0,1,1,0,0,0,0,0,0,0,0,0,0,0,0,0,0,0,0,0,0,0,0,0,0,0,0,0,0,0,0,0,0,0,0,0,0,0,0,0,0,0,0,0,0,0,0,0,0,0,0,0,0,0,0,1,1,0,0,1,0,0,0,0,0,0,0,0,0,0,0,0,0,0,0,0,0,1,0,0,0,0,0,1,0,0,0,1,0,0,0,0,0,0,0,0,0,0,0,1,0,1,0,0,0,0,0,0,0,0,0,0,1,0,0,0,0,1,0,1
Disulfoton,CCOP(=S)(OCC)SCCSCC,0,0,0,0,0,0,0,0,0,0,0,0,0,0,0,0,0,0,0,0,0,0,0,0,0,0,0,0,0,0,1,0,0,0,0,0,0,0,0,0,0,0,0,0,0,0,0,0,0,0,0,0,0,0,0,0,0,0,0,0,0,0,0,0,0,0,0,0,1,0,0,0,0,0,1,0,0,0,0,0,0,0,1,0,0,0,0,1,0,1,0,0,0,0,0,0,0,0,0,0,0,0,0,1,0,0,0,1,0,1,1,0,0,1,0,1,0,1,0,1,0,0,0,0,0,1,0,1,0,1,1,1,0,0,0,0,0,0,0,1,0,0,1,0,0,0,0,0,1,1,1,0,0,0,1,0,1,0,1,0,1,1,0,0,0,1,0,0
Methyl Parathion,COP(=S)(OC)OC1=CC=C(C=C1)[N+](=O)[O-],0,0,0,0,0,0,0,0,0,0,0,0,0,0,0,0,0,0,0,0,0,0,0,0,0,1,0,0,0,0,1,0,0,0,0,0,0,0,0,0,0,0,0,0,0,0,0,0,0,1,1,0,0,0,0,0,0,1,0,0,0,0,0,0,1,0,0,0,1,0,0,1,1,0,1,0,0,0,0,0,0,0,1,0,0,0,0,0,0,1,0,0,0,0,1,1,0,0,0,0,0,0,0,1,0,0,0,1,0,0,0,0,0,1,1,0,0,0,0,0,1,0,0,1,0,1,0,1,1,0,0,1,0,0,1,0,1,0,0,0,0,1,0,0,1,0,0,1,0,1,1,0,0,1,0,0,0,1,1,1,1,1,1,1,1,1,1,0
Dinoseb,CCC(C)C1=C(C(=CC(=C1)[N+](=O)[O-])[N+](=O)[O-])O,0,0,0,0,0,0,0,0,0,0,0,0,0,0,0,0,0,0,0,0,0,0,0,0,0,1,0,0,0,0,0,0,0,0,0,0,0,0,0,0,0,0,0,0,0,0,0,0,0,0,1,0,0,0,0,0,0,1,0,0,0,0,0,0,1,0,0,0,0,0,0,1,1,0,0,0,0,0,0,0,0,1,0,0,0,0,0,0,0,0,1,0,1,0,0,1,1,0,0,0,0,0,0,1,0,0,0,0,0,0,0,0,0,0,1,1,1,0,0,0,1,0,0,1,0,1,0,0,1,0,0,1,0,0,1,0,1,1,0,0,1,1,0,1,1,1,0,1,0,1,1,1,0,1,0,0,1,1,1,1,1,1,1,1,1,1,1,0
Tribufos,CCCCSP(=O)(SCCCC)SCCCC,0,0,0,0,0,0,0,0,0,0,0,0,0,0,0,0,0,0,0,0,0,0,0,0,0,0,0,0,0,0,1,0,0,0,0,0,0,0,0,0,0,0,0,0,0,0,0,0,0,0,0,0,0,0,0,0,0,0,0,0,0,0,0,0,0,0,0,0,1,0,0,0,0,0,0,0,0,0,0,0,0,0,1,0,0,0,0,0,0,1,0,0,0,0,0,0,0,0,0,0,0,0,0,1,0,0,0,1,0,0,0,0,0,1,0,1,1,1,0,1,0,0,0,0,0,1,0,0,0,1,0,1,0,0,0,0,0,0,0,1,0,0,1,0,0,0,0,0,1,1,1,0,0,0,1,0,1,0,0,0,0,1,0,0,0,1,0,0
Trichlorfon,COP(=O)(C(C(Cl)(Cl)Cl)O)OC,0,0,0,0,0,0,0,0,0,0,0,0,0,0,0,0,0,0,0,0,0,0,0,0,0,0,0,0,0,0,1,0,0,0,0,0,0,0,0,0,0,0,0,0,0,0,0,0,0,1,0,0,0,0,0,0,0,0,0,0,0,0,0,0,0,0,0,0,0,0,0,0,0,1,0,0,0,0,0,0,0,0,0,0,0,0,0,0,0,0,0,0,0,0,1,0,0,0,0,0,0,0,0,1,1,0,0,1,1,0,0,0,0,1,0,0,0,0,0,0,0,0,0,0,0,1,0,1,0,0,0,1,0,0,0,1,0,0,0,0,1,1,0,0,0,0,0,1,0,1,1,0,0,0,0,0,0,0,1,0,1,1,0,0,0,1,0,0
Thiometon,CCSCCSP(=S)(OC)OC,0,0,0,0,0,0,0,0,0,0,0,0,0,0,0,0,0,0,0,0,0,0,0,0,0,0,0,0,0,0,1,0,0,0,0,0,0,0,0,0,0,0,0,0,0,0,0,0,0,0,0,0,0,0,0,0,0,0,0,0,0,0,0,0,0,0,0,0,1,0,0,0,0,0,1,0,0,0,0,0,0,0,1,0,0,0,0,1,0,1,0,0,0,0,1,0,0,0,0,0,0,0,0,1,0,0,0,1,0,1,0,0,0,1,0,1,0,1,0,1,0,0,0,0,0,1,0,1,0,0,1,1,0,0,0,0,0,0,0,1,0,0,1,0,0,0,0,0,1,1,1,0,0,0,1,0,1,0,1,0,1,1,0,0,0,1,0,0
lambda-Cyhalothrin,CC1([C@@H]([C@@H]1C(=O)O[C@@H](C#N)C2=CC(=CC=C2)OC3=CC=CC=C3)/C=C(/C(F)(F)F)\Cl)C,0,0,0,0,0,0,0,0,0,0,0,0,0,0,0,0,0,0,0,0,0,0,0,1,0,0,0,0,0,0,0,0,0,0,0,0,0,0,0,0,0,0,1,1,0,0,0,0,0,0,0,0,0,0,0,0,0,0,0,0,0,0,0,0,0,0,0,1,0,0,0,0,0,0,0,1,0,1,0,0,0,0,0,0,0,0,0,0,0,0,0,0,0,0,0,0,1,0,0,0,1,0,0,0,1,0,0,1,1,0,0,0,0,1,1,0,0,0,0,0,0,0,0,0,1,0,1,1,1,0,0,0,0,0,0,1,0,0,0,0,0,0,0,0,1,0,1,1,0,0,1,1,0,1,0,1,0,0,1,0,1,1,1,1,1,1,1,0
Uniconazole,CC(C)(C)C(/C(=C\C1=CC=C(C=C1)Cl)/N2C=NC=N2)O,0,0,0,0,0,0,0,0,0,0,0,0,0,0,0,0,0,0,0,0,0,0,0,0,0,0,0,0,0,0,0,0,0,0,0,0,0,0,0,0,0,0,0,0,0,0,1,0,0,0,0,0,0,1,0,0,0,0,0,0,0,0,0,0,0,0,1,1,0,0,0,0,0,0,0,1,1,1,1,0,1,1,0,0,1,0,0,0,1,0,0,0,0,0,0,1,1,1,1,0,1,0,0,0,1,0,0,0,1,0,0,0,0,1,0,0,0,0,0,0,0,1,1,1,0,1,1,0,0,0,0,0,0,0,0,1,0,0,1,0,1,0,1,1,0,0,0,0,0,1,1,0,0,1,0,0,0,1,1,1,0,1,1,1,1,1,1,0
Fentin acetate,CC(=O)O[Sn](C1=CC=CC=C1)(C2=CC=CC=C2)C3=CC=CC=C3,0,0,0,0,1,0,0,0,0,0,0,0,0,0,0,0,0,0,0,0,0,0,0,0,0,0,0,0,0,0,0,1,0,0,0,0,0,0,0,0,0,0,0,0,0,1,0,0,0,0,0,0,0,0,0,0,0,0,0,0,0,0,0,0,0,0,0,0,0,0,0,0,0,0,0,0,0,0,0,0,0,0,0,0,0,0,0,0,0,0,0,0,0,0,0,0,0,0,0,0,0,0,0,1,0,0,0,0,0,0,0,0,0,1,0,0,0,0,0,0,0,0,0,0,1,1,1,1,0,0,0,0,0,0,0,0,0,0,0,0,0,0,0,0,0,0,1,0,0,1,0,0,0,0,0,1,0,0,1,0,1,1,0,1,1,1,1,0
Phenylmercuric Nitrate,C1=CC=C(C=C1)[Hg]O[N+](=O)[O-],0,0,0,0,0,0,0,0,0,0,0,0,0,1,0,0,0,0,0,0,0,0,0,0,0,1,0,0,0,0,0,0,0,0,0,0,0,0,0,0,0,0,0,0,0,1,0,0,0,1,1,0,0,0,0,0,0,0,0,0,0,0,0,0,1,0,0,0,0,0,0,1,1,0,0,0,0,0,0,0,0,0,0,0,0,0,0,0,0,0,0,0,0,0,0,1,0,0,0,0,0,0,0,1,0,0,0,1,0,0,0,0,0,0,0,0,0,0,0,0,1,0,0,1,0,1,0,1,0,0,0,1,0,0,0,0,0,0,0,0,0,0,0,0,0,0,0,1,0,1,0,0,0,0,0,0,0,0,0,0,1,0,1,1,1,1,1,0
(Acetato-kappaO)(2-methoxyethyl)mercury,CC(=O)O[Hg]CCOC,0,0,0,0,0,0,0,0,0,0,0,0,0,1,0,0,0,0,0,0,0,0,0,0,0,0,0,0,0,0,0,0,0,0,0,0,0,0,0,0,0,0,0,0,0,1,0,0,0,0,0,0,0,0,0,0,0,0,0,0,0,0,0,0,0,0,0,0,0,0,0,0,0,0,0,0,0,0,0,0,0,0,0,0,0,0,0,1,0,0,1,0,0,0,1,0,0,0,0,0,0,0,0,1,0,0,0,0,0,1,1,0,0,0,0,0,1,1,0,1,0,0,0,0,1,1,0,1,0,0,0,0,0,1,0,0,0,0,0,1,0,0,0,0,0,0,0,1,1,0,1,0,0,0,1,1,1,0,1,0,1,1,0,0,0,1,0,0
Triasulfuron,CC1=NC(=NC(=N1)OC)NC(=O)NS(=O)(=O)C2=CC=CC=C2OCCCl,0,0,0,0,0,0,0,0,0,0,0,0,0,0,0,0,0,0,0,0,0,0,0,0,0,0,1,0,0,0,0,0,0,1,1,0,0,0,1,1,0,0,0,0,1,0,0,0,0,0,0,0,1,0,0,0,1,0,0,1,1,1,1,0,0,1,1,0,1,0,1,0,0,0,1,0,0,0,1,0,0,1,1,0,0,0,0,0,0,1,1,0,0,0,1,1,0,0,1,1,0,0,0,1,1,0,0,1,0,0,1,1,0,1,1,0,0,0,1,1,0,1,1,0,0,1,1,1,1,0,0,1,1,1,1,1,1,1,1,1,0,1,0,1,1,1,1,1,1,1,1,1,1,1,1,1,1,1,1,1,1,1,1,1,1,1,1,0
Matox,CC1(CN=C(NC1)NN=C(/C=C/C2=CC=C(C=C2)C(F)(F)F)/C=C/C3=CC=C(C=C3)C(F)(F)F)C,0,0,0,0,0,0,0,0,0,0,0,0,0,0,0,0,0,0,0,0,0,0,0,0,0,0,1,0,0,0,0,0,0,0,0,0,0,0,0,0,0,0,0,1,1,0,0,0,0,0,0,0,0,1,0,0,0,0,0,0,0,0,0,0,0,0,0,1,0,0,1,0,0,0,0,1,0,0,1,1,1,1,0,1,0,0,0,0,0,0,0,1,0,0,0,1,0,0,0,1,1,1,0,0,0,0,0,1,1,0,0,0,0,1,0,0,1,0,0,0,1,1,1,0,0,1,1,0,0,1,0,0,1,0,1,1,0,0,1,1,0,0,0,1,0,0,1,0,0,0,1,0,1,0,1,0,0,1,0,1,0,1,1,1,1,0,1,0
Emamectin benzoate [ISO],CC[C@H](C)[C@@H]1[C@H](C=C[C@@]2(O1)C[C@@H]3C[C@H](O2)C/C=C(/[C@H]([C@H](/C=C/C=C/4\CO[C@H]5[C@@]4([C@@H](C=C([C@H]5O)C)C(=O)O3)O)C)O[C@H]6C[C@@H]([C@H]([C@@H](O6)C)O[C@H]7C[C@@H]([C@H]([C@@H](O7)C)[NH2+]C)OC)OC)\C)C.C1=CC=C(C=C1)C(=O)[O-],0,0,0,0,0,0,0,0,0,0,0,0,0,0,0,0,0,0,0,0,0,0,0,0,0,0,0,1,0,0,0,0,0,0,0,0,0,0,0,0,0,0,0,0,0,0,0,0,0,0,1,1,0,0,1,0,0,0,1,0,0,0,0,0,0,0,0,1,0,0,0,0,0,1,0,0,0,1,0,0,0,0,0,0,1,1,0,0,0,0,1,1,1,0,1,0,1,1,0,1,1,0,1,0,0,0,1,0,0,1,1,0,0,1,0,1,1,1,0,0,0,1,0,0,1,0,0,1,1,1,0,0,1,1,1,0,0,1,1,0,1,1,1,0,1,0,1,1,0,0,1,1,1,1,1,1,1,1,1,1,1,1,1,1,1,1,1,1
Bromadiolone,C1=CC=C(C=C1)C(CC(C2=CC=C(C=C2)C3=CC=C(C=C3)Br)O)C4=C(C5=CC=CC=C5OC4=O)O,0,0,0,0,0,0,0,0,0,0,0,0,0,0,0,0,0,0,0,0,0,0,0,0,0,0,0,0,0,0,0,0,0,0,0,0,0,0,0,0,0,0,0,0,0,0,0,1,0,0,0,0,0,0,0,0,0,0,1,0,0,0,0,1,0,0,0,0,0,0,0,0,0,0,0,0,0,0,0,0,0,0,0,0,0,0,0,0,1,0,1,0,1,0,0,0,0,0,0,1,0,0,1,0,0,1,1,0,1,0,0,0,0,0,1,0,0,0,0,0,0,0,0,0,1,0,1,0,1,0,0,0,1,1,0,1,0,0,1,0,1,1,0,0,1,1,1,1,0,0,0,1,0,1,0,1,1,0,1,0,1,0,0,1,1,1,1,0
(+-)-Coumachlor,CC(=O)CC(C1=CC=C(C=C1)Cl)C2=C(C3=CC=CC=C3OC2=O)O,0,0,0,0,0,0,0,0,0,0,0,0,0,0,0,0,0,0,0,0,0,0,0,0,0,0,0,0,0,0,0,0,0,0,0,0,0,0,0,0,0,0,0,0,0,0,0,0,0,0,0,0,0,0,0,0,0,0,1,0,0,0,0,0,0,0,0,0,0,0,0,0,0,0,0,0,0,0,0,0,0,0,0,0,0,0,0,0,1,0,1,0,1,0,0,0,0,0,0,1,0,0,1,0,1,0,1,0,1,0,0,0,0,0,1,0,1,0,0,0,0,0,0,0,1,0,1,0,1,0,0,0,0,1,0,1,0,1,1,0,1,1,0,0,1,1,1,1,0,0,0,1,0,1,0,1,1,0,1,0,1,1,0,1,1,1,1,0
FB7 (pesticide),C(C[Hg])Cl.C1(C(C(C(C(C1Cl)Cl)Cl)Cl)Cl)Cl,0,0,0,0,0,0,0,0,0,0,0,0,0,1,0,0,0,0,0,0,0,0,0,0,0,0,0,0,0,0,0,0,0,0,0,0,0,0,0,0,0,0,0,0,0,1,0,0,0,0,0,0,0,0,0,0,0,0,0,0,0,0,0,0,0,0,0,0,0,0,0,0,0,0,0,0,0,0,0,0,0,0,0,0,0,0,0,0,1,0,0,0,0,0,0,0,0,0,0,0,0,0,0,0,1,0,0,0,1,0,0,0,0,0,0,0,0,0,0,1,0,0,0,0,0,0,0,0,0,0,0,0,0,0,0,1,0,0,0,1,0,0,0,0,0,0,0,0,1,0,0,1,0,0,1,0,1,0,0,0,0,0,0,0,1,0,1,1
Anabasine,C1CCN[C@@H](C1)C2=CN=CC=C2,0,0,0,0,0,0,0,0,0,0,0,0,0,0,0,0,0,0,0,0,0,0,0,0,0,0,0,0,0,0,0,0,0,0,0,0,0,0,0,0,0,0,0,0,0,0,0,0,0,0,0,0,0,0,0,0,0,0,0,0,0,0,0,1,0,0,1,0,0,0,0,0,0,0,0,0,0,0,0,0,0,1,0,1,0,0,0,0,0,0,0,1,1,0,0,0,0,0,0,1,0,1,0,0,0,1,0,0,0,0,0,0,1,0,0,0,0,0,0,1,0,1,1,0,0,0,0,0,0,1,1,0,0,0,0,0,0,0,1,0,0,0,0,1,0,0,1,0,1,0,0,0,1,0,1,0,0,1,0,1,0,0,1,1,1,0,1,0
Imiprothrin,CC(=CC1C(C1(C)C)C(=O)OCN2C(=O)CN(C2=O)CC#C)C,0,0,0,0,0,0,0,0,0,0,0,0,0,0,0,0,0,0,1,0,0,0,0,1,0,0,0,0,0,1,0,0,0,0,0,0,0,0,1,0,0,0,0,0,0,0,0,0,0,0,0,1,0,0,0,0,0,0,0,0,0,0,0,0,0,0,0,1,0,0,0,0,0,0,0,1,1,1,1,0,1,0,0,0,1,0,1,1,0,0,1,0,0,1,0,0,1,1,1,0,1,1,0,0,0,0,0,1,0,0,1,1,1,1,0,0,0,0,1,0,0,1,1,1,1,0,0,1,1,1,1,0,0,1,0,0,0,1,1,1,0,1,1,1,1,0,0,1,0,1,1,1,0,0,1,1,1,1,1,1,1,1,1,0,0,1,1,0
Methiocarb,CC1=CC(=CC(=C1SC)C)OC(=O)NC,0,0,0,0,0,0,0,0,0,0,0,0,0,0,0,0,0,0,0,0,0,0,0,0,1,0,0,0,0,0,0,0,0,0,0,0,0,0,0,0,0,0,0,0,0,0,0,0,0,0,0,0,0,0,0,0,0,0,0,0,1,0,0,0,0,1,0,0,0,0,0,0,0,0,0,0,0,0,0,0,0,0,1,0,0,0,0,0,0,1,0,0,0,0,1,0,0,0,0,0,0,0,0,0,0,0,0,1,0,0,0,1,0,0,1,0,0,0,1,0,0,0,0,0,1,0,0,1,1,0,0,0,0,0,0,0,0,0,0,0,0,0,1,0,1,1,0,0,0,0,1,1,1,1,0,1,0,1,1,1,1,1,1,1,1,1,1,0
Prochloraz,CCCN(CCOC1=C(C=C(C=C1Cl)Cl)Cl)C(=O)N2C=CN=C2,0,0,0,0,0,0,0,0,0,0,0,0,0,0,0,0,0,0,0,0,0,0,0,0,0,0,0,0,0,0,0,0,0,0,0,0,0,0,1,0,0,0,0,0,0,0,0,0,0,0,0,0,0,0,0,0,0,0,0,0,0,0,0,0,0,0,1,0,0,0,0,0,0,0,0,0,1,0,1,0,1,1,0,0,1,0,1,1,1,0,0,0,0,0,0,0,1,1,1,0,0,1,0,0,1,0,0,1,1,1,1,1,1,0,1,1,1,0,1,1,0,1,1,1,0,0,1,1,1,1,1,0,0,1,0,1,0,0,1,1,0,0,0,1,1,1,0,0,1,1,0,1,0,1,1,1,1,1,1,1,1,1,1,1,1,1,1,0
Phosmet,COP(=S)(OC)SCN1C(=O)C2=CC=CC=C2C1=O,0,0,0,0,0,0,0,0,0,0,0,0,0,0,0,0,0,0,0,0,0,0,0,0,0,0,0,0,0,1,1,0,0,0,0,0,0,0,0,0,0,0,0,0,0,0,0,0,1,0,0,0,0,0,0,0,0,0,0,0,0,0,0,0,0,0,0,0,1,0,0,0,0,0,1,0,1,0,0,0,0,0,1,0,1,0,1,0,0,1,1,0,0,1,1,0,0,1,1,0,0,1,1,1,0,0,1,1,0,1,0,1,0,1,0,0,0,0,1,0,0,0,1,1,0,1,0,1,1,0,0,1,0,0,0,0,0,1,1,0,0,1,0,0,1,1,0,1,0,1,1,1,0,0,1,1,1,1,1,1,1,1,1,1,1,1,1,0
Imazalil sulfate,C=CCOC(CN1C=CN=C1)C2=C(C=C(C=C2)Cl)Cl.OS(=O)(=O)O,0,0,0,0,0,0,0,0,0,0,0,0,0,0,0,0,0,0,0,0,0,0,0,0,0,0,0,0,0,0,0,0,0,0,0,1,0,0,0,0,1,1,0,0,1,0,0,0,0,1,0,0,0,0,0,0,1,0,0,1,0,1,1,0,0,0,1,0,1,0,1,0,0,0,1,0,1,0,1,0,1,0,0,0,1,0,1,0,1,1,0,0,0,0,0,0,1,1,0,0,1,1,0,1,1,0,0,1,1,0,1,0,0,1,0,0,0,0,0,0,0,1,1,1,0,1,1,1,0,0,1,1,1,1,0,1,0,1,1,1,1,1,0,1,0,1,0,1,0,1,0,1,0,1,1,0,1,0,1,1,1,0,1,1,1,1,1,1
Aluminium phosphide (AlP),[Al]#P,0,0,0,0,0,0,0,0,0,0,0,0,0,0,0,0,0,0,0,1,0,0,0,0,0,0,0,0,0,0,1,0,0,0,0,0,0,0,0,0,0,0,0,0,0,1,0,0,0,0,0,0,0,0,0,0,0,0,0,0,0,0,0,0,0,0,0,0,0,0,0,0,0,0,0,0,0,0,0,0,0,0,0,0,0,0,0,0,0,0,0,0,0,0,0,0,0,0,0,0,0,0,0,0,0,0,0,0,0,0,0,0,0,0,0,0,0,0,0,0,0,0,0,0,0,1,0,0,0,0,0,0,0,0,0,0,0,0,0,0,0,0,0,0,0,0,0,0,0,0,0,0,0,0,0,0,0,0,0,0,0,0,0,0,0,0,0,0
Fenitrothion,CC1=C(C=CC(=C1)OP(=S)(OC)OC)[N+](=O)[O-],0,0,0,0,0,0,0,0,0,0,0,0,0,0,0,0,0,0,0,0,0,0,0,0,0,1,0,0,0,0,1,0,0,0,0,0,0,0,0,0,0,0,0,0,0,0,0,0,0,1,1,0,0,0,0,0,0,1,0,0,0,0,0,0,1,0,0,0,1,0,0,1,1,0,1,0,0,0,0,0,0,0,1,0,0,0,0,0,0,1,0,0,0,0,1,1,0,0,0,0,0,0,0,1,0,0,0,1,0,0,0,0,0,1,1,0,0,0,0,0,1,0,0,1,0,1,0,1,1,0,0,1,0,0,1,0,1,0,0,0,0,1,1,0,1,1,0,1,0,1,1,1,0,1,0,0,0,1,1,1,1,1,1,1,1,1,1,0
Triclopyr,C1=C(C(=NC(=C1Cl)Cl)OCC(=O)O)Cl,0,0,0,0,0,0,0,0,0,0,0,0,0,0,0,0,0,0,0,0,0,0,0,0,0,0,0,0,0,0,0,0,0,0,0,0,0,0,0,0,0,0,0,0,0,0,0,0,0,0,0,0,0,0,0,0,0,0,0,0,0,0,0,0,0,0,1,0,0,0,0,0,0,1,0,0,0,0,0,0,0,0,0,0,0,0,0,0,1,0,0,0,0,1,0,0,0,0,0,1,0,0,0,0,1,1,0,0,1,0,1,1,0,0,1,0,0,0,1,0,0,0,1,0,1,0,0,1,1,0,0,0,0,1,0,1,0,0,1,0,1,0,0,0,1,1,0,1,0,0,0,1,0,0,1,1,1,1,1,0,1,0,1,1,1,1,1,0
Triflumuron,C1=CC=C(C(=C1)C(=O)NC(=O)NC2=CC=C(C=C2)OC(F)(F)F)Cl,0,0,0,0,0,0,0,0,0,0,0,0,0,0,0,0,0,0,0,0,0,0,0,0,0,0,0,0,0,0,0,0,0,0,0,0,0,0,1,0,0,0,0,1,1,0,0,0,0,0,0,0,0,0,0,0,0,0,0,0,0,0,0,0,0,0,0,0,0,0,0,0,0,0,0,0,0,0,1,0,0,0,0,0,0,0,0,0,1,0,1,0,0,1,0,0,0,0,1,0,0,0,0,0,1,0,0,1,1,0,0,1,0,1,1,0,0,0,1,0,0,0,0,0,0,0,1,1,1,0,0,0,1,0,1,1,1,1,0,0,0,0,0,1,1,1,1,1,0,0,0,1,1,1,0,1,0,1,1,1,1,0,1,1,1,1,1,0
S-Bioallethrin,CC1=C(C(=O)C[C@@H]1OC(=O)[C@@H]2[C@H](C2(C)C)C=C(C)C)CC=C,0,0,0,0,0,0,0,0,0,0,0,0,0,0,0,0,0,0,0,0,0,0,0,1,0,0,0,0,0,0,0,0,0,0,0,1,0,0,0,0,0,0,0,0,0,0,0,0,0,0,0,1,0,0,0,0,0,0,0,0,0,0,0,0,0,0,0,1,0,0,0,0,0,0,0,1,0,1,0,0,0,0,0,0,0,0,0,0,0,0,1,0,0,0,0,0,0,1,0,0,1,0,0,0,0,0,0,0,0,1,0,0,0,1,0,0,0,1,0,0,0,0,0,0,1,0,0,1,1,1,1,0,0,1,0,0,0,1,0,0,0,0,1,0,1,0,0,1,0,0,1,1,0,1,0,1,1,0,1,0,1,1,0,0,0,1,1,0
Imazaquin,CC(C)C1(C(=O)NC(=N1)C2=NC3=CC=CC=C3C=C2C(=O)O)C,0,0,0,0,0,0,0,0,0,0,0,0,0,0,0,0,0,0,0,0,0,0,0,0,0,0,0,0,0,0,0,0,0,0,0,0,0,0,0,1,0,0,0,0,0,0,0,0,0,0,0,0,0,0,0,0,0,0,0,0,0,0,0,1,0,0,1,1,0,0,0,0,0,0,0,1,0,0,1,1,1,0,0,0,1,0,0,0,0,0,0,0,0,1,0,0,1,1,1,1,0,0,1,0,0,0,1,0,0,0,0,1,0,1,0,0,0,0,1,0,1,1,1,0,1,0,1,0,1,0,0,0,1,0,0,0,0,1,1,0,1,0,1,1,1,1,1,1,0,0,1,1,1,0,0,1,0,1,1,1,1,1,1,1,1,1,1,0
Maneb,C(CNC(=S)[S-])NC(=S)[S-].[Mn+2],0,0,0,0,0,0,0,0,1,0,0,0,0,0,0,0,0,0,0,0,0,0,0,0,0,0,0,0,0,0,0,0,0,0,0,0,0,0,0,0,0,0,0,0,0,1,0,0,1,0,1,0,0,0,0,1,0,0,0,0,0,0,0,0,0,0,0,0,0,0,0,0,0,0,1,0,0,0,0,0,1,0,1,1,0,0,0,0,0,1,0,0,0,0,0,0,0,0,0,0,0,1,0,0,0,1,0,1,0,0,0,0,1,0,0,0,0,0,0,1,0,0,0,0,0,0,0,0,0,0,0,0,1,0,0,0,0,0,0,1,0,0,0,1,0,0,0,0,1,0,0,0,1,0,1,0,1,1,0,1,0,0,1,0,0,0,0,1
cis-Phosphamidon,CCN(CC)C(=O)/C(=C(\C)/OP(=O)(OC)OC)/Cl,0,0,0,0,0,0,0,0,0,0,0,0,0,0,0,0,0,0,0,0,0,0,0,0,0,0,0,0,0,0,1,0,0,0,0,0,0,0,0,0,0,0,0,0,0,0,0,0,0,1,0,0,0,0,0,0,0,0,0,0,0,0,0,0,0,0,0,0,0,0,0,0,0,0,0,0,0,1,0,0,0,0,0,0,0,0,1,1,0,0,1,0,0,1,1,0,0,0,1,0,1,1,0,1,1,0,0,1,1,0,0,1,0,1,0,1,0,1,1,0,0,0,0,1,0,1,0,1,0,0,0,1,0,0,0,1,0,1,0,1,0,1,1,0,0,0,0,1,0,1,1,0,0,1,1,1,1,1,1,1,1,1,1,0,0,1,0,0
Monosodium methanearsonate,C[As](=O)(O)[O-].[Na+],0,0,0,0,1,0,0,0,0,0,0,0,0,0,0,0,0,0,0,0,0,0,0,0,0,0,0,0,0,0,0,0,0,0,0,0,1,0,0,0,0,0,0,0,0,1,0,0,0,1,1,0,0,0,0,0,0,0,0,0,0,0,0,0,0,0,0,0,0,0,1,0,0,0,0,0,0,0,0,0,0,0,0,0,0,0,0,0,0,0,0,0,0,0,1,0,0,0,0,0,0,0,0,1,0,0,0,1,0,0,0,0,0,1,0,0,0,0,0,0,0,0,0,0,0,1,0,0,0,0,0,1,0,0,0,0,0,0,0,0,1,0,0,0,0,0,0,1,0,1,0,0,0,0,0,0,0,0,0,0,1,1,0,0,0,1,0,1
"2,4-D-sodium",C1=CC(=C(C=C1Cl)Cl)OCC(=O)[O-].[Na+],0,0,0,0,0,0,0,0,0,0,0,0,0,0,0,0,0,0,0,0,0,0,0,0,0,0,0,0,0,0,0,0,0,0,0,0,1,0,0,0,0,0,0,0,0,1,0,0,0,0,1,0,0,0,0,0,0,0,0,0,0,0,0,0,0,0,0,0,0,0,0,0,0,1,0,0,0,0,0,0,0,0,0,0,0,0,0,0,1,0,0,0,0,0,0,0,0,0,0,0,0,0,0,0,1,0,0,0,1,0,1,0,0,0,1,0,0,0,0,0,0,0,0,0,1,0,0,1,1,0,0,0,0,1,0,1,0,0,0,0,0,0,0,0,1,1,0,1,0,0,0,1,0,1,1,1,1,0,1,0,1,0,0,1,1,1,1,1
MCPB-sodium,CC1=C(C=CC(=C1)Cl)OCCCC(=O)[O-].[Na+],0,0,0,0,0,0,0,0,0,0,0,0,0,0,0,0,0,0,0,0,0,0,0,0,0,0,0,0,0,0,0,0,0,0,0,0,1,0,0,0,0,0,0,0,0,1,0,0,0,0,1,0,0,0,0,0,0,0,0,0,0,0,0,0,0,0,0,0,0,0,0,0,0,0,0,0,0,0,0,0,0,0,0,0,0,0,0,0,1,0,0,0,0,0,0,0,0,0,0,0,0,0,0,0,1,0,0,0,1,1,1,0,0,0,1,0,0,0,0,1,0,0,0,0,1,0,0,1,1,0,0,0,0,1,0,1,0,0,0,0,0,0,0,0,1,1,0,1,1,0,0,1,0,1,1,1,1,0,1,0,1,1,0,1,1,1,1,1
SODIUM o-PHENYLPHENOL,C1=CC=C(C=C1)C2=CC=CC=C2[O-].[Na+],0,0,0,0,0,0,0,0,0,0,0,0,0,0,0,0,0,0,0,0,0,0,0,0,0,0,0,0,0,0,0,0,0,0,0,0,1,0,0,0,0,0,0,0,0,1,0,0,0,0,1,0,0,0,0,0,0,0,0,0,0,0,0,1,0,0,0,0,0,0,0,0,0,0,0,0,0,0,0,0,0,0,0,0,0,0,0,0,0,0,0,0,0,0,0,0,0,0,0,0,0,0,0,0,0,0,0,0,0,0,0,0,0,0,1,0,0,0,0,0,0,0,0,0,0,0,1,0,1,0,0,0,0,0,0,0,0,0,0,0,0,0,0,0,1,1,1,0,0,0,0,1,0,1,0,0,0,0,1,0,0,0,0,1,1,1,1,1
Monopotassium methyldithiocarbamate,CNC(=S)[S-].[K+],0,0,0,0,0,0,0,0,0,0,0,0,0,0,0,0,0,0,0,0,0,0,0,0,0,0,0,0,0,0,0,0,0,0,0,0,1,0,0,0,0,0,0,0,0,1,0,0,1,0,1,0,0,0,0,0,0,0,0,0,0,0,0,0,0,0,0,0,0,0,0,0,0,0,1,0,0,0,0,0,0,0,1,0,0,0,0,0,0,1,0,0,0,0,1,0,0,0,0,0,0,0,0,0,0,0,0,1,0,0,0,0,0,0,0,0,0,0,0,0,0,0,0,0,0,0,0,0,0,0,0,0,0,0,0,0,0,0,0,0,0,0,0,0,0,0,0,0,0,0,0,0,1,0,0,0,0,1,0,1,0,1,1,0,0,0,0,1
Azinphos-Methyl,COP(=S)(OC)SCN1C(=O)C2=CC=CC=C2N=N1,0,0,0,0,0,0,0,0,0,0,0,0,0,0,0,0,0,0,0,0,0,0,0,0,0,0,0,0,0,1,1,0,0,0,0,0,0,0,0,0,0,0,0,0,0,0,0,0,1,0,0,0,0,1,0,0,0,0,0,0,0,0,0,0,0,0,1,0,1,0,0,1,0,0,1,0,1,0,1,0,0,1,1,0,0,0,0,0,0,1,0,0,0,1,1,1,1,0,1,1,0,1,1,1,0,0,1,1,0,1,0,1,1,1,1,0,0,0,1,0,0,1,1,1,0,1,1,1,1,0,0,1,0,0,0,0,0,0,1,0,0,0,0,1,1,1,1,1,0,1,1,1,0,0,1,1,1,1,1,1,1,1,1,1,1,1,1,0
Parathion,CCOP(=S)(OCC)OC1=CC=C(C=C1)[N+](=O)[O-],0,0,0,0,0,0,0,0,0,0,0,0,0,0,0,0,0,0,0,0,0,0,0,0,0,1,0,0,0,0,1,0,0,0,0,0,0,0,0,0,0,0,0,0,0,0,0,0,0,1,1,0,0,0,0,0,0,1,0,0,0,0,0,0,1,0,0,0,1,0,0,1,1,0,1,0,0,0,0,0,0,0,1,0,0,0,0,0,0,1,0,0,0,0,0,1,0,0,0,0,0,0,0,1,0,0,0,1,0,0,1,0,0,1,1,1,0,0,0,0,1,0,0,1,0,1,0,1,1,1,0,1,0,0,1,0,1,0,0,1,0,1,0,0,1,0,0,1,0,1,1,0,0,1,1,0,1,1,1,1,1,1,1,1,1,1,1,0
Dichlobenil,C1=CC(=C(C(=C1)Cl)C#N)Cl,0,0,0,0,0,0,0,0,0,0,0,0,0,0,0,0,0,0,0,0,0,0,0,0,0,0,0,0,0,0,0,0,0,0,0,0,0,0,0,0,0,0,1,0,0,0,0,0,0,0,0,0,0,0,0,0,0,0,0,0,0,0,0,0,0,0,0,0,0,0,0,0,0,0,0,0,0,0,0,0,0,0,0,0,0,0,0,0,1,0,0,0,0,0,0,0,0,0,0,0,0,0,0,0,1,0,0,0,1,0,0,0,0,0,0,0,0,0,0,0,0,0,0,0,0,0,0,0,0,0,0,0,0,0,0,1,0,0,0,0,0,0,0,0,0,1,0,0,0,0,0,1,0,0,0,0,0,0,0,0,0,0,1,1,1,0,1,0
Dichlorvos,COP(=O)(OC)OC=C(Cl)Cl,0,0,0,0,0,0,0,0,0,0,0,0,0,0,0,0,0,0,0,0,0,0,1,0,0,0,0,0,0,0,1,0,0,0,0,0,0,0,0,0,0,0,0,0,0,0,0,0,0,1,0,0,0,0,0,0,0,0,0,0,0,0,0,0,0,0,0,0,0,0,0,0,0,0,0,0,0,1,0,0,0,0,0,0,0,0,0,0,0,0,0,0,0,0,1,0,0,0,0,0,1,0,0,1,1,0,0,1,1,0,0,0,0,1,0,0,0,0,0,0,0,0,0,0,0,1,0,1,0,0,0,1,0,0,0,1,0,0,0,0,0,1,0,0,0,0,0,1,0,1,1,0,0,0,0,0,0,0,1,0,1,1,0,0,0,1,0,0
Methoxychlor,COC1=CC=C(C=C1)C(C2=CC=C(C=C2)OC)C(Cl)(Cl)Cl,0,0,0,0,0,0,0,0,0,0,0,0,0,0,0,0,0,0,0,0,0,0,0,0,0,0,0,0,0,0,0,0,0,0,0,0,0,0,0,0,0,0,0,0,0,0,0,0,0,0,0,0,0,0,0,0,0,0,0,0,0,0,0,0,0,0,0,0,0,0,0,0,0,0,0,0,0,0,0,0,0,0,0,0,0,0,0,0,0,0,0,0,0,0,1,0,0,0,0,0,0,0,0,0,1,0,0,1,1,0,0,0,0,1,1,0,0,0,0,0,0,0,0,0,0,0,1,1,1,0,0,0,0,0,0,1,0,0,0,0,0,0,0,0,1,0,1,0,0,0,1,0,0,1,0,0,0,0,1,0,1,1,0,1,1,1,1,0
Fenthion,CC1=C(C=CC(=C1)OP(=S)(OC)OC)SC,0,0,0,0,0,0,0,0,0,0,0,0,0,0,0,0,0,0,0,0,0,0,0,0,0,0,0,0,0,0,1,0,0,0,0,0,0,0,0,0,0,0,0,0,0,0,0,0,0,1,0,0,0,0,0,0,0,0,0,0,1,0,0,0,0,1,0,0,1,0,0,0,0,0,1,0,0,0,0,0,0,0,1,0,0,0,0,0,0,1,0,0,0,0,1,0,0,0,0,0,0,0,0,1,0,0,0,1,0,0,0,0,0,1,1,0,0,0,0,0,0,0,0,0,0,1,0,1,1,0,0,1,0,0,0,0,0,0,0,0,0,0,1,0,1,1,0,1,0,1,1,1,0,1,0,0,0,0,1,0,1,1,0,1,1,1,1,0
Piperonyl Butoxide,CCCCOCCOCCOCC1=CC2=C(C=C1CCC)OCO2,0,0,0,0,0,0,0,0,0,0,0,0,0,0,0,0,0,0,0,0,0,0,0,0,0,0,0,0,0,1,0,0,0,0,0,0,0,0,0,0,0,0,0,0,0,0,0,0,0,0,0,0,0,0,0,0,0,0,1,0,0,0,0,0,0,0,0,0,0,0,0,0,0,1,0,0,0,0,0,0,0,0,0,0,1,0,0,1,0,0,0,0,0,0,0,0,0,1,0,0,0,0,1,0,0,0,1,0,0,0,1,0,0,0,1,1,1,1,0,1,0,1,0,0,1,0,0,1,0,1,1,0,0,1,0,0,0,0,1,1,0,1,0,0,0,1,0,1,1,0,1,1,0,1,1,0,1,0,1,0,1,1,0,1,1,1,1,0
Naled,COP(=O)(OC)OC(C(Cl)(Cl)Br)Br,0,0,0,0,0,0,0,0,0,0,0,0,0,0,0,0,0,0,0,0,0,0,0,0,0,0,0,0,0,0,1,0,0,0,0,0,0,0,0,0,0,0,0,0,0,0,0,1,0,1,0,0,0,0,0,0,0,0,0,0,0,0,0,0,0,0,0,0,0,0,0,0,0,0,0,0,0,0,0,0,0,0,0,0,0,0,0,0,0,0,0,0,0,0,1,0,0,0,0,0,0,0,0,1,1,0,0,1,1,0,0,0,0,1,0,0,0,0,0,0,0,0,0,0,0,1,0,1,0,0,0,1,0,0,0,1,0,0,0,0,0,1,0,0,0,0,0,1,0,1,1,0,0,0,0,0,0,0,1,0,1,1,0,0,0,1,0,0
Propoxur,CC(C)OC1=CC=CC=C1OC(=O)NC,0,0,0,0,0,0,0,0,0,0,0,0,0,0,0,0,0,0,0,0,0,0,0,0,1,0,0,0,0,0,0,0,0,0,0,0,0,0,0,0,0,0,0,0,0,0,0,0,0,0,0,0,0,0,0,0,0,0,0,0,0,0,0,0,0,0,0,0,0,0,0,0,0,1,0,1,0,0,0,0,0,0,0,0,0,0,0,0,0,0,0,0,0,0,1,0,0,0,0,0,0,0,0,0,0,0,0,1,0,0,0,1,0,0,1,0,0,0,1,0,0,0,0,0,1,0,0,1,1,0,0,0,0,0,0,0,0,0,0,0,0,0,1,0,1,1,0,1,0,0,1,1,1,1,0,1,0,1,1,1,1,1,1,1,1,1,1,0
Simazine,CCNC1=NC(=NC(=N1)Cl)NCC,0,0,0,0,0,0,0,0,0,0,0,0,0,0,0,0,0,0,0,0,0,0,0,0,0,0,1,0,0,0,0,0,0,0,0,0,0,0,0,0,0,0,0,0,0,0,0,0,0,0,0,0,0,0,1,0,0,0,0,0,0,0,0,0,0,0,1,0,0,0,0,0,0,0,0,0,0,0,1,0,0,1,0,1,0,0,0,0,1,0,0,0,0,0,0,0,0,0,0,1,0,1,0,0,1,0,0,1,1,0,0,0,0,0,0,1,0,0,0,0,0,1,1,0,0,0,0,0,0,0,0,0,1,0,1,1,1,0,1,1,0,0,0,1,0,0,0,0,0,0,1,0,1,0,1,0,1,1,0,1,0,1,1,1,1,0,1,0
Temephos,COP(=S)(OC)OC1=CC=C(C=C1)SC2=CC=C(C=C2)OP(=S)(OC)OC,0,0,0,0,0,0,0,0,0,0,0,0,0,0,0,0,0,0,0,0,0,0,0,0,0,0,0,0,0,0,1,0,0,0,0,0,0,0,0,0,0,0,0,0,0,0,0,0,0,1,0,0,0,0,0,0,0,0,0,0,1,0,0,0,0,1,0,0,1,0,0,0,0,0,1,0,0,0,0,0,0,0,1,0,0,0,0,0,0,1,0,0,0,0,1,0,0,0,0,0,0,0,0,1,0,0,0,1,0,0,0,0,0,1,1,0,0,0,0,0,0,0,0,0,0,1,1,1,1,0,0,1,0,0,0,0,0,0,0,0,0,1,1,0,1,0,1,1,0,1,1,0,0,1,0,0,0,0,1,0,1,1,0,1,1,1,1,0
Myclobutanil,CCCCC(CN1C=NC=N1)(C#N)C2=CC=C(C=C2)Cl,0,0,0,0,0,0,0,0,0,0,0,0,0,0,0,0,0,0,0,0,0,0,0,0,0,0,0,0,0,0,0,0,0,0,0,0,0,0,0,0,0,0,1,0,0,0,0,0,0,0,0,0,0,1,0,0,0,0,0,0,0,0,0,0,0,0,1,1,0,0,0,0,0,0,0,0,1,0,1,0,1,1,0,0,1,0,0,0,1,0,0,0,0,0,0,1,0,1,0,0,0,1,0,0,1,0,0,0,1,0,0,0,1,1,0,1,1,1,0,1,0,1,1,1,0,1,1,0,0,1,1,0,0,0,0,1,0,0,1,0,0,0,0,1,0,0,0,0,1,1,0,0,0,0,1,0,1,1,0,1,0,1,1,1,1,0,1,0
Phenothrin,CC(=CC1C(C1(C)C)C(=O)OCC2=CC(=CC=C2)OC3=CC=CC=C3)C,0,0,0,0,0,0,0,0,0,0,0,0,0,0,0,0,0,0,0,0,0,0,0,1,0,0,0,0,0,0,0,0,0,0,0,0,0,0,0,0,0,0,0,0,0,0,0,0,0,0,0,1,0,0,0,0,0,0,0,0,0,0,0,0,0,0,0,1,0,0,0,0,0,0,0,1,0,1,0,0,0,0,0,0,0,0,0,0,0,0,0,0,0,0,0,0,0,0,0,0,1,0,0,0,0,0,0,0,0,0,1,0,0,1,1,0,0,0,0,0,0,0,0,0,1,0,1,1,1,0,0,0,0,0,0,0,0,0,0,0,0,0,1,0,1,0,1,1,0,0,1,1,0,1,1,1,1,0,1,0,1,1,0,1,1,1,1,0
Dimethrin,CC1=CC(=C(C=C1)COC(=O)C2C(C2(C)C)C=C(C)C)C,0,0,0,0,0,0,0,0,0,0,0,0,0,0,0,0,0,0,0,0,0,0,0,1,0,0,0,0,0,0,0,0,0,0,0,0,0,0,0,0,0,0,0,0,0,0,0,0,0,0,0,1,0,0,0,0,0,0,0,0,0,0,0,0,0,0,0,1,0,0,0,0,0,0,0,1,0,1,0,0,0,0,0,0,0,0,0,0,0,0,0,0,0,0,0,0,0,0,0,0,1,0,0,0,0,0,0,0,0,0,1,0,0,1,0,0,0,1,0,0,0,0,0,0,1,0,0,1,0,0,0,0,0,0,0,0,0,0,0,0,0,0,1,0,0,1,0,0,0,0,1,1,0,0,1,1,1,0,1,0,1,1,0,1,1,1,1,0
"(1,1'-Biphenyl)-2-ol",C1=CC=C(C=C1)C2=CC=CC=C2O,0,0,0,0,0,0,0,0,0,0,0,0,0,0,0,0,0,0,0,0,0,0,0,0,0,0,0,0,0,0,0,0,0,0,0,0,0,0,0,0,0,0,0,0,0,0,0,0,0,0,0,0,0,0,0,0,0,0,0,0,0,0,0,1,0,0,0,0,0,0,0,0,0,0,0,0,0,0,0,0,0,0,0,0,0,0,0,0,0,0,0,0,0,0,0,0,0,0,0,0,0,0,0,0,0,0,0,0,0,0,0,0,0,0,1,0,0,0,0,0,0,0,0,0,0,0,1,0,1,0,0,0,0,0,0,0,0,0,0,0,1,0,0,0,1,1,1,0,0,0,0,1,0,1,0,0,0,0,1,0,0,0,0,1,1,1,1,0
Allethrins,CC1=C(C(=O)CC1OC(=O)C2C(C2(C)C)C=C(C)C)CC=C,0,0,0,0,0,0,0,0,0,0,0,0,0,0,0,0,0,0,0,0,0,0,0,1,0,0,0,0,0,0,0,0,0,0,0,1,0,0,0,0,0,0,0,0,0,0,0,0,0,0,0,1,0,0,0,0,0,0,0,0,0,0,0,0,0,0,0,1,0,0,0,0,0,0,0,1,0,1,0,0,0,0,0,0,0,0,0,0,0,0,1,0,0,0,0,0,0,1,0,0,1,0,0,0,0,0,0,0,0,1,0,0,0,1,0,0,0,1,0,0,0,0,0,0,1,0,0,1,1,1,1,0,0,1,0,0,0,1,0,0,0,0,1,0,1,0,0,1,0,0,1,1,0,1,0,1,1,0,1,0,1,1,0,0,0,1,1,0
"2-Methyl-4,6-dinitrophenol",CC1=CC(=CC(=C1O)[N+](=O)[O-])[N+](=O)[O-],0,0,0,0,0,0,0,0,0,0,0,0,0,0,0,0,0,0,0,0,0,0,0,0,0,1,0,0,0,0,0,0,0,0,0,0,0,0,0,0,0,0,0,0,0,0,0,0,0,0,1,0,0,0,0,0,0,1,0,0,0,0,0,0,1,0,0,0,0,0,0,1,1,0,0,0,0,0,0,0,0,1,0,0,0,0,0,0,0,0,1,0,0,0,0,1,1,0,0,0,0,0,0,1,0,0,0,0,0,0,0,0,0,0,1,0,0,0,0,0,1,0,0,1,0,1,0,0,1,0,0,1,0,0,1,0,1,1,0,0,1,1,0,1,1,1,0,1,0,1,0,1,0,1,0,0,0,1,1,1,1,1,1,1,1,1,1,0
Chlorfenvinphos,CCOP(=O)(OCC)OC(=CCl)C1=C(C=C(C=C1)Cl)Cl,0,0,0,0,0,0,0,0,0,0,0,0,0,0,0,0,0,0,0,0,0,0,0,0,0,0,0,0,0,0,1,0,0,0,0,0,0,0,0,0,0,0,0,0,0,0,0,0,0,1,0,0,0,0,0,0,0,0,0,0,0,0,0,0,0,0,0,0,0,0,0,0,0,0,0,0,0,1,0,0,0,0,0,0,0,0,0,0,1,0,0,0,0,0,0,0,0,0,0,0,1,0,0,1,1,0,0,1,1,0,1,0,0,1,0,1,0,0,0,0,0,0,0,0,0,1,0,1,0,1,0,1,0,0,0,1,0,0,0,1,0,1,0,0,0,1,0,1,0,1,1,1,0,1,1,0,1,0,1,0,1,1,0,1,1,1,1,0
Chlorothalonil,C(#N)C1=C(C(=C(C(=C1Cl)Cl)Cl)C#N)Cl,0,0,0,0,0,0,0,0,0,0,0,0,0,0,0,0,0,0,0,0,0,0,0,0,0,0,0,0,0,0,0,0,0,0,0,0,0,0,0,0,0,0,1,0,0,0,0,0,0,0,0,0,0,0,0,0,0,0,0,0,0,0,0,0,0,0,0,0,0,0,0,0,0,0,0,0,0,0,0,0,0,0,0,0,0,0,0,0,1,0,0,0,0,0,0,0,0,0,0,0,0,0,0,0,1,0,0,0,1,0,0,0,0,0,0,0,0,0,0,0,0,0,0,0,0,0,0,0,0,0,0,0,0,0,0,1,0,0,0,0,0,0,0,1,0,1,0,0,0,0,0,1,0,0,0,0,0,0,0,0,0,0,1,1,1,0,1,0
"Imazaquin, monoammonium salt",CC(C)C1(C(=O)NC(=N1)C2=NC3=CC=CC=C3C=C2C(=O)O)C.N,0,0,0,0,0,0,0,0,0,0,0,0,0,0,0,0,0,0,0,0,0,0,0,0,0,0,0,0,0,0,0,0,0,0,0,0,0,0,0,1,0,0,0,0,0,0,0,0,0,0,0,0,0,0,0,0,0,0,0,0,0,0,0,1,0,0,1,1,0,0,0,0,0,0,0,1,0,0,1,1,1,0,0,0,1,0,0,0,0,0,0,0,0,1,0,0,1,1,1,1,0,0,1,0,0,0,1,0,0,0,0,1,0,1,0,0,0,0,1,0,1,1,1,0,1,0,1,0,1,0,0,0,1,0,0,0,0,1,1,0,1,0,1,1,1,1,1,1,0,0,1,1,1,0,0,1,0,1,1,1,1,1,1,1,1,1,1,1
Cyperquat chloride,C[N+]1=CC=C(C=C1)C2=CC=CC=C2.[Cl-],0,0,0,0,0,0,0,0,0,0,0,0,0,0,0,0,0,0,0,0,0,0,0,0,0,0,0,0,0,0,0,0,0,0,0,0,0,0,0,0,0,0,0,0,0,0,0,0,0,0,1,0,0,0,0,0,0,0,0,0,0,0,0,1,0,0,1,0,0,0,0,0,0,0,0,0,1,0,0,0,0,0,0,0,0,0,1,0,0,0,0,0,0,0,1,0,0,0,0,1,0,0,0,0,1,0,0,0,0,0,0,0,0,0,0,0,0,0,0,0,0,0,1,1,0,0,1,0,0,0,0,0,0,0,0,1,0,0,1,0,0,0,0,0,0,0,1,0,0,1,0,0,0,0,0,0,0,0,0,1,0,1,1,1,1,0,1,1
Flutriafol,C1=CC=C(C(=C1)C(CN2C=NC=N2)(C3=CC=C(C=C3)F)O)F,0,0,0,0,0,0,0,0,0,0,0,0,0,0,0,0,0,0,0,0,0,0,0,0,0,0,0,0,0,0,0,0,0,0,0,0,0,0,0,0,0,0,0,1,0,0,0,0,0,0,0,0,0,1,0,0,0,0,0,0,0,0,0,0,0,0,1,1,0,0,0,0,0,0,0,0,1,0,1,0,1,1,0,0,1,0,0,0,1,0,0,0,0,0,0,1,1,1,1,0,0,1,0,0,0,1,0,0,1,0,0,0,1,1,0,0,0,0,0,0,0,1,1,1,0,1,1,0,0,0,0,0,0,1,0,1,0,0,1,0,1,0,0,1,0,1,1,0,0,1,0,1,0,1,1,0,1,1,1,1,0,0,1,1,1,1,1,0
Quinclorac,C1=CC(=C(C2=NC=C(C=C21)Cl)C(=O)O)Cl,0,0,0,0,0,0,0,0,0,0,0,0,0,0,0,0,0,0,0,0,0,0,0,0,0,0,0,0,0,0,0,0,0,0,0,0,0,0,0,0,0,0,0,0,0,0,0,0,0,0,0,0,0,0,0,0,0,0,0,0,0,0,0,0,0,0,1,0,0,0,0,0,0,0,0,0,0,0,0,0,0,0,0,0,0,0,0,0,1,0,0,0,0,0,0,0,0,0,1,1,0,0,1,0,1,0,1,0,1,0,0,0,0,0,0,0,0,0,0,0,0,0,1,0,1,0,1,0,0,0,0,0,0,0,0,1,0,0,1,0,1,0,0,0,0,1,1,0,0,0,0,1,0,0,0,1,0,1,1,0,1,0,1,1,1,1,1,0
Cyfluthrin,CC1(C(C1C(=O)OC(C#N)C2=CC(=C(C=C2)F)OC3=CC=CC=C3)C=C(Cl)Cl)C,0,0,0,0,0,0,0,0,0,0,0,0,0,0,0,0,0,0,0,0,0,0,1,1,0,0,0,0,0,0,0,0,0,0,0,0,0,0,0,0,0,0,1,1,0,0,0,0,0,0,0,0,0,0,0,0,0,0,0,0,0,0,0,0,0,0,0,1,0,0,0,0,0,0,0,1,0,1,0,0,0,0,0,0,0,0,0,0,1,0,0,0,0,0,0,0,1,0,0,0,1,0,0,0,1,0,0,0,1,0,0,0,0,1,1,0,0,0,0,0,0,0,0,0,1,0,1,1,1,0,0,0,0,0,0,1,0,0,0,0,0,0,0,0,1,1,1,1,0,0,1,1,0,1,0,1,0,0,1,0,1,1,1,1,1,1,1,0
Methoxyfenozide,CC1=CC(=CC(=C1)C(=O)N(C(C)(C)C)NC(=O)C2=C(C(=CC=C2)OC)C)C,0,0,0,0,0,0,0,0,0,0,0,0,0,0,0,0,0,0,0,0,0,0,0,0,0,0,0,0,0,0,0,0,0,0,0,0,0,0,0,0,0,0,0,0,0,0,0,0,0,0,0,0,0,1,0,0,0,0,0,0,0,0,0,0,0,0,0,1,0,0,1,0,0,0,0,1,0,0,0,0,0,0,0,0,0,0,0,0,0,0,0,0,0,1,1,1,1,0,0,0,0,0,0,0,0,0,0,0,0,0,0,1,0,1,1,0,0,0,1,0,0,0,0,1,0,1,1,1,1,0,0,0,0,0,0,0,0,1,0,0,0,0,1,1,1,1,1,1,0,1,1,1,1,1,0,1,0,1,1,1,1,1,1,1,1,1,1,0
Dimethenamid,CC1=CSC(=C1N(C(C)COC)C(=O)CCl)C,0,0,0,0,0,0,0,0,0,0,0,0,0,0,0,0,0,0,0,0,0,0,0,0,0,0,0,0,0,0,0,0,0,0,0,0,0,1,0,0,0,0,0,0,0,0,0,0,0,0,0,0,0,0,0,0,0,0,0,0,0,0,0,0,0,0,0,0,0,0,0,0,0,0,0,0,0,0,0,0,0,0,1,0,1,0,1,1,0,1,0,0,0,1,1,0,1,1,0,0,0,0,0,0,1,0,0,0,0,1,1,1,1,0,0,0,1,0,1,0,0,0,0,1,0,0,0,1,0,1,0,0,0,1,1,1,1,0,1,1,0,0,1,0,0,1,0,0,0,1,1,1,0,0,1,1,1,1,1,1,1,1,1,1,0,1,1,0
Tetramethrin,CC(=CC1C(C1(C)C)C(=O)OCN2C(=O)C3=C(C2=O)CCCC3)C,0,0,0,0,0,0,0,0,0,0,0,0,0,0,0,0,0,0,0,0,0,0,0,1,0,0,0,1,0,1,0,0,0,0,0,0,0,0,0,0,0,0,0,0,0,0,0,0,0,0,0,1,0,0,0,0,0,0,0,0,0,0,0,0,0,0,0,1,0,0,0,0,0,0,0,1,1,1,0,0,0,0,0,0,1,0,1,0,0,0,1,0,0,1,0,0,0,1,1,0,1,1,1,0,0,0,1,0,0,0,1,1,0,1,0,0,0,0,1,1,0,0,1,1,1,0,0,1,1,1,1,0,0,0,0,0,0,1,1,0,0,1,1,0,1,0,0,1,1,1,1,1,0,0,1,1,1,1,1,1,1,1,1,0,1,1,1,0
Carfentrazone-ethyl,CCOC(=O)C(CC1=CC(=C(C=C1Cl)F)N2C(=O)N(C(=N2)C)C(F)F)Cl,0,0,0,0,0,0,0,0,0,0,0,0,0,0,0,0,0,0,0,0,0,0,0,0,0,0,0,0,0,0,0,0,0,0,0,0,0,0,1,1,0,0,0,1,0,0,0,0,0,0,0,0,0,1,0,0,0,0,0,0,0,0,0,1,0,0,1,0,0,0,0,0,0,0,0,0,1,0,1,0,1,1,0,0,1,0,1,0,1,0,0,0,0,0,0,1,1,1,1,0,0,0,0,0,1,0,0,1,1,0,1,1,0,0,1,1,0,0,1,0,0,1,1,1,1,1,1,1,1,1,0,0,0,0,1,1,1,1,1,0,0,0,0,1,1,1,0,1,0,1,1,1,0,0,1,1,1,1,1,1,1,1,1,1,1,1,1,0
Flurochloridone,C1C(C(C(=O)N1C2=CC=CC(=C2)C(F)(F)F)Cl)CCl,0,0,0,0,0,0,0,0,0,0,0,0,0,0,0,0,0,0,0,0,0,0,0,0,0,0,0,0,0,0,0,0,0,0,0,0,0,0,0,0,0,0,0,1,0,0,0,0,0,0,0,0,0,0,0,0,0,0,0,0,0,0,0,1,0,0,0,0,0,0,0,0,0,0,0,0,1,0,0,0,0,0,0,0,1,0,1,0,1,0,0,0,0,1,0,0,0,1,0,0,0,1,0,0,1,0,0,1,1,0,0,1,0,1,0,0,0,0,1,0,0,0,1,1,0,0,0,0,1,0,0,0,0,0,1,1,1,0,1,1,0,0,0,0,1,0,0,0,0,1,0,1,0,0,1,1,1,1,0,1,0,0,1,1,1,1,1,0
Hexaflumuron,C1=CC(=C(C(=C1)F)C(=O)NC(=O)NC2=CC(=C(C(=C2)Cl)OC(C(F)F)(F)F)Cl)F,0,0,0,0,0,0,0,0,0,0,0,0,0,0,0,0,0,0,0,0,0,0,0,0,0,0,0,0,0,0,0,0,0,0,0,0,0,0,1,0,0,0,0,1,1,0,0,0,0,0,0,0,0,0,0,0,0,0,0,0,0,0,0,0,0,0,0,0,0,0,0,0,0,0,0,0,0,0,1,0,0,0,0,0,0,0,0,0,1,0,1,0,0,1,0,0,0,0,1,0,0,0,0,0,1,0,0,1,1,0,0,1,0,1,1,0,0,0,1,0,0,0,0,0,0,0,1,1,1,0,0,0,1,0,1,1,1,1,0,0,0,0,0,1,1,1,1,1,0,0,0,1,1,1,0,1,0,1,1,1,1,0,1,1,1,1,1,0
Isocarbophos,CC(C)OC(=O)C1=CC=CC=C1OP(=S)(N)OC,0,0,0,0,0,0,0,0,0,0,0,0,0,0,0,0,0,0,0,0,0,0,0,0,0,0,0,0,0,0,1,0,0,0,0,0,0,0,0,0,0,0,0,0,0,0,0,0,1,0,0,0,0,0,0,0,0,0,0,0,0,0,0,0,0,0,0,0,1,0,1,0,0,0,1,1,0,0,0,0,0,0,1,0,0,1,0,0,0,1,1,0,0,0,1,1,0,0,0,0,0,0,0,1,0,0,0,1,0,0,0,0,0,1,1,0,0,0,1,0,0,0,0,0,1,1,0,1,1,0,0,1,0,0,0,0,0,0,0,0,0,1,1,0,1,1,0,1,0,1,1,1,1,1,0,1,0,1,1,0,1,1,1,1,1,1,1,0
Nuarimol,C1=CC=C(C(=C1)C(C2=CC=C(C=C2)F)(C3=CN=CN=C3)O)Cl,0,0,0,0,0,0,0,0,0,0,0,0,0,0,0,0,0,0,0,0,0,0,0,0,0,0,0,0,0,0,0,0,0,0,0,0,0,0,0,0,0,0,0,1,0,0,0,0,0,0,0,0,0,0,0,0,0,0,0,0,0,0,0,0,0,0,1,1,0,0,0,0,0,0,0,0,0,0,1,0,0,1,0,0,0,0,0,0,1,0,0,0,0,0,0,0,0,0,1,1,0,0,0,0,1,0,0,0,1,0,0,0,0,1,0,0,0,0,0,0,0,1,1,0,0,0,1,0,0,0,0,0,0,0,0,1,0,0,1,0,1,0,0,1,0,1,1,0,0,0,0,1,0,1,0,0,0,0,1,0,0,0,1,1,1,1,1,0
Fonofos,CCOP(=S)(CC)SC1=CC=CC=C1,0,0,0,0,0,0,0,0,0,0,0,0,0,0,0,0,0,0,0,0,0,0,0,0,0,0,0,0,0,0,1,0,0,0,0,0,0,0,0,0,0,0,0,0,0,0,0,0,0,0,0,0,0,0,0,0,0,0,0,0,1,0,0,0,0,1,0,0,1,0,0,0,0,0,1,0,0,0,0,0,0,0,1,0,0,0,0,0,0,1,0,0,0,0,0,0,0,0,0,0,0,0,0,1,0,0,0,1,0,1,1,0,0,1,0,1,0,0,0,0,0,0,0,0,0,1,0,1,0,0,1,1,0,1,0,0,0,0,0,1,0,0,0,0,0,0,0,0,0,1,1,0,0,0,1,0,1,0,1,0,0,1,0,1,1,1,1,0
Niclosamide ethanolamine salt,C1=CC(=C(C=C1[N+](=O)[O-])Cl)NC(=O)C2=C(C=CC(=C2)Cl)O.C(CO)N,0,0,0,0,0,0,0,0,0,0,0,0,0,0,0,0,0,0,0,0,0,0,0,0,0,1,0,0,0,0,0,0,0,0,0,0,0,0,0,0,0,0,0,0,0,0,0,0,0,0,1,0,0,0,1,1,0,1,0,0,0,0,0,0,1,0,0,0,0,0,0,1,1,0,0,0,0,0,0,0,0,0,0,1,0,1,0,0,1,0,1,0,0,1,0,1,1,0,1,0,0,1,0,1,1,1,0,0,1,0,1,1,1,0,1,0,0,0,1,1,1,0,0,1,0,1,1,0,1,0,0,1,1,1,1,1,1,1,0,1,1,1,0,1,1,1,1,1,1,1,0,1,1,1,1,1,1,1,1,1,1,0,1,1,1,1,1,1
Ethylmercuric phosphate,CC[Hg+].OP(=O)(O)[O-],0,0,0,0,0,0,0,0,0,0,0,0,0,1,0,0,0,0,0,0,0,0,0,0,0,0,0,0,0,0,1,0,0,0,0,0,0,0,0,0,0,0,0,0,1,1,0,0,0,1,1,0,0,0,0,0,0,0,0,0,0,0,0,0,0,0,0,0,0,0,1,0,0,0,0,0,0,0,0,0,0,0,0,0,0,0,0,0,0,0,0,0,0,0,0,0,0,0,0,0,0,0,0,1,0,0,0,1,0,0,0,0,0,1,0,1,0,0,0,0,0,0,0,0,0,1,0,0,0,0,0,1,1,0,0,0,0,0,0,0,1,1,0,0,0,0,0,1,0,1,0,0,0,0,1,0,1,0,0,0,1,1,0,0,0,1,0,1
Lufenuron,C1=CC(=C(C(=C1)F)C(=O)NC(=O)NC2=CC(=C(C=C2Cl)OC(C(C(F)(F)F)F)(F)F)Cl)F,0,0,0,0,0,0,0,0,0,0,0,0,0,0,0,0,0,0,0,0,0,0,0,0,0,0,0,0,0,0,0,0,0,0,0,0,0,0,1,0,0,0,0,1,1,0,0,0,0,0,0,0,0,0,0,0,0,0,0,0,0,0,0,0,0,0,0,0,0,0,0,0,0,0,0,0,0,0,1,0,0,0,0,0,0,0,0,0,1,0,1,0,0,1,0,0,0,0,1,0,0,0,0,0,1,0,0,1,1,0,0,1,0,1,1,0,0,0,1,0,0,0,0,0,0,0,1,1,1,0,0,0,1,0,1,1,1,1,0,0,0,0,0,1,1,1,1,1,0,0,0,1,1,1,0,1,0,1,1,1,1,0,1,1,1,1,1,0
Ametryn,CCNC1=NC(=NC(=N1)SC)NC(C)C,0,0,0,0,0,0,0,0,0,0,0,0,0,0,0,0,0,0,0,0,0,0,0,0,0,0,1,0,0,0,0,0,0,0,0,0,0,0,0,0,0,0,0,0,0,0,0,0,1,0,0,0,0,0,1,0,0,0,0,0,1,0,0,0,0,1,1,0,0,0,0,0,0,0,0,1,0,0,1,0,0,1,1,1,0,0,0,0,0,1,0,0,0,0,1,0,0,0,0,1,0,1,0,0,0,0,0,1,0,0,0,0,0,0,0,1,0,0,0,0,0,1,1,0,0,0,0,0,0,0,0,0,1,0,1,0,1,0,1,0,0,0,1,1,0,0,0,0,0,0,1,0,1,0,1,0,1,1,0,1,0,1,1,1,1,0,1,0
Daminozide,CN(C)NC(=O)CCC(=O)O,0,0,0,0,0,0,0,0,0,0,0,0,0,0,0,0,0,0,0,0,0,0,0,0,0,0,0,0,0,0,0,0,0,0,0,0,0,0,0,0,0,0,0,0,0,0,0,0,0,0,0,0,0,1,0,0,0,0,0,0,0,0,0,0,0,0,0,0,0,0,1,0,0,0,0,1,0,0,0,0,0,0,0,0,0,0,0,1,0,0,0,1,0,1,1,1,1,0,0,0,0,0,0,0,0,1,0,0,0,1,0,1,1,0,0,0,0,0,1,1,0,0,0,1,1,1,0,0,0,0,0,0,1,1,0,0,0,1,0,0,1,0,0,1,0,0,0,1,1,1,1,0,1,0,0,1,1,1,1,1,1,1,1,0,0,1,0,0
Nitrofen,C1=CC(=CC=C1[N+](=O)[O-])OC2=C(C=C(C=C2)Cl)Cl,0,0,0,0,0,0,0,0,0,0,0,0,0,0,0,0,0,0,0,0,0,0,0,0,0,1,0,0,0,0,0,0,0,0,0,0,0,0,0,0,0,0,0,0,0,0,0,0,0,0,1,0,0,0,0,0,0,1,0,0,0,0,0,0,1,0,0,0,0,0,0,1,1,0,0,0,0,0,0,0,0,0,0,0,0,0,0,0,1,0,0,0,0,0,0,1,0,0,0,0,0,0,0,1,1,0,0,0,1,0,0,0,0,0,1,0,0,0,0,0,1,0,0,1,0,1,1,1,1,0,0,1,0,0,1,1,1,0,0,0,0,0,0,0,1,1,1,1,0,1,0,1,0,1,0,0,0,1,1,1,1,0,1,1,1,1,1,0
Aminocarb,CC1=C(C=CC(=C1)OC(=O)NC)N(C)C,0,0,0,0,0,0,0,0,0,0,0,0,0,0,0,0,0,0,0,0,0,0,0,0,1,0,0,0,0,0,0,0,0,0,0,0,0,0,0,0,0,0,0,0,0,0,0,0,0,0,0,0,0,0,0,0,0,0,0,0,0,0,0,0,0,0,0,0,0,0,0,0,0,0,0,1,0,0,0,0,0,0,0,0,0,0,1,1,0,0,0,0,0,0,1,0,0,0,0,0,0,0,0,0,0,0,0,1,0,0,0,1,0,0,1,0,0,0,1,0,0,0,0,1,1,0,0,1,1,0,0,0,0,0,1,0,1,0,0,0,0,0,1,1,1,1,0,0,0,1,1,1,1,1,0,1,0,1,1,1,1,1,1,1,1,1,1,0
Methidathion,COC1=NN(C(=O)S1)CSP(=S)(OC)OC,0,0,0,0,0,0,0,0,0,0,0,0,0,0,0,0,0,0,0,0,0,0,0,0,0,0,0,0,0,1,1,0,0,0,0,0,0,1,0,0,0,0,0,0,0,0,0,0,1,0,0,0,0,1,0,0,0,0,0,0,0,0,0,0,0,0,1,0,1,0,0,0,0,0,1,0,1,0,0,0,0,1,1,0,1,0,0,0,0,1,1,0,0,0,1,1,1,1,1,0,0,1,0,1,0,0,0,1,0,1,0,1,1,1,1,0,0,0,1,0,0,1,1,1,0,1,0,1,1,0,0,1,0,0,0,0,0,0,1,0,0,1,1,1,1,1,0,1,0,1,1,1,0,0,1,1,1,1,1,1,1,1,1,1,0,1,1,0
"Phosphoric acid, 2-chloro-1-(2,4,5-trichlorophenyl)ethenyl dimethyl ester",COP(=O)(OC)OC(=CCl)C1=CC(=C(C=C1Cl)Cl)Cl,0,0,0,0,0,0,0,0,0,0,0,0,0,0,0,0,0,0,0,0,0,0,0,0,0,0,0,0,0,0,1,0,0,0,0,0,0,0,0,0,0,0,0,0,0,0,0,0,0,1,0,0,0,0,0,0,0,0,0,0,0,0,0,0,0,0,0,0,0,0,0,0,0,0,0,0,0,1,0,0,0,0,0,0,0,0,0,0,1,0,0,0,0,0,1,0,0,0,0,0,1,0,0,1,1,0,0,1,1,0,0,0,0,1,0,0,0,0,0,0,0,0,0,0,0,1,0,1,0,0,0,1,0,0,0,1,0,0,0,0,0,1,0,0,0,1,0,1,0,1,1,1,0,1,0,0,0,0,1,0,1,1,0,1,1,1,1,0
Picloram,C1(=C(C(=NC(=C1Cl)Cl)C(=O)O)Cl)N,0,0,0,0,0,0,0,0,0,0,0,0,0,0,0,0,0,0,0,0,0,0,0,0,0,0,0,0,0,0,0,0,0,0,0,0,0,0,0,0,0,0,0,0,0,0,0,0,0,0,0,0,0,0,0,0,0,0,0,0,0,0,0,0,0,0,1,0,0,0,0,0,0,0,0,0,0,0,0,0,0,1,0,0,0,1,0,0,1,0,0,0,0,0,0,0,1,0,0,1,0,0,0,0,1,0,0,0,1,0,0,0,0,0,0,0,0,0,0,0,0,0,1,0,1,0,0,0,0,0,0,0,1,0,1,1,1,0,1,0,1,0,0,1,0,1,0,0,0,0,0,1,1,0,0,1,0,1,1,1,1,0,1,1,1,1,1,0
Ethyl p-nitrophenyl benzenethiophosphonate,CCOP(=S)(C1=CC=CC=C1)OC2=CC=C(C=C2)[N+](=O)[O-],0,0,0,0,0,0,0,0,0,0,0,0,0,0,0,0,0,0,0,0,0,0,0,0,0,1,0,0,0,0,1,0,0,0,0,0,0,0,0,0,0,0,0,0,0,0,0,0,0,0,1,0,0,0,0,0,0,1,0,0,0,0,0,0,1,0,0,0,1,0,0,1,1,0,1,0,0,0,0,0,0,0,1,0,0,0,0,0,0,1,0,0,0,0,0,1,0,0,0,0,0,0,0,1,0,0,0,1,0,0,1,0,0,1,1,1,0,0,0,0,1,0,0,1,0,1,1,1,1,0,0,1,0,0,1,0,1,0,0,0,0,1,0,0,1,0,1,1,0,1,0,0,0,1,1,0,1,1,1,1,1,1,1,1,1,1,1,0
Molinate,CCSC(=O)N1CCCCCC1,0,0,0,0,0,0,0,0,0,0,0,0,0,0,0,0,0,0,0,0,1,0,0,0,0,0,0,0,0,0,0,0,0,0,0,0,0,0,0,0,0,0,0,0,0,0,0,0,1,0,0,0,0,0,0,0,0,0,0,0,0,0,0,0,0,0,0,0,0,0,0,0,0,0,0,0,1,0,0,0,0,0,1,0,0,0,1,1,0,1,0,0,0,0,0,0,0,0,0,0,0,1,0,0,0,0,0,1,0,0,0,1,1,0,0,1,0,0,1,1,0,0,1,1,0,0,0,0,0,1,1,0,0,0,0,0,0,0,1,1,0,0,0,0,0,0,0,0,1,1,0,0,0,0,1,1,1,1,0,1,0,1,1,0,0,1,1,0
Chlorophacinone,C1=CC=C(C=C1)C(C2=CC=C(C=C2)Cl)C(=O)C3C(=O)C4=CC=CC=C4C3=O,0,0,0,0,0,0,0,0,0,0,0,0,0,0,0,0,0,0,0,0,0,0,0,0,0,0,0,0,0,0,0,0,0,0,0,0,0,0,0,0,0,0,0,0,0,0,0,0,0,0,0,0,0,0,0,0,0,0,0,0,0,0,0,0,0,0,0,0,0,0,0,0,0,0,0,0,0,0,0,0,0,0,0,0,0,0,0,0,1,0,1,0,0,0,0,0,0,1,0,0,0,0,1,0,1,0,1,0,1,0,0,0,0,0,0,0,0,0,0,0,0,0,0,0,0,0,1,0,1,0,0,0,0,0,0,1,0,1,0,0,0,0,0,0,1,1,1,1,0,0,0,1,0,1,0,1,0,0,0,0,1,0,0,1,1,1,1,0
Phenthoate,CCOC(=O)C(C1=CC=CC=C1)SP(=S)(OC)OC,0,0,0,0,0,0,0,0,0,0,0,0,0,0,0,0,0,0,0,0,0,0,0,0,0,0,0,0,0,0,1,0,0,0,0,0,0,0,0,0,0,0,0,0,0,0,0,0,0,0,0,0,0,0,0,0,0,0,0,0,0,0,0,0,0,0,0,0,1,0,0,0,0,0,1,0,0,0,0,0,0,0,1,0,0,0,0,0,0,1,0,0,0,0,1,0,0,0,0,0,0,0,0,1,0,0,0,1,0,0,1,0,0,1,0,1,0,0,0,0,0,0,0,0,1,1,0,1,0,0,0,1,0,0,0,0,0,0,0,0,0,1,1,0,0,0,0,1,0,1,1,0,0,0,1,1,1,0,1,0,1,1,0,1,1,1,1,0
Chinomethionat,CC1=CC2=C(C=C1)N=C3C(=N2)SC(=O)S3,0,0,0,0,0,0,0,0,0,0,0,0,0,0,0,0,0,0,0,0,0,0,0,0,0,0,0,0,0,0,0,0,0,0,0,0,0,1,0,0,0,0,0,0,0,0,0,0,1,0,0,0,0,0,0,0,0,0,0,0,0,0,0,0,0,0,1,0,0,0,0,0,0,0,0,0,0,0,0,0,1,0,1,0,1,0,0,0,0,1,0,0,0,0,0,0,0,1,1,1,0,0,1,0,0,0,1,1,0,0,0,0,0,0,1,0,0,0,0,0,0,1,1,0,0,0,1,0,1,0,0,0,0,0,0,0,0,0,1,0,0,0,0,1,1,0,1,0,0,0,0,0,0,0,0,1,0,1,0,0,0,1,1,1,1,1,1,0
Formothion,CN(C=O)C(=O)CSP(=S)(OC)OC,0,0,0,0,0,0,0,0,0,0,0,0,0,0,0,0,0,0,0,0,0,0,0,0,0,0,0,0,0,0,1,0,0,0,0,0,0,0,0,0,0,0,0,0,0,0,0,0,0,0,0,0,0,0,0,0,0,0,0,0,0,0,0,0,0,0,0,0,1,0,0,0,0,0,1,0,0,0,0,0,0,0,1,0,0,0,1,0,0,1,1,0,0,1,1,0,0,0,0,0,0,0,0,1,0,0,0,1,0,1,0,1,1,1,0,0,0,1,1,0,0,0,0,1,0,1,0,1,0,0,0,1,0,1,0,0,0,1,0,0,0,1,1,0,0,0,0,1,0,1,1,0,0,0,1,1,1,1,1,1,1,1,1,0,0,1,0,0
Isoprocarb,CC(C)C1=CC=CC=C1OC(=O)NC,0,0,0,0,0,0,0,0,0,0,0,0,0,0,0,0,0,0,0,0,0,0,0,0,1,0,0,0,0,0,0,0,0,0,0,0,0,0,0,0,0,0,0,0,0,0,0,0,0,0,0,0,0,0,0,0,0,0,0,0,0,0,0,0,0,0,0,0,0,0,0,0,0,0,0,1,0,0,0,0,0,0,0,0,0,0,0,0,0,0,0,0,0,0,1,0,0,0,0,0,0,0,0,0,0,0,0,1,0,0,0,1,0,0,1,0,0,0,1,0,0,0,0,0,1,0,0,1,1,0,0,0,0,0,0,0,0,0,0,0,0,0,1,0,1,1,0,0,0,0,1,1,1,1,0,1,0,1,1,1,1,1,1,1,1,1,1,0
Chlordimeform,CC1=C(C=CC(=C1)Cl)N=CN(C)C,0,0,0,0,0,0,0,0,0,0,0,0,0,0,0,0,0,0,0,0,0,0,0,0,0,0,0,0,0,0,0,0,0,0,0,0,0,0,0,0,0,0,0,0,0,0,0,0,0,0,0,0,0,0,0,0,0,0,0,0,0,0,0,0,0,0,0,0,0,0,0,0,0,0,0,1,0,0,1,1,0,0,0,0,0,0,1,1,1,0,0,0,0,0,1,0,0,0,0,0,0,0,0,0,1,0,0,0,1,0,0,0,0,0,0,0,0,0,0,0,1,0,0,1,0,0,0,0,0,0,0,0,0,0,1,1,1,0,0,0,0,0,1,1,0,1,0,0,0,1,1,1,0,0,0,0,0,1,0,1,0,1,1,1,1,0,1,0
Metasystox,CCSCCOP(=S)(OC)OC.CCSCCSP(=O)(OC)OC,0,0,0,0,0,0,0,0,0,0,0,0,0,0,0,0,0,0,0,0,0,0,0,0,0,0,0,0,0,0,1,0,0,0,0,0,0,0,0,0,0,0,0,0,0,0,0,0,0,1,0,0,0,0,0,0,0,0,0,0,0,0,0,0,0,0,0,0,1,0,0,0,0,0,1,0,0,0,0,0,0,0,1,0,0,0,0,1,0,1,0,0,0,0,1,0,0,0,0,0,0,0,0,1,0,0,0,1,0,1,1,0,0,1,0,1,0,1,0,1,0,0,0,0,0,1,0,1,0,0,1,1,0,1,0,0,0,0,0,1,0,1,1,0,0,0,0,1,1,1,1,0,0,0,1,0,1,0,1,0,1,1,0,0,0,1,0,1
Phenmedipham,CC1=CC(=CC=C1)NC(=O)OC2=CC=CC(=C2)NC(=O)OC,0,0,0,0,0,0,0,0,0,0,0,0,0,0,0,0,0,0,0,0,0,0,0,0,1,0,0,0,0,0,0,0,0,0,0,0,0,0,0,0,0,0,0,0,0,0,0,0,0,0,0,0,0,0,0,0,0,0,0,0,0,0,0,0,0,0,0,0,0,0,0,0,0,0,0,0,0,0,0,0,0,0,0,0,0,0,0,0,0,0,0,0,0,0,1,0,0,0,1,0,0,0,0,0,0,0,0,1,0,0,0,1,0,0,1,0,0,0,1,0,0,0,0,0,1,0,1,1,1,0,0,0,1,0,1,0,1,1,0,0,0,1,0,1,1,0,1,1,0,0,1,0,1,1,0,1,0,1,1,1,1,1,1,1,1,1,1,0
Carboxin,CC1=C(SCCO1)C(=O)NC2=CC=CC=C2,0,0,0,0,0,0,0,0,0,0,0,0,0,0,0,0,0,0,0,0,0,0,0,0,0,0,0,0,0,0,0,0,0,0,0,0,0,1,0,0,0,0,0,0,0,0,0,0,0,0,0,0,0,0,0,0,0,0,1,0,0,0,0,0,0,0,0,0,0,0,0,0,0,0,0,0,0,1,0,0,0,0,1,0,0,0,0,0,0,1,1,0,1,1,0,0,0,0,1,1,1,0,0,0,0,0,0,0,0,1,1,1,0,0,0,0,0,1,1,1,0,1,0,0,0,0,0,0,0,0,0,0,0,1,1,0,1,0,1,1,0,0,0,0,0,0,1,0,1,0,0,1,1,1,1,1,0,1,1,1,1,1,1,1,1,1,1,0
"1,3-Dichloropropene",C(C=CCl)Cl,0,0,0,0,0,0,0,0,0,0,0,0,0,0,0,0,0,0,0,0,0,0,0,0,0,0,0,0,0,0,0,0,0,0,0,0,0,0,0,0,0,0,0,0,0,0,0,0,0,0,0,0,0,0,0,0,0,0,0,0,0,0,0,0,0,0,0,0,0,0,0,0,0,0,0,0,0,0,0,0,0,0,0,0,0,0,0,0,0,0,0,0,0,0,0,0,0,0,0,0,1,0,0,0,1,0,0,0,0,0,0,0,0,0,0,0,0,0,0,0,0,0,0,0,0,0,0,0,0,0,0,0,0,0,0,1,0,0,0,0,0,0,0,0,0,0,0,0,0,0,0,0,0,0,1,0,1,0,0,0,0,0,0,0,0,0,0,0
"3,5,6-Trichloro-2-pyridinol",C1=C(C(=O)NC(=C1Cl)Cl)Cl,0,0,0,0,0,0,0,0,0,0,0,0,0,0,0,0,0,0,0,0,0,0,0,0,0,0,0,0,0,0,0,0,0,0,0,0,0,0,0,0,0,0,0,0,0,0,0,0,0,0,0,0,0,0,0,0,0,0,0,0,0,0,0,0,0,0,1,0,0,0,0,0,0,0,0,0,0,0,0,0,0,0,0,0,0,0,0,0,1,0,0,0,0,1,0,0,0,0,0,1,0,0,0,0,1,0,0,0,1,0,0,1,0,0,1,0,0,0,1,0,0,0,1,0,0,0,0,0,1,0,0,0,0,0,0,1,0,0,1,0,0,0,0,0,1,1,0,0,0,0,0,1,1,0,0,1,0,1,0,0,0,0,1,1,1,1,1,0
Thallous sulfate,[O-]S(=O)(=O)[O-].[Tl+].[Tl+],0,0,0,0,0,0,0,0,0,0,0,0,0,0,0,0,0,0,0,1,0,0,0,0,0,0,0,0,0,0,0,0,0,0,0,0,0,0,0,0,1,1,0,0,0,1,0,0,0,1,1,0,0,0,0,0,1,0,0,1,0,1,1,0,0,0,0,0,1,0,0,0,0,0,1,0,0,0,0,0,0,0,0,0,0,0,0,0,0,1,0,0,0,0,0,0,0,0,0,0,0,0,0,1,0,0,0,1,0,0,0,0,0,1,0,0,0,0,0,0,0,0,0,0,0,1,0,0,0,0,0,1,0,0,0,0,0,1,0,0,0,1,0,0,0,0,0,1,0,1,0,0,0,0,0,0,0,0,0,0,1,0,0,0,0,1,0,1
Maleic Hydrazide,C1=CC(=O)NNC1=O,0,0,0,0,0,0,0,0,0,0,0,0,0,0,0,0,0,0,0,0,0,0,0,0,0,0,0,0,0,0,0,0,0,0,0,0,0,0,0,0,0,0,0,0,0,0,0,0,0,0,0,0,0,1,0,0,0,0,0,0,0,0,0,0,0,0,1,0,0,1,1,0,0,0,0,0,0,0,0,0,0,0,0,0,0,0,0,0,0,0,0,0,0,1,0,1,1,0,0,1,0,0,0,0,0,0,0,0,0,0,0,1,0,0,1,0,0,0,1,0,0,1,1,0,0,1,0,0,1,0,0,0,1,0,0,0,0,1,1,0,0,0,0,1,1,0,0,0,0,0,0,0,1,0,0,1,0,1,0,0,1,0,1,1,1,1,1,0
Terbuthylazine,CCNC1=NC(=NC(=N1)Cl)NC(C)(C)C,0,0,0,0,0,0,0,0,0,0,0,0,0,0,0,0,0,0,0,0,0,0,0,0,0,0,1,0,0,0,0,0,0,0,0,0,0,0,0,0,0,0,0,0,0,0,0,0,0,0,0,0,0,0,1,0,0,0,0,0,0,0,0,0,0,0,1,1,0,0,0,0,0,0,0,1,0,0,1,0,0,1,0,1,0,0,0,0,1,0,0,0,0,0,0,0,0,0,0,1,0,1,0,0,1,0,0,1,1,0,0,0,0,1,0,1,0,0,0,0,0,1,1,0,0,0,0,0,0,0,0,0,1,0,1,1,1,0,1,0,0,0,1,1,0,0,0,0,0,0,1,0,1,0,1,0,1,1,0,1,0,1,1,1,1,0,1,0
Ammonium sulfamate,[NH4+].NS(=O)(=O)[O-],0,0,0,0,0,0,0,0,0,0,0,0,0,0,0,0,0,0,0,0,0,0,0,0,0,0,0,0,0,0,0,0,0,0,1,0,0,0,0,0,1,1,0,0,0,0,0,0,0,1,1,0,0,0,0,0,1,0,0,1,0,1,1,0,0,0,0,0,1,0,1,0,0,0,1,0,0,0,0,0,0,0,0,0,0,1,0,0,0,1,0,0,0,0,0,1,0,0,0,0,0,0,0,1,0,0,0,1,0,0,0,0,0,1,0,0,0,0,1,0,0,0,0,0,0,1,0,0,0,0,0,1,1,0,0,0,0,1,0,0,0,0,0,1,0,0,0,1,0,1,0,0,1,0,0,0,0,1,0,0,1,0,1,0,0,1,0,1
Demeton,CCOP(=O)(OCC)SCCSCC.CCOP(=S)(OCC)OCCSCC,0,0,0,0,0,0,0,0,0,0,0,0,0,0,0,0,0,0,0,0,0,0,0,0,0,0,0,0,0,0,1,0,0,0,0,0,0,0,0,0,0,0,0,0,0,0,0,0,0,1,0,0,0,0,0,0,0,0,0,0,0,0,0,0,0,0,0,0,1,0,0,0,0,0,1,0,0,0,0,0,0,0,1,0,0,0,0,1,0,1,0,0,0,0,0,0,0,0,0,0,0,0,0,1,0,0,0,1,0,1,1,0,0,1,0,1,0,1,0,1,0,0,0,0,0,1,0,1,0,1,1,1,0,1,0,0,0,0,0,1,0,1,1,0,0,0,0,1,1,1,1,0,0,0,1,0,1,0,1,0,1,1,0,0,0,1,0,1
Kadethrin,CC1([C@H]([C@H]1C(=O)OCC2=COC(=C2)CC3=CC=CC=C3)/C=C/4\CCSC4=O)C,0,0,0,0,0,0,0,0,0,0,0,0,0,0,0,0,0,0,0,0,0,0,0,1,0,0,0,0,0,0,0,0,0,0,0,0,0,1,0,0,0,0,0,0,0,0,0,0,0,0,0,1,0,0,0,0,0,0,1,0,0,0,0,0,0,0,0,1,0,0,0,0,0,0,0,1,0,1,0,0,0,0,1,0,1,0,0,0,0,1,1,0,0,0,0,0,0,1,0,0,1,0,0,0,0,0,0,0,0,0,1,0,0,1,0,0,0,0,0,1,0,1,0,0,1,0,1,1,1,1,0,0,0,1,0,0,0,1,1,1,0,1,0,0,1,0,0,1,1,0,1,1,0,1,1,1,1,0,1,0,1,1,0,1,1,1,1,0
Chlortoluron,CC1=C(C=C(C=C1)NC(=O)N(C)C)Cl,0,0,0,0,0,0,0,0,0,0,0,0,0,0,0,0,0,0,0,0,0,0,0,0,0,0,0,0,0,0,0,0,0,0,0,0,0,0,1,0,0,0,0,0,0,0,0,0,0,0,0,0,0,0,0,0,0,0,0,0,0,0,0,0,0,0,0,0,0,0,0,0,0,0,0,1,0,0,1,0,0,0,0,0,0,0,1,1,1,0,0,0,0,0,1,0,0,0,0,0,0,0,0,0,1,0,0,1,1,0,0,1,0,0,0,0,0,0,1,0,0,0,0,1,0,0,0,0,0,0,0,0,0,0,1,1,1,0,0,0,0,0,1,1,0,1,0,0,0,1,1,1,1,0,0,1,0,1,0,1,0,1,1,1,1,1,1,0
Benomyl,CCCCNC(=O)N1C2=CC=CC=C2N=C1NC(=O)OC,0,0,0,0,0,0,0,0,0,0,0,0,0,0,0,0,0,0,0,0,0,0,0,0,1,0,1,0,0,0,0,0,0,0,0,0,0,0,1,0,0,0,0,0,0,0,0,0,0,0,0,0,0,0,1,0,0,0,0,0,0,0,0,0,0,0,1,0,0,0,0,0,0,0,0,0,1,0,1,0,1,1,0,1,1,0,1,0,0,0,0,1,0,0,1,0,0,1,1,0,0,1,1,0,0,1,1,1,0,0,0,1,1,0,0,1,1,1,1,1,0,1,1,1,1,0,1,1,0,0,0,0,1,0,1,0,1,1,1,0,0,0,0,1,0,1,0,1,1,1,1,1,1,0,1,1,1,1,1,1,1,1,1,1,1,1,1,0
Oryzalin,CCCN(CCC)C1=C(C=C(C=C1[N+](=O)[O-])S(=O)(=O)N)[N+](=O)[O-],0,0,0,0,0,0,0,0,0,0,0,0,0,0,0,0,0,0,0,0,0,0,0,0,0,1,0,0,0,0,0,0,0,1,1,0,0,0,0,0,0,0,0,0,0,0,0,0,0,0,1,0,1,0,0,0,1,1,0,1,1,1,1,0,1,1,0,0,1,0,1,1,1,0,1,0,0,0,0,0,1,1,1,0,0,1,1,1,0,1,0,0,0,0,0,1,0,0,1,0,0,1,0,1,0,0,0,1,0,1,0,0,1,1,0,1,1,0,1,1,1,0,0,1,0,1,0,0,0,1,1,1,0,0,1,0,1,1,0,1,0,1,0,1,0,1,0,1,1,1,1,1,1,0,1,0,1,1,0,1,1,1,1,1,1,1,1,0
Leptophos,COP(=S)(C1=CC=CC=C1)OC2=CC(=C(C=C2Cl)Br)Cl,0,0,0,0,0,0,0,0,0,0,0,0,0,0,0,0,0,0,0,0,0,0,0,0,0,0,0,0,0,0,1,0,0,0,0,0,0,0,0,0,0,0,0,0,0,0,0,1,0,0,0,0,0,0,0,0,0,0,0,0,0,0,0,0,0,0,0,0,1,0,0,0,0,0,1,0,0,0,0,0,0,0,1,0,0,0,0,0,1,1,0,0,0,0,1,0,0,0,0,0,0,0,0,1,1,0,0,1,1,0,0,0,0,1,1,0,0,0,0,0,0,0,0,0,0,1,1,1,1,0,0,1,0,0,0,1,0,0,0,0,0,0,0,0,1,1,1,0,0,1,0,1,0,1,0,0,0,0,1,0,1,1,0,1,1,1,1,0
Cyanazine,CCNC1=NC(=NC(=N1)Cl)NC(C)(C)C#N,0,0,0,0,0,0,0,0,0,0,0,0,0,0,0,0,0,0,0,0,0,0,0,0,0,0,1,0,0,0,0,0,0,0,0,0,0,0,0,0,0,0,1,0,0,0,0,0,0,0,0,0,0,0,1,0,0,0,0,0,0,0,0,0,0,0,1,1,0,0,0,0,0,0,0,1,0,0,1,0,1,1,0,1,0,0,0,0,1,0,0,0,0,0,0,0,0,0,0,1,0,1,0,0,1,0,0,1,1,0,0,0,0,1,0,1,0,0,0,0,0,1,1,0,0,0,0,0,0,0,0,0,1,0,1,1,1,0,1,0,0,0,1,1,0,0,0,0,0,0,1,0,1,0,1,0,1,1,0,1,0,1,1,1,1,0,1,0
Pirimicarb,CC1=C(N=C(N=C1OC(=O)N(C)C)N(C)C)C,0,0,0,0,0,0,0,0,0,0,0,0,0,0,0,0,0,0,0,0,0,0,0,0,1,0,1,0,0,0,0,0,0,0,0,0,0,0,0,0,0,0,0,0,0,0,0,0,0,0,0,0,0,0,0,0,0,0,0,0,0,0,0,0,0,0,1,0,0,0,0,0,0,0,0,1,0,0,1,0,0,1,0,0,0,0,1,1,0,0,0,0,0,1,1,0,0,0,1,1,0,0,0,0,0,0,0,1,0,0,0,1,0,0,1,0,0,0,1,0,0,1,1,1,1,0,0,1,1,0,0,0,0,0,1,0,1,0,1,0,0,0,1,1,1,1,0,0,0,1,1,1,0,0,0,1,0,1,1,1,1,1,1,1,1,1,1,0
Butachlor,CCCCOCN(C1=C(C=CC=C1CC)CC)C(=O)CCl,0,0,0,0,0,0,0,0,0,0,0,0,0,0,0,0,0,0,0,0,0,0,0,0,0,0,0,0,0,1,0,0,0,0,0,0,0,0,0,0,0,0,0,0,0,0,0,0,0,0,0,0,0,0,0,0,0,0,0,0,0,0,0,0,0,0,0,0,0,0,0,0,0,0,0,0,0,0,0,0,0,0,0,0,0,0,1,1,0,0,1,0,0,1,0,0,0,0,0,0,0,1,0,0,1,0,0,0,0,0,1,1,1,0,0,1,1,1,1,1,0,0,0,1,0,0,0,1,0,1,1,0,0,1,1,1,1,0,0,1,0,0,1,0,0,1,0,0,1,1,1,1,0,0,1,1,1,1,1,1,1,1,1,1,1,1,1,0
Isofenphos,CCOP(=S)(NC(C)C)OC1=CC=CC=C1C(=O)OC(C)C,0,0,0,0,0,0,0,0,0,0,0,0,0,0,0,0,0,0,0,0,0,0,0,0,0,0,0,0,0,0,1,0,0,0,0,0,0,0,0,0,0,0,0,0,0,0,0,0,1,0,0,0,0,0,0,0,0,0,0,0,0,0,0,0,0,0,0,0,1,0,1,0,0,0,1,1,0,0,0,0,0,0,1,0,0,0,0,0,0,1,1,1,0,0,0,1,0,0,0,0,0,0,0,1,0,0,0,1,0,0,1,0,0,1,1,1,0,0,1,0,0,0,0,0,1,1,0,1,1,0,0,1,0,0,0,0,0,0,0,0,0,1,1,0,1,1,0,1,0,1,1,1,1,1,1,1,1,1,1,1,1,1,1,1,1,1,1,0
Ethofumesate,CCOC1C(C2=C(O1)C=CC(=C2)OS(=O)(=O)C)(C)C,0,0,0,0,0,0,0,0,0,0,0,0,0,0,0,0,0,0,0,0,0,0,0,0,0,0,0,0,0,0,0,0,0,0,0,0,0,0,0,0,1,1,0,0,0,0,0,0,0,1,0,0,1,0,0,0,1,0,1,1,0,1,1,0,0,0,0,1,1,0,0,0,0,0,1,1,0,0,0,0,0,0,0,0,1,0,0,0,0,1,0,0,0,0,1,0,0,1,0,0,0,0,1,1,0,0,1,1,0,1,1,0,0,1,1,1,0,0,0,0,0,0,0,0,1,1,0,1,1,0,0,1,0,0,0,0,0,1,1,0,0,1,1,0,1,1,0,1,0,1,1,1,0,1,1,0,1,0,1,0,1,1,0,1,1,1,1,0
Fenamiphos,CCOP(=O)(NC(C)C)OC1=CC(=C(C=C1)SC)C,0,0,0,0,0,0,0,0,0,0,0,0,0,0,0,0,0,0,0,0,0,0,0,0,0,0,0,0,0,0,1,0,0,0,0,0,0,0,0,0,0,0,0,0,0,0,0,0,0,1,0,0,0,0,0,0,0,0,0,0,1,0,0,0,0,1,0,0,0,0,1,0,0,0,0,1,0,0,0,0,0,0,1,0,0,0,0,0,0,1,0,1,0,0,1,1,0,0,0,0,0,0,0,1,0,0,0,1,0,0,1,0,0,1,1,1,0,0,1,0,0,0,0,0,0,1,0,1,1,0,0,1,0,0,0,0,0,0,0,0,0,0,1,0,1,1,0,1,0,1,1,1,1,1,1,0,1,1,1,1,1,1,1,1,1,1,1,0
Metribuzin,CC(C)(C)C1=NN=C(N(C1=O)N)SC,0,0,0,0,0,0,0,0,0,0,0,0,0,0,0,0,0,0,0,0,0,0,0,0,0,0,0,0,0,0,0,0,0,0,0,0,0,0,0,0,0,0,0,0,0,0,0,0,1,0,0,0,0,1,0,0,0,0,0,0,1,0,0,0,0,1,1,1,0,0,1,0,0,0,0,1,1,0,1,0,1,1,1,0,0,1,0,0,0,1,0,0,0,1,1,1,1,0,1,1,0,0,0,0,0,0,0,1,0,0,0,1,0,1,1,0,0,0,1,0,0,1,1,1,0,1,0,0,1,0,0,1,0,0,1,0,1,0,1,0,0,0,1,1,1,1,0,0,0,1,1,1,1,0,0,1,0,1,0,0,0,1,1,1,1,1,1,0
Norflurazon,CNC1=C(C(=O)N(N=C1)C2=CC=CC(=C2)C(F)(F)F)Cl,0,0,0,0,0,0,0,0,0,0,0,0,0,0,0,0,0,0,0,0,0,0,0,0,0,0,0,0,0,0,0,0,0,0,0,0,0,0,0,0,0,0,0,1,0,0,0,0,0,0,0,0,0,1,0,0,0,0,0,0,0,0,0,1,0,0,1,0,0,0,0,0,0,0,0,0,1,0,0,0,1,1,0,0,0,0,0,0,1,0,0,0,0,1,1,1,1,0,1,1,0,0,0,0,1,0,0,1,1,0,0,1,0,1,1,0,0,0,1,0,0,1,1,1,0,1,1,0,1,0,0,0,0,0,1,1,1,0,1,0,0,0,0,1,1,1,1,0,0,1,0,1,1,0,0,1,0,1,0,1,0,1,1,1,1,1,1,0
Iprodione,CC(C)NC(=O)N1CC(=O)N(C1=O)C2=CC(=CC(=C2)Cl)Cl,0,0,0,0,0,0,0,0,0,0,0,0,0,0,0,0,0,0,0,0,0,0,0,0,0,0,0,0,0,0,0,0,0,0,0,0,0,0,1,0,0,0,0,0,0,0,0,0,0,0,0,0,0,0,0,0,0,0,0,0,0,0,0,1,0,0,0,0,0,0,0,0,0,0,0,1,1,0,1,0,1,1,0,0,1,0,1,0,1,0,1,1,0,1,0,0,1,1,1,0,0,1,0,0,1,0,0,1,1,0,0,1,1,0,0,0,0,0,1,0,0,1,1,1,0,0,0,0,1,0,0,0,0,1,1,1,1,1,1,0,0,0,0,1,1,0,0,1,0,1,1,1,1,0,1,1,0,1,0,1,1,1,1,1,1,1,1,0
Pirimiphos-methyl,CCN(CC)C1=NC(=CC(=N1)OP(=S)(OC)OC)C,0,0,0,0,0,0,0,0,0,0,0,0,0,0,0,0,0,0,0,0,0,0,0,0,0,0,1,0,0,0,1,0,0,0,0,0,0,0,0,0,0,0,0,0,0,0,0,0,0,1,0,0,0,0,0,0,0,0,0,0,0,0,0,0,0,0,1,0,1,0,0,0,0,0,1,0,0,0,1,0,0,1,1,0,0,0,1,1,0,1,0,0,0,1,1,0,0,0,1,1,0,1,0,1,0,0,0,1,0,0,0,1,0,1,1,1,0,1,1,0,0,1,1,1,0,1,0,1,1,0,0,1,0,0,1,0,1,0,1,1,0,0,1,1,1,0,0,1,0,1,1,0,0,0,1,0,1,1,1,1,1,1,1,1,1,1,1,0
Roundup,CC(C)N.C(C(=O)O)NCP(=O)(O)O,0,0,0,0,0,0,0,0,0,0,0,0,0,0,0,0,0,0,0,0,0,0,0,0,0,0,0,0,0,1,1,0,0,0,0,0,0,0,0,0,0,0,0,0,1,0,0,0,0,1,0,0,0,0,0,1,0,0,0,0,0,0,0,0,0,0,0,0,0,0,1,0,0,0,0,1,0,0,0,0,0,0,0,1,0,1,0,1,0,0,0,0,1,0,0,0,1,0,0,0,0,1,0,1,0,1,0,1,0,0,0,0,0,1,0,0,0,0,0,0,0,0,0,0,1,1,0,0,0,0,0,1,1,1,0,0,0,1,0,1,1,1,0,1,0,0,0,1,0,1,1,0,1,0,1,1,1,1,1,1,1,1,1,0,0,1,0,1
Imazalil,C=CCOC(CN1C=CN=C1)C2=C(C=C(C=C2)Cl)Cl,0,0,0,0,0,0,0,0,0,0,0,0,0,0,0,0,0,0,0,0,0,0,0,0,0,0,0,0,0,0,0,0,0,0,0,1,0,0,0,0,0,0,0,0,0,0,0,0,0,0,0,0,0,0,0,0,0,0,0,0,0,0,0,0,0,0,1,0,0,0,0,0,0,0,0,0,1,0,1,0,1,0,0,0,1,0,1,0,1,0,0,0,0,0,0,0,1,1,0,0,1,1,0,0,1,0,0,0,1,0,1,0,0,0,0,0,0,0,0,0,0,1,1,1,0,0,1,1,0,0,1,0,0,1,0,1,0,0,1,1,0,0,0,1,0,1,0,0,0,1,0,1,0,1,1,0,1,0,1,1,0,0,1,1,1,1,1,0
Pendimethalin,CCC(CC)NC1=C(C=C(C(=C1[N+](=O)[O-])C)C)[N+](=O)[O-],0,0,0,0,0,0,0,0,0,0,0,0,0,0,0,0,0,0,0,0,0,0,0,0,0,1,0,0,0,0,0,0,0,0,0,0,0,0,0,0,0,0,0,0,0,0,0,0,0,0,1,0,0,0,0,0,0,1,0,0,0,0,0,0,1,0,0,0,0,0,0,1,1,0,0,0,0,0,0,0,1,1,0,0,0,0,0,0,0,0,0,0,0,0,0,1,0,0,1,0,0,0,0,1,0,1,0,0,0,0,0,0,1,0,0,1,0,1,0,0,1,0,0,1,0,1,0,0,0,0,0,1,0,0,1,0,1,1,0,0,0,1,1,1,0,1,0,1,0,1,1,1,1,0,0,0,1,1,0,1,1,1,1,1,1,1,1,0
Profenofos,CCCSP(=O)(OCC)OC1=C(C=C(C=C1)Br)Cl,0,0,0,0,0,0,0,0,0,0,0,0,0,0,0,0,0,0,0,0,0,0,0,0,0,0,0,0,0,0,1,0,0,0,0,0,0,0,0,0,0,0,0,0,0,0,0,1,0,1,0,0,0,0,0,0,0,0,0,0,0,0,0,0,0,0,0,0,1,0,0,0,0,0,0,0,0,0,0,0,0,0,1,0,0,0,0,0,1,1,0,0,0,0,0,0,0,0,0,0,0,0,0,1,1,0,0,1,1,0,1,0,0,1,1,1,1,0,0,1,0,0,0,0,0,1,0,1,1,1,0,1,0,0,0,1,0,0,0,1,0,0,0,0,1,1,0,1,1,1,1,1,0,1,1,0,1,0,1,0,1,1,0,1,1,1,1,0
Triadimefon,CC(C)(C)C(=O)C(N1C=NC=N1)OC2=CC=C(C=C2)Cl,0,0,0,0,0,0,0,0,0,0,0,0,0,0,0,0,0,0,0,0,0,0,0,0,0,0,0,0,0,0,0,0,0,0,0,0,0,0,0,0,0,0,0,0,0,0,0,0,0,0,0,0,0,1,0,0,0,0,0,0,0,0,0,0,0,0,1,1,0,0,0,0,0,1,0,1,1,0,1,0,1,1,0,0,1,0,0,0,1,0,0,0,0,1,0,1,1,1,1,0,0,0,0,0,1,0,0,0,1,0,0,1,0,1,1,0,0,0,1,0,0,1,1,1,0,1,1,1,1,0,0,0,0,0,0,1,0,0,1,0,0,0,1,1,1,0,0,0,0,1,1,0,0,1,0,1,0,1,1,1,1,1,1,1,1,1,1,0
Hexazinone,CN1C(=NC(=O)N(C1=O)C2CCCCC2)N(C)C,0,0,0,0,0,0,0,0,0,0,0,0,0,0,0,0,0,0,0,0,0,0,0,0,0,0,1,0,0,0,0,0,0,0,0,0,0,0,1,0,0,0,0,0,0,0,0,0,0,0,0,0,0,0,0,0,0,0,0,0,0,0,0,1,0,0,1,0,0,0,0,0,0,0,0,1,1,0,1,0,0,1,0,0,0,0,1,1,0,0,1,0,0,0,1,0,0,0,1,1,0,0,0,0,0,0,0,1,0,0,0,1,1,0,1,0,0,0,1,1,0,1,1,1,0,0,0,0,1,1,1,0,0,0,1,0,1,1,1,0,0,0,1,1,1,1,1,0,1,1,1,1,0,0,0,1,0,1,0,1,1,1,1,1,1,1,1,0
Deltamethrin,CC1([C@H]([C@H]1C(=O)O[C@H](C#N)C2=CC(=CC=C2)OC3=CC=CC=C3)C=C(Br)Br)C,0,0,0,0,0,0,0,0,0,0,0,0,0,0,0,0,0,0,0,0,0,0,1,1,0,0,0,0,0,0,0,0,0,0,0,0,0,0,0,0,0,0,1,0,0,0,0,1,0,0,0,0,0,0,0,0,0,0,0,0,0,0,0,0,0,0,0,1,0,0,0,0,0,0,0,1,0,1,0,0,0,0,0,0,0,0,0,0,0,0,0,0,0,0,0,0,1,0,0,0,1,0,0,0,0,0,0,0,1,0,0,0,0,1,1,0,0,0,0,0,0,0,0,0,1,0,1,1,1,0,0,0,0,0,0,1,0,0,0,0,0,0,0,0,1,0,1,1,0,0,1,1,0,1,0,1,0,0,1,0,1,1,1,1,1,1,1,0
Pyrinuron,C1=CC(=CN=C1)CNC(=O)NC2=CC=C(C=C2)[N+](=O)[O-],0,0,0,0,0,0,0,0,0,0,0,0,0,0,0,0,0,0,0,0,0,0,0,0,0,1,0,0,0,0,0,0,0,0,0,0,0,0,1,0,0,0,0,0,1,0,0,0,0,0,1,0,0,0,0,0,0,1,0,0,0,0,0,0,1,0,1,0,0,0,0,1,1,0,0,0,0,0,1,0,0,1,0,1,0,0,0,0,0,0,0,1,0,0,0,1,0,0,0,1,0,1,0,1,0,0,0,1,0,0,0,1,0,0,0,0,0,0,1,0,1,0,1,1,0,1,1,0,0,0,0,1,1,0,1,0,1,1,1,0,0,0,0,1,0,0,1,1,0,1,0,0,1,0,1,1,1,1,0,1,1,0,1,1,1,1,1,0
Vinclozolin,CC1(C(=O)N(C(=O)O1)C2=CC(=CC(=C2)Cl)Cl)C=C,0,0,0,0,0,0,0,0,0,0,0,0,0,0,0,0,0,0,0,0,0,0,0,0,1,0,0,0,0,0,0,0,0,0,0,1,0,0,0,0,0,0,0,0,0,0,0,0,0,0,0,0,0,0,0,0,0,0,1,0,0,0,0,1,0,0,0,1,0,0,0,0,0,1,0,0,1,0,0,0,0,0,0,0,1,0,1,0,1,0,1,0,0,1,0,0,1,1,0,0,1,0,0,0,1,0,0,1,1,0,0,1,0,1,0,0,0,0,1,0,0,1,1,1,1,0,0,0,1,0,0,0,0,0,1,1,1,1,1,0,0,0,0,0,1,0,0,1,0,1,0,1,0,1,0,1,0,1,1,1,1,1,1,1,1,1,1,0
Triadimenol,CC(C)(C)C(C(N1C=NC=N1)OC2=CC=C(C=C2)Cl)O,0,0,0,0,0,0,0,0,0,0,0,0,0,0,0,0,0,0,0,0,0,0,0,0,0,0,0,0,0,0,0,0,0,0,0,0,0,0,0,0,0,0,0,0,0,0,0,0,0,0,0,0,0,1,0,0,0,0,0,0,0,0,0,0,0,0,1,1,0,0,0,0,0,1,0,1,1,0,1,0,1,1,0,0,1,0,0,0,1,0,0,0,0,1,0,1,1,1,1,0,0,0,0,0,1,0,0,0,1,0,0,1,0,1,1,0,0,0,1,0,0,1,1,1,0,1,1,1,1,0,0,0,0,0,0,1,0,0,1,0,1,0,1,1,1,0,0,0,0,1,1,0,0,1,0,0,0,1,1,1,1,1,1,1,1,1,1,0
Acifluorfen sodium,C1=CC(=C(C=C1C(F)(F)F)Cl)OC2=CC(=C(C=C2)[N+](=O)[O-])C(=O)[O-].[Na+],0,0,0,0,0,0,0,0,0,0,0,0,0,0,0,0,0,0,0,0,0,0,0,0,0,1,0,0,0,0,0,0,0,0,0,0,1,0,0,0,0,0,0,1,0,1,0,0,0,0,1,0,0,0,0,0,0,1,0,0,0,0,0,0,1,0,0,0,0,0,0,1,1,0,0,0,0,0,0,0,0,0,0,0,0,0,0,0,1,0,0,0,0,0,0,1,0,0,1,0,0,0,0,1,1,0,0,1,1,0,0,0,0,1,1,0,0,0,0,0,1,0,0,1,1,1,1,1,1,0,0,1,0,0,1,1,1,1,0,0,0,1,0,0,1,1,1,1,0,1,0,1,0,1,0,1,0,1,1,1,1,0,1,1,1,1,1,1
cis-Permethrin,CC1([C@H]([C@H]1C(=O)OCC2=CC(=CC=C2)OC3=CC=CC=C3)C=C(Cl)Cl)C,0,0,0,0,0,0,0,0,0,0,0,0,0,0,0,0,0,0,0,0,0,0,1,1,0,0,0,0,0,0,0,0,0,0,0,0,0,0,0,0,0,0,0,0,0,0,0,0,0,0,0,0,0,0,0,0,0,0,0,0,0,0,0,0,0,0,0,1,0,0,0,0,0,0,0,1,0,1,0,0,0,0,0,0,0,0,0,0,0,0,0,0,0,0,0,0,0,0,0,0,1,0,0,0,1,0,0,0,1,0,1,0,0,1,1,0,0,0,0,0,0,0,0,0,1,0,1,1,1,0,0,0,0,0,0,1,0,0,0,0,0,0,0,0,1,0,1,1,0,0,1,1,0,1,1,1,1,0,1,0,1,1,0,1,1,1,1,0
Triclopyr triethylamine,CCN(CC)CC.C1=C(C(=NC(=C1Cl)Cl)OCC(=O)O)Cl,0,0,0,0,0,0,0,0,0,0,0,0,0,0,0,0,0,0,0,0,0,0,0,0,0,0,0,0,0,0,0,0,0,0,0,0,0,0,0,0,0,0,0,0,0,0,0,0,0,0,0,0,0,0,0,0,0,0,0,0,0,0,0,0,0,0,1,0,0,0,0,0,0,1,0,0,0,0,0,0,0,0,0,0,0,0,1,1,1,0,0,0,0,1,0,0,0,0,0,1,0,1,0,0,1,1,0,0,1,0,1,1,0,0,1,1,0,1,1,0,0,0,1,1,1,0,0,1,1,0,0,0,0,1,0,1,0,0,1,1,1,0,1,1,1,1,0,1,0,1,1,1,0,0,1,1,1,1,1,1,1,1,1,1,1,1,1,1
Fluridone,CN1C=C(C(=O)C(=C1)C2=CC(=CC=C2)C(F)(F)F)C3=CC=CC=C3,0,0,0,0,0,0,0,0,0,0,0,0,0,0,0,0,0,0,0,0,0,0,0,0,0,0,0,0,0,0,0,0,0,0,0,0,0,0,0,0,0,0,0,1,0,0,0,0,0,0,0,0,0,0,0,0,0,0,0,0,0,0,0,1,0,0,1,0,0,0,0,0,0,0,0,0,1,0,0,0,0,0,0,0,0,0,1,0,0,0,0,0,0,0,1,0,0,0,1,1,0,0,0,0,0,0,0,1,1,0,0,0,0,1,1,0,0,0,0,0,0,0,1,1,0,0,1,0,1,0,0,0,0,0,0,1,0,0,1,0,0,0,0,0,1,1,1,0,0,1,0,1,0,1,0,1,0,0,0,1,0,1,1,1,1,1,1,0
Lactofen,CCOC(=O)C(C)OC(=O)C1=C(C=CC(=C1)OC2=C(C=C(C=C2)C(F)(F)F)Cl)[N+](=O)[O-],0,0,0,0,0,0,0,0,0,0,0,0,0,0,0,0,0,0,0,0,0,0,0,0,0,1,0,0,0,0,0,0,0,0,0,0,0,0,0,0,0,0,0,1,0,0,0,0,0,0,1,0,0,0,0,0,0,1,0,0,0,0,0,0,1,0,0,0,0,0,0,1,1,1,0,0,0,0,0,0,0,0,0,0,0,0,0,0,1,0,0,0,0,0,0,1,0,0,1,0,0,0,0,1,1,0,0,1,1,1,1,0,0,1,1,1,0,0,0,0,1,0,0,1,1,1,1,1,1,0,0,1,0,0,1,1,1,1,0,0,0,1,0,0,1,1,1,1,0,1,1,1,0,1,1,1,1,1,1,1,1,1,1,1,1,1,1,0
Metalaxyl,CC1=C(C(=CC=C1)C)N(C(C)C(=O)OC)C(=O)COC,0,0,0,0,0,0,0,0,0,0,0,0,0,0,0,0,0,0,0,0,0,0,0,0,0,0,0,0,0,0,0,0,0,0,0,0,0,0,0,0,0,0,0,0,0,0,0,0,0,0,0,0,0,0,0,0,0,0,0,0,0,0,0,0,0,0,0,0,0,0,0,0,0,1,0,0,0,0,0,0,0,0,0,0,0,0,1,1,0,0,0,0,0,1,1,0,1,0,0,0,0,0,0,0,0,0,0,0,0,1,1,1,1,0,0,0,1,0,1,0,0,0,0,1,1,0,0,1,0,0,0,0,0,1,1,0,1,1,0,0,0,1,1,0,0,1,0,1,0,1,1,1,0,0,1,1,1,1,1,1,1,1,1,1,1,1,1,0
Fenarimol,C1=CC=C(C(=C1)C(C2=CC=C(C=C2)Cl)(C3=CN=CN=C3)O)Cl,0,0,0,0,0,0,0,0,0,0,0,0,0,0,0,0,0,0,0,0,0,0,0,0,0,0,0,0,0,0,0,0,0,0,0,0,0,0,0,0,0,0,0,0,0,0,0,0,0,0,0,0,0,0,0,0,0,0,0,0,0,0,0,0,0,0,1,1,0,0,0,0,0,0,0,0,0,0,1,0,0,1,0,0,0,0,0,0,1,0,0,0,0,0,0,0,0,0,1,1,0,0,0,0,1,0,0,0,1,0,0,0,0,1,0,0,0,0,0,0,0,1,1,0,0,0,1,0,0,0,0,0,0,0,0,1,0,0,1,0,1,0,0,1,0,1,1,0,0,0,0,1,0,1,0,0,0,0,1,0,0,0,1,1,1,1,1,0
Fenpropathrin,CC1(C(C1(C)C)C(=O)OC(C#N)C2=CC(=CC=C2)OC3=CC=CC=C3)C,0,0,0,0,0,0,0,0,0,0,0,0,0,0,0,0,0,0,0,0,0,0,0,1,0,0,0,0,0,0,0,0,0,0,0,0,0,0,0,0,0,0,1,0,0,0,0,0,0,0,0,0,0,0,0,0,0,0,0,0,0,0,0,0,0,0,0,1,0,0,0,0,0,0,0,1,0,0,0,0,0,0,0,0,0,0,0,0,0,0,0,0,0,0,0,0,1,0,0,0,0,0,0,0,0,0,0,0,0,0,0,0,0,1,1,0,0,0,0,0,0,0,0,0,1,0,1,1,1,0,0,0,0,0,0,0,0,0,0,0,0,0,1,0,1,0,1,1,0,0,1,1,0,1,0,1,0,0,1,0,1,1,1,1,1,1,1,0
Sodium arsenate,[O-][As](=O)([O-])[O-].[Na+].[Na+].[Na+],0,0,0,0,1,0,0,0,0,0,0,0,0,0,0,0,0,0,0,0,0,0,0,0,0,0,0,0,0,0,0,0,0,0,0,0,1,0,0,0,0,0,0,0,0,1,0,0,0,1,1,0,0,0,0,0,0,0,0,0,0,0,0,0,0,0,0,0,0,0,0,0,0,0,0,0,0,0,0,0,0,0,0,0,0,0,0,0,0,0,0,0,0,0,0,0,0,0,0,0,0,0,0,1,0,0,0,1,0,0,0,0,0,1,0,0,0,0,0,0,0,0,0,0,0,1,0,0,0,0,0,1,0,0,0,0,0,0,0,0,0,1,0,0,0,0,0,1,0,1,0,0,0,0,0,0,0,0,0,0,1,0,0,0,0,1,0,1
Chlorsulfuron,CC1=NC(=NC(=N1)OC)NC(=O)NS(=O)(=O)C2=CC=CC=C2Cl,0,0,0,0,0,0,0,0,0,0,0,0,0,0,0,0,0,0,0,0,0,0,0,0,0,0,1,0,0,0,0,0,0,1,1,0,0,0,1,1,0,0,0,0,1,0,0,0,0,0,0,0,1,0,0,0,1,0,0,1,1,1,1,0,0,1,1,0,1,0,1,0,0,0,1,0,0,0,1,0,0,1,1,0,0,0,0,0,1,1,1,0,0,0,1,1,0,0,1,1,0,0,0,1,1,0,0,1,1,0,0,1,0,1,1,0,0,0,1,0,0,1,1,0,0,1,1,1,1,0,0,1,1,0,1,1,1,1,1,0,0,1,0,1,1,1,1,1,0,1,1,1,1,0,0,1,0,1,1,1,1,1,1,1,1,1,1,0
Sodium diarsenate,[O-][As](=O)([O-])O[As](=O)([O-])[O-].[Na+].[Na+].[Na+].[Na+],0,0,0,0,1,0,0,0,0,0,0,0,0,0,0,0,0,0,0,0,0,0,0,0,0,0,0,0,0,0,0,0,0,0,0,0,1,0,0,0,0,0,0,0,0,1,0,0,0,1,1,0,0,0,0,0,0,0,0,0,0,0,0,0,0,0,0,0,0,0,0,0,0,0,0,0,0,0,0,0,0,0,0,0,0,0,0,0,0,0,1,0,0,0,0,0,0,0,0,0,0,0,0,1,0,0,0,1,0,0,0,0,0,1,0,0,0,0,0,0,0,0,0,0,0,1,0,1,0,0,0,1,0,0,0,0,0,1,0,0,0,1,0,0,0,0,0,1,0,1,0,0,0,0,0,0,0,0,0,0,1,0,0,0,0,1,0,1
Carbendazim phosphate,COC(=O)NC1=NC2=CC=CC=C2N1.OP(=O)(O)O,0,0,0,0,0,0,0,0,0,0,0,0,0,0,0,0,0,0,0,0,0,0,0,0,1,0,1,0,0,0,1,0,0,0,0,0,0,0,0,0,0,0,0,0,1,0,0,0,0,1,0,0,0,0,0,0,0,0,0,0,0,0,0,0,0,0,1,0,0,0,1,0,0,0,0,0,0,0,1,0,1,0,0,0,1,0,0,0,0,0,0,0,0,0,1,0,0,1,1,0,0,0,1,1,0,0,1,1,0,0,0,1,0,1,0,0,0,0,1,0,0,1,1,0,1,1,1,1,0,0,0,1,1,0,1,0,1,1,1,0,1,1,0,1,0,0,0,1,0,1,0,0,1,0,0,1,0,1,1,1,1,1,1,1,1,1,1,1
Fluazifop-butyl,CCCCOC(=O)C(C)OC1=CC=C(C=C1)OC2=NC=C(C=C2)C(F)(F)F,0,0,0,0,0,0,0,0,0,0,0,0,0,0,0,0,0,0,0,0,0,0,0,0,0,0,0,0,0,0,0,0,0,0,0,0,0,0,0,0,0,0,0,1,0,0,0,0,0,0,0,0,0,0,0,0,0,0,0,0,0,0,0,0,0,0,1,0,0,0,0,0,0,1,0,0,0,0,0,0,0,0,0,0,0,0,0,0,0,0,0,0,0,1,0,0,0,0,0,1,0,0,0,0,0,0,0,1,1,1,1,1,0,1,1,1,1,1,1,1,0,0,1,0,1,0,1,1,1,0,0,0,0,1,0,1,0,0,1,0,0,1,0,0,1,0,1,1,1,0,1,0,0,1,1,1,1,1,1,0,1,1,1,1,1,1,1,0
Fenoxycarb,CCOC(=O)NCCOC1=CC=C(C=C1)OC2=CC=CC=C2,0,0,0,0,0,0,0,0,0,0,0,0,0,0,0,0,0,0,0,0,0,0,0,0,1,0,0,0,0,0,0,0,0,0,0,0,0,0,0,0,0,0,0,0,0,0,0,0,0,0,0,0,0,0,0,0,0,0,0,0,0,0,0,0,0,0,0,0,0,0,0,0,0,0,0,0,0,0,0,0,0,0,0,1,0,0,0,0,0,0,0,1,0,0,0,0,1,0,0,0,0,1,0,0,0,1,0,1,0,0,1,1,1,0,1,1,0,0,1,1,0,0,0,0,1,0,1,1,1,1,0,0,0,1,0,0,0,0,0,1,0,1,0,0,1,0,1,1,1,0,0,0,1,1,1,1,1,1,1,1,1,1,1,1,1,1,1,0
Tralomethrin,CC1([C@H]([C@H]1C(=O)O[C@H](C#N)C2=CC(=CC=C2)OC3=CC=CC=C3)C(C(Br)(Br)Br)Br)C,0,0,0,0,0,0,0,0,0,0,0,0,0,0,0,0,0,0,0,0,0,0,0,1,0,0,0,0,0,0,0,0,0,0,0,0,0,0,0,0,0,0,1,0,0,0,0,1,0,0,0,0,0,0,0,0,0,0,0,0,0,0,0,0,0,0,0,1,0,0,0,0,0,0,0,1,0,0,0,0,0,0,0,0,0,0,0,0,0,0,0,0,0,0,0,0,1,0,0,0,0,0,0,0,0,0,0,1,1,0,0,0,0,1,1,0,0,0,0,0,0,0,0,0,1,0,1,1,1,0,0,0,0,0,0,1,0,0,0,0,0,0,0,0,1,0,1,1,0,0,1,1,0,1,0,1,0,0,1,0,1,1,1,1,1,1,1,0
Fluvalinate,CC(C)C(C(=O)OC(C#N)C1=CC(=CC=C1)OC2=CC=CC=C2)NC3=C(C=C(C=C3)C(F)(F)F)Cl,0,0,0,0,0,0,0,0,0,0,0,0,0,0,0,0,0,0,0,0,0,0,0,0,0,0,0,0,0,0,0,0,0,0,0,0,0,0,0,0,0,0,1,1,0,0,0,0,0,0,0,0,0,0,0,0,0,0,0,0,0,0,0,0,0,0,0,0,0,0,0,0,0,0,0,1,0,0,0,0,0,0,0,0,0,0,0,0,1,0,0,0,0,0,0,0,1,0,0,0,0,0,0,0,1,0,0,1,1,0,0,0,0,1,1,0,0,0,0,0,0,0,0,0,1,0,1,1,1,0,0,0,0,0,1,1,1,0,0,0,0,0,0,1,1,1,1,1,0,0,1,1,1,1,0,1,0,1,1,1,1,1,1,1,1,1,1,0
Cyromazine,C1CC1NC2=NC(=NC(=N2)N)N,0,0,0,0,0,0,0,0,0,0,0,0,0,0,0,0,0,0,0,0,0,0,0,1,0,0,1,0,0,0,0,0,0,0,0,0,0,0,0,0,0,0,0,0,0,0,0,0,0,0,0,0,0,0,1,0,0,0,0,0,0,0,0,0,0,0,1,0,0,0,0,0,0,0,0,0,0,0,1,0,0,1,0,0,0,1,0,0,0,0,0,1,0,0,0,0,0,0,0,1,0,0,0,0,0,1,0,1,0,0,0,0,1,0,0,0,0,0,0,0,0,1,1,0,0,0,0,0,0,0,0,0,1,0,1,0,1,0,1,0,0,0,0,1,0,0,0,0,1,0,0,0,1,0,0,0,0,1,0,1,0,0,1,1,1,0,1,0
Fenoxaprop-ethyl,CCOC(=O)C(C)OC1=CC=C(C=C1)OC2=NC3=C(O2)C=C(C=C3)Cl,0,0,0,0,0,0,0,0,0,0,0,0,0,0,0,0,0,0,0,0,0,0,0,0,1,0,0,0,0,0,0,0,0,0,0,0,0,0,0,0,0,0,0,0,0,0,0,0,0,0,0,0,0,0,0,0,0,0,1,0,0,0,0,0,0,0,1,0,0,0,0,0,0,1,0,0,0,0,0,0,0,0,0,0,1,0,0,0,1,0,0,0,0,0,0,0,1,1,0,0,0,0,1,0,1,0,1,1,1,1,1,1,0,0,1,1,0,0,1,0,0,1,1,0,1,0,1,1,1,0,0,0,0,0,0,1,0,0,1,0,0,1,0,0,1,0,1,1,0,0,1,0,0,1,1,1,1,1,1,0,1,1,1,1,1,1,1,0
Imazethapyr,CCC1=CC(=C(N=C1)C2=NC(C(=O)N2)(C)C(C)C)C(=O)O,0,0,0,0,0,0,0,0,0,0,0,0,0,0,0,0,0,0,0,0,0,0,0,0,0,0,0,0,0,0,0,0,0,0,0,0,0,0,0,1,0,0,0,0,0,0,0,0,0,0,0,0,0,0,0,0,0,0,0,0,0,0,0,1,0,0,1,1,0,0,0,0,0,0,0,1,0,0,1,1,1,0,0,0,1,0,0,0,0,0,0,0,0,1,0,0,1,1,1,1,0,0,0,0,0,0,0,0,0,0,0,1,0,1,0,1,0,0,1,0,1,1,1,0,1,0,0,0,1,0,0,0,1,0,0,0,0,1,1,0,1,0,1,1,1,1,0,1,0,0,1,1,1,0,0,1,1,1,1,1,1,1,1,1,1,1,1,0
Sulfometuron-methyl,CC1=CC(=NC(=N1)NC(=O)NS(=O)(=O)C2=CC=CC=C2C(=O)OC)C,0,0,0,0,0,0,0,0,0,0,0,0,0,0,0,0,0,0,0,0,0,0,0,0,0,0,1,0,0,0,0,0,0,1,1,0,0,0,1,0,0,0,0,0,1,0,0,0,0,0,0,0,1,0,0,0,1,0,0,1,1,1,1,0,0,1,1,0,1,0,1,0,0,0,1,0,0,0,1,0,0,1,1,0,0,0,0,0,0,1,1,0,0,0,1,1,0,0,1,1,0,0,0,1,0,0,0,1,0,0,0,1,0,1,0,0,0,0,1,0,0,1,1,0,1,1,1,1,0,0,0,1,1,0,1,0,1,1,1,0,0,1,1,1,0,1,1,1,0,1,1,1,1,0,0,1,0,1,1,1,1,1,1,1,1,1,1,0
Quizalofop-ethyl,CCOC(=O)C(C)OC1=CC=C(C=C1)OC2=CN=C3C=C(C=CC3=N2)Cl,0,0,0,0,0,0,0,0,0,0,0,0,0,0,0,0,0,0,0,0,0,0,0,0,0,0,0,0,0,0,0,0,0,0,0,0,0,0,0,0,0,0,0,0,0,0,0,0,0,0,0,0,0,0,0,0,0,0,0,0,0,0,0,0,0,0,1,0,0,0,0,0,0,1,0,0,0,0,0,0,1,0,0,0,0,0,0,0,1,0,0,0,0,1,0,0,1,0,0,1,0,0,1,0,1,0,1,0,1,1,1,1,0,0,1,1,0,0,1,0,0,1,1,0,1,0,1,1,1,0,0,0,0,0,0,1,0,0,1,0,0,1,0,1,1,0,1,1,0,0,1,0,0,1,1,1,1,1,1,0,1,1,1,1,1,1,1,0
Imazapyr,CC(C)C1(C(=O)NC(=N1)C2=C(C=CC=N2)C(=O)O)C,0,0,0,0,0,0,0,0,0,0,0,0,0,0,0,0,0,0,0,0,0,0,0,0,0,0,0,0,0,0,0,0,0,0,0,0,0,0,0,1,0,0,0,0,0,0,0,0,0,0,0,0,0,0,0,0,0,0,0,0,0,0,0,1,0,0,1,1,0,0,0,0,0,0,0,1,0,0,1,1,1,0,0,0,1,0,0,0,0,0,0,0,0,1,0,0,1,1,1,1,0,0,0,0,0,0,0,0,0,0,0,1,0,1,0,0,0,0,1,0,1,1,1,0,1,0,0,0,1,0,0,0,1,0,0,0,0,1,1,0,1,0,1,1,1,1,0,1,0,0,1,1,1,0,0,1,0,1,1,1,1,1,1,1,1,1,1,0
Metaldehyde,CC1OC(OC(OC(O1)C)C)C,0,0,0,0,0,0,0,0,0,0,0,0,0,0,0,0,0,0,0,0,0,0,0,0,0,0,0,0,0,0,0,0,0,0,0,0,0,0,0,0,0,0,0,0,0,0,0,0,0,0,0,0,0,0,0,0,0,0,1,0,0,0,0,0,0,0,0,0,0,0,0,0,0,0,0,0,0,0,0,0,0,0,0,0,0,0,0,0,0,0,1,0,0,0,0,0,0,0,0,0,0,0,1,0,0,0,0,0,0,0,0,0,0,0,0,0,0,0,0,0,0,1,0,0,1,0,0,0,0,0,0,0,0,0,0,0,0,0,1,0,0,1,1,0,0,0,0,1,0,0,1,0,0,0,0,0,0,0,1,0,1,1,0,0,0,1,1,0
"2,4-Dinitrophenol",C1=CC(=C(C=C1[N+](=O)[O-])[N+](=O)[O-])O,0,0,0,0,0,0,0,0,0,0,0,0,0,0,0,0,0,0,0,0,0,0,0,0,0,1,0,0,0,0,0,0,0,0,0,0,0,0,0,0,0,0,0,0,0,0,0,0,0,0,1,0,0,0,0,0,0,1,0,0,0,0,0,0,1,0,0,0,0,0,0,1,1,0,0,0,0,0,0,0,0,1,0,0,0,0,0,0,0,0,1,0,0,0,0,1,1,0,0,0,0,0,0,1,0,0,0,0,0,0,0,0,0,0,1,0,0,0,0,0,1,0,0,1,0,1,0,0,1,0,0,1,0,0,1,0,1,1,0,0,1,1,0,1,1,1,0,1,0,1,0,1,0,1,0,0,0,1,1,1,1,0,1,1,1,1,1,0
Benzyl Benzoate,C1=CC=C(C=C1)COC(=O)C2=CC=CC=C2,0,0,0,0,0,0,0,0,0,0,0,0,0,0,0,0,0,0,0,0,0,0,0,0,0,0,0,0,0,0,0,0,0,0,0,0,0,0,0,0,0,0,0,0,0,0,0,0,0,0,0,0,0,0,0,0,0,0,0,0,0,0,0,0,0,0,0,0,0,0,0,0,0,0,0,0,0,0,0,0,0,0,0,0,0,0,0,0,0,0,0,0,0,0,0,0,0,0,0,0,0,0,0,0,0,0,0,0,0,0,1,0,0,0,0,0,0,0,0,0,0,0,0,0,1,0,1,1,0,0,0,0,0,0,0,0,0,0,0,0,0,0,0,0,0,0,1,0,0,0,0,0,0,0,1,1,1,0,1,0,1,0,0,1,1,1,1,0
Dimethylarsinic Acid,C[As](=O)(C)O,0,0,0,0,1,0,0,0,0,0,0,0,0,0,0,0,0,0,0,0,0,0,0,0,0,0,0,0,0,0,0,0,0,0,0,0,0,0,0,0,0,0,0,0,0,1,0,0,0,0,0,0,0,0,0,0,0,0,0,0,0,0,0,0,0,0,0,0,0,0,1,0,0,0,0,1,0,0,0,0,0,0,0,0,0,0,0,1,0,0,0,0,0,0,1,0,0,0,0,0,0,0,0,1,0,0,0,0,0,0,0,0,0,1,0,0,0,0,0,0,0,0,0,0,0,1,0,0,0,0,0,1,0,0,0,0,0,0,0,0,1,0,0,0,0,0,0,0,0,1,1,0,0,0,0,0,0,0,0,0,1,1,0,0,0,1,0,0
Diazinon,CCOP(=S)(OCC)OC1=NC(=NC(=C1)C)C(C)C,0,0,0,0,0,0,0,0,0,0,0,0,0,0,0,0,0,0,0,0,0,0,0,0,0,0,0,0,0,0,1,0,0,0,0,0,0,0,0,1,0,0,0,0,0,0,0,0,0,1,0,0,0,0,0,0,0,0,0,0,0,0,0,0,0,0,1,0,1,0,0,0,0,0,1,1,0,0,1,0,0,1,1,0,0,0,0,0,0,1,0,0,0,1,0,0,0,0,1,1,0,0,0,1,0,0,0,1,0,0,1,1,0,1,1,1,0,0,1,0,0,1,1,0,0,1,0,1,1,1,0,1,0,0,0,0,0,0,1,1,0,0,1,1,1,0,0,1,0,1,1,0,0,0,1,0,1,1,1,0,1,1,1,1,1,1,1,0
Heptachlor,C1=CC(C2C1C3(C(=C(C2(C3(Cl)Cl)Cl)Cl)Cl)Cl)Cl,0,0,0,0,0,0,0,0,0,0,0,0,0,0,0,0,0,0,0,0,0,0,0,0,0,0,0,0,0,0,0,0,0,0,0,0,0,0,0,0,0,0,0,0,0,0,0,0,0,0,0,0,0,0,0,0,0,0,0,0,0,0,0,0,0,0,0,1,0,0,0,0,0,0,0,0,0,1,0,0,0,0,0,0,0,0,0,0,1,0,0,0,0,0,0,0,0,1,0,0,1,0,1,0,1,0,1,0,1,0,0,0,0,1,0,0,0,0,0,0,0,0,0,0,0,0,0,0,0,0,0,0,0,0,0,1,0,0,0,0,0,0,0,0,0,0,0,0,0,0,0,1,0,0,0,0,0,0,0,0,0,0,0,0,1,0,1,0
Metolachlor,CCC1=CC=CC(=C1N(C(C)COC)C(=O)CCl)C,0,0,0,0,0,0,0,0,0,0,0,0,0,0,0,0,0,0,0,0,0,0,0,0,0,0,0,0,0,0,0,0,0,0,0,0,0,0,0,0,0,0,0,0,0,0,0,0,0,0,0,0,0,0,0,0,0,0,0,0,0,0,0,0,0,0,0,0,0,0,0,0,0,0,0,0,0,0,0,0,0,0,0,0,0,0,1,1,0,0,0,0,0,1,1,0,1,0,0,0,0,0,0,0,1,0,0,0,0,1,1,1,1,0,0,1,1,0,1,0,0,0,0,1,0,0,0,1,0,1,0,0,0,1,1,1,1,0,0,1,0,0,1,0,0,1,0,0,0,1,1,1,0,0,1,1,1,1,1,1,1,1,1,1,1,1,1,0
Trichlorophenoxyacetic acid,C1=C(C(=CC(=C1Cl)Cl)Cl)OCC(=O)O,0,0,0,0,0,0,0,0,0,0,0,0,0,0,0,0,0,0,0,0,0,0,0,0,0,0,0,0,0,0,0,0,0,0,0,0,0,0,0,0,0,0,0,0,0,0,0,0,0,0,0,0,0,0,0,0,0,0,0,0,0,0,0,0,0,0,0,0,0,0,0,0,0,1,0,0,0,0,0,0,0,0,0,0,0,0,0,0,1,0,0,0,0,0,0,0,0,0,0,0,0,0,0,0,1,1,0,0,1,0,1,0,0,0,1,0,0,0,0,0,0,0,0,0,1,0,0,1,1,0,0,0,0,1,0,1,0,0,0,0,1,0,0,0,1,1,0,1,0,0,0,1,0,1,1,1,1,0,1,0,1,0,0,1,1,1,1,0
4-Chloro-3-methylphenol,CC1=C(C=CC(=C1)O)Cl,0,0,0,0,0,0,0,0,0,0,0,0,0,0,0,0,0,0,0,0,0,0,0,0,0,0,0,0,0,0,0,0,0,0,0,0,0,0,0,0,0,0,0,0,0,0,0,0,0,0,0,0,0,0,0,0,0,0,0,0,0,0,0,0,0,0,0,0,0,0,0,0,0,0,0,0,0,0,0,0,0,0,0,0,0,0,0,0,1,0,0,0,0,0,0,0,0,0,0,0,0,0,0,0,1,0,0,0,1,0,0,0,0,0,1,0,0,0,0,0,0,0,0,0,0,0,0,0,1,0,0,0,0,0,0,1,0,0,0,0,1,0,0,0,1,1,0,0,0,0,0,1,0,1,0,0,0,0,1,0,0,1,0,1,1,1,1,0
Acetochlor,CCC1=CC=CC(=C1N(COCC)C(=O)CCl)C,0,0,0,0,0,0,0,0,0,0,0,0,0,0,0,0,0,0,0,0,0,0,0,0,0,0,0,0,0,1,0,0,0,0,0,0,0,0,0,0,0,0,0,0,0,0,0,0,0,0,0,0,0,0,0,0,0,0,0,0,0,0,0,0,0,0,0,0,0,0,0,0,0,0,0,0,0,0,0,0,0,0,0,0,0,0,1,1,0,0,1,0,0,1,0,0,0,0,0,0,0,1,0,0,1,0,0,0,0,1,1,1,1,0,0,1,0,1,1,0,0,0,0,1,0,0,0,1,0,1,1,0,0,1,1,1,1,0,0,1,0,0,1,0,0,1,0,0,0,1,1,1,0,0,1,1,1,1,1,1,1,1,1,1,1,1,1,0
Atrazine,CCNC1=NC(=NC(=N1)Cl)NC(C)C,0,0,0,0,0,0,0,0,0,0,0,0,0,0,0,0,0,0,0,0,0,0,0,0,0,0,1,0,0,0,0,0,0,0,0,0,0,0,0,0,0,0,0,0,0,0,0,0,0,0,0,0,0,0,1,0,0,0,0,0,0,0,0,0,0,0,1,0,0,0,0,0,0,0,0,1,0,0,1,0,0,1,0,1,0,0,0,0,1,0,0,0,0,0,0,0,0,0,0,1,0,1,0,0,1,0,0,1,1,0,0,0,0,0,0,1,0,0,0,0,0,1,1,0,0,0,0,0,0,0,0,0,1,0,1,1,1,0,1,0,0,0,1,1,0,0,0,0,0,0,1,0,1,0,1,0,1,1,0,1,0,1,1,1,1,0,1,0
Bentazon,CC(C)N1C(=O)C2=CC=CC=C2NS1(=O)=O,0,0,0,0,0,0,0,0,0,0,0,0,0,0,0,0,0,0,0,0,0,0,0,0,0,0,0,0,0,0,0,0,0,0,1,0,0,1,0,0,0,0,0,0,0,0,0,0,0,0,0,0,0,0,0,0,1,0,0,1,0,1,1,0,0,0,0,0,1,0,1,0,0,0,1,1,1,0,1,0,0,1,1,0,0,0,0,0,0,1,1,0,0,1,0,1,0,0,1,1,0,0,1,1,0,0,1,1,0,0,0,1,0,1,0,0,0,0,1,0,0,1,1,1,0,1,0,0,1,0,0,1,0,0,0,0,1,1,1,0,0,0,0,1,1,1,1,1,0,1,1,1,1,0,0,1,0,1,0,1,1,1,1,1,1,1,1,0
Chlorpropham,CC(C)OC(=O)NC1=CC(=CC=C1)Cl,0,0,0,0,0,0,0,0,0,0,0,0,0,0,0,0,0,0,0,0,0,0,0,0,1,0,0,0,0,0,0,0,0,0,0,0,0,0,0,0,0,0,0,0,0,0,0,0,0,0,0,0,0,0,0,0,0,0,0,0,0,0,0,0,0,0,0,0,0,0,0,0,0,0,0,1,0,0,0,0,0,0,0,0,0,0,0,0,1,0,0,0,0,0,0,0,0,0,0,0,0,0,0,0,1,0,0,1,1,0,0,1,0,0,0,0,0,0,1,0,0,0,0,0,1,0,0,1,0,0,0,0,0,0,1,1,1,0,0,0,0,0,0,0,0,0,0,0,0,0,1,0,1,1,0,1,0,1,1,1,1,1,1,1,1,1,1,0
Diuron,CN(C)C(=O)NC1=CC(=C(C=C1)Cl)Cl,0,0,0,0,0,0,0,0,0,0,0,0,0,0,0,0,0,0,0,0,0,0,0,0,0,0,0,0,0,0,0,0,0,0,0,0,0,0,1,0,0,0,0,0,0,0,0,0,0,0,0,0,0,0,0,0,0,0,0,0,0,0,0,0,0,0,0,0,0,0,0,0,0,0,0,1,0,0,1,0,0,0,0,0,0,0,1,1,1,0,0,0,0,0,1,0,0,0,0,0,0,0,0,0,1,0,0,1,1,0,0,1,0,0,0,0,0,0,1,0,0,0,0,1,0,0,0,0,0,0,0,0,0,0,1,1,1,0,0,0,0,0,0,1,0,1,0,0,0,1,1,1,1,0,0,1,0,1,0,1,0,1,1,1,1,1,1,0
Endosulfan,C1C2C(COS(=O)O1)C3(C(=C(C2(C3(Cl)Cl)Cl)Cl)Cl)Cl,0,0,0,0,0,0,0,0,0,0,0,0,0,0,0,0,0,0,0,0,1,0,0,0,0,0,0,0,0,0,0,0,0,0,0,0,0,1,0,0,1,1,0,0,0,0,0,0,0,1,0,0,0,0,0,0,1,0,1,1,0,1,1,0,0,0,0,1,1,0,0,0,0,0,1,0,0,1,0,0,0,0,0,0,0,0,0,0,1,1,0,0,0,0,0,0,0,1,0,0,1,0,1,1,1,0,1,1,1,0,1,0,0,1,0,0,0,0,0,0,0,1,0,0,0,1,0,0,1,1,1,1,0,0,0,1,0,0,1,1,0,0,0,0,1,0,0,1,0,1,0,1,0,0,1,0,0,0,1,0,1,0,0,0,1,1,1,0
Methamidophos,COP(=O)(N)SC,0,0,0,0,0,0,0,0,0,0,0,0,0,0,0,0,0,0,0,0,0,0,0,0,0,0,0,0,0,0,1,0,0,0,0,0,0,0,0,0,0,0,0,0,0,0,0,0,1,0,0,0,0,0,0,0,0,0,0,0,0,0,0,0,0,0,0,0,1,0,1,0,0,0,0,0,0,0,0,0,0,0,1,0,0,1,0,0,0,1,0,0,0,0,1,1,0,0,0,0,0,0,0,1,0,0,0,1,0,0,0,0,0,1,0,0,0,0,1,0,0,0,0,0,0,1,0,1,0,0,0,1,0,0,0,0,0,0,0,0,0,0,0,0,0,0,0,0,0,1,1,0,1,0,0,0,0,1,1,0,1,1,1,0,0,1,0,0
Chlordecone,C1(=O)C2(C3(C4(C1(C5(C2(C3(C(C45Cl)(Cl)Cl)Cl)Cl)Cl)Cl)Cl)Cl)Cl,0,0,0,0,0,0,0,0,0,0,0,0,1,0,0,0,0,0,0,0,1,0,0,0,0,0,0,0,0,0,0,0,0,0,0,0,0,0,0,0,0,0,0,0,0,0,0,0,0,0,0,0,0,0,0,0,0,0,0,0,0,0,0,0,0,0,0,1,0,0,0,0,0,0,0,0,0,0,0,0,0,0,0,0,0,0,0,0,1,0,0,0,0,0,0,0,0,1,0,0,0,0,1,0,1,0,1,0,1,0,0,0,0,1,0,0,0,0,0,0,0,0,0,0,0,0,0,0,1,0,0,0,0,0,0,1,0,0,0,0,0,0,0,0,1,0,1,0,0,0,0,1,0,1,0,1,0,0,0,0,0,0,0,0,1,1,1,0
Coumaphos,CCOP(=S)(OCC)OC1=CC2=C(C=C1)C(=C(C(=O)O2)Cl)C,0,0,0,0,0,0,0,0,0,0,0,0,0,0,0,0,0,0,0,0,0,0,0,0,0,0,0,0,0,0,1,0,0,0,0,0,0,0,0,0,0,0,0,0,0,0,0,0,0,1,0,0,0,0,0,0,0,0,1,0,0,0,0,0,0,0,0,0,1,0,0,0,0,0,1,0,0,0,0,0,0,0,1,0,0,0,0,0,1,1,1,0,0,0,0,0,0,0,0,1,0,0,1,1,1,0,1,1,1,0,1,0,0,1,1,1,0,0,0,0,0,0,0,0,1,1,1,1,1,1,0,1,0,0,0,1,0,0,1,1,0,1,1,0,1,1,1,1,0,1,1,1,0,1,1,1,1,0,1,0,1,1,0,1,1,1,1,0
Arsenic Acid,O[As](=O)(O)O,0,0,0,0,1,0,0,0,0,0,0,0,0,0,0,0,0,0,0,0,0,0,0,0,0,0,0,0,0,0,0,0,0,0,0,0,0,0,0,0,0,0,0,0,1,1,0,0,0,1,0,0,0,0,0,0,0,0,0,0,0,0,0,0,0,0,0,0,0,0,1,0,0,0,0,0,0,0,0,0,0,0,0,0,0,0,0,0,0,0,0,0,0,0,0,0,0,0,0,0,0,0,0,1,0,0,0,1,0,0,0,0,0,1,0,0,0,0,0,0,0,0,0,0,0,1,0,0,0,0,0,1,1,0,0,0,0,0,0,0,1,1,0,0,0,0,0,1,0,1,0,0,0,0,0,0,0,0,0,0,1,0,0,0,0,1,0,0
"(2,4-Dichlorophenoxy)Acetic Acid",C1=CC(=C(C=C1Cl)Cl)OCC(=O)O,0,0,0,0,0,0,0,0,0,0,0,0,0,0,0,0,0,0,0,0,0,0,0,0,0,0,0,0,0,0,0,0,0,0,0,0,0,0,0,0,0,0,0,0,0,0,0,0,0,0,0,0,0,0,0,0,0,0,0,0,0,0,0,0,0,0,0,0,0,0,0,0,0,1,0,0,0,0,0,0,0,0,0,0,0,0,0,0,1,0,0,0,0,0,0,0,0,0,0,0,0,0,0,0,1,1,0,0,1,0,1,0,0,0,1,0,0,0,0,0,0,0,0,0,1,0,0,1,1,0,0,0,0,1,0,1,0,0,0,0,1,0,0,0,1,1,0,1,0,0,0,1,0,1,1,1,1,0,1,0,1,0,0,1,1,1,1,0
Acephate,CC(=O)NP(=O)(OC)SC,0,0,0,0,0,0,0,0,0,0,0,0,0,0,0,0,0,0,0,0,0,0,0,0,0,0,0,0,0,0,1,0,0,0,0,0,0,0,0,0,0,0,0,0,0,0,0,0,1,0,0,0,0,0,0,0,0,0,0,0,0,0,0,0,0,0,0,0,1,0,1,0,0,0,0,0,0,0,0,0,0,0,1,0,0,0,0,0,0,1,1,0,0,1,1,1,0,0,0,0,0,0,0,1,0,0,0,1,0,0,0,1,0,1,0,0,0,0,1,0,0,0,0,0,0,1,0,1,0,0,0,1,0,0,0,0,0,1,0,0,0,0,1,0,0,0,0,1,0,1,1,0,1,0,0,1,0,1,1,1,1,1,1,0,0,1,0,0
Alachlor,CCC1=C(C(=CC=C1)CC)N(COC)C(=O)CCl,0,0,0,0,0,0,0,0,0,0,0,0,0,0,0,0,0,0,0,0,0,0,0,0,0,0,0,0,0,1,0,0,0,0,0,0,0,0,0,0,0,0,0,0,0,0,0,0,0,0,0,0,0,0,0,0,0,0,0,0,0,0,0,0,0,0,0,0,0,0,0,0,0,0,0,0,0,0,0,0,0,0,0,0,0,0,1,1,0,0,1,0,0,1,1,0,0,0,0,0,0,1,0,0,1,0,0,0,0,0,1,1,1,0,0,1,1,0,1,0,0,0,0,1,0,0,0,1,0,1,1,0,0,1,1,1,1,0,0,1,0,0,1,0,0,1,0,0,0,1,1,1,0,0,1,1,1,1,1,1,1,1,1,1,1,1,1,0
Aldicarb [ISO],CC(C)(C=NOC(=O)NC)SC,0,0,0,0,0,0,0,0,0,0,0,0,0,0,0,0,0,0,0,0,0,0,0,0,1,1,0,0,0,0,0,0,0,0,0,0,0,0,0,0,0,0,0,0,0,0,0,0,0,0,0,0,0,0,0,0,0,0,0,0,0,0,0,0,0,0,0,1,0,0,0,0,1,0,0,1,0,0,0,1,1,0,1,0,0,0,0,0,0,1,0,0,0,0,1,1,1,0,0,0,0,0,0,1,0,0,0,1,0,0,0,1,0,1,0,0,0,0,1,0,1,0,0,0,1,1,0,1,0,0,0,0,0,0,0,0,0,0,0,0,0,0,1,1,0,0,0,0,0,0,1,0,1,0,0,1,0,1,1,1,1,1,1,0,0,1,0,0
Bendiocarb,CC1(OC2=C(O1)C(=CC=C2)OC(=O)NC)C,0,0,0,0,0,0,0,0,0,0,0,0,0,0,0,0,0,0,0,0,0,0,0,0,1,0,0,0,0,0,0,0,0,0,0,0,0,0,0,0,0,0,0,0,0,0,0,0,0,0,0,0,0,0,0,0,0,0,1,0,0,0,0,0,0,0,0,0,0,0,0,0,0,1,0,1,0,0,0,0,0,0,0,0,1,0,0,0,0,0,1,0,0,0,1,0,0,1,0,0,0,0,1,0,0,0,1,1,0,0,0,1,0,1,1,0,0,0,1,0,0,1,0,0,1,0,0,1,1,0,0,0,0,0,0,0,0,0,1,0,0,1,1,0,1,1,0,1,0,0,1,0,1,1,0,1,0,1,1,1,1,1,1,1,1,1,1,0
Carbofuran,CC1(CC2=C(O1)C(=CC=C2)OC(=O)NC)C,0,0,0,0,0,0,0,0,0,0,0,0,0,0,0,0,0,0,0,0,0,0,0,0,1,0,0,0,0,0,0,0,0,0,0,0,0,0,0,0,0,0,0,0,0,0,0,0,0,0,0,0,0,0,0,0,0,0,1,0,0,0,0,0,0,0,0,1,0,0,0,0,0,1,0,1,0,0,0,0,0,0,0,0,1,0,0,0,0,0,0,0,0,0,1,0,0,1,0,0,0,0,1,0,0,0,1,1,0,0,0,1,0,1,1,0,1,0,1,0,0,0,0,0,1,0,0,1,1,0,0,0,0,1,0,0,0,0,1,0,0,0,1,0,1,1,0,1,0,0,1,0,1,1,0,1,0,1,1,1,1,1,1,1,1,1,1,0
Chlorpyrifos,CCOP(=S)(OCC)OC1=NC(=C(C=C1Cl)Cl)Cl,0,0,0,0,0,0,0,0,0,0,0,0,0,0,0,0,0,0,0,0,0,0,0,0,0,0,0,0,0,0,1,0,0,0,0,0,0,0,0,0,0,0,0,0,0,0,0,0,0,1,0,0,0,0,0,0,0,0,0,0,0,0,0,0,0,0,1,0,1,0,0,0,0,0,1,0,0,0,0,0,0,0,1,0,0,0,0,0,1,1,0,0,0,1,0,0,0,0,1,1,0,0,0,1,1,0,0,1,1,0,1,1,0,1,1,1,0,0,1,0,0,0,1,0,0,1,0,1,1,1,0,1,0,0,0,1,0,0,1,1,0,0,0,0,1,1,0,1,0,1,1,1,0,0,1,0,1,1,1,0,1,1,1,1,1,1,1,0
"Cyclopropanecarboxylic acid, 3-(2,2-dibromoethenyl)-2,2-dimethyl-, cyano(3-phenoxyphenyl)methyl ester, (1R-(1alpha(S*),3alpha))-",CC1(C(C1C(=O)OC(C#N)C2=CC(=CC=C2)OC3=CC=CC=C3)C=C(Br)Br)C,0,0,0,0,0,0,0,0,0,0,0,0,0,0,0,0,0,0,0,0,0,0,1,1,0,0,0,0,0,0,0,0,0,0,0,0,0,0,0,0,0,0,1,0,0,0,0,1,0,0,0,0,0,0,0,0,0,0,0,0,0,0,0,0,0,0,0,1,0,0,0,0,0,0,0,1,0,1,0,0,0,0,0,0,0,0,0,0,0,0,0,0,0,0,0,0,1,0,0,0,1,0,0,0,0,0,0,0,1,0,0,0,0,1,1,0,0,0,0,0,0,0,0,0,1,0,1,1,1,0,0,0,0,0,0,1,0,0,0,0,0,0,0,0,1,0,1,1,0,0,1,1,0,1,0,1,0,0,1,0,1,1,1,1,1,1,1,0
Dicamba,COC1=C(C=CC(=C1C(=O)O)Cl)Cl,0,0,0,0,0,0,0,0,0,0,0,0,0,0,0,0,0,0,0,0,0,0,0,0,0,0,0,0,0,0,0,0,0,0,0,0,0,0,0,0,0,0,0,0,0,0,0,0,0,0,0,0,0,0,0,0,0,0,0,0,0,0,0,0,0,0,0,0,0,0,0,0,0,0,0,0,0,0,0,0,0,0,0,0,0,0,0,0,1,0,1,0,0,0,1,0,0,0,0,0,0,0,0,0,1,0,0,0,1,0,0,0,0,0,1,0,0,0,0,0,0,0,0,0,1,0,0,1,1,0,0,0,0,0,0,1,0,0,0,0,1,0,0,0,1,1,0,1,0,0,0,1,0,1,0,1,0,0,1,0,1,1,0,1,1,1,1,0
Dimethoate,CNC(=O)CSP(=S)(OC)OC,0,0,0,0,0,0,0,0,0,0,0,0,0,0,0,0,0,0,0,0,0,0,0,0,0,0,0,0,0,0,1,0,0,0,0,0,0,0,0,0,0,0,0,0,0,0,0,0,0,0,0,0,0,0,0,0,0,0,0,0,0,0,0,0,0,0,0,0,1,0,0,0,0,0,1,0,0,0,0,0,0,0,1,0,0,0,0,0,0,1,0,0,0,1,1,0,0,0,0,0,0,0,0,1,0,1,0,1,0,1,0,1,1,1,0,0,0,1,1,0,0,0,0,0,0,1,0,1,0,0,0,1,0,1,0,0,0,0,0,0,0,0,1,0,0,0,0,1,0,1,1,0,1,0,1,1,1,1,1,1,1,1,1,0,0,1,0,0
Ethion,CCOP(=S)(OCC)SCSP(=S)(OCC)OCC,0,0,0,0,0,0,0,0,0,0,0,0,0,0,0,0,0,0,0,0,0,0,0,0,0,0,0,0,0,1,1,0,0,0,0,0,0,0,0,0,0,0,0,0,0,0,0,0,0,0,0,0,0,0,0,0,0,0,0,0,0,0,0,0,0,0,0,0,1,0,0,0,0,0,1,0,0,0,0,0,0,0,1,0,0,0,0,0,0,1,0,0,0,0,0,0,0,0,0,0,0,0,0,1,0,0,0,1,0,0,1,0,0,1,0,1,0,0,0,0,0,0,0,0,0,1,0,1,0,1,0,1,0,0,0,0,0,0,0,1,0,1,1,0,0,0,0,1,0,1,1,0,0,0,1,0,1,0,1,0,1,1,0,0,0,1,0,0
Oxydemeton-methyl,CCS(=O)CCSP(=O)(OC)OC,0,0,0,0,0,0,0,0,0,0,0,0,0,0,0,0,0,0,0,0,0,0,0,0,0,0,0,0,0,0,1,0,0,0,0,0,0,0,0,0,0,0,0,0,0,0,0,0,0,1,0,0,1,0,0,0,0,0,0,0,0,1,1,0,0,0,0,0,1,0,0,0,0,0,1,0,0,0,0,0,0,0,1,0,0,0,0,1,0,1,0,0,0,0,1,0,0,0,0,0,0,0,0,1,0,0,0,1,0,1,0,0,0,1,0,1,0,1,0,1,0,0,0,0,0,1,0,1,0,0,1,1,0,1,0,0,0,1,0,1,0,1,1,0,0,0,0,1,1,1,1,0,0,0,1,0,1,0,1,0,1,1,0,0,0,1,0,0
Phorate,CCOP(=S)(OCC)SCSCC,0,0,0,0,0,0,0,0,0,0,0,0,0,0,0,0,0,0,0,0,0,0,0,0,0,0,0,0,0,1,1,0,0,0,0,0,0,0,0,0,0,0,0,0,0,0,0,0,0,0,0,0,0,0,0,0,0,0,0,0,0,0,0,0,0,0,0,0,1,0,0,0,0,0,1,0,0,0,0,0,0,0,1,0,0,0,0,1,0,1,0,0,0,0,0,0,0,0,0,0,0,0,0,1,0,0,0,1,0,0,1,0,0,1,0,1,0,1,0,0,0,0,0,0,0,1,0,1,0,1,0,1,0,0,0,0,0,0,0,1,0,0,1,0,0,0,0,0,0,1,1,0,0,0,1,0,1,0,1,0,1,1,0,0,0,1,0,0
"P,P'-ddd",C1=CC(=CC=C1C(C2=CC=C(C=C2)Cl)C(Cl)Cl)Cl,0,0,0,0,0,0,0,0,0,0,0,0,0,0,0,0,0,0,0,0,0,0,0,0,0,0,0,0,0,0,0,0,0,0,0,0,0,0,0,0,0,0,0,0,0,0,0,0,0,0,0,0,0,0,0,0,0,0,0,0,0,0,0,0,0,0,0,0,0,0,0,0,0,0,0,0,0,0,0,0,0,0,0,0,0,0,0,0,1,0,0,0,0,0,0,0,0,0,0,0,0,0,0,0,1,0,0,0,1,0,0,0,0,0,0,0,0,0,0,0,0,0,0,0,0,0,1,0,0,0,0,0,0,0,0,1,0,0,0,0,0,0,0,0,0,0,1,0,0,0,0,0,0,0,0,0,0,0,0,0,0,0,0,1,1,0,1,0
Rotenone,CC(=C)[C@H]1CC2=C(O1)C=CC3=C2O[C@@H]4COC5=CC(=C(C=C5[C@@H]4C3=O)OC)OC,0,0,0,0,0,0,0,0,0,0,0,0,0,0,0,0,0,0,0,0,0,0,0,0,0,0,0,0,0,0,0,0,0,0,0,1,0,0,0,0,0,0,0,0,0,0,0,0,0,0,0,1,0,0,0,0,0,0,1,0,0,0,0,0,0,0,0,0,0,0,0,0,0,1,0,0,0,1,0,0,0,0,0,0,1,0,0,0,0,0,1,0,0,0,1,0,0,1,0,1,1,0,1,0,0,0,1,0,0,0,1,0,0,0,1,0,0,1,0,0,0,1,0,0,0,0,1,1,1,0,0,0,0,1,0,0,0,0,1,0,0,1,1,0,1,1,1,1,0,0,1,1,0,1,1,1,0,0,1,0,1,1,0,1,1,1,1,0
Diquat Dibromide,C1C[N+]2=CC=CC=C2C3=CC=CC=[N+]31.[Br-].[Br-],0,0,0,0,0,0,0,0,0,0,0,0,0,0,0,0,0,0,0,0,0,0,0,0,0,0,0,0,0,0,0,0,0,0,0,0,0,0,0,0,0,0,0,0,0,0,0,1,0,0,1,0,0,0,0,0,0,0,0,0,0,0,0,0,0,0,1,0,0,0,0,0,0,0,0,0,0,0,0,0,1,0,0,0,0,0,1,0,0,0,0,0,0,0,0,0,0,0,0,1,0,1,1,0,0,0,1,0,0,0,0,0,1,0,0,0,0,0,0,1,0,1,1,1,0,0,1,0,0,0,0,0,0,0,0,1,0,0,1,1,0,0,0,1,0,1,1,0,1,1,0,0,0,0,1,0,0,1,0,1,0,0,1,1,1,0,1,1
"3-Chloro-1,2-propanediol",C(C(CCl)O)O,0,0,0,0,0,0,0,0,0,0,0,0,0,0,0,0,0,0,0,0,0,0,0,0,0,0,0,0,0,0,0,0,0,0,0,0,0,0,0,0,0,0,0,0,0,0,0,0,0,0,0,0,0,0,0,1,0,0,0,0,0,0,0,0,0,0,0,0,0,0,0,0,0,1,0,0,0,0,0,0,0,0,0,1,0,0,0,0,0,0,0,1,0,0,0,0,0,0,0,0,0,0,0,0,1,1,0,0,0,0,1,0,0,0,0,0,0,0,0,0,0,0,0,0,0,0,0,0,0,0,0,0,1,1,0,1,0,0,0,1,1,0,0,0,0,0,0,0,0,0,0,0,0,1,1,0,1,0,1,0,1,0,0,0,0,1,0,0
Propargyl bromide,C#CCBr,0,0,0,0,0,0,0,0,0,0,0,0,0,0,0,0,0,0,1,0,0,0,0,0,0,0,0,0,0,0,0,0,0,0,0,0,0,0,0,0,0,0,0,0,0,0,0,1,0,0,0,0,0,0,0,0,0,0,0,0,0,0,0,0,0,0,0,0,0,0,0,0,0,0,0,0,0,0,0,0,0,0,0,0,0,0,0,0,0,0,0,0,0,0,0,0,0,0,0,0,0,0,0,0,0,0,0,0,0,0,0,0,0,0,0,0,0,0,0,0,0,0,0,0,0,0,0,0,0,0,0,0,0,0,0,1,0,0,0,0,0,0,0,0,0,0,0,0,0,0,0,0,0,0,1,0,1,0,0,0,0,0,0,0,0,0,0,0
Ethylmercury Chloride,CC[Hg]Cl,0,0,0,0,0,0,0,0,0,0,0,0,0,1,0,0,0,0,0,0,0,0,0,0,0,0,0,0,0,0,0,0,1,0,0,0,0,0,0,0,0,0,0,0,0,1,0,0,0,0,0,0,0,0,0,0,0,0,0,0,0,0,0,0,0,0,0,0,0,0,0,0,0,0,0,0,0,0,0,0,0,0,0,0,0,0,0,0,0,0,0,0,0,0,0,0,0,0,0,0,0,0,0,0,1,0,0,0,0,0,0,0,0,0,0,1,0,0,0,0,0,0,0,0,0,1,0,0,0,0,0,0,0,0,0,1,0,0,0,0,0,0,0,0,0,0,0,0,0,0,0,0,0,0,1,0,1,0,0,0,0,1,0,0,0,0,0,0
"N,N-diethyl-m-toluamide",CCN(CC)C(=O)C1=CC=CC(=C1)C,0,0,0,0,0,0,0,0,0,0,0,0,0,0,0,0,0,0,0,0,0,0,0,0,0,0,0,0,0,0,0,0,0,0,0,0,0,0,0,0,0,0,0,0,0,0,0,0,0,0,0,0,0,0,0,0,0,0,0,0,0,0,0,0,0,0,0,0,0,0,0,0,0,0,0,0,0,0,0,0,0,0,0,0,0,0,1,1,0,0,0,0,0,1,0,0,0,0,0,0,0,1,0,0,0,0,0,0,0,0,0,1,0,0,0,1,0,1,1,0,0,0,0,1,0,0,0,0,0,0,0,0,0,0,0,0,0,0,0,1,0,0,1,0,0,0,0,0,0,1,1,0,0,0,1,1,1,1,0,1,0,1,1,1,1,1,1,0
(4-chloro-2-Methylphenoxy)acetic acid,CC1=C(C=CC(=C1)Cl)OCC(=O)O,0,0,0,0,0,0,0,0,0,0,0,0,0,0,0,0,0,0,0,0,0,0,0,0,0,0,0,0,0,0,0,0,0,0,0,0,0,0,0,0,0,0,0,0,0,0,0,0,0,0,0,0,0,0,0,0,0,0,0,0,0,0,0,0,0,0,0,0,0,0,0,0,0,1,0,0,0,0,0,0,0,0,0,0,0,0,0,0,1,0,0,0,0,0,0,0,0,0,0,0,0,0,0,0,1,1,0,0,1,1,1,0,0,0,1,0,0,0,0,0,0,0,0,0,1,0,0,1,1,0,0,0,0,1,0,1,0,0,0,0,1,0,0,0,1,1,0,1,0,0,0,1,0,1,1,1,1,0,1,0,1,1,0,1,1,1,1,0
"1,2-Dibromo-3-Chloropropane",C(C(CBr)Br)Cl,0,0,0,0,0,0,0,0,0,0,0,0,0,0,0,0,0,0,0,0,0,0,0,0,0,0,0,0,0,0,0,0,0,0,0,0,0,0,0,0,0,0,0,0,0,0,0,1,0,0,0,0,0,0,0,0,0,0,0,0,0,0,0,0,0,0,0,0,0,0,0,0,0,0,0,0,0,0,0,0,0,0,0,0,0,0,0,0,0,0,0,0,0,0,0,0,0,0,0,0,0,0,0,0,1,0,0,0,1,0,0,0,0,0,0,0,0,0,0,0,0,0,0,0,0,0,0,0,0,0,0,0,0,0,0,1,0,0,0,1,0,0,0,0,0,0,0,0,0,0,0,0,0,0,1,0,1,0,0,0,0,0,0,0,0,0,0,0
Boric Acid,B(O)(O)O,0,0,0,0,0,0,0,0,0,0,0,0,0,0,0,0,0,0,0,1,0,0,0,0,0,0,0,0,0,0,0,0,0,0,0,0,0,0,0,0,0,0,0,0,1,1,0,0,0,1,0,0,0,0,0,0,0,0,0,0,0,0,0,0,0,0,0,0,0,0,1,0,0,0,0,0,0,0,0,0,0,0,0,0,0,0,0,0,0,0,0,0,0,0,0,0,0,0,0,0,0,0,0,1,0,0,0,1,0,0,0,0,0,0,0,0,0,0,0,0,0,0,0,0,0,1,0,0,0,0,0,1,1,0,0,0,0,0,0,0,1,0,0,0,0,0,0,1,0,1,0,0,0,0,0,0,0,0,0,0,1,0,0,0,0,1,0,0
Propachlor,CC(C)N(C1=CC=CC=C1)C(=O)CCl,0,0,0,0,0,0,0,0,0,0,0,0,0,0,0,0,0,0,0,0,0,0,0,0,0,0,0,0,0,0,0,0,0,0,0,0,0,0,0,0,0,0,0,0,0,0,0,0,0,0,0,0,0,0,0,0,0,0,0,0,0,0,0,0,0,0,0,0,0,0,0,0,0,0,0,1,0,0,0,0,0,0,0,0,0,0,1,0,0,0,0,0,0,1,0,0,0,0,0,0,0,0,0,0,1,0,0,0,0,1,0,1,1,0,0,0,0,0,1,0,0,0,0,1,0,0,0,0,0,0,0,0,0,1,1,1,1,0,0,0,0,0,0,0,0,0,0,0,0,1,1,0,0,0,1,1,1,1,0,1,0,1,1,1,1,1,1,0
Thiram,CN(C)C(=S)SSC(=S)N(C)C,0,0,0,0,0,0,0,0,0,0,0,0,0,0,0,1,0,0,0,0,0,0,0,0,0,0,0,0,0,0,0,0,0,0,0,0,0,0,0,0,0,0,0,0,0,0,0,0,1,0,0,0,0,0,0,0,0,0,0,0,0,0,0,0,0,0,0,0,1,0,0,0,0,0,1,1,0,0,0,0,0,0,1,0,0,0,1,1,0,1,0,0,0,0,1,0,0,0,0,0,0,0,0,0,0,0,0,1,0,0,0,0,0,0,0,0,0,0,0,0,0,0,0,1,0,1,0,0,0,0,0,0,0,0,0,0,0,0,0,0,0,0,1,1,0,0,0,0,0,1,1,0,0,0,0,0,0,1,0,1,0,1,1,0,0,0,0,0
Triallate,CC(C)N(C(C)C)C(=O)SCC(=C(Cl)Cl)Cl,0,0,0,0,0,0,0,0,0,0,0,0,0,0,0,0,0,0,0,0,0,0,1,0,0,0,0,0,0,0,0,0,0,0,0,0,0,0,0,0,0,0,0,0,0,0,0,0,1,0,0,0,0,0,0,0,0,0,0,0,0,0,0,0,0,0,0,0,0,0,0,0,0,0,0,1,0,1,0,0,0,0,1,0,0,0,1,0,0,1,0,0,0,0,0,0,0,0,0,0,1,0,0,0,1,0,0,1,1,0,0,1,0,0,0,0,0,0,1,0,0,0,0,1,0,0,0,0,0,0,0,0,0,0,0,1,0,0,0,0,0,0,1,0,0,0,0,0,0,1,1,0,0,0,1,1,1,1,0,1,0,1,1,0,0,1,0,0
Famphur,CN(C)S(=O)(=O)C1=CC=C(C=C1)OP(=S)(OC)OC,0,0,0,0,0,0,0,0,0,0,0,0,0,0,0,0,0,0,0,0,0,0,0,0,0,0,0,0,0,0,1,0,0,1,1,0,0,0,0,0,0,0,0,0,0,0,0,0,0,1,0,0,1,0,0,0,1,0,0,1,1,1,1,0,0,1,0,0,1,0,0,0,0,0,1,1,0,0,0,0,0,0,1,0,0,0,0,1,0,1,0,0,0,0,1,1,0,0,0,0,0,0,0,1,0,0,0,1,0,0,0,0,0,1,1,0,0,0,1,0,0,0,0,1,0,1,0,1,1,0,0,1,0,0,0,0,0,1,0,0,0,1,1,0,1,0,0,1,0,1,1,0,0,1,0,0,0,1,1,1,1,1,1,1,1,1,1,0
Sulfamic Acid,NS(=O)(=O)O,0,0,0,0,0,0,0,0,0,0,0,0,0,0,0,0,0,0,0,0,0,0,0,0,0,0,0,0,0,0,0,0,0,0,1,0,0,0,0,0,1,1,0,0,1,0,0,0,0,1,0,0,0,0,0,0,1,0,0,1,0,1,1,0,0,0,0,0,1,0,1,0,0,0,1,0,0,0,0,0,0,0,0,0,0,1,0,0,0,1,0,0,0,0,0,1,0,0,0,0,0,0,0,1,0,0,0,1,0,0,0,0,0,1,0,0,0,0,1,0,0,0,0,0,0,1,0,0,0,0,0,1,1,0,0,0,0,1,0,0,1,0,0,0,0,0,0,1,0,1,0,0,1,0,0,0,0,1,0,0,1,0,1,0,0,1,0,0
Biphenyl,C1=CC=C(C=C1)C2=CC=CC=C2,0,0,0,0,0,0,0,0,0,0,0,0,0,0,0,0,0,0,0,0,0,0,0,0,0,0,0,0,0,0,0,0,0,0,0,0,0,0,0,0,0,0,0,0,0,0,0,0,0,0,0,0,0,0,0,0,0,0,0,0,0,0,0,1,0,0,0,0,0,0,0,0,0,0,0,0,0,0,0,0,0,0,0,0,0,0,0,0,0,0,0,0,0,0,0,0,0,0,0,0,0,0,0,0,0,0,0,0,0,0,0,0,0,0,0,0,0,0,0,0,0,0,0,0,0,0,1,0,0,0,0,0,0,0,0,0,0,0,0,0,0,0,0,0,0,0,1,0,0,0,0,0,0,0,0,0,0,0,0,0,0,0,0,1,1,0,1,0
"Butanoic acid, 4-(4-chloro-2-methylphenoxy)-",CC1=C(C=CC(=C1)Cl)OCCCC(=O)O,0,0,0,0,0,0,0,0,0,0,0,0,0,0,0,0,0,0,0,0,0,0,0,0,0,0,0,0,0,0,0,0,0,0,0,0,0,0,0,0,0,0,0,0,0,0,0,0,0,0,0,0,0,0,0,0,0,0,0,0,0,0,0,0,0,0,0,0,0,0,0,0,0,0,0,0,0,0,0,0,0,0,0,0,0,0,0,0,1,0,0,1,1,0,0,0,0,0,0,0,0,0,0,0,1,1,0,0,1,1,1,0,0,0,1,0,0,0,0,1,0,0,0,0,1,0,0,1,1,0,0,0,0,1,0,1,0,0,0,0,1,0,0,0,1,1,0,1,1,0,0,1,0,1,1,1,1,0,1,0,1,1,0,1,1,1,1,0
"1,2-Dichlorobenzene",C1=CC=C(C(=C1)Cl)Cl,0,0,0,0,0,0,0,0,0,0,0,0,0,0,0,0,0,0,0,0,0,0,0,0,0,0,0,0,0,0,0,0,0,0,0,0,0,0,0,0,0,0,0,0,0,0,0,0,0,0,0,0,0,0,0,0,0,0,0,0,0,0,0,0,0,0,0,0,0,0,0,0,0,0,0,0,0,0,0,0,0,0,0,0,0,0,0,0,1,0,0,0,0,0,0,0,0,0,0,0,0,0,0,0,1,0,0,0,1,0,0,0,0,0,0,0,0,0,0,0,0,0,0,0,0,0,0,0,0,0,0,0,0,0,0,1,0,0,0,0,0,0,0,0,0,1,0,0,0,0,0,1,0,0,0,0,0,0,0,0,0,0,0,1,1,0,1,0
Phenylmercuric Chloride,C1=CC=C(C=C1)[Hg]Cl,0,0,0,0,0,0,0,0,0,0,0,0,0,1,0,0,0,0,0,0,0,0,0,0,0,0,0,0,0,0,0,0,1,0,0,0,0,0,0,0,0,0,0,0,0,1,0,0,0,0,0,0,0,0,0,0,0,0,0,0,0,0,0,0,0,0,0,0,0,0,0,0,0,0,0,0,0,0,0,0,0,0,0,0,0,0,0,0,0,0,0,0,0,0,0,0,0,0,0,0,0,0,0,0,1,0,0,0,0,0,0,0,0,0,0,0,0,0,0,0,0,0,0,0,0,1,0,0,0,0,0,0,0,0,0,1,0,0,0,0,0,0,0,0,0,0,0,0,0,0,0,0,0,0,0,0,0,0,0,0,0,0,0,1,1,0,1,0
"Mercurate(2-), (orthoborato(3-)-O)phenyl-, dihydrogen",B(O)(O)[O-].C1=CC=C(C=C1)[Hg+],0,0,0,0,0,0,0,0,0,0,0,0,0,1,0,0,0,0,0,1,0,0,0,0,0,0,0,0,0,0,0,0,0,0,0,0,0,0,0,0,0,0,0,0,1,1,0,0,0,1,1,0,0,0,0,0,0,0,0,0,0,0,0,0,0,0,0,0,0,0,1,0,0,0,0,0,0,0,0,0,0,0,0,0,0,0,0,0,0,0,0,0,0,0,0,0,0,0,0,0,0,0,0,1,0,0,0,1,0,0,0,0,0,0,0,0,0,0,0,0,0,0,0,0,0,1,0,0,0,0,0,1,1,0,0,0,0,0,0,0,1,0,0,0,0,0,0,1,0,1,0,0,0,0,0,0,0,0,0,0,1,0,0,1,1,1,1,1
Chloranil,C1(=C(C(=O)C(=C(C1=O)Cl)Cl)Cl)Cl,0,0,0,0,0,0,0,0,0,0,0,0,0,0,0,0,0,0,0,0,0,0,0,0,0,0,0,0,0,0,0,0,0,0,0,0,0,0,0,0,0,0,0,0,0,0,0,0,0,0,0,0,0,0,0,0,0,0,0,0,0,0,0,0,0,0,0,0,0,0,0,0,0,0,0,0,0,1,0,0,0,0,0,0,0,0,0,0,1,0,0,0,0,0,0,0,0,0,0,0,1,0,0,0,1,0,0,0,1,0,0,0,0,0,0,0,0,0,0,0,0,0,0,0,0,0,0,0,1,0,0,0,0,0,0,1,0,1,0,0,0,0,0,0,1,0,0,0,0,0,0,1,0,1,0,1,0,0,0,0,1,0,0,0,1,1,1,0
"1,4-Dichlorobenzene",C1=CC(=CC=C1Cl)Cl,0,0,0,0,0,0,0,0,0,0,0,0,0,0,0,0,0,0,0,0,0,0,0,0,0,0,0,0,0,0,0,0,0,0,0,0,0,0,0,0,0,0,0,0,0,0,0,0,0,0,0,0,0,0,0,0,0,0,0,0,0,0,0,0,0,0,0,0,0,0,0,0,0,0,0,0,0,0,0,0,0,0,0,0,0,0,0,0,1,0,0,0,0,0,0,0,0,0,0,0,0,0,0,0,1,0,0,0,1,0,0,0,0,0,0,0,0,0,0,0,0,0,0,0,0,0,0,0,0,0,0,0,0,0,0,1,0,0,0,0,0,0,0,0,0,0,0,0,0,0,0,0,0,0,0,0,0,0,0,0,0,0,0,1,1,0,1,0
Phosalone,CCOP(=S)(OCC)SCN1C2=C(C=C(C=C2)Cl)OC1=O,0,0,0,0,0,0,0,0,0,0,0,0,0,0,0,0,0,0,0,0,0,0,0,0,1,0,0,0,0,1,1,0,0,0,0,0,0,0,0,0,0,0,0,0,0,0,0,0,1,0,0,0,0,0,0,0,0,0,1,0,0,0,0,0,0,0,1,0,1,0,0,0,0,0,1,0,1,0,0,0,0,0,1,0,1,0,1,0,1,1,0,0,0,0,0,0,1,1,1,0,0,1,1,1,1,0,1,1,1,0,1,1,0,1,1,1,0,0,1,0,0,1,1,1,1,1,1,1,1,1,0,1,0,0,0,1,0,0,1,1,0,1,0,0,1,1,0,1,0,1,1,1,0,1,1,1,1,1,1,1,1,1,1,1,1,1,1,0
Prometryn,CC(C)NC1=NC(=NC(=N1)SC)NC(C)C,0,0,0,0,0,0,0,0,0,0,0,0,0,0,0,0,0,0,0,0,0,0,0,0,0,0,1,0,0,0,0,0,0,0,0,0,0,0,0,0,0,0,0,0,0,0,0,0,1,0,0,0,0,0,1,0,0,0,0,0,1,0,0,0,0,1,1,0,0,0,0,0,0,0,0,1,0,0,1,0,0,1,1,0,0,0,0,0,0,1,0,0,0,0,1,0,0,0,0,1,0,0,0,0,0,0,0,1,0,0,0,0,0,0,0,0,0,0,0,0,0,1,1,0,0,0,0,0,0,0,0,0,1,0,1,0,1,0,1,0,0,0,1,1,0,0,0,0,0,0,1,0,1,0,0,0,0,1,0,1,0,1,1,1,1,0,1,0
Propanil,CCC(=O)NC1=CC(=C(C=C1)Cl)Cl,0,0,0,0,0,0,0,0,0,0,0,0,0,0,0,0,0,0,0,0,0,0,0,0,0,0,0,0,0,0,0,0,0,0,0,0,0,0,0,0,0,0,0,0,0,0,0,0,0,0,0,0,0,0,0,0,0,0,0,0,0,0,0,0,0,0,0,0,0,0,0,0,0,0,0,0,0,0,0,0,0,0,0,0,0,0,0,0,1,0,0,0,0,1,0,0,0,0,0,0,0,0,0,0,1,1,0,0,1,0,0,1,1,0,0,1,0,0,1,0,0,0,0,0,0,0,0,0,0,0,0,0,0,1,1,1,1,0,0,0,0,0,0,0,0,1,0,0,0,0,0,1,1,0,0,1,1,1,0,1,0,1,1,1,1,1,1,0
Propazine,CC(C)NC1=NC(=NC(=N1)Cl)NC(C)C,0,0,0,0,0,0,0,0,0,0,0,0,0,0,0,0,0,0,0,0,0,0,0,0,0,0,1,0,0,0,0,0,0,0,0,0,0,0,0,0,0,0,0,0,0,0,0,0,0,0,0,0,0,0,1,0,0,0,0,0,0,0,0,0,0,0,1,0,0,0,0,0,0,0,0,1,0,0,1,0,0,1,0,0,0,0,0,0,1,0,0,0,0,0,0,0,0,0,0,1,0,0,0,0,1,0,0,1,1,0,0,0,0,0,0,0,0,0,0,0,0,1,1,0,0,0,0,0,0,0,0,0,1,0,1,1,1,0,1,0,0,0,1,1,0,0,0,0,0,0,1,0,1,0,0,0,0,1,0,1,0,1,1,1,1,0,1,0
Resmethrin,CC(=CC1C(C1(C)C)C(=O)OCC2=COC(=C2)CC3=CC=CC=C3)C,0,0,0,0,0,0,0,0,0,0,0,0,0,0,0,0,0,0,0,0,0,0,0,1,0,0,0,0,0,0,0,0,0,0,0,0,0,0,0,0,0,0,0,0,0,0,0,0,0,0,0,1,0,0,0,0,0,0,1,0,0,0,0,0,0,0,0,1,0,0,0,0,0,0,0,1,0,1,0,0,0,0,0,0,1,0,0,0,0,0,1,0,0,0,0,0,0,1,0,0,1,0,0,0,0,0,0,0,0,0,1,0,0,1,0,0,0,0,0,0,0,0,0,0,1,0,1,1,0,1,0,0,0,1,0,0,0,0,1,0,0,0,1,0,0,0,0,1,0,0,1,1,0,1,1,1,1,0,1,0,1,1,0,1,1,1,1,0
Fluoroacetic acid,C(C(=O)O)F,0,0,0,0,0,0,0,0,0,0,0,0,0,0,0,0,0,0,0,0,0,0,0,0,0,0,0,0,0,0,0,0,0,0,0,0,0,0,0,0,0,0,0,1,0,0,0,0,0,0,0,0,0,0,0,0,0,0,0,0,0,0,0,0,0,0,0,0,0,0,0,0,0,0,0,0,0,0,0,0,0,0,0,0,0,0,0,0,0,0,0,0,0,0,0,0,0,0,0,0,0,0,0,0,0,1,0,0,0,0,0,0,0,0,0,0,0,0,0,0,0,0,0,0,1,0,0,0,0,0,0,0,0,1,0,1,0,0,0,0,1,0,0,0,0,0,0,0,0,0,0,0,0,0,1,1,1,0,1,0,1,0,0,0,0,1,0,0
Trifluralin,CCCN(CCC)C1=C(C=C(C=C1[N+](=O)[O-])C(F)(F)F)[N+](=O)[O-],0,0,0,0,0,0,0,0,0,0,0,0,0,0,0,0,0,0,0,0,0,0,0,0,0,1,0,0,0,0,0,0,0,0,0,0,0,0,0,0,0,0,0,1,0,0,0,0,0,0,1,0,0,0,0,0,0,1,0,0,0,0,0,0,1,0,0,0,0,0,0,1,1,0,0,0,0,0,0,0,1,1,0,0,0,0,1,1,0,0,0,0,0,0,0,1,0,0,1,0,0,1,0,1,0,0,0,1,1,1,0,0,1,1,0,1,1,0,0,1,1,0,0,1,0,1,0,0,0,1,1,1,0,0,1,1,1,1,0,1,0,1,0,1,0,1,0,1,1,1,1,1,0,0,1,0,1,1,0,1,1,1,1,1,1,1,1,0
Carbaryl,CNC(=O)OC1=CC=CC2=CC=CC=C21,0,0,0,0,0,0,0,0,0,0,0,0,0,0,0,0,0,0,0,0,0,0,0,0,1,0,0,0,0,0,0,0,0,0,0,0,0,0,0,0,0,0,0,0,0,0,0,0,0,0,0,0,0,0,0,0,0,0,0,0,0,0,0,0,0,0,0,0,0,0,0,0,0,0,0,0,0,0,0,0,0,0,0,0,0,0,0,0,0,0,0,0,0,0,1,0,0,0,0,0,0,0,1,0,0,0,1,1,0,0,0,1,0,0,1,0,0,0,1,0,0,0,0,0,1,0,1,1,1,0,0,0,0,0,0,0,0,0,0,0,0,0,0,0,1,0,1,0,0,0,0,0,1,1,0,1,0,1,1,1,1,1,1,1,1,1,1,0
Linalool,CC(=CCCC(C)(C=C)O)C,0,0,0,0,0,0,0,0,0,0,0,0,0,0,0,0,0,0,0,0,0,0,0,0,0,0,0,0,0,0,0,0,0,0,0,1,0,0,0,0,0,0,0,0,0,0,0,0,0,0,0,1,0,0,0,0,0,0,0,0,0,0,0,0,0,0,0,1,0,0,0,0,0,0,0,1,0,1,0,0,0,0,0,0,0,0,0,0,0,0,0,1,0,0,0,0,0,0,0,0,1,0,0,0,0,1,0,0,0,1,0,0,0,1,0,0,1,1,0,1,0,0,0,0,0,0,0,0,0,0,0,0,0,1,0,0,0,0,0,0,1,0,1,0,0,0,0,0,1,0,1,0,0,1,0,0,1,0,1,0,0,1,0,0,0,1,0,0
Mecoprop,CC1=C(C=CC(=C1)Cl)OC(C)C(=O)O,0,0,0,0,0,0,0,0,0,0,0,0,0,0,0,0,0,0,0,0,0,0,0,0,0,0,0,0,0,0,0,0,0,0,0,0,0,0,0,0,0,0,0,0,0,0,0,0,0,0,0,0,0,0,0,0,0,0,0,0,0,0,0,0,0,0,0,0,0,0,0,0,0,1,0,0,0,0,0,0,0,0,0,0,0,0,0,0,1,0,0,0,0,0,0,0,0,0,0,0,0,0,0,0,1,0,0,0,1,0,0,0,0,0,1,0,0,0,0,0,0,0,0,0,1,0,0,1,1,0,0,0,0,0,0,1,0,0,0,0,1,0,0,0,1,1,0,1,0,0,1,1,0,1,0,1,0,0,1,0,1,1,0,1,1,1,1,0
Cythioate,COP(=S)(OC)OC1=CC=C(C=C1)S(=O)(=O)N,0,0,0,0,0,0,0,0,0,0,0,0,0,0,0,0,0,0,0,0,0,0,0,0,0,0,0,0,0,0,1,0,0,1,1,0,0,0,0,0,0,0,0,0,0,0,0,0,0,1,0,0,1,0,0,0,1,0,0,1,1,1,1,0,0,1,0,0,1,0,1,0,0,0,1,0,0,0,0,0,0,0,1,0,0,1,0,0,0,1,0,0,0,0,1,1,0,0,0,0,0,0,0,1,0,0,0,1,0,0,0,0,0,1,1,0,0,0,1,0,0,0,0,0,0,1,0,1,1,0,0,1,0,0,0,0,0,1,0,0,0,1,0,0,1,0,0,1,0,1,1,0,1,1,0,0,0,1,1,0,1,1,1,1,1,1,1,0
Hexachlorobenzene,C1(=C(C(=C(C(=C1Cl)Cl)Cl)Cl)Cl)Cl,0,0,0,0,0,0,0,0,0,0,0,0,0,0,0,0,0,0,0,0,0,0,0,0,0,0,0,0,0,0,0,0,0,0,0,0,0,0,0,0,0,0,0,0,0,0,0,0,0,0,0,0,0,0,0,0,0,0,0,0,0,0,0,0,0,0,0,0,0,0,0,0,0,0,0,0,0,0,0,0,0,0,0,0,0,0,0,0,1,0,0,0,0,0,0,0,0,0,0,0,0,0,0,0,1,0,0,0,1,0,0,0,0,0,0,0,0,0,0,0,0,0,0,0,0,0,0,0,0,0,0,0,0,0,0,1,0,0,0,0,0,0,0,0,0,1,0,0,0,0,0,1,0,0,0,0,0,0,0,0,0,0,0,1,1,0,1,0
Sulfoxide,CCCCCCCCS(=O)C(C)CC1=CC2=C(C=C1)OCO2,0,0,0,0,0,0,0,0,0,0,0,0,0,0,0,0,0,0,0,0,0,0,0,0,0,0,0,0,0,1,0,0,0,0,0,0,0,0,0,0,0,0,0,0,0,0,0,0,0,0,0,0,1,0,0,0,0,0,1,0,0,1,1,0,0,0,0,0,1,0,0,0,0,1,1,0,0,0,0,0,0,0,1,0,1,0,0,0,0,1,0,0,0,0,0,0,0,1,0,0,0,0,1,1,0,0,1,0,0,1,1,0,0,0,1,1,1,1,0,1,0,1,0,0,1,1,0,0,0,1,1,0,0,1,0,0,0,0,1,1,0,0,0,0,0,1,0,1,1,1,1,0,0,1,1,0,1,0,1,0,1,1,0,1,1,1,1,0
Dimethyl Phthalate,COC(=O)C1=CC=CC=C1C(=O)OC,0,0,0,0,0,0,0,0,0,0,0,0,0,0,0,0,0,0,0,0,0,0,0,0,0,0,0,0,0,0,0,0,0,0,0,0,0,0,0,0,0,0,0,0,0,0,0,0,0,0,0,0,0,0,0,0,0,0,0,0,0,0,0,0,0,0,0,0,0,0,0,0,0,0,0,0,0,0,0,0,0,0,0,0,0,0,0,0,0,0,0,0,0,0,1,0,0,0,0,0,0,0,0,0,0,0,0,0,0,0,0,0,0,0,0,0,0,0,0,0,0,0,0,0,1,0,0,1,0,0,0,0,0,0,0,0,0,1,0,0,0,1,0,0,0,1,0,1,0,0,1,1,0,0,0,1,0,0,1,0,1,1,0,1,1,1,1,0
Naptalam,C1=CC=C2C(=C1)C=CC=C2NC(=O)C3=CC=CC=C3C(=O)O,0,0,0,0,0,0,0,0,0,0,0,0,0,0,0,0,0,0,0,0,0,0,0,0,0,0,0,0,0,0,0,0,0,0,0,0,0,0,0,0,0,0,0,0,0,0,0,0,0,0,0,0,0,0,0,0,0,0,0,0,0,0,0,0,0,0,0,0,0,0,0,0,0,0,0,0,0,0,0,0,0,0,0,0,0,0,0,0,0,0,0,0,0,1,0,0,0,0,0,0,0,0,1,0,0,0,1,0,0,0,0,1,0,0,0,0,0,0,1,0,0,0,0,0,1,0,1,0,0,0,0,0,1,0,1,0,1,1,0,0,1,0,0,0,0,1,1,1,0,0,0,1,1,0,0,1,0,1,1,1,1,0,1,1,1,1,1,0
Captan,C1C=CCC2C1C(=O)N(C2=O)SC(Cl)(Cl)Cl,0,0,0,0,0,0,0,0,0,0,0,0,0,0,0,0,0,0,0,0,0,0,0,0,0,0,0,0,0,0,0,0,0,1,1,0,0,0,0,0,0,0,0,0,0,0,0,0,0,0,0,0,0,0,0,0,0,0,0,0,0,0,0,0,0,1,0,0,1,0,0,0,0,0,0,0,1,0,0,0,0,0,1,0,1,0,0,0,0,1,1,0,0,1,0,1,0,1,0,0,1,0,1,0,1,0,1,1,1,0,0,1,0,1,0,0,0,0,1,0,0,0,1,1,0,1,0,0,1,0,1,0,0,0,0,1,0,1,1,0,0,0,0,0,1,0,0,0,0,1,0,1,0,0,0,1,0,1,0,1,1,0,1,0,1,1,1,0
Ziram,CN(C)C(=S)[S-].CN(C)C(=S)[S-].[Zn+2],0,0,0,0,0,0,0,0,0,0,0,0,0,1,0,0,0,0,0,0,0,0,0,0,0,0,0,0,0,0,0,0,0,0,0,0,0,0,0,0,0,0,0,0,0,1,0,0,1,0,1,0,0,0,0,0,0,0,0,0,0,0,0,0,0,0,0,0,0,0,0,0,0,0,1,1,0,0,0,0,0,0,1,0,0,0,1,1,0,1,0,0,0,0,1,0,0,0,0,0,0,0,0,0,0,0,0,1,0,0,0,0,0,0,0,0,0,0,0,0,0,0,0,1,0,0,0,0,0,0,0,0,0,0,0,0,0,0,0,0,0,0,1,1,0,0,0,0,0,1,1,0,0,0,0,0,0,1,0,1,0,1,1,0,0,0,0,1
Linuron,CN(C(=O)NC1=CC(=C(C=C1)Cl)Cl)OC,0,0,0,0,0,0,0,0,0,0,0,0,0,0,1,0,0,0,0,0,0,0,0,0,0,1,0,0,0,0,0,0,0,0,0,0,0,0,1,0,0,0,0,0,0,0,0,0,0,0,0,0,0,0,0,0,0,0,0,0,0,0,0,0,0,0,0,0,0,0,0,0,1,1,0,0,0,0,1,0,0,0,0,0,0,0,0,0,1,0,0,0,0,0,1,1,1,0,0,0,0,0,0,1,1,0,0,1,1,0,0,1,0,0,0,0,0,0,1,0,0,0,0,1,0,1,0,1,0,0,0,0,0,0,1,1,1,0,0,0,0,0,0,1,0,1,0,0,0,1,1,1,1,0,0,1,0,1,1,1,1,1,1,1,1,1,1,0
N-(ethylmercury)-p-toluenesulphonanilide,CC[Hg]N(C1=CC=CC=C1)S(=O)(=O)C2=CC=C(C=C2)C,0,0,0,0,0,0,0,0,0,0,0,0,0,1,0,0,0,0,0,0,0,0,0,0,0,0,0,0,0,0,0,0,0,1,1,0,0,0,0,0,0,0,0,0,0,1,0,0,0,0,0,0,1,0,0,0,1,0,0,1,1,1,1,0,0,1,0,0,1,0,0,1,0,0,1,0,0,0,0,0,0,0,1,0,0,0,0,0,0,1,0,0,0,0,0,1,0,0,0,0,0,0,0,1,0,0,0,1,0,0,0,0,1,1,0,1,0,0,1,0,0,0,0,1,0,1,1,0,0,0,0,1,0,0,1,0,1,1,0,0,0,0,0,0,0,0,1,0,0,1,1,0,0,0,1,0,1,1,0,1,1,1,1,1,1,1,1,0
Malachite Green,CN(C)C1=CC=C(C=C1)C(=C2C=CC(=[N+](C)C)C=C2)C3=CC=CC=C3.[Cl-],0,0,0,0,0,0,0,0,0,0,0,0,0,0,0,0,0,0,0,0,0,0,0,0,0,0,0,0,0,0,0,0,0,0,0,0,0,0,0,0,0,0,0,0,0,0,0,0,0,0,1,1,0,0,0,0,0,0,0,0,0,0,0,0,0,0,0,0,0,0,0,0,0,0,0,1,0,1,0,1,0,0,0,0,0,0,1,1,0,0,0,0,0,0,1,0,0,0,0,0,1,0,0,0,1,0,0,0,0,0,0,0,0,0,0,0,0,0,0,0,1,0,0,1,0,0,1,0,0,0,0,0,0,0,1,1,1,0,0,0,0,0,1,1,0,0,1,0,0,1,1,0,0,0,0,0,0,1,0,1,0,1,1,1,1,0,1,1
Schradan,CN(C)P(=O)(N(C)C)OP(=O)(N(C)C)N(C)C,0,0,0,0,0,0,0,0,0,0,0,0,0,0,0,0,0,0,0,0,0,0,0,0,0,0,0,0,0,0,1,0,0,0,0,0,0,0,0,0,0,0,0,0,0,0,0,0,0,0,0,0,0,0,0,0,0,0,0,0,0,0,0,0,0,0,0,0,0,0,0,0,0,0,0,1,0,0,1,0,0,1,0,0,0,0,0,1,0,0,1,0,0,0,1,1,0,0,1,0,0,0,0,1,0,0,0,1,0,0,0,0,0,1,0,0,0,0,1,0,0,0,0,1,0,1,0,1,0,0,0,1,0,0,0,0,0,1,0,0,0,0,1,1,0,0,0,1,0,1,1,0,0,0,0,0,0,1,0,1,1,1,1,0,0,1,0,0
Folpet,C1=CC=C2C(=C1)C(=O)N(C2=O)SC(Cl)(Cl)Cl,0,0,0,0,0,0,0,0,0,0,0,0,0,0,0,0,0,0,0,0,0,0,0,0,0,0,0,0,0,0,0,0,0,1,1,0,0,0,0,0,0,0,0,0,0,0,0,0,0,0,0,0,0,0,0,0,0,0,0,0,0,0,0,0,0,1,0,0,1,0,0,0,0,0,0,0,1,0,0,0,0,0,1,0,1,0,0,0,0,1,1,0,0,1,0,1,0,1,0,0,0,0,1,0,1,0,1,1,1,0,0,1,0,1,0,0,0,0,1,0,0,0,1,1,0,1,0,0,1,0,0,0,0,0,0,1,0,1,1,0,0,0,0,0,1,1,0,0,0,1,0,1,0,0,0,1,0,1,0,1,1,0,1,1,1,1,1,0
Disodium methylarsonate,C[As](=O)([O-])[O-].[Na+].[Na+],0,0,0,0,1,0,0,0,0,0,0,0,0,0,0,0,0,0,0,0,0,0,0,0,0,0,0,0,0,0,0,0,0,0,0,0,1,0,0,0,0,0,0,0,0,1,0,0,0,1,1,0,0,0,0,0,0,0,0,0,0,0,0,0,0,0,0,0,0,0,0,0,0,0,0,0,0,0,0,0,0,0,0,0,0,0,0,0,0,0,0,0,0,0,1,0,0,0,0,0,0,0,0,1,0,0,0,1,0,0,0,0,0,1,0,0,0,0,0,0,0,0,0,0,0,1,0,0,0,0,0,1,0,0,0,0,0,0,0,0,0,0,0,0,0,0,0,1,0,1,0,0,0,0,0,0,0,0,0,0,1,1,0,0,0,1,0,1
Paraoxon,CCOP(=O)(OCC)OC1=CC=C(C=C1)[N+](=O)[O-],0,0,0,0,0,0,0,0,0,0,0,0,0,0,0,0,0,0,0,0,0,0,0,0,0,1,0,0,0,0,1,0,0,0,0,0,0,0,0,0,0,0,0,0,0,0,0,0,0,1,1,0,0,0,0,0,0,1,0,0,0,0,0,0,1,0,0,0,0,0,0,1,1,0,0,0,0,0,0,0,0,0,0,0,0,0,0,0,0,0,0,0,0,0,0,1,0,0,0,0,0,0,0,1,0,0,0,1,0,0,1,0,0,1,1,1,0,0,0,0,1,0,0,1,0,1,0,1,1,1,0,1,0,0,1,0,1,1,0,1,0,1,0,0,1,0,0,1,0,1,1,0,0,1,1,0,1,1,1,1,1,1,1,1,1,1,1,0
Bromacil,CCC(C)N1C(=O)C(=C(NC1=O)C)Br,0,0,0,0,0,0,0,0,0,0,0,0,0,0,0,0,0,0,0,0,0,0,0,0,0,0,0,0,0,0,0,0,0,0,0,0,0,0,1,0,0,0,0,0,0,0,0,1,0,0,0,0,0,0,0,0,0,0,0,0,0,0,0,0,0,0,1,0,0,0,0,0,0,0,0,0,1,0,1,0,0,1,0,0,0,0,1,0,1,0,1,0,1,1,0,0,0,0,1,1,0,0,0,0,0,0,0,1,1,0,0,1,1,0,1,1,1,0,1,0,0,1,1,1,0,0,0,0,1,0,0,0,0,0,0,1,0,1,1,0,0,0,1,1,1,1,0,0,0,1,1,1,1,0,0,1,1,1,0,1,1,1,1,1,1,1,1,0
Methyl isothiocyanate,CN=C=S,0,0,0,0,0,0,0,0,0,0,0,0,0,0,0,0,0,0,0,0,0,0,0,0,0,0,0,0,0,0,0,0,0,0,0,0,0,0,0,0,0,0,0,0,0,0,0,0,1,0,0,0,0,0,0,0,0,0,0,0,0,0,0,0,0,0,0,0,0,0,0,0,0,0,1,0,0,0,0,1,0,0,0,0,0,0,0,0,0,1,0,0,0,0,1,0,0,0,0,0,0,0,0,0,0,0,0,0,0,0,0,0,0,0,0,0,0,0,0,0,1,0,0,0,0,0,0,0,0,0,0,0,0,0,0,0,0,0,0,0,0,0,0,0,0,0,0,0,0,0,0,0,0,0,0,0,0,0,0,1,0,1,1,0,0,0,0,0
Terbutryn,CCNC1=NC(=NC(=N1)SC)NC(C)(C)C,0,0,0,0,0,0,0,0,0,0,0,0,0,0,0,0,0,0,0,0,0,0,0,0,0,0,1,0,0,0,0,0,0,0,0,0,0,0,0,0,0,0,0,0,0,0,0,0,1,0,0,0,0,0,1,0,0,0,0,0,1,0,0,0,0,1,1,1,0,0,0,0,0,0,0,1,0,0,1,0,0,1,1,1,0,0,0,0,0,1,0,0,0,0,1,0,0,0,0,1,0,1,0,0,0,0,0,1,0,0,0,0,0,1,0,1,0,0,0,0,0,1,1,0,0,0,0,0,0,0,0,0,1,0,1,0,1,0,1,0,0,0,1,1,0,0,0,0,0,0,1,0,1,0,1,0,1,1,0,1,0,1,1,1,1,0,1,0
Norbormide,C1=CC=C(C=C1)C(=C2C3C=C(C2C4C3C(=O)NC4=O)C(C5=CC=CC=C5)(C6=CC=CC=N6)O)C7=CC=CC=N7,0,0,0,0,0,0,0,0,0,0,0,0,0,0,0,0,0,0,0,0,0,0,0,0,0,0,0,0,0,0,0,0,0,0,0,0,0,0,0,0,0,0,0,0,0,0,0,0,0,0,0,1,0,0,0,0,0,0,0,0,0,0,0,0,0,0,1,1,0,0,0,0,0,0,0,0,0,1,0,0,0,0,0,0,1,0,0,0,0,0,1,0,0,1,0,0,1,1,0,1,1,0,1,0,0,0,1,0,0,0,0,1,0,1,0,0,0,0,1,0,0,1,1,0,0,0,1,0,1,0,0,0,1,0,0,0,0,1,1,0,1,0,0,1,1,0,1,1,0,0,0,0,1,1,0,1,0,1,1,1,1,0,1,1,1,1,1,0
Dinoterb,CC(C)(C)C1=C(C(=CC(=C1)[N+](=O)[O-])[N+](=O)[O-])O,0,0,0,0,0,0,0,0,0,0,0,0,0,0,0,0,0,0,0,0,0,0,0,0,0,1,0,0,0,0,0,0,0,0,0,0,0,0,0,0,0,0,0,0,0,0,0,0,0,0,1,0,0,0,0,0,0,1,0,0,0,0,0,0,1,0,0,1,0,0,0,1,1,0,0,1,0,0,0,0,0,1,0,0,0,0,0,0,0,0,1,0,0,0,0,1,1,0,0,0,0,0,0,1,0,0,0,0,0,0,0,0,0,1,1,0,0,0,0,0,1,0,0,1,0,1,0,0,1,0,0,1,0,0,1,0,1,1,0,0,1,1,1,1,1,1,0,1,0,1,1,1,0,1,0,0,0,1,1,1,1,1,1,1,1,1,1,0
Paraquat dichloride,C[N+]1=CC=C(C=C1)C2=CC=[N+](C=C2)C.[Cl-].[Cl-],0,0,0,0,0,0,0,0,0,0,0,0,0,0,0,0,0,0,0,0,0,0,0,0,0,0,0,0,0,0,0,0,0,0,0,0,0,0,0,0,0,0,0,0,0,0,0,0,0,0,1,0,0,0,0,0,0,0,0,0,0,0,0,1,0,0,1,0,0,0,0,0,0,0,0,0,1,0,0,0,0,0,0,0,0,0,1,0,0,0,0,0,0,0,1,0,0,0,0,1,0,0,0,0,1,0,0,0,0,0,0,0,0,0,0,0,0,0,0,0,0,1,1,1,0,0,1,0,0,0,0,0,0,0,0,1,0,0,1,0,0,0,0,1,0,0,1,0,0,1,1,0,0,0,0,0,0,0,0,1,0,1,1,1,1,0,1,1
Tribenuron-methyl,CC1=NC(=NC(=N1)OC)N(C)C(=O)NS(=O)(=O)C2=CC=CC=C2C(=O)OC,0,0,0,0,0,0,0,0,0,0,0,0,0,0,0,0,0,0,0,0,0,0,0,0,0,0,1,0,0,0,0,0,0,1,1,0,0,0,1,1,0,0,0,0,0,0,0,0,0,0,0,0,1,0,0,0,1,0,0,1,1,1,1,0,0,1,1,0,1,0,1,0,0,0,1,0,0,0,1,0,0,1,1,0,0,0,1,0,0,1,1,0,0,0,1,1,0,0,1,1,0,0,0,1,0,0,0,1,0,0,0,1,0,1,1,0,0,0,1,0,0,1,1,1,1,1,1,1,1,0,0,1,0,0,1,0,1,1,1,0,0,1,1,1,1,1,1,1,0,1,1,1,1,0,0,1,0,1,1,1,1,1,1,1,1,1,1,0
Isomate-M,CCC/C=C\CCCCCCCO.CCC/C=C/CCCCCCCOC(=O)C,0,0,0,0,0,0,0,0,0,0,0,0,0,0,0,0,0,0,0,0,0,0,0,0,0,0,0,0,0,0,0,0,0,0,0,0,0,0,0,0,0,0,0,0,0,0,0,0,0,0,0,0,0,0,0,0,0,0,0,0,0,0,0,0,0,0,0,0,0,0,0,0,0,0,0,0,0,0,0,0,0,0,0,1,0,0,0,0,0,0,0,1,1,0,0,0,0,0,0,0,1,0,0,0,0,1,0,0,0,1,1,0,0,0,0,1,1,1,0,1,0,0,0,0,1,0,0,1,0,1,1,0,0,1,0,0,0,0,0,1,1,0,1,0,0,0,0,1,1,0,1,0,0,0,1,1,1,0,1,0,1,1,0,0,0,1,0,1
Dinocap,CCCCCCCC.C/C=C/C(=O)OC1=CC=CC=C1[N+](=O)[O-].N(=O)O,0,0,0,0,0,0,0,0,0,0,0,0,0,0,0,0,0,0,0,0,0,0,0,0,0,1,0,0,0,0,0,0,0,0,0,0,0,0,0,0,0,0,0,0,0,0,0,0,0,0,1,0,0,0,0,0,0,1,0,0,0,0,0,0,1,0,0,0,0,0,1,1,1,0,0,0,0,0,0,0,0,0,0,0,0,0,0,0,0,0,1,0,0,0,0,1,1,0,0,0,1,0,0,1,0,0,0,0,0,1,0,0,0,0,1,1,1,1,0,1,1,0,0,1,1,1,0,1,1,1,1,1,0,0,1,0,1,1,0,0,1,1,1,1,1,1,0,1,1,1,1,1,0,1,0,1,1,1,1,1,1,1,1,1,1,1,1,1
Anilinocadmium dilactate,CC(C(=O)[O-])O.CC(C(=O)[O-])O.C1=CC=C(C=C1)N.[Cd+2],0,0,0,0,0,0,0,0,0,0,0,0,0,1,0,0,0,0,0,0,0,0,0,0,0,0,0,0,0,0,0,0,0,0,0,0,0,0,0,0,0,0,0,0,0,1,0,0,0,0,1,0,0,0,0,0,0,0,0,0,0,0,0,0,0,0,0,0,0,0,0,0,0,1,0,0,0,0,0,0,0,0,0,0,0,1,0,0,0,0,0,0,0,0,0,0,0,0,0,0,0,0,0,0,0,0,0,0,0,0,0,0,0,0,0,0,0,0,0,0,0,0,0,0,1,0,0,0,0,0,0,0,1,0,1,0,1,1,0,0,1,1,0,0,0,0,0,1,0,0,1,0,1,1,0,1,0,1,1,1,1,1,1,1,1,1,1,1
Mgk 264,CCCCC(CC)CN1C(=O)[C@H]2[C@@H]3C[C@H]([C@H]2C1=O)C=C3,0,0,0,0,0,0,0,0,0,0,0,0,0,0,0,0,0,0,0,0,0,0,0,0,0,0,0,0,0,0,0,0,0,0,0,0,0,0,0,0,0,0,0,0,0,0,0,0,0,0,0,0,0,0,0,0,0,0,0,0,0,0,0,0,0,0,0,0,0,0,0,0,0,0,0,0,1,0,0,0,0,0,0,0,1,0,1,0,0,0,1,0,0,1,0,0,0,1,0,0,1,1,1,0,0,0,1,0,0,1,0,1,0,0,0,1,1,1,1,1,0,0,1,1,0,0,0,0,1,1,1,0,0,0,0,0,0,1,1,0,0,0,0,0,1,0,0,0,1,1,1,1,0,0,1,1,1,1,0,1,1,1,1,0,1,1,1,0
Tralkoxydim,CC/C(=N\OCC)/C1=C(CC(CC1=O)C2=C(C=C(C=C2C)C)C)O,0,0,0,0,0,0,0,0,0,0,0,0,0,0,0,0,0,0,0,0,0,0,0,0,0,1,0,0,0,0,0,0,0,0,0,0,0,0,0,0,0,0,0,0,0,0,0,0,0,0,0,1,0,0,0,0,0,0,0,0,0,0,0,1,0,0,0,0,0,0,0,0,1,0,0,0,0,1,0,1,0,0,0,0,0,0,0,0,0,0,1,0,1,0,0,1,0,0,1,0,1,0,0,1,0,1,0,0,0,1,1,0,1,0,0,1,0,0,0,0,1,0,0,0,0,1,0,1,1,1,0,0,0,1,0,0,0,0,0,0,1,0,1,0,1,1,1,1,0,0,1,1,0,1,1,1,1,1,1,0,1,1,1,1,1,1,1,0
Tefluthrin,CC1=C(C(=C(C(=C1F)F)COC(=O)[C@H]2[C@H](C2(C)C)/C=C(/C(F)(F)F)\Cl)F)F,0,0,0,0,0,0,0,0,0,0,0,0,0,0,0,0,0,0,0,0,0,0,0,1,0,0,0,0,0,0,0,0,0,0,0,0,0,0,0,0,0,0,0,1,0,0,0,0,0,0,0,0,0,0,0,0,0,0,0,0,0,0,0,0,0,0,0,1,0,0,0,0,0,0,0,1,0,1,0,0,0,0,0,0,0,0,0,0,1,0,0,0,0,0,0,0,0,0,0,0,1,0,0,0,1,0,0,1,1,0,1,0,0,1,0,0,0,0,0,0,0,0,0,0,1,0,0,1,0,0,0,0,0,0,0,1,0,0,0,0,0,0,1,0,0,1,0,0,0,0,1,1,0,0,1,1,1,0,1,0,1,1,0,1,1,1,1,0
Chlorbicyclen,C(C1C([C@@]2(C(=C([C@]1(C2(Cl)Cl)Cl)Cl)Cl)Cl)CCl)Cl,0,0,0,0,0,0,0,0,0,0,0,0,0,0,0,0,0,0,0,0,0,0,0,0,0,0,0,0,0,0,0,0,0,0,0,0,0,0,0,0,0,0,0,0,0,0,0,0,0,0,0,0,0,0,0,0,0,0,0,0,0,0,0,0,0,0,0,1,0,0,0,0,0,0,0,0,0,1,0,0,0,0,0,0,0,0,0,0,1,0,0,0,0,0,0,0,0,1,0,0,1,0,0,0,1,0,1,0,1,0,0,0,0,1,0,0,0,0,0,0,0,0,0,0,0,0,0,0,0,0,1,0,0,0,0,1,0,0,0,1,0,0,0,0,0,0,0,0,0,0,0,1,0,0,1,0,1,0,0,0,0,0,0,0,1,0,1,0
Chlordane,C1C2C(C(C1Cl)Cl)[C@]3(C(=C([C@@]2(C3(Cl)Cl)Cl)Cl)Cl)Cl,0,0,0,0,0,0,0,0,0,0,0,0,0,0,0,0,0,0,0,0,0,0,0,0,0,0,0,0,0,0,0,0,0,0,0,0,0,0,0,0,0,0,0,0,0,0,0,0,0,0,0,0,0,0,0,0,0,0,0,0,0,0,0,0,0,0,0,1,0,0,0,0,0,0,0,0,0,1,0,0,0,0,0,0,0,0,0,0,1,0,0,0,0,0,0,0,0,1,0,0,1,0,1,0,1,0,1,0,1,0,0,0,0,1,0,0,0,0,0,0,0,0,0,0,0,0,0,0,0,0,0,0,0,0,0,1,0,0,0,0,0,0,0,0,0,0,0,0,0,0,0,1,0,0,0,0,0,0,0,0,0,0,0,0,1,0,1,0
Intersept,CCCCCCCCCCCCCCCC[N+]1=CC=CC=C1.CC1=[N+](C2=CC=CC=C2C(=C1)N)CCCCCCCCCC[N+]3=C(C=C(C4=CC=CC=C43)N)C.CC(=O)[O-].CC(=O)[O-].CC(=O)[O-],0,0,0,0,0,0,0,0,0,0,0,0,0,0,0,0,0,0,0,0,0,0,0,0,0,0,0,0,0,0,0,0,0,0,0,0,0,0,0,0,0,0,0,0,0,0,0,0,0,0,1,0,0,0,0,0,0,0,0,0,0,0,0,0,0,0,1,0,0,0,0,0,0,0,0,0,1,0,0,0,0,1,0,0,0,1,1,0,0,0,0,0,0,0,0,0,0,0,0,1,0,1,1,0,0,0,1,0,0,1,0,0,1,0,0,1,1,1,0,1,0,1,1,1,1,0,1,0,0,1,1,0,1,0,1,0,1,1,1,1,0,1,1,1,0,1,1,1,1,1,1,1,1,0,1,1,1,1,1,1,1,1,1,1,1,1,1,1
Potassium ethylxanthate,CCOC(=S)[S-].[K+],0,0,0,0,0,0,0,0,0,0,0,0,0,0,0,0,0,0,0,0,0,0,0,0,0,0,0,0,0,0,0,0,0,0,0,0,1,0,0,0,0,0,0,0,0,1,0,0,0,0,1,0,0,0,0,0,0,0,0,0,0,0,0,0,0,0,0,0,0,0,0,0,0,0,1,0,0,0,0,0,0,0,1,0,0,0,0,0,0,1,0,0,0,0,0,0,0,0,0,0,0,0,0,0,0,0,0,1,0,0,1,0,0,0,0,1,0,0,0,0,0,0,0,0,0,0,0,1,0,0,0,0,0,0,0,0,0,0,0,0,0,0,0,0,0,0,0,0,0,0,0,0,0,0,1,0,1,0,1,0,0,1,0,0,0,1,0,1
"2,4-D-Dimethylammonium",CNC.C1=CC(=C(C=C1Cl)Cl)OCC(=O)O,0,0,0,0,0,0,0,0,0,0,0,0,0,0,0,0,0,0,0,0,0,0,0,0,0,0,0,0,0,0,0,0,0,0,0,0,0,0,0,0,0,0,0,0,0,0,0,0,0,0,0,0,0,0,0,0,0,0,0,0,0,0,0,0,0,0,0,0,0,0,0,0,0,1,0,1,0,0,0,0,0,0,0,0,0,0,0,1,1,0,0,0,0,0,1,0,0,0,0,0,0,0,0,0,1,1,0,0,1,0,1,0,0,0,1,0,0,0,0,0,0,0,0,0,1,0,0,1,1,0,0,0,1,1,0,1,0,0,0,0,1,0,0,0,1,1,0,1,0,0,1,1,1,1,1,1,1,0,1,1,1,1,1,1,1,1,1,1
Azinphos-Ethyl,CCOP(=S)(OCC)SCN1C(=O)C2=CC=CC=C2N=N1,0,0,0,0,0,0,0,0,0,0,0,0,0,0,0,0,0,0,0,0,0,0,0,0,0,0,0,0,0,1,1,0,0,0,0,0,0,0,0,0,0,0,0,0,0,0,0,0,1,0,0,0,0,1,0,0,0,0,0,0,0,0,0,0,0,0,1,0,1,0,0,1,0,0,1,0,1,0,1,0,0,1,1,0,0,0,0,0,0,1,0,0,0,1,0,1,1,0,1,1,0,1,1,1,0,0,1,1,0,0,1,1,1,1,1,1,0,0,1,0,0,1,1,1,0,1,1,1,1,1,0,1,0,0,0,0,0,0,1,1,0,0,0,1,1,1,1,1,0,1,1,1,0,0,1,1,1,1,1,1,1,1,1,1,1,1,1,0
Methoprene,CC(C)OC(=O)/C=C(\C)/C=C/CC(C)CCCC(C)(C)OC,0,0,0,0,0,0,0,0,0,0,0,0,0,0,0,0,0,0,0,0,0,0,0,0,0,0,0,0,0,0,0,0,0,0,0,0,0,0,0,0,0,0,0,0,0,0,0,0,0,0,0,1,0,0,0,0,0,0,0,0,0,0,0,0,0,0,0,1,0,0,0,0,0,0,0,1,0,1,0,0,0,0,0,0,0,0,0,0,0,0,0,0,0,0,1,0,0,0,0,0,1,0,0,0,0,0,0,0,0,1,0,0,0,1,0,0,1,1,0,1,0,0,0,0,1,0,0,1,0,1,1,0,0,1,0,0,0,0,0,0,0,0,1,0,0,0,0,1,1,0,1,0,0,1,0,1,1,0,1,0,1,1,0,0,0,1,0,0
"11-Tetradecenyl acetate, (11E)-",CC/C=C/CCCCCCCCCCOC(=O)C,0,0,0,0,0,0,0,0,0,0,0,0,0,0,0,0,0,0,0,0,0,0,0,0,0,0,0,0,0,0,0,0,0,0,0,0,0,0,0,0,0,0,0,0,0,0,0,0,0,0,0,0,0,0,0,0,0,0,0,0,0,0,0,0,0,0,0,0,0,0,0,0,0,0,0,0,0,0,0,0,0,0,0,0,0,0,0,0,0,0,0,0,0,0,0,0,0,0,0,0,1,0,0,0,0,0,0,0,0,1,1,0,0,0,0,1,0,1,0,1,0,0,0,0,1,0,0,1,0,1,1,0,0,1,0,0,0,0,0,0,0,0,0,0,0,0,0,0,1,0,1,0,0,0,1,1,1,0,1,0,1,1,0,0,0,1,0,0
alpha-Chlorfenvinphos,CCOP(=O)(OCC)O/C(=C/Cl)/C1=C(C=C(C=C1)Cl)Cl,0,0,0,0,0,0,0,0,0,0,0,0,0,0,0,0,0,0,0,0,0,0,0,0,0,0,0,0,0,0,1,0,0,0,0,0,0,0,0,0,0,0,0,0,0,0,0,0,0,1,0,0,0,0,0,0,0,0,0,0,0,0,0,0,0,0,0,0,0,0,0,0,0,0,0,0,0,1,0,0,0,0,0,0,0,0,0,0,1,0,0,0,0,0,0,0,0,0,0,0,1,0,0,1,1,0,0,1,1,0,1,0,0,1,0,1,0,0,0,0,0,0,0,0,0,1,0,1,0,1,0,1,0,0,0,1,0,0,0,1,0,1,0,0,0,1,0,1,0,1,1,1,0,1,1,0,1,0,1,0,1,1,0,1,1,1,1,0
Troclosene sodium,C1(=NC(=O)N(C(=O)N1Cl)Cl)[O-].[Na+],0,0,0,0,0,0,0,0,0,0,0,0,0,0,0,0,0,0,0,0,0,0,0,0,0,0,0,0,0,0,0,0,1,0,0,0,1,0,1,0,0,0,0,0,0,1,0,0,0,0,1,0,0,0,0,0,0,0,0,0,0,0,0,0,0,0,1,0,0,0,0,0,0,0,0,0,1,0,1,0,0,1,0,0,0,0,0,0,1,0,1,0,0,0,0,1,0,0,1,1,0,0,0,0,1,0,0,1,1,0,0,1,0,0,1,0,0,0,1,0,0,1,1,1,0,1,0,0,1,0,0,1,0,0,0,1,0,1,1,0,0,0,0,1,1,1,0,1,0,1,0,1,0,0,0,1,0,1,1,0,1,0,1,1,1,1,1,1
Sodium Dimethyldithiocarbamate,CN(C)C(=S)[S-].[Na+],0,0,0,0,0,0,0,0,0,0,0,0,0,0,0,0,0,0,0,0,0,0,0,0,0,0,0,0,0,0,0,0,0,0,0,0,1,0,0,0,0,0,0,0,0,1,0,0,1,0,1,0,0,0,0,0,0,0,0,0,0,0,0,0,0,0,0,0,0,0,0,0,0,0,1,1,0,0,0,0,0,0,1,0,0,0,1,1,0,1,0,0,0,0,1,0,0,0,0,0,0,0,0,0,0,0,0,1,0,0,0,0,0,0,0,0,0,0,0,0,0,0,0,1,0,0,0,0,0,0,0,0,0,0,0,0,0,0,0,0,0,0,0,0,0,0,0,0,0,1,1,0,0,0,0,0,0,1,0,1,0,1,1,0,0,0,0,1
Monobasic potassium phosphate,OP(=O)(O)[O-].[K+],0,0,0,0,0,0,0,0,0,0,0,0,0,0,0,0,0,0,0,0,0,0,0,0,0,0,0,0,0,0,1,0,0,0,0,0,1,0,0,0,0,0,0,0,1,1,0,0,0,1,1,0,0,0,0,0,0,0,0,0,0,0,0,0,0,0,0,0,0,0,1,0,0,0,0,0,0,0,0,0,0,0,0,0,0,0,0,0,0,0,0,0,0,0,0,0,0,0,0,0,0,0,0,1,0,0,0,1,0,0,0,0,0,1,0,0,0,0,0,0,0,0,0,0,0,1,0,0,0,0,0,1,1,0,0,0,0,0,0,0,1,1,0,0,0,0,0,1,0,1,0,0,0,0,0,0,0,0,0,0,1,0,0,0,0,1,0,1
Fenbutatin oxide,CC(C)(C[Sn](CC(C)(C)C1=CC=CC=C1)(CC(C)(C)C2=CC=CC=C2)O[Sn](CC(C)(C)C3=CC=CC=C3)(CC(C)(C)C4=CC=CC=C4)CC(C)(C)C5=CC=CC=C5)C6=CC=CC=C6,0,0,0,0,1,0,0,0,0,0,0,0,0,0,0,0,0,0,0,0,0,0,0,0,0,0,0,0,0,0,0,1,0,0,0,0,0,0,0,0,0,0,0,0,0,1,0,0,0,0,0,0,0,0,0,0,0,0,0,0,0,0,0,0,0,0,0,1,0,0,0,0,0,0,0,1,0,0,0,0,0,0,0,0,0,0,0,1,0,0,0,0,0,0,0,0,0,0,0,0,0,0,0,1,0,0,0,0,0,1,0,0,0,1,0,0,1,0,0,0,0,0,0,0,0,1,1,1,0,1,0,1,0,1,0,0,0,0,0,1,0,0,1,0,0,0,1,0,0,1,1,0,0,0,1,0,1,0,0,0,0,1,0,1,1,1,1,0
Clofentezine,C1=CC=C(C(=C1)C2=NN=C(N=N2)C3=CC=CC=C3Cl)Cl,0,0,0,0,0,0,0,0,0,0,0,0,0,0,0,0,0,0,0,0,0,0,0,0,0,0,0,0,0,0,0,0,0,0,0,0,0,0,0,1,0,0,0,0,0,0,0,0,0,0,0,0,0,1,0,0,0,0,0,0,0,0,0,1,0,0,1,0,0,0,0,0,0,0,0,0,0,0,1,0,1,1,0,0,0,0,0,0,1,0,0,0,0,0,0,1,0,0,0,1,0,0,0,0,1,0,0,0,1,0,0,0,0,0,0,0,0,0,0,0,0,1,1,0,0,1,1,0,0,0,0,1,0,0,0,1,0,0,1,0,0,0,0,1,0,1,1,0,0,0,0,1,0,0,0,0,0,1,0,0,0,0,1,1,1,0,1,0
Volcano,CCNS(=O)(=O)C(C(C(C(C(C(C(C(F)(F)F)(F)F)(F)F)(F)F)(F)F)(F)F)(F)F)(F)F,0,0,0,0,0,0,0,0,0,0,0,0,0,0,0,0,0,0,0,0,0,0,0,0,0,0,0,0,0,0,0,0,0,1,1,0,0,0,0,0,0,0,0,1,0,0,0,0,0,0,0,0,1,0,0,0,1,0,0,1,0,1,1,0,0,0,0,0,1,0,1,0,0,0,1,0,0,0,0,0,0,0,1,1,0,0,0,0,0,1,0,0,0,0,0,1,0,0,0,0,0,1,0,1,0,0,0,1,1,0,0,0,0,1,0,1,0,0,1,0,0,0,0,0,0,1,0,0,0,0,0,1,0,0,0,1,0,1,0,0,0,0,0,0,0,0,0,0,0,1,0,0,1,0,1,0,1,1,0,1,1,1,1,0,0,1,0,0
"O,O-Dimethyl phosphoramidothioate",COP(=S)(N)OC,0,0,0,0,0,0,0,0,0,0,0,0,0,0,0,0,0,0,0,0,0,0,0,0,0,0,0,0,0,0,1,0,0,0,0,0,0,0,0,0,0,0,0,0,0,0,0,0,1,0,0,0,0,0,0,0,0,0,0,0,0,0,0,0,0,0,0,0,1,0,1,0,0,0,1,0,0,0,0,0,0,0,1,0,0,1,0,0,0,1,0,0,0,0,1,1,0,0,0,0,0,0,0,1,0,0,0,1,0,0,0,0,0,1,0,0,0,0,1,0,0,0,0,0,0,1,0,1,0,0,0,1,0,0,0,0,0,0,0,0,0,0,0,0,0,0,0,0,0,1,1,0,1,0,0,0,0,1,1,0,1,1,1,0,0,1,0,0
Gossyplure,CCCC/C=C\CC/C=C\CCCCCCOC(=O)C,0,0,0,0,0,0,0,0,0,0,0,0,0,0,0,0,0,0,0,0,0,0,0,0,0,0,0,0,0,0,0,0,0,0,0,0,0,0,0,0,0,0,0,0,0,0,0,0,0,0,0,0,0,0,0,0,0,0,0,0,0,0,0,0,0,0,0,0,0,0,0,0,0,0,0,0,0,0,0,0,0,0,0,0,0,0,0,0,0,0,0,0,0,0,0,0,0,0,0,0,1,0,0,0,0,0,0,0,0,1,1,0,0,0,0,1,1,1,0,1,0,0,0,0,1,0,0,1,0,1,1,0,0,1,0,0,0,0,0,0,0,0,0,0,0,0,0,0,1,0,1,0,0,0,1,1,1,0,1,0,1,1,0,0,0,1,0,0
"9-Dodecenyl acetate, (9Z)-",CC/C=C\CCCCCCCCOC(=O)C,0,0,0,0,0,0,0,0,0,0,0,0,0,0,0,0,0,0,0,0,0,0,0,0,0,0,0,0,0,0,0,0,0,0,0,0,0,0,0,0,0,0,0,0,0,0,0,0,0,0,0,0,0,0,0,0,0,0,0,0,0,0,0,0,0,0,0,0,0,0,0,0,0,0,0,0,0,0,0,0,0,0,0,0,0,0,0,0,0,0,0,0,0,0,0,0,0,0,0,0,1,0,0,0,0,0,0,0,0,1,1,0,0,0,0,1,0,1,0,1,0,0,0,0,1,0,0,1,0,1,1,0,0,1,0,0,0,0,0,0,0,0,0,0,0,0,0,0,1,0,1,0,0,0,1,1,1,0,1,0,1,1,0,0,0,1,0,0
Dinoseb ammonium salt,CCC(C)C1=C(C(=CC(=C1)[N+](=O)[O-])[N+](=O)[O-])[O-].[NH4+],0,0,0,0,0,0,0,0,0,0,0,0,0,0,0,0,0,0,0,0,0,0,0,0,0,1,0,0,0,0,0,0,0,0,0,0,0,0,0,0,0,0,0,0,0,0,0,0,0,0,1,0,0,0,0,0,0,1,0,0,0,0,0,0,1,0,0,0,0,0,0,1,1,0,0,0,0,0,0,0,0,1,0,0,0,0,0,0,0,0,1,0,0,0,0,1,1,0,0,0,0,0,0,1,0,0,0,0,0,0,0,0,0,0,1,1,1,0,0,0,1,0,0,1,0,1,0,0,1,0,0,1,0,0,1,0,1,1,0,0,0,1,0,1,1,1,0,1,0,1,1,1,1,1,0,0,1,1,1,1,1,1,1,1,1,1,1,1
"2,3,5-Trimethylphenyl Methylcarbamate",CC1=CC(=C(C(=C1)OC(=O)NC)C)C,0,0,0,0,0,0,0,0,0,0,0,0,0,0,0,0,0,0,0,0,0,0,0,0,1,0,0,0,0,0,0,0,0,0,0,0,0,0,0,0,0,0,0,0,0,0,0,0,0,0,0,0,0,0,0,0,0,0,0,0,0,0,0,0,0,0,0,0,0,0,0,0,0,0,0,0,0,0,0,0,0,0,0,0,0,0,0,0,0,0,0,0,0,0,1,0,0,0,0,0,0,0,0,0,0,0,0,1,0,0,0,1,0,0,1,0,0,0,1,0,0,0,0,0,1,0,0,1,1,0,0,0,0,0,0,0,0,0,0,0,0,0,1,0,1,1,0,0,0,0,1,1,1,1,0,1,0,1,1,1,1,1,1,1,1,1,1,0
Dikegulac-sodium,CC1(OC[C@H]2[C@@H](O1)[C@H]3[C@@](O2)(OC(O3)(C)C)C(=O)[O-])C.[Na+],0,0,0,0,0,0,0,0,0,0,0,0,0,0,0,0,0,0,0,0,0,0,0,0,0,0,0,0,0,0,0,0,0,0,0,0,1,0,0,0,0,0,0,0,0,1,0,0,0,0,1,0,0,0,0,0,0,0,1,0,0,0,0,0,0,0,0,0,0,0,0,0,0,1,0,1,0,0,0,0,0,0,0,0,1,0,0,0,0,0,1,0,0,0,0,0,0,1,0,1,0,0,1,0,0,0,1,0,0,0,1,0,0,1,0,0,0,1,0,0,0,1,0,0,1,0,0,0,0,0,0,0,0,1,0,0,0,0,1,0,0,1,1,0,0,0,0,1,0,0,1,0,0,1,1,1,0,0,1,0,1,1,0,0,1,1,1,1
Potassium Ricinoleate,CCCCCC[C@H](C/C=C\CCCCCCCC(=O)[O-])O.[K+],0,0,0,0,0,0,0,0,0,0,0,0,0,0,0,0,0,0,0,0,0,0,0,0,0,0,0,0,0,0,0,0,0,0,0,0,1,0,0,0,0,0,0,0,0,1,0,0,0,0,1,0,0,0,0,0,0,0,0,0,0,0,0,0,0,0,0,0,0,0,0,0,0,0,0,0,0,0,0,0,0,0,0,0,0,0,0,0,0,0,0,1,1,0,0,0,0,0,0,0,1,0,0,0,0,1,0,0,0,1,0,0,0,0,0,1,1,1,0,1,0,0,0,0,1,0,0,0,0,1,1,0,0,1,0,0,0,0,0,0,1,0,0,0,0,0,0,1,1,0,0,0,0,1,0,1,1,0,1,0,1,1,0,0,0,1,0,1
Tributylphosphine oxide,CCCCP(=O)(CCCC)CCCC,0,0,0,0,0,0,0,0,0,0,0,0,0,0,0,0,0,0,0,0,0,0,0,0,0,0,0,0,0,0,1,1,0,0,0,0,0,0,0,0,0,0,0,0,0,0,0,0,0,0,0,0,0,0,0,0,0,0,0,0,0,0,0,0,0,0,0,0,0,0,0,0,0,0,0,0,0,0,0,0,0,0,0,0,0,0,0,1,0,0,0,0,0,0,0,0,0,0,0,0,0,0,0,1,0,0,0,0,0,0,0,0,0,1,0,1,1,1,0,1,0,0,0,0,0,1,0,0,0,1,1,0,0,1,0,0,0,0,0,1,0,0,1,0,0,0,0,0,1,1,1,0,0,0,1,0,1,0,0,0,0,1,0,0,0,1,0,0
"2,4-D tetrahydrofurfuryl ester",C1CC(OC1)COC(=O)COC2=C(C=C(C=C2)Cl)Cl,0,0,0,0,0,0,0,0,0,0,0,0,0,0,0,0,0,0,0,0,0,0,0,0,0,0,0,0,0,0,0,0,0,0,0,0,0,0,0,0,0,0,0,0,0,0,0,0,0,0,0,0,0,0,0,0,0,0,1,0,0,0,0,0,0,0,0,0,0,0,0,0,0,1,0,0,0,0,0,0,0,0,0,0,1,0,0,0,1,0,0,0,0,0,0,0,0,1,0,0,0,0,0,0,1,0,0,0,1,0,1,0,0,0,1,0,0,0,0,1,0,0,0,0,1,0,0,1,1,1,1,0,0,1,0,1,0,0,1,1,0,1,0,0,1,1,0,1,1,0,0,1,0,1,1,1,1,0,1,0,1,0,0,1,1,1,1,0
epi-Ivermectin B1a,CCC(C)C1C(CCC2(O1)CC3CC(O2)CC=C(C(C(C=CC=C4COC5C4(C(C=C(C5O)C)C(=O)O3)O)C)OC6CC(C(C(O6)C)OC7CC(C(C(O7)C)O)OC)OC)C)C,0,0,0,0,0,0,0,0,0,0,0,0,0,0,0,0,0,0,0,0,0,0,0,0,0,0,0,1,0,0,0,0,0,0,0,0,0,0,0,0,0,0,0,0,0,0,0,0,0,0,0,1,0,0,1,0,0,0,1,0,0,0,0,0,0,0,0,1,0,0,0,0,0,1,0,0,0,1,0,0,0,0,0,0,1,0,0,0,0,0,1,1,1,0,1,0,0,1,0,1,1,0,1,0,0,0,1,0,0,1,1,0,0,1,0,1,1,1,0,1,0,1,0,0,1,0,0,1,1,1,1,0,1,1,0,0,0,0,1,0,1,1,1,0,1,0,1,1,1,0,1,1,0,1,1,1,1,0,1,0,1,1,0,0,1,1,1,0
"(10E)-8-[hydroxy(phenyl)pyridin-2-ylmethyl]-10-[phenyl(pyridin-2-yl)methylidene]-4-azatricyclo[5.2.1.02,6]dec-8-ene-3,5-dione",C1=CC=C(C=C1)/C(=C\2/C3C=C(C2C4C3C(=O)NC4=O)C(C5=CC=CC=C5)(C6=CC=CC=N6)O)/C7=CC=CC=N7,0,0,0,0,0,0,0,0,0,0,0,0,0,0,0,0,0,0,0,0,0,0,0,0,0,0,0,0,0,0,0,0,0,0,0,0,0,0,0,0,0,0,0,0,0,0,0,0,0,0,0,1,0,0,0,0,0,0,0,0,0,0,0,0,0,0,1,1,0,0,0,0,0,0,0,0,0,1,0,0,0,0,0,0,1,0,0,0,0,0,1,0,0,1,0,0,1,1,0,1,1,0,1,0,0,0,1,0,0,0,0,1,0,1,0,0,0,0,1,0,0,1,1,0,0,0,1,0,1,0,0,0,1,0,0,0,0,1,1,0,1,0,0,1,1,0,1,1,0,0,0,0,1,1,0,1,0,1,1,1,1,0,1,1,1,1,1,0
"2-(Nitromethylidene)-1,3-thiazinane",C1CN/C(=C/[N+](=O)[O-])/SC1,0,0,0,0,0,0,0,0,0,0,0,0,0,0,0,0,0,0,0,0,0,0,1,0,0,1,0,0,0,0,0,0,0,0,0,0,0,1,0,0,0,0,0,0,0,0,1,0,1,0,1,0,0,0,0,0,0,1,0,0,0,0,0,0,1,0,0,0,0,0,0,1,1,0,0,0,0,1,0,0,1,0,1,1,0,0,0,0,0,1,0,1,1,0,0,1,0,0,1,1,1,1,0,1,0,1,0,0,0,0,0,0,1,0,0,0,0,0,0,1,1,1,1,1,0,1,0,0,0,1,0,1,0,0,0,0,0,0,1,1,0,0,0,1,0,0,0,0,1,1,0,0,1,0,1,0,0,1,0,1,1,0,1,0,1,1,1,0
Dodecylamine lactate,CCCCCCCCCCCC[NH3+].CC(C(=O)[O-])O,0,0,0,0,0,0,0,0,0,0,0,0,0,0,0,0,0,0,0,0,0,0,0,0,0,0,0,0,0,0,0,0,0,0,0,0,0,0,0,0,0,0,0,0,0,0,0,0,0,0,1,0,0,0,0,0,0,0,0,0,0,0,0,0,0,0,0,0,0,0,0,0,0,1,0,0,0,0,0,0,0,0,0,1,0,0,0,0,0,0,0,1,1,0,0,0,0,0,0,0,0,1,0,0,0,1,0,0,0,1,0,0,1,0,0,1,1,1,0,1,0,0,0,0,1,0,0,0,0,1,1,0,1,0,0,0,0,0,0,0,1,0,0,0,0,0,0,1,1,0,1,0,1,1,1,1,1,0,1,1,1,1,1,0,0,1,0,1
"Guanidine, N,N'''-(iminodi-8,1-octanediyl)bis-",C(CCCCNC(=N)N)CCCNCCCCCCCCN=C(N)N,0,0,0,0,0,0,0,0,0,0,0,0,0,0,0,0,0,0,0,0,0,0,0,0,0,0,1,0,0,0,0,0,0,0,0,0,0,0,0,0,0,0,0,0,1,0,0,0,0,0,0,0,0,0,0,0,0,0,0,0,0,0,0,0,0,0,0,0,0,0,0,0,0,0,0,0,0,0,1,1,0,0,0,1,0,1,0,1,0,0,0,1,1,0,0,0,0,0,0,0,0,1,0,0,0,1,0,1,0,0,0,0,1,0,0,0,0,0,0,1,1,0,0,0,0,0,0,0,0,1,1,0,1,0,0,0,0,0,0,1,0,0,0,1,0,0,0,0,1,0,0,0,1,0,1,0,1,1,0,1,0,0,1,0,0,0,0,0
"(1'R,2R,3S,4'S,6S,8'R,10'E,12'S,13'S,14'E,20'R,21'R,24'S)-2-cyclohexyl-21',24'-dihydroxy-12'-[(2R,4S,5S,6S)-5-[(2S,4S,5S,6S)-5-hydroxy-4-methoxy-6-methyloxan-2-yl]oxy-4-methoxy-6-methyloxan-2-yl]oxy-3,11',13',22'-tetramethylspiro[2,3-dihydropyran-6,6'-3,7,19-trioxatetracyclo[15.6.1.14,8.020,24]pentacosa-10,14,16,22-tetraene]-2'-one",C[C@H]1/C=C/C=C2CO[C@H]3[C@@]2([C@@H](C=C([C@H]3O)C)C(=O)O[C@H]4C[C@@H](C/C=C(/[C@H]1O[C@H]5C[C@@H]([C@H]([C@@H](O5)C)O[C@H]6C[C@@H]([C@H]([C@@H](O6)C)O)OC)OC)\C)O[C@]7(C4)C=C[C@@H]([C@H](O7)C8CCCCC8)C)O,0,0,0,0,0,0,0,0,0,0,0,0,0,0,0,0,0,0,0,0,0,0,0,0,0,0,0,1,0,0,0,0,0,0,0,0,0,0,0,0,0,0,0,0,0,0,0,0,0,0,0,1,0,0,1,0,0,0,1,0,0,0,0,1,0,0,0,1,0,0,0,0,0,1,0,0,0,1,0,0,0,0,0,0,1,0,0,0,0,0,1,1,1,0,1,0,0,1,0,1,1,0,1,0,0,0,1,0,0,1,1,0,0,1,0,0,0,1,0,1,0,1,0,0,1,0,0,1,1,1,1,0,1,1,0,0,0,0,1,0,1,1,1,0,1,0,1,1,1,0,1,1,0,1,1,1,0,0,1,0,1,1,0,0,1,1,1,0
Dipropylene Glycol,CC(CO)OC(C)CO.CC(COCC(C)O)O,0,0,0,0,0,0,0,0,0,0,0,0,0,0,0,0,0,0,0,0,0,0,0,0,0,0,0,0,0,0,0,0,0,0,0,0,0,0,0,0,0,0,0,0,0,0,0,0,0,0,0,0,0,0,0,0,0,0,0,0,0,0,0,0,0,0,0,0,0,0,0,0,0,1,0,0,0,0,0,0,0,0,0,1,0,0,0,1,0,0,0,0,1,0,0,0,0,0,0,0,0,0,0,0,0,1,0,0,0,1,1,0,0,0,0,0,1,0,0,0,0,0,0,0,0,0,0,1,0,1,0,0,1,1,0,0,0,0,0,1,1,1,1,0,0,0,0,1,0,0,1,0,0,1,1,0,1,0,1,0,1,1,0,0,0,1,0,1
"(1R,4S,5'S,6R,6'R,8R,10E,12S,13S,14E,16E,20R,21R,24S)-6'-[(2S)-butan-2-yl]-21,24-dihydroxy-12-[(2R,4S,5S,6R)-5-[(2S,4S,5S,6R)-5-hydroxy-4-methoxy-6-methyloxan-2-yl]oxy-4-methoxy-6-methyloxan-2-yl]oxy-5',11,13,22-tetramethylspiro[3,7,19-trioxatetracyclo[15.6.1.14,8.020,24]pentacosa-10,14,16,22-tetraene-6,2'-oxane]-2-one",CC[C@H](C)[C@@H]1[C@H](CC[C@@]2(O1)C[C@@H]3C[C@H](O2)C/C=C(/[C@H]([C@H](/C=C/C=C/4\CO[C@H]5[C@@]4([C@@H](C=C([C@H]5O)C)C(=O)O3)O)C)O[C@H]6C[C@@H]([C@H]([C@H](O6)C)O[C@H]7C[C@@H]([C@H]([C@H](O7)C)O)OC)OC)\C)C,0,0,0,0,0,0,0,0,0,0,0,0,0,0,0,0,0,0,0,0,0,0,0,0,0,0,0,1,0,0,0,0,0,0,0,0,0,0,0,0,0,0,0,0,0,0,0,0,0,0,0,1,0,0,1,0,0,0,1,0,0,0,0,0,0,0,0,1,0,0,0,0,0,1,0,0,0,1,0,0,0,0,0,0,1,0,0,0,0,0,1,1,1,0,1,0,0,1,0,1,1,0,1,0,0,0,1,0,0,1,1,0,0,1,0,1,1,1,0,1,0,1,0,0,1,0,0,1,1,1,1,0,1,1,0,0,0,0,1,0,1,1,1,0,1,0,1,1,1,0,1,1,0,1,1,1,1,0,1,0,1,1,0,0,1,1,1,0
"benzoic acid;(6S,24'S)-2-butan-2-yl-21',24'-dihydroxy-12'-[4-methoxy-5-[4-methoxy-6-methyl-5-(methylamino)oxan-2-yl]oxy-6-methyloxan-2-yl]oxy-3,11',13',22'-tetramethylspiro[2,3-dihydropyran-6,6'-3,7,19-trioxatetracyclo[15.6.1.14,8.020,24]pentacosa-10,14,16,22-tetraene]-2'-one",CCC(C)C1C(C=C[C@@]2(O1)CC3CC(O2)CC=C(C(C(C=CC=C4COC5[C@@]4(C(C=C(C5O)C)C(=O)O3)O)C)OC6CC(C(C(O6)C)OC7CC(C(C(O7)C)NC)OC)OC)C)C.C1=CC=C(C=C1)C(=O)O,0,0,0,0,0,0,0,0,0,0,0,0,0,0,0,0,0,0,0,0,0,0,0,0,0,0,0,1,0,0,0,0,0,0,0,0,0,0,0,0,0,0,0,0,0,0,0,0,0,0,0,1,0,0,1,0,0,0,1,0,0,0,0,0,0,0,0,1,0,0,0,0,0,1,0,0,0,1,0,0,0,0,0,0,1,0,0,0,0,0,1,1,1,0,1,0,1,1,0,1,1,0,1,0,0,0,1,0,0,1,1,0,0,1,0,1,1,1,0,0,0,1,0,0,1,0,0,1,1,1,0,0,1,1,1,0,0,1,1,0,1,1,1,0,1,0,1,1,0,0,1,1,1,1,1,1,1,1,1,1,1,1,1,1,1,1,1,1
Sodium Lauryl Sulfate,CCCCCCCCCCCCOS(=O)(=O)[O-].[Na+],0,0,0,0,0,0,0,0,0,0,0,0,0,0,0,0,0,0,0,0,0,0,0,0,0,0,0,0,0,0,0,0,0,0,0,0,1,0,0,0,1,1,0,0,0,1,0,0,0,1,1,0,0,0,0,0,1,0,0,1,0,1,1,0,0,0,0,0,1,0,0,0,0,0,1,0,0,0,0,0,0,0,0,0,0,0,0,0,0,1,0,0,0,0,0,0,0,0,0,0,0,0,0,1,0,0,0,1,0,1,1,0,0,1,0,1,1,1,0,1,0,0,0,0,0,1,0,1,0,1,1,1,0,1,0,0,0,1,0,0,0,1,0,0,0,0,0,1,1,1,0,0,0,0,1,0,1,0,1,0,1,1,0,0,0,1,0,1
Potassium cyanate,C(#N)[O-].[K+],0,0,0,0,0,0,0,0,0,0,0,0,0,0,0,0,0,0,0,0,0,0,0,0,0,0,0,0,0,0,0,0,0,0,0,0,1,0,0,0,0,0,1,0,0,1,0,0,0,0,1,0,0,0,0,0,0,0,0,0,0,0,0,0,0,0,0,0,0,0,0,0,0,0,0,0,0,0,0,0,0,0,0,0,0,0,0,0,0,0,0,0,0,0,0,0,0,0,0,0,0,0,0,0,0,0,0,0,0,0,0,1,0,0,0,0,0,0,1,0,0,0,0,0,0,0,0,0,0,0,0,0,0,0,0,0,0,0,0,0,0,0,0,0,0,0,0,0,0,0,0,0,0,0,0,0,0,0,1,0,0,0,1,0,0,1,0,1
Iodosulfuron,CC1=NC(=NC(=N1)OC)NC(=O)NS(=O)(=O)C2=C(C=CC(=C2)I)C(=O)O,0,0,0,0,0,0,0,0,0,0,0,0,0,0,0,0,0,0,0,0,0,0,0,0,0,0,1,0,1,0,0,0,0,1,1,0,0,0,1,1,0,0,0,0,1,0,0,0,0,0,0,0,1,0,0,0,1,0,0,1,1,1,1,0,0,1,1,0,1,0,1,0,0,0,1,0,0,0,1,0,0,1,1,0,0,0,0,0,1,1,1,0,0,0,1,1,0,0,1,1,0,0,0,1,0,0,0,1,1,0,0,1,0,1,1,0,0,0,1,0,0,1,1,0,1,1,1,1,1,0,0,1,1,0,1,1,1,1,1,0,1,1,0,1,1,1,1,1,0,1,1,1,1,0,0,1,0,1,1,1,1,1,1,1,1,1,1,0
Prothidathion,CCOP(=S)(OCC)SCN1C(=O)SC(=N1)OC(C)C,0,0,0,0,0,0,0,0,0,0,0,0,0,0,0,0,0,0,0,0,0,0,0,0,0,0,0,0,0,1,1,0,0,0,0,0,0,1,0,0,0,0,0,0,0,0,0,0,1,0,0,0,0,1,0,0,0,0,0,0,0,0,0,0,0,0,1,0,1,0,0,0,0,0,1,1,1,0,0,0,0,1,1,0,1,0,0,0,0,1,1,0,0,0,0,1,1,1,1,0,0,1,0,1,0,0,0,1,0,0,1,1,1,1,1,1,0,0,1,0,0,1,1,1,0,1,0,1,1,1,0,1,0,0,0,0,0,0,1,1,0,1,1,1,1,1,0,1,0,1,1,1,0,1,1,1,1,1,1,1,1,1,1,1,0,1,1,0
Strobilurin E,CC(=C[C@H]1O[C@@]2(COC3=C(O2)C=C(C=C3)/C=C/C=C(/C)\C(=C/OC)\C(=O)OC)C(O1)(C)C)C,0,0,0,0,0,0,0,0,0,0,0,0,0,0,0,0,0,0,0,0,0,0,0,0,0,0,0,0,0,0,0,0,0,0,0,0,0,0,0,0,0,0,0,0,0,0,0,0,0,0,0,1,0,0,0,0,0,0,1,0,0,0,0,0,0,0,0,1,0,0,0,0,0,1,0,1,0,1,0,0,0,0,0,0,1,0,0,0,0,0,1,0,0,0,1,0,0,1,0,1,1,0,1,0,0,0,1,0,0,0,1,0,0,1,1,0,0,1,0,0,0,1,0,0,1,0,0,1,0,0,0,0,0,1,0,0,0,0,1,0,0,1,1,0,0,1,1,1,0,0,1,0,0,1,1,1,0,0,1,0,1,1,0,1,1,1,1,0
"[(2R,3R,4S,6S,8R,16S,17R,18S)-11-ethyl-8,9-dihydroxy-4,6,16,18-tetramethoxy-11-azahexacyclo[7.7.2.12,5.01,10.03,8.013,17]nonadecan-13-yl]methyl 2-[(3S)-3-methyl-2,5-dioxopyrrolidin-1-yl]benzoate",CCN1CC2(CCC(C34[C@@H]2[C@@H](C(C31)([C@]5(C[C@@H](C6C[C@@H]4[C@@H]5[C@H]6OC)OC)O)O)OC)OC)COC(=O)C7=CC=CC=C7N8C(=O)C[C@@H](C8=O)C,0,0,0,0,0,0,0,0,0,0,0,0,0,0,0,0,0,0,0,0,1,0,0,0,0,0,0,0,0,0,0,0,0,0,0,0,0,0,0,0,0,0,0,0,0,0,0,0,0,0,0,0,0,0,0,1,0,0,0,0,0,0,0,1,0,0,0,1,0,0,0,0,0,1,0,0,1,0,0,0,0,0,0,0,1,0,1,1,0,0,1,1,1,1,1,0,1,1,1,1,0,1,1,0,0,1,1,0,0,1,1,1,1,1,0,1,1,1,1,1,0,1,1,1,1,0,0,1,1,1,1,0,1,1,1,0,1,1,1,1,1,1,1,1,1,1,1,1,1,1,1,1,0,1,1,1,1,1,1,1,1,1,1,1,1,1,1,0
Fluoxastrobin,CO/N=C(\C1=CC=CC=C1OC2=C(C(=NC=N2)OC3=CC=CC=C3Cl)F)/C4=NOCCO4,0,0,0,0,0,0,0,0,0,0,0,0,0,0,0,0,0,0,0,0,0,0,0,0,0,1,0,0,0,0,0,0,0,0,0,0,0,0,0,0,0,0,0,1,0,0,0,0,0,0,0,0,0,0,0,0,0,0,1,0,0,0,0,0,0,0,1,0,0,0,0,0,1,1,0,0,0,0,1,1,1,1,0,0,0,0,0,0,1,0,1,0,0,1,1,1,1,0,1,1,0,0,0,1,1,0,0,0,1,0,1,1,1,0,1,0,0,0,1,1,1,1,1,0,0,1,1,1,1,0,0,1,0,1,0,1,0,0,1,1,0,1,0,1,1,1,1,1,1,0,0,1,0,1,1,0,0,1,1,0,1,1,1,1,1,1,1,0
Copper abietate,CC(C)C1=CC2=CC[C@@H]3[C@@]([C@H]2CC1)(CCC[C@@]3(C)C(=O)[O-])C.CC(C)C1=CC2=CC[C@@H]3[C@@]([C@H]2CC1)(CCC[C@@]3(C)C(=O)[O-])C.[Cu+2],0,0,0,0,0,0,0,0,0,0,0,0,0,1,0,0,0,0,0,0,0,0,0,0,0,0,0,1,0,0,0,0,0,0,0,0,0,0,0,0,0,0,0,0,0,1,0,0,0,0,1,1,0,0,0,0,0,0,0,0,0,0,0,0,0,0,0,1,0,0,0,0,0,0,0,1,0,1,0,0,0,0,0,0,0,0,0,0,0,0,0,0,0,0,0,0,0,0,0,0,1,0,1,0,0,0,1,0,0,1,0,0,0,1,0,0,1,1,0,1,0,0,0,0,1,0,0,0,0,1,1,0,0,0,0,0,0,1,0,0,0,1,1,0,0,0,1,1,1,0,1,0,0,0,0,1,0,0,1,0,1,1,0,0,1,1,1,1
Bilanafos-sodium,C[C@@H](C(=O)N[C@@H](C)C(=O)O)NC(=O)[C@H](CCP(=O)(C)[O-])N.[Na+],0,0,0,0,0,0,0,0,0,0,0,0,0,0,0,0,0,0,0,0,0,0,0,0,0,0,0,0,0,0,1,0,0,0,0,0,1,0,0,0,0,0,0,0,0,1,0,0,0,0,1,0,0,0,0,1,0,0,0,0,0,0,0,0,0,0,0,0,0,0,0,0,0,0,0,0,0,0,0,0,1,0,0,0,0,1,0,1,0,0,0,1,1,1,1,0,1,0,0,0,0,0,0,1,0,1,0,0,0,0,0,1,1,1,0,0,1,1,1,1,0,0,0,0,1,1,0,0,0,0,0,1,1,1,0,0,0,1,0,0,1,1,1,1,0,0,0,1,1,1,1,0,1,0,1,1,1,1,1,1,1,1,1,0,0,1,0,1
"(1S,4R,5'R,6S,6'S,8S,10E,13S,14E,16E,20S,21S,24R)-21,24-dihydroxy-5',11,13,22-tetramethyl-6'-propan-2-ylspiro[3,7,19-trioxatetracyclo[15.6.1.14,8.020,24]pentacosa-10,14,16,22-tetraene-6,2'-oxane]-2-one",C[C@@H]1CC[C@@]2(C[C@H]3C[C@@H](O2)C/C=C(/C[C@@H](/C=C/C=C/4\CO[C@@H]5[C@]4([C@H](C=C([C@@H]5O)C)C(=O)O3)O)C)\C)O[C@H]1C(C)C,0,0,0,0,0,0,0,0,0,0,0,0,0,0,0,0,0,0,0,0,0,0,0,0,0,0,0,1,0,0,0,0,0,0,0,0,0,0,0,0,0,0,0,0,0,0,0,0,0,0,0,1,0,0,1,0,0,0,1,0,0,0,0,0,0,0,0,1,0,0,0,0,0,1,0,1,0,1,0,0,0,0,0,0,1,0,0,0,0,0,1,1,1,0,0,0,0,1,0,1,1,0,1,0,0,0,1,0,0,1,1,0,0,1,0,0,1,1,0,1,0,1,0,0,1,0,0,0,1,1,1,0,1,1,0,0,0,0,1,0,1,1,1,0,1,0,1,1,1,0,1,1,0,1,1,1,0,0,1,0,1,1,0,0,1,1,1,0
"(6S,24'S)-2-cyclohexyl-21',24'-dihydroxy-12'-[5-(5-hydroxy-4-methoxy-6-methyloxan-2-yl)oxy-4-methoxy-6-methyloxan-2-yl]oxy-3,11',13',22'-tetramethylspiro[2,3-dihydropyran-6,6'-3,7,19-trioxatetracyclo[15.6.1.14,8.020,24]pentacosa-10,14,16,22-tetraene]-2'-one",CC1C=CC=C2COC3[C@@]2(C(C=C(C3O)C)C(=O)OC4CC(CC=C(C1OC5CC(C(C(O5)C)OC6CC(C(C(O6)C)O)OC)OC)C)O[C@]7(C4)C=CC(C(O7)C8CCCCC8)C)O,0,0,0,0,0,0,0,0,0,0,0,0,0,0,0,0,0,0,0,0,0,0,0,0,0,0,0,1,0,0,0,0,0,0,0,0,0,0,0,0,0,0,0,0,0,0,0,0,0,0,0,1,0,0,1,0,0,0,1,0,0,0,0,1,0,0,0,1,0,0,0,0,0,1,0,0,0,1,0,0,0,0,0,0,1,0,0,0,0,0,1,1,1,0,1,0,0,1,0,1,1,0,1,0,0,0,1,0,0,1,1,0,0,1,0,0,0,1,0,1,0,1,0,0,1,0,0,1,1,1,1,0,1,1,0,0,0,0,1,0,1,1,1,0,1,0,1,1,1,0,1,1,0,1,1,1,0,0,1,0,1,1,0,0,1,1,1,0
"(6R,24S)-6'-butan-2-yl-21,24-dihydroxy-12-[5-(5-hydroxy-4-methoxy-6-methyloxan-2-yl)oxy-4-methoxy-6-methyloxan-2-yl]oxy-5',11,13,22-tetramethylspiro[3,7,19-trioxatetracyclo[15.6.1.14,8.020,24]pentacosa-10,14,16,22-tetraene-6,2'-oxane]-2-one",CCC(C)C1C(CC[C@@]2(O1)CC3CC(O2)CC=C(C(C(C=CC=C4COC5[C@@]4(C(C=C(C5O)C)C(=O)O3)O)C)OC6CC(C(C(O6)C)OC7CC(C(C(O7)C)O)OC)OC)C)C,0,0,0,0,0,0,0,0,0,0,0,0,0,0,0,0,0,0,0,0,0,0,0,0,0,0,0,1,0,0,0,0,0,0,0,0,0,0,0,0,0,0,0,0,0,0,0,0,0,0,0,1,0,0,1,0,0,0,1,0,0,0,0,0,0,0,0,1,0,0,0,0,0,1,0,0,0,1,0,0,0,0,0,0,1,0,0,0,0,0,1,1,1,0,1,0,0,1,0,1,1,0,1,0,0,0,1,0,0,1,1,0,0,1,0,1,1,1,0,1,0,1,0,0,1,0,0,1,1,1,1,0,1,1,0,0,0,0,1,0,1,1,1,0,1,0,1,1,1,0,1,1,0,1,1,1,1,0,1,0,1,1,0,0,1,1,1,0
Bensulide,CC(C)OP(=S)(OC(C)C)SCCNS(=O)(=O)C1=CC=CC=C1,0,0,0,0,0,0,0,0,0,0,0,0,0,0,0,0,0,0,0,0,0,0,0,0,0,0,0,0,0,0,1,0,0,1,1,0,0,0,0,0,0,0,0,0,0,0,0,0,0,0,0,0,1,0,0,0,1,0,0,1,1,1,1,0,0,1,0,0,1,0,1,0,0,0,1,1,0,0,0,0,0,0,1,1,0,0,0,0,0,1,0,0,0,0,0,1,0,0,0,0,0,1,0,1,0,1,0,1,0,0,0,0,1,1,0,0,0,0,1,1,0,0,0,0,0,1,0,1,0,0,0,1,0,0,0,0,0,1,0,1,0,1,1,0,0,0,0,1,1,1,1,0,1,1,1,0,1,1,1,1,1,1,1,1,1,1,1,0
Eptam,CCCN(CCC)C(=O)SCC,0,0,0,0,0,0,0,0,0,0,0,0,0,0,0,0,0,0,0,0,0,0,0,0,0,0,0,0,0,0,0,0,0,0,0,0,0,0,0,0,0,0,0,0,0,0,0,0,1,0,0,0,0,0,0,0,0,0,0,0,0,0,0,0,0,0,0,0,0,0,0,0,0,0,0,0,0,0,0,0,0,0,1,0,0,0,1,1,0,1,0,0,0,0,0,0,0,0,0,0,0,1,0,0,0,0,0,1,0,1,0,1,1,0,0,1,1,0,1,1,0,0,0,1,0,0,0,0,0,1,1,0,0,0,0,0,0,0,0,1,0,0,1,0,0,0,0,0,1,1,1,0,0,0,1,1,1,1,0,1,0,1,1,0,0,1,0,0
Bis(p-chlorophenyl)disulfide,C1=CC(=CC=C1SSC2=CC=C(C=C2)Cl)Cl,0,0,0,0,0,0,0,0,0,0,0,0,0,0,0,1,0,0,0,0,0,0,0,0,0,0,0,0,0,0,0,0,0,0,0,0,0,0,0,0,0,0,0,0,0,0,0,0,0,0,0,0,0,0,0,0,0,0,0,0,1,0,0,0,0,1,0,0,1,0,0,0,0,0,0,0,0,0,0,0,0,0,1,0,0,0,0,0,1,1,0,0,0,0,0,0,0,0,0,0,0,0,0,0,1,0,0,0,1,0,0,0,0,0,0,0,0,0,0,0,0,0,0,0,0,1,1,0,0,0,0,0,0,0,0,1,0,0,0,0,0,0,0,0,0,0,1,0,0,0,0,0,0,0,0,0,0,0,0,0,0,0,0,1,1,0,1,0
Nicosulfuron,CN(C)C(=O)C1=C(N=CC=C1)S(=O)(=O)NC(=O)NC2=NC(=CC(=N2)OC)OC,0,0,0,0,0,0,0,0,0,0,0,0,0,0,0,0,0,0,0,0,0,0,0,0,0,0,1,0,0,0,0,0,0,1,1,0,0,0,1,0,0,0,0,0,1,0,0,0,1,0,0,0,1,0,0,0,1,0,0,1,1,1,1,0,0,1,1,0,1,0,1,0,0,0,1,1,0,0,1,0,1,1,1,0,0,0,1,1,0,1,1,0,0,1,1,1,1,0,1,1,0,0,0,1,0,0,0,1,0,0,0,1,0,1,1,0,0,0,1,0,0,1,1,1,0,1,1,1,1,0,0,1,1,0,1,0,1,1,1,0,0,1,1,1,1,1,1,1,0,1,1,1,1,0,0,1,0,1,1,1,1,1,1,1,1,1,1,0
Dinobuton,CCC(C)C1=C(C(=CC(=C1)[N+](=O)[O-])[N+](=O)[O-])OC(=O)OC(C)C,0,0,0,0,0,0,0,0,0,0,0,0,0,0,0,0,1,0,0,0,0,0,0,0,0,1,0,0,0,0,0,0,0,0,0,0,0,0,0,0,0,0,0,0,0,0,0,0,0,0,1,0,0,0,0,0,0,1,0,0,0,0,0,0,1,0,0,0,0,0,0,1,1,0,0,1,0,0,0,0,0,1,0,0,0,0,0,0,0,0,1,0,0,0,0,1,1,0,0,0,0,0,0,1,0,0,0,1,0,0,0,0,0,0,1,1,1,0,0,0,1,0,0,1,1,1,0,1,1,0,0,1,0,0,1,0,1,1,0,0,0,1,1,1,1,1,0,1,0,1,1,1,0,1,0,1,1,1,1,1,1,1,1,1,1,1,1,0
Mobam,CNC(=O)OC1=C2C=CSC2=CC=C1,0,0,0,0,0,0,0,0,0,0,0,0,0,0,0,0,0,0,0,0,0,0,0,0,1,0,0,0,0,0,0,0,0,0,0,0,0,1,0,0,0,0,0,0,0,0,0,0,0,0,0,0,0,0,0,0,0,0,0,0,0,0,0,0,0,0,0,0,0,0,0,0,0,0,0,0,0,0,0,0,0,0,1,0,1,0,0,0,0,1,0,0,0,0,1,0,0,1,0,0,0,0,1,0,0,0,1,1,0,0,0,1,0,0,1,0,0,0,1,0,0,0,0,0,1,0,1,1,1,0,0,0,0,0,0,0,0,0,1,0,0,0,0,0,1,0,0,0,0,0,0,0,1,1,0,1,0,1,1,1,1,1,1,1,1,1,1,0
Lenacil,C1CCC(CC1)N2C(=O)C3=C(CCC3)NC2=O,0,0,0,0,0,0,0,0,0,0,0,0,0,0,0,0,0,0,0,0,0,0,0,0,0,0,0,0,0,0,0,0,0,0,0,0,0,0,1,0,0,0,0,0,0,0,0,0,0,0,0,0,0,0,0,0,0,0,0,0,0,0,0,1,0,0,1,0,0,0,0,0,0,0,0,0,1,0,1,0,0,1,0,0,0,0,1,0,0,0,1,1,1,1,0,0,0,1,1,1,0,0,1,0,0,1,1,1,0,0,0,1,1,0,1,0,0,0,1,1,0,1,1,1,0,0,0,0,1,1,1,0,0,0,1,0,0,1,1,0,0,0,0,1,1,1,1,0,1,1,0,1,1,0,0,1,0,1,0,1,1,0,1,1,1,1,1,0
"2,4-Dinitrophenyl thiocyanate",C1=CC(=C(C=C1[N+](=O)[O-])[N+](=O)[O-])SC#N,0,0,0,0,0,0,0,0,0,0,0,0,0,0,0,0,0,0,0,0,0,0,0,0,0,1,0,0,0,0,0,0,0,0,0,0,0,0,0,0,0,0,1,0,0,0,0,0,1,0,1,0,0,0,0,0,0,1,0,0,1,0,0,0,1,1,0,0,0,0,0,1,1,0,0,0,0,0,0,0,0,1,1,0,0,0,0,0,0,1,0,0,0,0,0,1,0,0,0,0,0,0,0,1,0,0,0,0,0,0,0,0,0,0,0,0,0,0,0,0,1,0,0,1,0,1,0,0,0,0,0,1,0,0,1,0,1,1,0,0,0,1,0,1,0,1,0,1,0,1,0,1,0,0,0,0,0,1,0,1,1,0,1,1,1,1,1,0
"2,4-D, butoxypropyl ester",CCCCOCCCOC(=O)COC1=C(C=C(C=C1)Cl)Cl,0,0,0,0,0,0,0,0,0,0,0,0,0,0,0,0,0,0,0,0,0,0,0,0,0,0,0,0,0,0,0,0,0,0,0,0,0,0,0,0,0,0,0,0,0,0,0,0,0,0,0,0,0,0,0,0,0,0,0,0,0,0,0,0,0,0,0,0,0,0,0,0,0,1,0,0,0,0,0,0,0,0,0,0,0,0,0,1,1,0,1,0,0,0,0,0,0,0,0,0,0,0,0,0,1,0,0,0,1,0,1,0,0,0,1,1,1,1,0,1,0,0,0,0,1,0,0,1,1,1,1,0,0,1,0,1,0,0,0,1,0,1,0,0,1,1,0,1,1,0,0,1,0,1,1,1,1,0,1,0,1,1,0,1,1,1,1,0
Sulfotep,CCOP(=S)(OCC)OP(=S)(OCC)OCC,0,0,0,0,0,0,0,0,0,0,0,0,0,0,0,0,0,0,0,0,0,0,0,0,0,0,0,0,0,0,1,0,0,0,0,0,0,0,0,0,0,0,0,0,0,0,0,0,0,1,0,0,0,0,0,0,0,0,0,0,0,0,0,0,0,0,0,0,1,0,0,0,0,0,1,0,0,0,0,0,0,0,1,0,0,0,0,0,0,1,1,0,0,0,0,0,0,0,0,0,0,0,0,1,0,0,0,1,0,0,1,0,0,1,0,1,0,0,0,0,0,0,0,0,0,1,0,1,0,1,0,1,0,0,0,0,0,0,0,1,0,1,1,0,0,0,0,1,0,1,1,0,0,0,1,0,1,0,1,0,1,1,0,0,0,1,0,0
Cypromid,C1CC1C(=O)NC2=CC(=C(C=C2)Cl)Cl,0,0,0,0,0,0,0,0,0,0,0,0,0,0,0,0,0,0,0,0,0,0,0,1,0,0,0,0,0,0,0,0,0,0,0,0,0,0,0,0,0,0,0,0,0,0,0,0,0,0,0,0,0,0,0,0,0,0,0,0,0,0,0,0,0,0,0,0,0,0,0,0,0,0,0,0,0,0,0,0,0,0,0,0,0,0,0,0,1,0,0,1,1,1,0,0,0,0,0,0,0,0,0,0,1,0,0,0,1,0,0,1,0,0,0,0,0,0,1,0,0,0,0,0,0,0,0,0,0,0,0,0,0,0,1,1,1,0,0,0,0,0,0,0,0,1,0,0,1,0,0,1,1,0,0,1,0,1,0,1,0,0,1,1,1,1,1,0
Endothion,COC1=COC(=CC1=O)CSP(=O)(OC)OC,0,0,0,0,0,0,0,0,0,0,0,0,0,0,0,0,0,0,0,0,0,0,0,0,0,0,0,0,0,0,1,0,0,0,0,0,0,0,0,0,0,0,0,0,0,0,0,0,0,1,0,0,0,0,0,0,0,0,1,0,0,0,0,0,0,0,0,0,1,0,0,0,0,1,0,0,0,0,0,0,0,0,1,0,0,0,0,0,0,1,1,0,0,0,1,0,0,0,0,1,0,0,0,1,0,0,0,1,0,1,0,0,0,1,1,0,0,0,0,0,0,0,0,0,0,1,0,1,1,0,0,1,0,1,0,0,0,1,1,0,0,1,1,0,1,1,0,1,0,1,1,1,0,1,1,1,1,0,1,0,1,1,0,1,1,1,1,0
"1,1,1-Trichloro-2,2-diphenylethane",C1=CC=C(C=C1)C(C2=CC=CC=C2)C(Cl)(Cl)Cl,0,0,0,0,0,0,0,0,0,0,0,0,0,0,0,0,0,0,0,0,0,0,0,0,0,0,0,0,0,0,0,0,0,0,0,0,0,0,0,0,0,0,0,0,0,0,0,0,0,0,0,0,0,0,0,0,0,0,0,0,0,0,0,0,0,0,0,0,0,0,0,0,0,0,0,0,0,0,0,0,0,0,0,0,0,0,0,0,0,0,0,0,0,0,0,0,0,0,0,0,0,0,0,0,1,0,0,1,1,0,0,0,0,1,0,0,0,0,0,0,0,0,0,0,0,0,1,0,0,0,0,0,0,0,0,1,0,0,0,0,0,0,0,0,0,0,1,0,0,0,0,0,0,0,0,0,0,0,0,0,0,0,0,1,1,0,1,0
"Sodium Phosphate, Dibasic",OP(=O)([O-])[O-].[Na+].[Na+],0,0,0,0,0,0,0,0,0,0,0,0,0,0,0,0,0,0,0,0,0,0,0,0,0,0,0,0,0,0,1,0,0,0,0,0,1,0,0,0,0,0,0,0,0,1,0,0,0,1,1,0,0,0,0,0,0,0,0,0,0,0,0,0,0,0,0,0,0,0,1,0,0,0,0,0,0,0,0,0,0,0,0,0,0,0,0,0,0,0,0,0,0,0,0,0,0,0,0,0,0,0,0,1,0,0,0,1,0,0,0,0,0,1,0,0,0,0,0,0,0,0,0,0,0,1,0,0,0,0,0,1,0,0,0,0,0,0,0,0,1,1,0,0,0,0,0,1,0,1,0,0,0,0,0,0,0,0,0,0,1,0,0,0,0,1,0,1
Demeton-S,CCOP(=O)(OCC)SCCSCC,0,0,0,0,0,0,0,0,0,0,0,0,0,0,0,0,0,0,0,0,0,0,0,0,0,0,0,0,0,0,1,0,0,0,0,0,0,0,0,0,0,0,0,0,0,0,0,0,0,1,0,0,0,0,0,0,0,0,0,0,0,0,0,0,0,0,0,0,1,0,0,0,0,0,0,0,0,0,0,0,0,0,1,0,0,0,0,1,0,1,0,0,0,0,0,0,0,0,0,0,0,0,0,1,0,0,0,1,0,1,1,0,0,1,0,1,0,1,0,1,0,0,0,0,0,1,0,1,0,1,1,1,0,0,0,0,0,0,0,1,0,0,1,0,0,0,0,1,1,1,1,0,0,0,1,0,1,0,1,0,1,1,0,0,0,1,0,0
Magnesium arsenate,[O-][As](=O)([O-])[O-].[O-][As](=O)([O-])[O-].[Mg+2].[Mg+2].[Mg+2],0,0,0,0,1,0,0,0,0,0,0,1,0,0,0,0,0,0,0,0,0,0,0,0,0,0,0,0,0,0,0,0,0,0,0,0,0,0,0,0,0,0,0,0,0,1,0,0,0,1,1,0,0,0,0,0,0,0,0,0,0,0,0,0,0,0,0,0,0,0,0,0,0,0,0,0,0,0,0,0,0,0,0,0,0,0,0,0,0,0,0,0,0,0,0,0,0,0,0,0,0,0,0,1,0,0,0,1,0,0,0,0,0,1,0,0,0,0,0,0,0,0,0,0,0,1,0,0,0,0,0,1,0,0,0,0,0,1,0,0,0,1,0,0,0,0,0,1,0,1,0,0,0,0,0,0,0,0,0,0,1,0,0,0,0,1,0,1
Drazoxolon,CC1=C(C(=O)ON1)N=NC2=CC=CC=C2Cl,0,0,0,0,0,0,0,0,0,0,0,0,0,0,0,0,0,0,0,0,0,0,0,0,0,0,0,0,0,0,0,0,0,0,0,0,0,0,0,0,0,0,0,0,0,0,0,0,0,0,0,0,0,1,0,0,0,0,1,0,0,0,0,0,0,0,1,0,0,0,1,0,1,0,0,0,0,0,0,0,1,1,0,0,1,0,0,0,1,0,0,0,0,0,0,1,1,1,1,0,0,0,0,1,1,0,0,0,1,0,0,0,0,0,1,0,0,0,0,0,1,1,1,0,1,1,1,0,1,0,0,1,0,0,1,1,1,0,1,0,0,0,0,1,1,1,0,0,0,0,0,1,1,0,0,1,0,1,0,1,1,1,1,1,1,1,1,0
Oxycarboxin,CC1=C(S(=O)(=O)CCO1)C(=O)NC2=CC=CC=C2,0,0,0,0,0,0,0,0,0,0,0,0,0,0,0,0,0,0,0,0,0,0,0,0,0,0,0,0,0,0,0,0,0,0,0,0,0,1,0,0,0,0,0,0,0,0,0,0,0,0,0,0,1,0,0,0,1,0,1,1,0,1,1,0,0,0,0,0,1,0,0,0,0,0,1,0,0,1,0,0,0,0,1,0,0,0,0,0,0,1,1,0,1,1,0,0,0,0,1,1,1,0,0,1,0,0,0,0,0,1,1,1,0,1,0,0,0,1,1,1,0,1,0,0,0,1,0,0,1,0,0,1,0,1,1,0,1,1,1,1,0,1,0,0,1,0,1,1,1,1,0,1,1,1,1,1,0,1,1,1,1,1,1,1,1,1,1,0
Allyxycarb,CC1=CC(=CC(=C1N(CC=C)CC=C)C)OC(=O)NC,0,0,0,0,0,0,0,0,0,0,0,0,0,0,0,0,0,0,0,0,0,0,0,0,1,0,0,0,0,0,0,0,0,0,0,1,0,0,0,0,0,0,0,0,0,0,0,0,0,0,0,0,0,0,0,0,0,0,0,0,0,0,0,0,0,0,0,0,0,0,0,0,0,0,0,0,0,0,0,0,0,0,0,0,0,0,1,1,0,0,0,0,0,0,1,0,0,0,0,0,1,1,0,0,0,0,0,1,0,1,0,1,0,0,1,0,0,0,1,0,0,0,0,1,1,0,0,1,1,0,0,0,0,0,1,0,1,0,0,1,0,0,1,1,1,1,0,0,0,1,1,1,1,1,1,1,1,1,1,1,1,1,1,1,1,1,1,0
Orthosulfamuron,CN(C)C(=O)C1=CC=CC=C1NS(=O)(=O)NC(=O)NC2=NC(=CC(=N2)OC)OC,0,0,0,0,0,0,0,0,0,0,0,0,0,0,0,0,0,0,0,0,0,0,0,0,0,0,1,0,0,0,0,0,0,0,1,0,0,0,1,0,0,0,0,0,1,0,0,0,0,0,0,0,0,0,1,0,1,0,0,1,0,1,1,0,0,0,1,0,1,0,1,0,0,0,1,1,0,0,1,0,0,1,0,0,0,0,1,1,0,1,1,0,0,1,1,1,0,0,1,1,0,0,0,1,0,0,0,1,0,0,0,1,0,1,1,0,0,0,1,0,0,1,1,1,0,1,1,1,1,0,0,1,1,0,1,0,1,1,1,0,0,1,1,1,1,1,1,1,0,1,1,1,1,0,0,1,0,1,1,1,1,1,1,1,1,1,1,0
Edifenphos,CCOP(=O)(SC1=CC=CC=C1)SC2=CC=CC=C2,0,0,0,0,0,0,0,0,0,0,0,0,0,0,0,0,0,0,0,0,0,0,0,0,0,0,0,0,0,0,1,0,0,0,0,0,0,0,0,0,0,0,0,0,0,0,0,0,0,0,0,0,0,0,0,0,0,0,0,0,1,0,0,0,0,1,0,0,1,0,0,0,0,0,0,0,0,0,0,0,0,0,1,0,0,0,0,0,0,1,0,0,0,0,0,0,0,0,0,0,0,0,0,1,0,0,0,1,0,0,1,0,0,1,0,1,0,0,0,0,0,0,0,0,0,1,1,1,0,0,0,1,0,0,0,0,0,0,0,0,0,0,0,0,0,0,1,0,0,1,0,0,0,0,1,0,1,0,1,0,1,1,0,1,1,1,1,0
Ammonium silicofluoride,[NH4+].[NH4+].F[Si-2](F)(F)(F)(F)F,0,0,0,0,0,0,0,0,0,0,0,0,0,0,0,0,0,0,0,0,0,1,0,0,0,0,0,0,0,0,0,0,1,0,0,0,0,0,0,0,0,0,0,1,0,0,0,0,0,0,1,0,0,0,0,0,0,0,0,0,0,0,0,0,0,0,0,0,0,0,0,0,0,0,0,0,0,0,0,0,0,0,0,0,0,0,0,0,0,0,0,0,0,0,0,0,0,0,0,0,0,0,0,0,0,0,0,1,1,0,0,0,0,1,0,0,0,0,0,0,0,0,0,0,0,1,0,0,0,0,0,1,1,0,0,1,0,0,0,0,0,0,0,1,0,0,0,0,0,1,0,0,1,0,0,0,0,0,0,0,0,0,1,0,0,0,0,1
2-Phenylethyl propionate,CCC(=O)OCCC1=CC=CC=C1,0,0,0,0,0,0,0,0,0,0,0,0,0,0,0,0,0,0,0,0,0,0,0,0,0,0,0,0,0,0,0,0,0,0,0,0,0,0,0,0,0,0,0,0,0,0,0,0,0,0,0,0,0,0,0,0,0,0,0,0,0,0,0,0,0,0,0,0,0,0,0,0,0,0,0,0,0,0,0,0,0,0,0,0,0,0,0,0,0,0,0,0,0,0,0,0,0,0,0,0,0,0,0,0,0,0,0,0,0,1,1,0,0,0,0,1,0,0,0,1,0,0,0,0,1,0,0,1,0,1,1,0,0,1,0,0,0,0,0,0,0,0,0,0,0,0,0,0,1,0,0,0,0,0,1,1,1,0,1,0,1,1,0,1,1,1,1,0
Oxamyl,CNC(=O)ON=C(C(=O)N(C)C)SC,0,0,0,0,0,0,0,0,0,0,0,0,0,0,0,0,0,0,0,0,0,0,0,0,1,1,0,0,0,0,0,0,0,0,0,0,0,0,0,0,0,0,0,0,0,0,0,0,1,0,0,0,0,0,0,0,0,0,0,0,0,0,0,0,0,0,0,0,0,0,0,0,1,0,0,1,0,0,0,1,1,0,1,0,0,0,1,1,0,1,1,0,0,1,1,1,1,0,1,0,0,0,0,1,0,0,0,1,0,0,0,1,0,0,0,0,0,0,1,0,1,0,0,1,1,1,0,1,0,0,0,0,0,0,0,0,0,1,0,0,0,0,1,1,0,0,0,1,0,1,1,0,1,0,0,1,0,1,1,1,1,1,1,0,0,1,0,0
Fosthietan,CCOP(=O)(N=C1SCS1)OCC,0,0,0,0,0,0,0,0,0,1,0,0,1,0,0,0,0,0,0,0,0,0,0,0,0,0,0,0,0,1,1,0,0,0,0,0,0,1,0,0,0,0,0,0,0,0,0,0,1,1,0,0,0,0,0,0,0,0,0,0,0,0,0,0,0,0,0,0,0,0,0,0,0,0,0,0,0,0,0,1,0,0,1,0,0,0,0,0,0,1,0,0,0,0,0,1,0,0,0,0,0,0,0,1,0,0,0,1,0,0,1,0,0,1,0,1,0,0,1,0,1,1,0,0,0,1,0,1,0,1,0,1,0,0,1,0,0,0,1,1,0,0,0,0,0,0,0,1,0,1,1,0,0,0,1,0,1,1,1,0,1,1,1,0,0,1,1,0
Chlorthiophos I,CCOP(=S)(OCC)OC1=CC(=C(C=C1Cl)SC)Cl,0,0,0,0,0,0,0,0,0,0,0,0,0,0,0,0,0,0,0,0,0,0,0,0,0,0,0,0,0,0,1,0,0,0,0,0,0,0,0,0,0,0,0,0,0,0,0,0,0,1,0,0,0,0,0,0,0,0,0,0,1,0,0,0,0,1,0,0,1,0,0,0,0,0,1,0,0,0,0,0,0,0,1,0,0,0,0,0,1,1,0,0,0,0,1,0,0,0,0,0,0,0,0,1,1,0,0,1,1,0,1,0,0,1,1,1,0,0,0,0,0,0,0,0,0,1,0,1,1,1,0,1,0,0,0,1,0,0,0,1,0,0,1,0,1,1,0,1,0,1,1,1,0,1,1,0,1,0,1,0,1,1,0,1,1,1,1,0
Isoprothiolane,CC(C)OC(=O)C(=C1SCCS1)C(=O)OC(C)C,0,0,0,0,0,0,0,0,0,0,0,0,0,0,0,0,0,0,0,0,0,0,1,0,0,0,0,0,0,0,0,0,0,0,0,0,0,1,0,0,0,0,0,0,0,0,0,0,0,0,0,1,0,0,0,0,0,0,0,0,0,0,0,0,0,0,0,0,0,0,0,0,0,0,0,1,0,1,0,0,0,0,1,0,1,0,0,0,0,1,1,0,0,0,0,0,0,1,0,0,1,0,0,0,0,0,0,0,0,0,0,0,0,0,0,0,0,0,0,1,0,1,0,0,1,0,0,1,0,0,0,0,0,0,0,0,0,1,1,1,0,1,1,0,0,0,0,1,1,0,1,0,0,1,1,1,0,0,1,0,1,1,0,0,0,1,1,0
Fluoridamid,CC1=C(C=C(C=C1)NC(=O)C)NS(=O)(=O)C(F)(F)F,0,0,0,0,0,0,0,0,0,0,0,0,0,0,0,0,0,0,0,0,0,0,0,0,0,0,0,0,0,0,0,0,0,1,1,0,0,0,0,0,0,0,0,1,0,0,0,0,0,0,0,0,1,0,1,0,1,0,0,1,0,1,1,0,0,0,0,0,1,0,1,0,0,0,1,0,0,0,0,0,0,1,1,0,0,0,0,0,0,1,0,0,0,1,0,1,0,0,0,0,0,0,0,1,0,0,0,1,1,0,0,1,0,1,0,0,0,0,1,0,0,0,0,0,0,1,0,0,0,0,0,1,1,0,1,1,1,1,0,0,0,0,0,1,0,1,0,1,0,1,1,1,1,0,0,1,0,1,0,1,1,1,1,1,1,1,1,0
"N-(4,6-Bis((1-methylethyl)amino)-1,3,5-triazin-2-yl)-N-methylcyanamide",CC(C)NC1=NC(=NC(=N1)N(C)C#N)NC(C)C,0,0,0,0,0,0,0,0,0,0,0,0,0,0,0,0,0,0,0,0,0,0,0,0,0,0,1,0,0,0,0,0,0,0,0,0,0,0,0,0,0,0,1,0,0,0,0,0,0,0,0,0,0,0,1,0,0,0,0,0,0,0,0,0,0,0,1,0,0,0,0,0,0,0,0,1,0,0,1,0,0,1,0,0,0,0,1,0,0,0,0,0,0,0,1,0,0,0,0,1,0,0,0,0,0,0,0,1,0,0,0,0,0,0,0,0,0,0,0,0,0,1,1,1,0,0,0,0,0,0,0,0,1,0,1,0,1,0,1,0,0,0,1,1,0,0,0,0,0,1,1,0,1,0,0,0,0,1,0,1,0,1,1,1,1,0,1,0
Magnesium phosphide,[Mg+2].[Mg+2].[Mg+2].[P-3].[P-3],0,0,0,0,0,0,0,0,0,0,0,1,0,0,0,0,0,0,0,0,0,0,0,0,0,0,0,0,0,0,1,0,0,0,0,0,0,0,0,0,0,0,0,0,0,1,0,0,0,0,1,0,0,0,0,0,0,0,0,0,0,0,0,0,0,0,0,0,0,0,0,0,0,0,0,0,0,0,0,0,0,0,0,0,0,0,0,0,0,0,0,0,0,0,0,0,0,0,0,0,0,0,0,0,0,0,0,0,0,0,0,0,0,0,0,0,0,0,0,0,0,0,0,0,0,0,0,0,0,0,0,0,0,0,0,0,0,0,0,0,0,0,0,0,0,0,0,0,0,0,0,0,0,0,0,0,0,0,0,0,0,0,0,0,0,0,0,1
Dodemorph acetate,CC1CN(CC(O1)C)C2CCCCCCCCCCC2.CC(=O)O,0,0,0,0,0,0,0,0,0,0,0,0,0,0,0,0,0,0,0,0,0,0,0,0,0,0,0,0,0,0,0,0,0,0,0,0,0,0,0,0,0,0,0,0,0,0,0,0,0,0,0,0,0,0,0,0,0,0,1,0,0,0,0,1,0,0,0,0,0,0,0,0,0,0,0,0,1,0,0,0,0,0,0,0,0,0,1,1,0,0,0,0,0,0,0,0,1,0,0,1,0,1,1,0,0,0,0,0,0,1,0,0,1,0,0,0,1,0,0,1,0,1,1,1,1,0,0,0,0,1,1,0,0,1,1,0,0,0,1,1,1,0,1,0,0,0,0,1,1,1,1,0,0,1,1,1,0,1,1,1,1,1,1,0,1,1,1,1
Butoxycarboxim,CC(C(=NOC(=O)NC)C)S(=O)(=O)C,0,0,0,0,0,0,0,0,0,0,0,0,0,0,0,0,0,0,0,0,0,0,0,0,1,1,0,0,0,0,0,0,0,0,0,0,0,0,0,0,0,0,0,0,0,0,0,0,0,0,0,0,1,0,0,0,1,0,0,1,0,1,1,0,0,0,0,0,1,0,0,0,1,0,1,0,0,0,0,1,1,0,1,0,0,0,0,0,0,1,0,0,0,0,1,1,1,0,1,0,0,0,0,1,0,0,0,1,0,0,0,1,0,1,0,0,0,0,1,0,1,0,0,0,1,1,0,1,0,0,0,1,0,0,0,0,0,1,0,0,0,1,1,1,0,0,0,1,0,1,1,0,1,0,0,1,0,1,1,1,1,1,1,0,0,1,0,0
Metsulfuron-methyl,CC1=NC(=NC(=N1)OC)NC(=O)NS(=O)(=O)C2=CC=CC=C2C(=O)OC,0,0,0,0,0,0,0,0,0,0,0,0,0,0,0,0,0,0,0,0,0,0,0,0,0,0,1,0,0,0,0,0,0,1,1,0,0,0,1,1,0,0,0,0,1,0,0,0,0,0,0,0,1,0,0,0,1,0,0,1,1,1,1,0,0,1,1,0,1,0,1,0,0,0,1,0,0,0,1,0,0,1,1,0,0,0,0,0,0,1,1,0,0,0,1,1,0,0,1,1,0,0,0,1,0,0,0,1,0,0,0,1,0,1,1,0,0,0,1,0,0,1,1,0,1,1,1,1,1,0,0,1,1,0,1,0,1,1,1,0,0,1,1,1,1,1,1,1,0,1,1,1,1,0,0,1,0,1,1,1,1,1,1,1,1,1,1,0
Disodium cyanodithioimidocarbonate,C(#N)N=C([S-])[S-].[Na+].[Na+],0,0,0,0,0,0,0,0,0,0,0,0,0,0,0,0,0,0,0,0,0,0,0,0,0,0,0,0,0,0,0,0,0,0,0,0,1,0,0,0,0,0,1,0,0,1,0,0,1,0,1,0,0,0,0,0,0,0,0,0,0,0,0,0,0,0,0,0,0,0,0,0,0,0,0,0,0,0,1,1,0,0,1,0,0,0,0,0,0,1,0,0,0,0,0,0,0,0,0,0,0,0,0,0,0,0,0,1,0,0,0,0,0,0,0,0,0,0,0,0,1,0,0,0,0,0,0,0,0,0,0,0,0,0,0,0,0,0,0,0,0,0,0,1,0,0,0,0,0,0,0,0,0,0,0,0,0,1,0,1,0,0,1,0,0,0,0,1
(S)-(-)-1-Amino-2-(methoxymethyl)pyrrolidine,COC[C@@H]1CCCN1N,0,0,0,0,0,0,0,0,0,0,0,0,0,0,0,0,0,0,0,0,0,0,0,0,0,0,0,0,0,0,0,0,0,0,0,0,0,0,0,0,0,0,0,0,0,0,0,0,0,0,0,0,0,1,0,0,0,0,0,0,0,0,0,0,0,0,0,0,0,0,1,0,0,0,0,0,1,0,0,0,0,0,0,0,1,1,0,1,0,0,0,1,1,0,1,1,1,1,1,0,0,1,0,0,0,1,0,0,0,1,1,0,1,0,0,0,1,0,0,1,0,0,1,1,0,1,0,1,0,1,1,0,0,0,1,0,0,0,1,1,0,0,0,1,0,0,0,0,1,1,0,1,1,0,1,0,1,1,1,1,0,1,1,0,0,1,1,0
1S-cis-Bifenthrin,CC1=C(C=CC=C1C2=CC=CC=C2)COC(=O)[C@H]3[C@H](C3(C)C)/C=C(/C(F)(F)F)\Cl,0,0,0,0,0,0,0,0,0,0,0,0,0,0,0,0,0,0,0,0,0,0,0,1,0,0,0,0,0,0,0,0,0,0,0,0,0,0,0,0,0,0,0,1,0,0,0,0,0,0,0,0,0,0,0,0,0,0,0,0,0,0,0,1,0,0,0,1,0,0,0,0,0,0,0,1,0,1,0,0,0,0,0,0,0,0,0,0,0,0,0,0,0,0,0,0,0,0,0,0,1,0,0,0,1,0,0,1,1,0,1,0,0,1,0,0,0,1,0,0,0,0,0,0,1,0,1,1,0,0,0,0,0,0,0,1,0,0,0,0,0,0,1,0,0,1,1,0,0,0,1,1,0,0,1,1,1,0,1,0,1,1,0,1,1,1,1,0
Chlorhexidine Gluconate,C1=CC(=CC=C1N/C(=N/C(=NCCCCCCN=C(/N=C(/NC2=CC=C(C=C2)Cl)\N)N)N)/N)Cl.C(O)[C@@H](O)[C@@H](O)[C@H](O)[C@@H](O)C(=O)O.C(O)[C@@H](O)[C@@H](O)[C@H](O)[C@@H](O)C(=O)O,0,0,0,0,0,0,0,0,0,0,0,0,0,0,0,0,0,0,0,0,0,0,0,0,0,0,1,0,0,0,0,0,0,0,0,0,0,0,0,0,0,0,0,0,1,0,0,0,0,0,0,0,0,0,1,1,0,0,0,0,0,0,0,0,0,0,0,0,0,0,0,0,0,1,0,0,0,0,1,1,0,1,0,1,0,1,0,0,1,0,1,1,1,0,0,0,0,0,0,0,0,1,0,0,1,1,0,1,1,0,1,0,1,0,0,0,0,0,0,1,1,0,0,0,1,0,1,0,0,1,1,0,1,1,1,1,1,1,0,1,1,1,0,1,0,0,1,1,1,0,0,0,1,1,1,1,1,1,1,1,1,0,1,1,1,1,1,1
"(20-Ethyl-7,8-dihydroxy-1beta,6beta,14beta,16beta-tetramethoxy-10alpha-aconitan-4-yl)methyl 2-[(3S)-3-methyl-2,5-dioxopyrrolidin-1-yl]benzoate",CCN1C[C@@]2(CC[C@H]([C@@]34[C@@H]2[C@@H]([C@]([C@H]31)([C@]5(C[C@@H]([C@H]6C[C@H]4[C@@H]5[C@H]6OC)OC)O)O)OC)OC)COC(=O)C7=CC=CC=C7N8C(=O)C[C@@H](C8=O)C,0,0,0,0,0,0,0,0,0,0,0,0,0,0,0,0,0,0,0,0,1,0,0,0,0,0,0,0,0,0,0,0,0,0,0,0,0,0,0,0,0,0,0,0,0,0,0,0,0,0,0,0,0,0,0,1,0,0,0,0,0,0,0,1,0,0,0,1,0,0,0,0,0,1,0,0,1,0,0,0,0,0,0,0,1,0,1,1,0,0,1,1,1,1,1,0,1,1,1,1,0,1,1,0,0,1,1,0,0,1,1,1,1,1,0,1,1,1,1,1,0,1,1,1,1,0,0,1,1,1,1,0,1,1,1,0,1,1,1,1,1,1,1,1,1,1,1,1,1,1,1,1,0,1,1,1,1,1,1,1,1,1,1,1,1,1,1,0
Potassium polysilicate,[O-][Si]([O-])([O-])[O-].[K+].[K+].[K+].[K+],0,0,0,0,0,0,0,0,0,0,0,0,0,0,0,0,0,0,0,0,0,1,0,0,0,0,0,0,0,0,0,0,0,0,0,0,1,0,0,0,0,0,0,0,0,1,0,0,0,1,1,0,0,0,0,0,0,0,0,0,0,0,0,0,0,0,0,0,0,0,0,0,0,0,0,0,0,0,0,0,0,0,0,0,0,0,0,0,0,0,0,0,0,0,0,0,0,0,0,0,0,0,0,1,0,0,0,1,0,0,0,0,0,1,0,0,0,0,0,0,0,0,0,0,0,1,0,0,0,0,0,1,0,0,0,0,0,0,0,0,0,1,0,0,0,0,0,1,0,1,0,0,0,0,0,0,0,0,0,0,1,0,0,0,0,1,0,1
Vapam,CNC(=S)S.[Na+],0,0,0,0,0,0,0,0,0,0,0,0,0,0,0,0,0,0,0,0,0,0,0,0,0,0,0,0,0,0,0,0,0,0,0,0,1,0,0,0,0,0,0,0,1,1,0,0,1,0,1,0,0,0,0,0,0,0,0,0,0,0,0,0,0,0,0,0,0,0,0,0,0,0,1,0,0,0,0,0,0,0,1,0,0,0,0,0,0,1,0,0,0,0,1,0,0,0,0,0,0,0,0,0,0,0,0,1,0,0,0,0,0,0,0,0,0,0,0,0,0,0,0,0,0,0,0,0,0,0,0,0,1,0,0,0,0,0,0,0,0,0,0,0,0,0,0,0,0,0,0,0,1,0,0,0,0,1,0,1,0,1,1,0,0,0,0,1
Methanediol dipropanoate,CCC(=O)OCOC(=O)CC,0,0,0,0,0,0,0,0,0,0,0,0,0,0,0,0,0,0,0,0,0,0,0,0,0,0,0,0,0,1,0,0,0,0,0,0,0,0,0,0,0,0,0,0,0,0,0,0,0,0,0,0,0,0,0,0,0,0,0,0,0,0,0,0,0,0,0,0,0,0,0,0,0,0,0,0,0,0,0,0,0,0,0,0,0,0,0,0,0,0,1,0,0,0,0,0,0,0,0,0,0,0,0,0,0,0,0,0,0,1,1,0,0,0,0,1,0,0,0,0,0,0,0,0,1,0,0,1,0,0,1,0,0,1,0,0,0,1,0,0,0,1,0,0,0,0,0,1,0,0,1,0,0,0,1,1,1,0,1,0,1,1,0,0,0,1,0,0
5-(2-Chloro-4-(trifluoromethyl)phenoxy)-2-nitrobenzoate,C1=CC(=C(C=C1C(F)(F)F)Cl)OC2=CC(=C(C=C2)[N+](=O)[O-])C(=O)[O-],0,0,0,0,0,0,0,0,0,0,0,0,0,0,0,0,0,0,0,0,0,0,0,0,0,1,0,0,0,0,0,0,0,0,0,0,0,0,0,0,0,0,0,1,0,0,0,0,0,0,1,0,0,0,0,0,0,1,0,0,0,0,0,0,1,0,0,0,0,0,0,1,1,0,0,0,0,0,0,0,0,0,0,0,0,0,0,0,1,0,0,0,0,0,0,1,0,0,1,0,0,0,0,1,1,0,0,1,1,0,0,0,0,1,1,0,0,0,0,0,1,0,0,1,1,1,1,1,1,0,0,1,0,0,1,1,1,1,0,0,0,1,0,0,1,1,1,1,0,1,0,1,0,1,0,1,0,1,1,1,1,0,1,1,1,1,1,0
"dimethyl (1S,4S,5R,6S,7S,8R,11S,12R,14S,15R)-12-acetyloxy-4,7-dihydroxy-6-[(1R,2S,6S,8R,9R,11S)-2-hydroxy-11-methyl-5,7,10-trioxatetracyclo[6.3.1.02,6.09,11]dodec-3-en-9-yl]-6-methyl-14-[(E)-2-methylbut-2-enoyl]oxy-3,9-dioxatetracyclo[6.6.1.01,5.011,15]pentadecane-4,11-dicarboxylate",C/C=C(\C)/C(=O)O[C@H]1C[C@H]([C@]2(CO[C@@H]3[C@@H]2[C@]14CO[C@@]([C@H]4[C@]([C@@H]3O)(C)[C@@]56[C@H]7C[C@@H]([C@@]5(O6)C)[C@]8(C=CO[C@H]8O7)O)(C(=O)OC)O)C(=O)OC)OC(=O)C,0,0,0,0,0,0,0,0,0,0,0,0,0,0,0,0,0,1,0,0,1,0,0,1,0,0,0,0,0,0,0,0,0,0,0,0,0,0,0,0,0,0,0,0,0,0,0,0,0,0,0,1,0,0,0,0,0,0,1,0,0,0,0,1,0,0,0,1,0,0,0,0,0,1,0,0,0,1,0,0,0,0,0,0,1,0,0,0,0,0,1,1,1,0,1,0,0,1,0,1,1,0,1,0,0,0,1,0,0,1,1,0,0,1,0,0,0,1,0,0,0,1,0,0,1,0,0,1,1,1,1,0,1,1,0,0,0,1,1,1,1,1,1,0,1,0,1,1,0,0,1,1,0,1,1,1,0,0,1,0,1,1,0,0,1,1,1,0
Spinosad [ISO],CC[C@H]1CCCC([C@H](C(=O)C2=C[C@H]3[C@@H]4C[C@@H](C[C@H]4C=C[C@H]3[C@@H]2CC(=O)O1)O[C@H]5[C@@H]([C@@H]([C@H]([C@@H](O5)C)OC)OC)OC)C)O[C@H]6CC[C@@H]([C@H](O6)C)N(C)C.CC[C@H]1CCCC([C@H](C(=O)C2=C[C@H]3[C@@H]4C[C@@H](C[C@H]4C(=C[C@H]3[C@@H]2CC(=O)O1)C)O[C@H]5[C@@H]([C@@H]([C@H]([C@@H](O5)C)OC)OC)OC)C)O[C@H]6CC[C@@H]([C@H](O6)C)N(C)C,0,0,0,0,0,0,0,0,0,0,0,0,0,0,0,0,0,0,0,0,0,0,0,0,0,0,0,1,0,0,0,0,0,0,0,0,0,0,0,0,0,0,0,0,0,0,0,0,0,0,0,1,0,0,0,0,0,0,1,0,0,0,0,0,0,0,0,0,0,0,0,0,0,1,0,1,0,1,0,0,0,0,0,0,0,0,1,1,0,0,1,0,0,0,1,0,1,1,0,1,1,0,1,0,0,0,1,0,0,1,0,0,1,0,0,1,0,1,0,1,0,1,0,1,1,0,0,1,1,1,1,0,0,1,1,0,0,1,1,0,0,1,1,1,1,0,1,1,1,1,1,1,0,1,0,1,1,1,1,1,1,1,1,0,1,1,1,1
Caswell No. 413F,CCCCCCCCCCCC(CC1=CC=CC=C1)[N+]2=CC=CC=C2.[Cl-],0,0,0,0,0,0,0,0,0,0,0,0,0,0,0,0,0,0,0,0,0,0,0,0,0,0,0,0,0,0,0,0,0,0,0,0,0,0,0,0,0,0,0,0,0,0,0,0,0,0,1,0,0,0,0,0,0,0,0,0,0,0,0,0,0,0,1,0,0,0,0,0,0,0,0,0,1,0,0,0,0,0,0,0,0,0,1,0,0,0,0,0,0,0,0,0,0,0,0,1,0,0,0,0,1,0,0,0,0,1,0,0,1,0,0,1,1,1,0,1,0,0,1,1,0,0,1,0,0,1,1,0,0,0,0,1,0,0,1,0,0,0,0,0,0,0,1,0,1,1,0,0,0,0,0,0,1,1,0,1,0,1,1,1,1,0,1,1
Benthiavalicarb isopropyl,C[C@H](C1=NC2=C(S1)C=C(C=C2)F)NC(=O)[C@H](C(C)C)NC(=O)OC(C)C,0,0,0,0,0,0,0,0,0,0,0,0,0,0,0,0,0,0,0,0,0,0,0,0,1,0,0,0,0,0,0,0,0,0,0,0,0,1,0,0,0,0,0,1,0,0,0,0,1,0,0,0,0,0,0,1,0,0,0,0,0,0,0,0,0,0,1,0,0,0,0,0,0,0,0,1,0,0,0,0,1,0,1,0,1,0,0,0,1,1,0,0,0,1,0,0,1,1,0,0,0,0,1,0,0,0,1,1,1,0,0,1,0,0,0,0,0,0,1,0,0,1,1,0,1,0,1,1,0,0,0,0,1,0,0,1,0,1,1,0,0,0,1,1,0,0,0,1,0,0,1,0,1,1,0,1,0,1,1,1,1,1,1,1,1,1,1,0
Methyllycaconitine,CCN1C[C@@]2(CC[C@@H]([C@]34[C@@H]2[C@@H]([C@@]([C@H]31)([C@]5(C[C@@H]([C@H]6C[C@@H]4[C@@H]5[C@H]6OC)OC)O)O)OC)OC)COC(=O)C7=CC=CC=C7N8C(=O)C[C@@H](C8=O)C,0,0,0,0,0,0,0,0,0,0,0,0,0,0,0,0,0,0,0,0,1,0,0,0,0,0,0,0,0,0,0,0,0,0,0,0,0,0,0,0,0,0,0,0,0,0,0,0,0,0,0,0,0,0,0,1,0,0,0,0,0,0,0,1,0,0,0,1,0,0,0,0,0,1,0,0,1,0,0,0,0,0,0,0,1,0,1,1,0,0,1,1,1,1,1,0,1,1,1,1,0,1,1,0,0,1,1,0,0,1,1,1,1,1,0,1,1,1,1,1,0,1,1,1,1,0,0,1,1,1,1,0,1,1,1,0,1,1,1,1,1,1,1,1,1,1,1,1,1,1,1,1,0,1,1,1,1,1,1,1,1,1,1,1,1,1,1,0
Dihydrogen ethyl(phosphato-kappaO)mercurate(2-),[H+].[H+].CC[Hg]OP(=O)([O-])[O-],0,0,0,0,0,0,0,0,0,0,0,0,0,1,0,0,0,0,0,0,0,0,0,0,0,0,0,0,0,0,1,0,0,0,0,0,0,0,0,0,0,0,0,0,0,1,0,0,0,1,1,0,0,0,0,0,0,0,0,0,0,0,0,0,0,0,0,0,0,0,0,0,0,0,0,0,0,0,0,0,0,0,0,0,0,0,0,0,0,0,0,0,0,0,0,0,0,0,0,0,0,0,0,1,0,0,0,1,0,0,0,0,0,1,0,1,0,0,0,0,0,0,0,0,0,1,0,1,0,0,0,1,0,1,0,0,0,0,0,0,0,1,0,0,0,0,0,1,0,1,0,0,0,0,1,0,1,0,0,0,1,1,0,0,0,1,0,1
Orysastrobin 100 |Ig/mL in Acetonitrile,C/C(=N/OC)/C(=N\OC)/C(=N/OCC1=CC=CC=C1/C(=N\OC)/C(=O)NC)/C,0,0,0,0,0,0,0,0,0,0,0,0,0,0,0,0,0,0,0,0,0,0,0,0,0,1,0,0,0,0,0,0,0,0,0,0,0,0,0,0,0,0,0,0,0,0,0,0,0,0,0,0,0,0,0,0,0,0,0,0,0,0,0,0,0,0,0,0,0,0,0,0,1,0,0,0,0,0,0,1,1,1,0,0,0,0,0,0,0,0,1,0,0,1,1,1,1,0,1,0,0,0,0,1,0,0,0,0,0,1,1,1,1,0,0,0,0,0,1,0,1,0,0,0,0,1,0,1,0,0,0,1,0,0,0,0,0,0,0,0,0,1,1,1,0,1,0,1,0,0,1,1,1,0,1,1,1,1,1,1,1,1,1,1,1,1,1,0
"(2-methyl-3-phenyl-phenyl)methyl (3S)-3-[(Z)-2-chloro-3,3,3-trifluoro-prop-1-enyl]-2,2-dimethyl-cyclopropanecarboxylate",CC1=C(C=CC=C1C2=CC=CC=C2)COC(=O)C3[C@H](C3(C)C)/C=C(/C(F)(F)F)\Cl,0,0,0,0,0,0,0,0,0,0,0,0,0,0,0,0,0,0,0,0,0,0,0,1,0,0,0,0,0,0,0,0,0,0,0,0,0,0,0,0,0,0,0,1,0,0,0,0,0,0,0,0,0,0,0,0,0,0,0,0,0,0,0,1,0,0,0,1,0,0,0,0,0,0,0,1,0,1,0,0,0,0,0,0,0,0,0,0,0,0,0,0,0,0,0,0,0,0,0,0,1,0,0,0,1,0,0,1,1,0,1,0,0,1,0,0,0,1,0,0,0,0,0,0,1,0,1,1,0,0,0,0,0,0,0,1,0,0,0,0,0,0,1,0,0,1,1,0,0,0,1,1,0,0,1,1,1,0,1,0,1,1,0,1,1,1,1,0
Copper oxychloride sulfate,[OH-].[OH-].[OH-].[OH-].[OH-].[OH-].[OH-].[OH-].[OH-].[O-]S(=O)(=O)[O-].[Cl-].[Cu+2].[Cu+2].[Cu+2].[Cu+2].[Cu+2].[Cu+2],0,0,0,0,0,0,0,0,0,0,0,0,0,1,0,0,0,0,0,0,0,0,0,0,0,0,0,0,0,0,0,0,0,0,0,0,0,0,0,0,1,1,0,0,0,1,0,0,0,1,1,0,0,0,0,0,1,0,0,1,0,1,1,0,0,0,0,0,1,0,0,0,0,0,1,0,0,0,0,0,0,0,0,0,0,0,0,0,0,1,0,0,0,0,0,0,0,0,0,0,0,0,0,1,1,0,0,1,0,0,0,0,0,1,0,0,0,0,0,0,0,0,0,0,0,1,0,0,0,0,0,1,1,0,0,1,0,1,0,0,1,1,0,0,0,0,0,1,0,1,0,0,0,0,0,0,0,0,0,0,1,0,0,0,0,1,0,1
"Endothall di(N,N-dimethyltridecylamine)",CCCCCCCCCCCCCN(C)C.CCCCCCCCCCCCCN(C)C.C1C[C@H]2[C@@H]([C@@H]([C@@H]1O2)C(=O)O)C(=O)O,0,0,0,0,0,0,0,0,0,0,0,0,0,0,0,0,0,0,0,0,0,0,0,0,0,0,0,0,0,0,0,0,0,0,0,0,0,0,0,0,0,0,0,0,0,0,0,0,0,0,0,0,0,0,0,0,0,0,1,0,0,0,0,0,0,0,0,0,0,0,0,0,0,0,0,1,0,0,0,0,0,0,0,0,1,0,1,1,0,0,1,0,1,0,1,0,0,1,0,0,0,1,0,0,0,0,1,0,0,1,0,0,1,0,0,1,1,1,0,1,0,0,0,1,1,0,0,0,0,1,1,0,1,1,0,0,0,1,1,1,1,1,1,1,0,0,0,1,1,1,1,1,0,1,1,1,1,0,1,1,1,1,1,0,1,1,1,1
Phenylmercury ammonium propionate,CCC(=O)[O-].C1=CC=C(C=C1)[Hg+].N,0,0,0,0,0,0,0,0,0,0,0,0,0,1,0,0,0,0,0,0,0,0,0,0,0,0,0,0,0,0,0,0,0,0,0,0,0,0,0,0,0,0,0,0,0,1,0,0,0,0,1,0,0,0,0,0,0,0,0,0,0,0,0,0,0,0,0,0,0,0,0,0,0,0,0,0,0,0,0,0,0,0,0,0,0,0,0,0,0,0,0,0,0,0,0,0,0,0,0,0,0,0,0,0,0,0,0,0,0,0,0,0,0,0,0,1,0,0,0,0,0,0,0,0,1,0,0,0,0,0,0,0,0,1,0,0,0,0,0,0,0,0,0,0,0,0,0,0,0,0,0,0,1,0,0,1,1,0,1,0,1,1,1,1,1,1,1,1
"(1R,2R,3R,6S,7S)-1,8,9,10,11,11-hexachlorotetracyclo[6.2.1.13,6.02,7]dodeca-4,9-diene",C1[C@@H]2C=C[C@H]1[C@H]3[C@@H]2[C@]4(C(=C(C3(C4(Cl)Cl)Cl)Cl)Cl)Cl,0,0,0,0,0,0,0,0,0,0,0,0,0,0,0,0,0,0,0,0,0,0,0,0,0,0,0,0,0,0,0,0,0,0,0,0,0,0,0,0,0,0,0,0,0,0,0,0,0,0,0,0,0,0,0,0,0,0,0,0,0,0,0,0,0,0,0,1,0,0,0,0,0,0,0,0,0,1,0,0,0,0,0,0,0,0,0,0,1,0,0,0,0,0,0,0,0,1,0,0,1,0,1,0,1,0,1,0,1,0,0,0,0,1,0,0,0,0,0,0,0,0,0,0,0,0,0,0,0,0,0,0,0,0,0,1,0,0,0,0,0,0,0,0,0,0,1,0,0,0,0,1,0,0,0,0,0,0,0,0,0,0,0,0,1,0,1,0
Silver sodium zirconium phosphate,[H+].[O-]P(=O)([O-])[O-].[Na+].[Zr+4].[Ag+],0,0,0,0,0,0,1,0,0,0,0,0,0,1,0,0,0,0,0,0,0,0,0,0,0,0,0,0,0,0,1,0,0,0,0,0,1,0,0,0,0,0,0,0,0,1,0,0,0,1,1,0,0,0,0,0,0,0,0,0,0,0,0,0,0,0,0,0,0,0,0,0,0,0,0,0,0,0,0,0,0,0,0,0,0,0,0,0,0,0,0,0,0,0,0,0,0,0,0,0,0,0,0,1,0,0,0,1,0,0,0,0,0,1,0,0,0,0,0,0,0,0,0,0,0,1,0,0,0,0,0,1,0,0,0,0,0,0,0,0,0,1,0,0,0,0,0,1,0,1,0,0,0,0,0,0,0,0,0,0,1,0,0,0,0,1,0,1
Venom,CNC(=N[N+](=O)[O-])NCC1CCOC1,0,0,0,0,0,0,0,0,0,0,0,0,0,0,0,0,0,0,0,0,0,0,0,0,0,1,1,0,0,0,0,0,0,0,0,0,0,0,0,0,0,0,0,0,1,0,0,0,0,0,1,0,0,1,0,0,0,0,1,0,0,0,0,0,1,0,0,0,0,0,0,1,1,0,0,0,0,0,1,1,1,0,0,1,1,0,0,1,0,0,0,1,1,0,1,1,0,1,1,0,0,1,0,1,0,0,0,1,0,1,1,0,0,0,0,0,0,0,1,1,1,0,0,1,0,1,0,0,0,1,1,1,1,1,0,0,0,0,1,1,0,0,0,1,0,0,0,1,1,1,0,0,1,0,1,0,1,1,1,1,1,1,1,0,0,1,1,0
"(1S,2S,7R,8S)-1,8,9,10,11,11-hexachlorotetracyclo[6.2.1.13,6.02,7]dodeca-4,9-diene",C1C2C=CC1[C@@H]3[C@H]2[C@@]4(C(=C([C@@]3(C4(Cl)Cl)Cl)Cl)Cl)Cl,0,0,0,0,0,0,0,0,0,0,0,0,0,0,0,0,0,0,0,0,0,0,0,0,0,0,0,0,0,0,0,0,0,0,0,0,0,0,0,0,0,0,0,0,0,0,0,0,0,0,0,0,0,0,0,0,0,0,0,0,0,0,0,0,0,0,0,1,0,0,0,0,0,0,0,0,0,1,0,0,0,0,0,0,0,0,0,0,1,0,0,0,0,0,0,0,0,1,0,0,1,0,1,0,1,0,1,0,1,0,0,0,0,1,0,0,0,0,0,0,0,0,0,0,0,0,0,0,0,0,0,0,0,0,0,1,0,0,0,0,0,0,0,0,0,0,1,0,0,0,0,1,0,0,0,0,0,0,0,0,0,0,0,0,1,0,1,0
SureCN2704065,CCCCCCCCCC[C@H](C1CC[C@@H](O1)C2CC[C@@H](O2)[C@@H](CCCCCCCCCC[C@@H](CC3=C[C@@H](OC3=O)C)O)O)O,0,0,0,0,0,0,0,0,0,0,0,0,0,0,0,0,0,0,0,0,0,0,0,0,0,0,0,0,0,0,0,0,0,0,0,0,0,0,0,0,0,0,0,0,0,0,0,0,0,0,0,1,0,0,0,0,0,0,1,0,0,0,0,1,0,0,0,0,0,0,0,0,0,1,0,0,0,1,0,0,0,0,0,0,1,0,0,0,0,0,0,1,1,0,0,0,0,1,0,0,1,0,0,0,0,1,0,0,0,1,0,0,0,0,0,1,1,1,0,1,0,1,0,0,1,0,0,0,1,1,1,0,1,1,0,0,0,0,1,0,1,1,0,0,1,0,0,1,1,0,1,1,0,1,0,1,1,0,1,0,1,1,0,0,0,1,1,0
"Cyclo[(3R)-3-(4-hydroxyphenyl)-|A-alanyl-(2S,4E,6R,8S)-8-hydroxy-2,4,6-trimethyl-4-nonenoyl-L-alanyl-2-bromo-N-methyl-D-tryptophyl]",C[C@@H]1C[C@@H](OC(=O)C[C@@H](NC(=O)[C@H](N(C(=O)[C@@H](NC(=O)[C@H](CC(=C1)C)C)C)C)CC2=C(NC3=CC=CC=C32)Br)C4=CC=C(C=C4)O)C,0,0,0,0,0,0,0,0,0,0,0,0,0,0,0,0,0,0,0,0,0,0,0,0,0,0,0,0,0,0,0,0,0,0,0,0,0,0,0,0,0,0,0,0,0,0,0,1,0,0,0,1,0,0,0,0,0,0,1,0,0,0,0,1,0,0,1,0,0,0,0,0,0,0,0,0,1,1,0,0,1,0,0,0,1,0,1,0,1,0,0,1,1,1,1,0,1,1,1,0,1,0,1,0,0,1,1,0,1,1,0,1,1,0,1,0,1,1,1,0,0,1,1,1,1,0,1,0,1,1,0,0,1,1,0,1,0,1,1,0,1,1,1,1,1,1,1,1,0,1,1,1,1,1,0,1,1,1,1,1,1,1,1,1,1,1,1,0
Heptachlor Epoxide B,[C@H]12[C@H]([C@H]3[C@@H]([C@@H]1Cl)O3)C4(C(=C([C@]2(C4(Cl)Cl)Cl)Cl)Cl)Cl,0,0,0,0,0,0,0,0,0,0,0,0,0,0,0,0,0,1,0,0,0,0,0,1,0,0,0,0,0,0,0,0,0,0,0,0,0,0,0,0,0,0,0,0,0,0,0,0,0,0,0,0,0,0,0,0,0,0,1,0,0,0,0,0,0,0,0,1,0,0,0,0,0,0,0,0,0,1,0,0,0,0,0,0,0,0,0,0,1,0,0,0,0,0,0,0,0,1,0,1,1,0,1,0,1,0,1,0,1,0,0,0,0,1,0,0,0,0,0,0,0,0,0,0,0,0,0,0,0,0,0,0,0,0,0,1,0,0,1,0,0,0,0,0,0,0,1,0,0,0,0,1,0,1,0,0,0,0,1,0,0,0,0,0,1,1,1,0
Dimethirimol,CCCCC1=C(N=C(NC1=O)N(C)C)C,0,0,0,0,0,0,0,0,0,0,0,0,0,0,0,0,0,0,0,0,0,0,0,0,0,0,1,0,0,0,0,0,0,0,0,0,0,0,0,0,0,0,0,0,0,0,0,0,0,0,0,0,0,0,0,0,0,0,0,0,0,0,0,0,0,0,1,0,0,0,0,0,0,0,0,1,0,0,1,0,0,1,0,0,0,0,1,1,0,0,0,1,1,1,1,0,0,0,1,1,0,0,0,0,0,0,0,1,0,1,0,1,0,0,1,1,1,1,1,1,0,1,1,1,0,0,0,0,1,0,0,0,0,0,1,0,1,0,1,0,0,0,1,1,1,1,0,0,1,1,1,1,1,0,0,1,1,1,0,1,0,1,1,1,1,1,1,0
Avermectin,CCC(C)[C@@H]1[C@H](C=C[C@@]2(O1)C[C@@H]3C[C@H](O2)C/C=C(/[C@H]([C@H](/C=C/C=C/4\CO[C@H]5[C@@]4([C@@H](C=C([C@H]5O)C)C(=O)O3)O)C)O[C@H]6C[C@@H]([C@H]([C@@H](O6)C)O[C@H]7C[C@@H]([C@H]([C@@H](O7)C)O)OC)OC)\C)C,0,0,0,0,0,0,0,0,0,0,0,0,0,0,0,0,0,0,0,0,0,0,0,0,0,0,0,1,0,0,0,0,0,0,0,0,0,0,0,0,0,0,0,0,0,0,0,0,0,0,0,1,0,0,1,0,0,0,1,0,0,0,0,0,0,0,0,1,0,0,0,0,0,1,0,0,0,1,0,0,0,0,0,0,1,0,0,0,0,0,1,1,1,0,1,0,0,1,0,1,1,0,1,0,0,0,1,0,0,1,1,0,0,1,0,1,1,1,0,0,0,1,0,0,1,0,0,1,1,1,0,0,1,1,0,0,0,0,1,0,1,1,1,0,1,0,1,1,0,0,1,1,0,1,1,1,1,0,1,0,1,1,0,0,1,1,1,0
Phenolate Sodium,C1=CC=C(C=C1)[O-].[Na+],0,0,0,0,0,0,0,0,0,0,0,0,0,0,0,0,0,0,0,0,0,0,0,0,0,0,0,0,0,0,0,0,0,0,0,0,1,0,0,0,0,0,0,0,0,1,0,0,0,0,1,0,0,0,0,0,0,0,0,0,0,0,0,0,0,0,0,0,0,0,0,0,0,0,0,0,0,0,0,0,0,0,0,0,0,0,0,0,0,0,0,0,0,0,0,0,0,0,0,0,0,0,0,0,0,0,0,0,0,0,0,0,0,0,1,0,0,0,0,0,0,0,0,0,0,0,0,0,1,0,0,0,0,0,0,0,0,0,0,0,0,0,0,0,1,0,0,0,0,0,0,0,0,1,0,0,0,0,1,0,0,0,0,1,1,1,1,1
Picoxystrobin,CO/C=C(\C1=CC=CC=C1COC2=CC=CC(=N2)C(F)(F)F)/C(=O)OC,0,0,0,0,0,0,0,0,0,0,0,0,0,0,0,0,0,0,0,0,0,0,0,0,0,0,0,0,0,0,0,0,0,0,0,0,0,0,0,0,0,0,0,1,0,0,0,0,0,0,0,1,0,0,0,0,0,0,0,0,0,0,0,0,0,0,1,0,0,0,0,0,0,0,0,0,0,1,0,0,0,0,0,0,0,0,0,0,0,0,1,0,0,1,1,0,0,0,0,1,1,0,0,0,0,0,0,1,1,0,1,1,0,1,1,0,0,0,1,0,0,0,1,0,1,0,1,1,1,0,0,0,0,0,0,1,0,0,1,0,0,1,0,0,1,1,1,1,0,0,1,1,0,0,1,1,1,1,1,0,1,1,1,1,1,1,1,0
Deltamethrinic acid,CC1([C@H]([C@H]1C(=O)O)C=C(Br)Br)C,0,0,0,0,0,0,0,0,0,0,0,0,0,0,0,0,0,0,0,0,0,0,1,1,0,0,0,0,0,0,0,0,0,0,0,0,0,0,0,0,0,0,0,0,0,0,0,1,0,0,0,0,0,0,0,0,0,0,0,0,0,0,0,0,0,0,0,1,0,0,0,0,0,0,0,1,0,1,0,0,0,0,0,0,0,0,0,0,0,0,0,0,0,0,0,0,0,0,0,0,1,0,0,0,0,0,0,0,1,0,0,0,0,1,0,0,0,0,0,0,0,0,0,0,1,0,0,0,0,0,0,0,0,0,0,1,0,0,0,0,1,0,0,0,0,0,0,0,0,0,1,1,0,0,0,1,0,0,1,0,1,1,0,0,0,1,1,0
Flubendiamide,CC1=C(C=CC(=C1)C(C(F)(F)F)(C(F)(F)F)F)NC(=O)C2=C(C(=CC=C2)I)C(=O)NC(C)(C)CS(=O)(=O)C,0,0,0,0,0,0,0,0,0,0,0,0,0,0,0,0,0,0,0,0,0,0,0,0,0,0,0,0,1,0,0,0,0,0,0,0,0,0,0,0,0,0,0,1,0,0,0,0,0,0,0,0,1,0,0,0,1,0,0,1,0,1,1,0,0,0,0,1,1,0,0,0,0,0,1,1,0,0,0,0,0,0,0,0,0,0,0,1,1,1,0,0,0,1,1,0,0,0,1,0,0,0,0,1,0,1,0,1,1,0,0,1,1,1,0,0,1,0,1,0,0,0,0,0,0,1,1,0,0,0,0,1,1,1,1,1,1,1,0,0,0,1,1,1,0,1,1,1,0,1,1,1,1,0,1,1,1,1,0,1,1,1,1,1,1,1,1,0
"4-((13R)-2,13-Dihydroxy-13-((2R)-5-((5R)-5-(1-Hydroxyundecyl)Oxolan-2-Yl)Oxolan-2-Yl)Tridecyl)-2-Methyl-2H-Furan-5-One",CCCCCCCCCCC([C@H]1CCC(O1)C2CC[C@@H](O2)[C@@H](CCCCCCCCCCC(CC3=CC(OC3=O)C)O)O)O,0,0,0,0,0,0,0,0,0,0,0,0,0,0,0,0,0,0,0,0,0,0,0,0,0,0,0,0,0,0,0,0,0,0,0,0,0,0,0,0,0,0,0,0,0,0,0,0,0,0,0,1,0,0,0,0,0,0,1,0,0,0,0,1,0,0,0,0,0,0,0,0,0,1,0,0,0,1,0,0,0,0,0,0,1,0,0,0,0,0,0,1,1,0,0,0,0,1,0,0,1,0,0,0,0,1,0,0,0,1,0,0,0,0,0,1,1,1,0,1,0,1,0,0,1,0,0,0,1,1,1,0,1,1,0,0,0,0,1,0,1,1,0,0,1,0,0,1,1,0,1,1,0,1,0,1,1,0,1,0,1,1,0,0,0,1,1,0
"2,2-Dimethyl-3-(1-propenyl)cyclopropanecarboxylic Acid (2,3,5,6-Tetrafluoro-4-methylphenyl)methyl Ester",C/C=C/C1C(C1(C)C)C(=O)OCC2=C(C(=C(C(=C2F)F)C)F)F,0,0,0,0,0,0,0,0,0,0,0,0,0,0,0,0,0,0,0,0,0,0,0,1,0,0,0,0,0,0,0,0,0,0,0,0,0,0,0,0,0,0,0,1,0,0,0,0,0,0,0,0,0,0,0,0,0,0,0,0,0,0,0,0,0,0,0,1,0,0,0,0,0,0,0,1,0,0,0,0,0,0,0,0,0,0,0,0,1,0,0,0,0,0,0,0,0,0,0,0,1,0,0,0,0,0,0,0,1,0,1,0,0,1,0,0,0,0,0,0,0,0,0,0,1,0,0,1,0,0,0,0,0,0,0,1,0,0,0,0,0,0,1,0,0,1,0,0,0,0,1,1,0,0,1,1,1,0,1,0,1,1,0,1,1,1,1,0
Dimethyl carbate,COC(=O)[C@H]1[C@@H]2C[C@H]([C@H]1C(=O)OC)C=C2,0,0,0,0,0,0,0,0,0,0,0,0,0,0,0,0,0,0,0,0,0,0,0,0,0,0,0,0,0,0,0,0,0,0,0,0,0,0,0,0,0,0,0,0,0,0,0,0,0,0,0,0,0,0,0,0,0,0,0,0,0,0,0,0,0,0,0,0,0,0,0,0,0,0,0,0,0,0,0,0,0,0,0,0,0,0,0,0,0,0,0,0,0,0,1,0,0,1,0,0,1,0,0,0,0,0,1,0,0,0,0,0,0,0,0,0,0,0,0,0,0,0,0,0,1,0,0,1,0,0,0,0,0,0,0,0,0,1,0,0,0,1,0,0,0,0,0,1,0,0,1,1,0,0,0,1,0,0,1,0,1,1,0,0,1,1,1,0
2-Chloro-4-((hydroxymethyl)amino)-6-(isopropylamino)-s-triazine,CC(C)NC1=NC(=NC(=N1)NCO)Cl,0,0,0,0,0,0,0,0,0,0,0,0,0,0,0,0,0,0,0,0,0,0,0,0,0,0,1,0,0,1,0,0,0,0,0,0,0,0,0,0,0,0,0,0,1,0,0,0,0,0,0,0,0,0,1,0,0,0,0,0,0,0,0,0,0,0,1,0,0,0,0,0,0,0,0,1,0,0,1,0,0,1,0,1,0,0,0,0,1,0,0,0,0,0,0,0,0,0,1,1,0,1,0,0,1,0,0,1,1,0,1,1,0,0,0,0,0,0,1,0,0,1,1,0,0,0,0,0,0,0,0,0,1,0,1,1,1,0,1,0,1,0,0,1,0,0,0,0,0,0,1,0,1,0,1,0,1,1,1,1,0,1,1,1,1,1,1,0
"(1AR,1bS,2S,5R,5aR,6S,6aR)-2,3,4,5,6,7,7-heptachloro-1a,1b,5,5a,6,6a-hexahydro-2H-2,5-methanoindeno[1,2-b]oxirene",[C@H]12[C@H]([C@@H]([C@H]3[C@@H]1O3)Cl)[C@]4(C(=C([C@@]2(C4(Cl)Cl)Cl)Cl)Cl)Cl,0,0,0,0,0,0,0,0,0,0,0,0,0,0,0,0,0,1,0,0,0,0,0,1,0,0,0,0,0,0,0,0,0,0,0,0,0,0,0,0,0,0,0,0,0,0,0,0,0,0,0,0,0,0,0,0,0,0,1,0,0,0,0,0,0,0,0,1,0,0,0,0,0,0,0,0,0,1,0,0,0,0,0,0,0,0,0,0,1,0,0,0,0,0,0,0,0,1,0,1,1,0,1,0,1,0,1,0,1,0,0,0,0,1,0,0,0,0,0,0,0,0,0,0,0,0,0,0,0,0,0,0,0,0,0,1,0,0,1,0,0,0,0,0,0,0,1,0,0,0,0,1,0,1,0,0,0,0,1,0,0,0,0,0,1,1,1,0
Pesticide4_Doramectin_C50H74O14_Dectomax,CC1/C=C/C=C/2\COC3C2(C(C=C(C3O)C)C(=O)OC4CC(C/C=C(/C1OC5CC(C(C(O5)C)OC6CC(C(C(O6)C)O)OC)OC)\C)OC7(C4)C=CC(C(O7)C8CCCCC8)C)O,0,0,0,0,0,0,0,0,0,0,0,0,0,0,0,0,0,0,0,0,0,0,0,0,0,0,0,1,0,0,0,0,0,0,0,0,0,0,0,0,0,0,0,0,0,0,0,0,0,0,0,1,0,0,1,0,0,0,1,0,0,0,0,1,0,0,0,1,0,0,0,0,0,1,0,0,0,1,0,0,0,0,0,0,1,0,0,0,0,0,1,1,1,0,1,0,0,1,0,1,1,0,1,0,0,0,1,0,0,1,1,0,0,1,0,0,0,1,0,1,0,1,0,0,1,0,0,1,1,1,1,0,1,1,0,0,0,0,1,0,1,1,1,0,1,0,1,1,1,0,1,1,0,1,1,1,0,0,1,0,1,1,0,0,1,1,1,0
Optase,CCCCCCC(O)C/C=C\CCCCCCCC(=O)OCC(OC(=O)CCCCCCC/C=C\CC(O)CCCCCC)COC(=O)CCCCCCC/C=C\CC(O)CCCCCC,0,0,0,0,0,0,0,0,0,0,0,0,0,0,0,0,0,0,0,0,0,0,0,0,0,0,0,0,0,0,0,0,0,0,0,0,0,0,0,0,0,0,0,0,0,0,0,0,0,0,0,0,0,0,0,0,0,0,0,0,0,0,0,0,0,0,0,0,0,0,0,0,0,1,0,0,0,0,0,0,0,0,0,0,0,0,0,0,0,0,1,1,1,0,0,0,0,0,0,0,1,0,0,0,0,1,0,0,0,1,1,0,0,0,0,1,1,1,0,1,0,0,0,0,1,0,0,1,0,1,1,0,1,1,0,0,0,1,0,1,1,1,1,0,0,0,0,1,1,0,1,0,0,1,1,1,1,0,1,0,1,1,0,0,0,1,0,0
zinc;manganese(2+);N-[2-(sulfidocarbothioylamino)ethyl]carbamodithioate,C(CNC(=S)[S-])NC(=S)[S-].C(CNC(=S)[S-])NC(=S)[S-].[Mn+2].[Zn+2],0,0,0,0,0,0,0,0,1,0,0,0,0,1,0,0,0,0,0,0,0,0,0,0,0,0,0,0,0,0,0,0,0,0,0,0,0,0,0,0,0,0,0,0,0,1,0,0,1,0,1,0,0,0,0,1,0,0,0,0,0,0,0,0,0,0,0,0,0,0,0,0,0,0,1,0,0,0,0,0,1,0,1,1,0,0,0,0,0,1,0,0,0,0,0,0,0,0,0,0,0,1,0,0,0,1,0,1,0,0,0,0,1,0,0,0,0,0,0,1,0,0,0,0,0,0,0,0,0,0,0,0,1,0,0,0,0,0,0,1,0,0,0,1,0,0,0,0,1,0,0,0,1,0,1,0,1,1,0,1,0,0,1,0,0,0,0,1
Hyamine-2389,C.C.CCCCCCCCCCCC.CCCCCCCCCCCC.C[N+](C)(C)C.C[N+](C)(C)CC1=CC=CC=C1.C[N+](C)(C)CC1=CC=CC=C1.[Cl-].[Cl-].[Cl-],0,0,0,0,0,0,0,0,0,0,0,0,0,0,0,0,0,0,0,0,0,0,0,0,0,0,0,0,0,0,0,1,0,0,0,0,0,0,0,0,0,0,0,0,0,0,0,0,0,0,1,0,0,0,0,0,0,0,0,0,0,0,0,0,0,0,0,0,0,0,0,0,0,0,0,1,0,0,0,0,0,0,0,0,0,0,1,1,0,0,0,0,0,0,1,0,0,0,0,0,0,1,0,0,1,0,0,0,0,1,0,0,0,1,0,1,1,1,0,1,0,0,0,1,0,0,1,0,0,1,1,0,0,0,0,1,0,0,0,1,0,0,1,1,0,0,1,0,1,1,1,0,0,0,1,0,1,0,0,1,0,1,1,1,1,0,1,1
"Copper, (mu-(carbonato(2-)-kappaO:kappaO'))dihydroxydi-",C(=O)([O-])[O-].[OH-].[OH-].[Cu].[Cu],0,0,0,0,0,0,0,0,0,0,0,0,0,1,0,0,1,0,0,0,0,0,0,0,0,0,0,0,0,0,0,0,0,0,0,0,0,0,0,0,0,0,0,0,0,1,0,0,0,0,1,0,0,0,0,0,0,0,0,0,0,0,0,0,0,0,0,0,0,0,0,0,0,0,0,0,0,0,0,0,0,0,0,0,0,0,0,0,0,0,0,0,0,0,0,0,0,0,0,0,0,0,0,0,0,0,0,1,0,0,0,0,0,0,0,0,0,0,0,0,0,0,0,0,1,0,0,0,0,0,0,0,1,0,0,0,0,0,0,0,1,1,0,0,0,0,0,1,0,0,0,0,0,0,0,1,0,0,1,0,1,0,0,0,0,1,0,1
"(1S,4R)-1,2,2,3,3,4,7-Heptachloro-5,5-dimethyl-6-methylidenebicyclo(2.2.1)heptane",CC1(C(=C)[C@@]2(C([C@]1(C(C2(Cl)Cl)(Cl)Cl)Cl)Cl)Cl)C,0,0,0,0,0,0,0,0,0,0,0,0,0,0,0,0,0,0,0,0,0,0,0,0,0,0,0,0,0,0,0,0,0,0,0,1,0,0,0,0,0,0,0,0,0,0,0,0,0,0,0,1,0,0,0,0,0,0,0,0,0,0,0,0,0,0,0,1,0,0,0,0,0,0,0,1,0,1,0,0,0,0,0,0,0,0,0,0,1,0,0,0,0,0,0,0,0,1,0,0,1,0,0,0,1,0,1,0,1,0,0,0,0,1,0,0,0,0,0,0,0,0,0,0,0,0,0,0,0,0,0,0,0,0,0,1,0,0,0,0,0,0,0,0,0,0,0,0,0,0,1,1,0,0,0,0,0,0,0,0,0,1,0,0,1,0,1,0
p-Mercuribenzenesulfonic acid,C1=CC(=CC=C1S(=O)(=O)[O-])[Hg],0,0,0,0,0,0,0,0,0,0,0,0,0,1,0,0,0,0,0,0,0,0,0,0,0,0,0,0,0,0,0,0,0,0,0,0,0,0,0,0,1,1,0,0,0,1,0,0,0,1,1,0,1,0,0,0,1,0,0,1,1,1,1,0,0,1,0,0,1,0,0,0,0,0,1,0,0,0,0,0,0,0,1,0,0,0,0,0,0,1,0,0,0,0,0,0,0,0,0,0,0,0,0,1,0,0,0,1,0,0,0,0,0,1,0,0,0,0,0,0,0,0,0,0,0,1,0,0,0,0,0,1,0,0,0,0,0,1,0,0,0,0,0,0,0,0,0,1,0,1,0,0,0,0,0,0,0,0,0,0,1,0,0,1,1,1,1,0
Arbinex,C12C(C(C(C1Cl)Cl)Cl)[C@@]3(C(=C([C@]2(C3(Cl)Cl)Cl)Cl)Cl)Cl,0,0,0,0,0,0,0,0,0,0,0,0,0,0,0,0,0,0,0,0,0,0,0,0,0,0,0,0,0,0,0,0,0,0,0,0,0,0,0,0,0,0,0,0,0,0,0,0,0,0,0,0,0,0,0,0,0,0,0,0,0,0,0,0,0,0,0,1,0,0,0,0,0,0,0,0,0,1,0,0,0,0,0,0,0,0,0,0,1,0,0,0,0,0,0,0,0,1,0,0,1,0,1,0,1,0,1,0,1,0,0,0,0,1,0,0,0,0,0,0,0,0,0,0,0,0,0,0,0,0,0,0,0,0,0,1,0,0,0,0,0,0,0,0,0,0,0,0,0,0,0,1,0,0,0,0,0,0,0,0,0,0,0,0,1,0,1,0
"(4S,7R)-5-[hydroxy(phenyl)pyridin-2-ylmethyl]-8-[phenyl(pyridin-2-yl)methylidene]-3a,4,7,7a-tetrahydro-1H-4,7-methanoisoindole-1,3(2H)-dione",C1=CC=C(C=C1)C(=C2[C@@H]3C=C([C@H]2C4C3C(=O)NC4=O)C(C5=CC=CC=C5)(C6=CC=CC=N6)O)C7=CC=CC=N7,0,0,0,0,0,0,0,0,0,0,0,0,0,0,0,0,0,0,0,0,0,0,0,0,0,0,0,0,0,0,0,0,0,0,0,0,0,0,0,0,0,0,0,0,0,0,0,0,0,0,0,1,0,0,0,0,0,0,0,0,0,0,0,0,0,0,1,1,0,0,0,0,0,0,0,0,0,1,0,0,0,0,0,0,1,0,0,0,0,0,1,0,0,1,0,0,1,1,0,1,1,0,1,0,0,0,1,0,0,0,0,1,0,1,0,0,0,0,1,0,0,1,1,0,0,0,1,0,1,0,0,0,1,0,0,0,0,1,1,0,1,0,0,1,1,0,1,1,0,0,0,0,1,1,0,1,0,1,1,1,1,0,1,1,1,1,1,0
Clothianidin,CN/C(=N\[N+](=O)[O-])/NCC1=CN=C(S1)Cl,0,0,0,0,0,0,0,0,0,0,0,0,0,0,0,0,0,0,0,0,0,0,0,0,0,1,1,0,0,0,0,0,0,0,0,0,0,1,0,0,0,0,0,0,1,0,0,0,1,0,1,0,0,1,0,0,0,0,0,0,0,0,0,0,1,0,1,0,0,0,0,1,1,0,0,0,0,0,1,1,1,1,1,1,1,0,0,0,1,1,0,1,0,0,1,1,0,1,1,0,0,1,0,1,1,0,0,1,1,1,0,0,0,0,0,0,0,0,1,0,1,1,1,1,0,1,0,0,0,0,0,1,1,0,0,1,0,0,1,0,0,0,0,1,0,0,0,0,0,1,0,0,1,0,1,0,1,1,0,1,1,1,1,1,0,1,1,0
"(10Z,14Z)-6'-butan-2-yl-21,24-dihydroxy-12-[5-(5-hydroxy-4-methoxy-6-methyloxan-2-yl)oxy-4-methoxy-6-methyloxan-2-yl]oxy-5',11,13,22-tetramethylspiro[3,7,19-trioxatetracyclo[15.6.1.14,8.020,24]pentacosa-10,14,16,22-tetraene-6,2'-oxane]-2-one",CCC(C)C1C(CCC2(O1)CC3CC(O2)C/C=C(\C(C(/C=C\C=C4COC5C4(C(C=C(C5O)C)C(=O)O3)O)C)OC6CC(C(C(O6)C)OC7CC(C(C(O7)C)O)OC)OC)/C)C,0,0,0,0,0,0,0,0,0,0,0,0,0,0,0,0,0,0,0,0,0,0,0,0,0,0,0,1,0,0,0,0,0,0,0,0,0,0,0,0,0,0,0,0,0,0,0,0,0,0,0,1,0,0,1,0,0,0,1,0,0,0,0,0,0,0,0,1,0,0,0,0,0,1,0,0,0,1,0,0,0,0,0,0,1,0,0,0,0,0,1,1,1,0,1,0,0,1,0,1,1,0,1,0,0,0,1,0,0,1,1,0,0,1,0,1,1,1,0,1,0,1,0,0,1,0,0,1,1,1,1,0,1,1,0,0,0,0,1,0,1,1,1,0,1,0,1,1,1,0,1,1,0,1,1,1,1,0,1,0,1,1,0,0,1,1,1,0
Milbemycin alpha10,CCC1C(CCC2(O1)CC3CC(O2)C/C=C(/CC(/C=C/C=C/4\COC5C4(C(C=C(C5O)COC(=O)C6=CC=CN6)C(=O)O3)O)C)\C)C,0,0,0,0,0,0,0,0,0,0,0,0,0,0,0,0,0,0,0,0,0,0,0,0,0,0,0,1,0,0,0,0,0,0,0,0,0,0,0,0,0,0,0,0,0,0,0,0,0,0,0,1,0,0,1,0,0,0,1,0,0,0,0,0,0,0,1,1,0,0,0,0,0,1,0,0,0,1,0,0,0,0,0,0,1,0,0,0,0,0,1,1,1,0,0,0,1,1,0,1,1,0,1,0,0,0,1,0,0,1,1,0,0,1,0,1,1,1,0,1,0,1,1,0,1,0,0,1,1,1,1,0,1,1,0,0,0,1,1,1,1,1,1,0,1,0,1,1,1,0,1,1,1,1,1,1,1,1,1,0,1,1,1,1,1,1,1,0
(+/-)-cis-Heptachlor epoxide,C12C(C(C3C1O3)Cl)[C@@]4(C(=C([C@]2(C4(Cl)Cl)Cl)Cl)Cl)Cl,0,0,0,0,0,0,0,0,0,0,0,0,0,0,0,0,0,1,0,0,0,0,0,1,0,0,0,0,0,0,0,0,0,0,0,0,0,0,0,0,0,0,0,0,0,0,0,0,0,0,0,0,0,0,0,0,0,0,1,0,0,0,0,0,0,0,0,1,0,0,0,0,0,0,0,0,0,1,0,0,0,0,0,0,0,0,0,0,1,0,0,0,0,0,0,0,0,1,0,1,1,0,1,0,1,0,1,0,1,0,0,0,0,1,0,0,0,0,0,0,0,0,0,0,0,0,0,0,0,0,0,0,0,0,0,1,0,0,1,0,0,0,0,0,0,0,1,0,0,0,0,1,0,1,0,0,0,0,1,0,0,0,0,0,1,1,1,0
ZINC PHOSPHIDE (Zn3P2),P=[Zn].P=[Zn].[Zn],0,0,0,0,0,0,0,0,0,0,0,0,0,1,0,0,0,0,0,0,0,0,0,0,0,0,0,0,0,0,1,0,0,0,0,0,0,0,0,0,0,0,0,0,0,1,0,0,0,0,0,0,0,0,0,0,0,0,0,0,0,0,0,0,0,0,0,0,0,0,1,0,0,0,0,0,0,0,0,0,0,0,0,0,0,0,0,0,0,0,0,0,0,0,0,0,0,0,0,0,0,0,0,0,0,0,0,0,0,0,0,0,0,0,0,0,0,0,0,0,0,0,0,0,0,1,0,0,0,0,0,1,1,0,0,0,0,0,0,0,0,0,0,0,0,0,0,0,0,0,0,0,0,0,0,0,0,0,0,0,0,0,0,0,0,0,0,1
Fluoromidine,C1=C(C=NC2=C1NC(=N2)C(F)(F)F)Cl,0,0,0,0,0,0,0,0,0,0,0,0,0,0,0,0,0,0,0,0,0,0,0,0,0,0,0,0,0,0,0,0,0,0,0,0,0,0,0,1,0,0,0,1,0,0,0,0,0,0,0,0,0,0,0,0,0,0,0,0,0,0,0,0,0,0,1,0,0,0,0,0,0,0,0,0,0,0,1,0,1,1,0,0,1,0,0,0,1,0,0,0,0,0,0,0,0,1,0,1,0,0,1,0,1,0,1,1,1,0,0,0,0,1,0,0,0,0,0,0,0,1,1,0,0,0,1,0,0,0,0,0,0,0,0,1,0,0,1,0,0,0,0,1,0,0,0,0,0,0,0,0,1,0,0,0,0,1,0,0,0,0,1,1,1,0,1,0
Chloralose,C([C@H]([C@@H]1[C@@H]([C@@H]2[C@H](O1)O[C@@H](O2)C(Cl)(Cl)Cl)O)O)O,0,0,0,0,0,0,0,0,0,0,0,0,0,0,0,0,0,0,0,0,0,0,0,0,0,0,0,0,0,0,0,0,0,0,0,0,0,0,0,0,0,0,0,0,0,0,0,0,0,0,0,0,0,0,1,1,0,0,1,0,0,0,0,0,0,0,0,0,0,0,0,0,0,1,0,0,0,0,0,0,0,0,0,1,1,0,0,0,0,0,1,0,1,0,0,0,0,1,0,0,0,0,1,0,1,1,1,1,1,0,1,0,0,1,0,0,0,0,0,0,0,1,0,0,1,0,0,0,1,0,0,0,1,1,0,1,0,0,1,0,1,1,0,0,1,0,0,1,0,0,0,1,0,1,1,0,1,0,1,0,1,0,0,0,0,1,1,0
Pyridalyl,C1=CC(=NC=C1C(F)(F)F)OCCCOC2=C(C=C(C=C2Cl)OCC=C(Cl)Cl)Cl,0,0,0,0,0,0,0,0,0,0,0,0,0,0,0,0,0,0,0,0,0,0,1,0,0,0,0,0,0,0,0,0,0,0,0,0,0,0,0,0,0,0,0,1,0,0,0,0,0,0,0,0,0,0,0,0,0,0,0,0,0,0,0,0,0,0,1,0,0,0,0,0,0,0,0,0,0,1,0,0,0,0,0,0,0,0,0,0,1,0,1,0,0,1,0,0,0,0,0,1,1,0,0,0,1,0,0,1,1,0,1,1,0,1,1,0,0,0,1,1,0,0,1,0,0,0,1,1,1,0,0,0,0,1,0,1,0,0,1,1,0,0,0,0,1,1,1,1,1,0,0,1,0,1,1,0,1,1,1,0,1,0,1,1,1,1,1,0
p-Hydroxymercuribenzoate,C1=CC(=CC=C1C(=O)[O-])[Hg].O,0,0,0,0,0,0,0,0,0,0,0,0,0,1,0,0,0,0,0,0,0,0,0,0,0,0,0,0,0,0,0,0,0,0,0,0,0,0,0,0,0,0,0,0,0,1,0,0,0,0,1,0,0,0,0,0,0,0,0,0,0,0,0,0,0,0,0,0,0,0,0,0,0,0,0,0,0,0,0,0,0,0,0,0,0,0,0,0,0,0,0,0,0,0,0,0,0,0,0,0,0,0,0,0,0,0,0,0,0,0,0,0,0,0,0,0,0,0,0,0,0,0,0,0,1,0,0,0,0,0,0,0,0,0,0,0,0,0,0,0,1,0,0,0,0,0,0,1,0,0,0,0,0,0,0,1,0,0,1,0,1,0,0,1,1,1,1,1
Strobilurin N,C/C(=C/C=C/C1=CC2=C(C=C1)OCC(O2)(C(C)(C)O)O)/C(=C\OC)/C(=O)OC,0,0,0,0,0,0,0,0,0,0,0,0,0,0,0,0,0,0,0,0,0,0,0,0,0,0,0,0,0,0,0,0,0,0,0,0,0,0,0,0,0,0,0,0,0,0,0,0,0,0,0,1,0,0,0,1,0,0,1,0,0,0,0,0,0,0,0,1,0,0,0,0,0,1,0,1,0,1,0,0,0,0,0,0,0,0,0,0,0,0,1,1,0,0,1,0,0,0,0,1,1,0,1,0,0,1,1,0,0,0,1,0,0,1,1,0,0,1,0,0,0,1,0,0,1,0,0,1,1,0,0,0,1,1,0,0,0,0,1,0,1,1,1,0,1,1,1,1,0,0,1,0,0,1,1,1,0,0,1,0,1,1,0,1,1,1,1,0
Methyl (2Z)-(methoxyimino)(2-((((E)-(1-(3-(trifluoromethyl)phenyl)ethylidene)amino)oxy)methyl)phenyl)acetate,C/C(=N\OCC1=CC=CC=C1/C(=N/OC)/C(=O)OC)/C2=CC(=CC=C2)C(F)(F)F,0,0,0,0,0,0,0,0,0,0,0,0,0,0,0,0,0,0,0,0,0,0,0,0,0,1,0,0,0,0,0,0,0,0,0,0,0,0,0,0,0,0,0,1,0,0,0,0,0,0,0,0,0,0,0,0,0,0,0,0,0,0,0,0,0,0,0,0,0,0,0,0,1,0,0,0,0,0,0,1,0,0,0,0,0,0,0,0,0,0,1,0,0,0,1,1,1,0,0,0,0,0,0,1,0,0,0,1,1,1,1,0,1,1,0,0,0,0,0,0,1,0,0,0,1,1,1,1,0,0,0,1,0,0,0,1,0,0,0,0,0,1,1,1,0,1,1,1,0,0,1,1,0,0,1,1,1,1,1,0,1,1,1,1,1,1,1,0
Chlorantraniliprole,CC1=CC(=CC(=C1NC(=O)C2=CC(=NN2C3=C(C=CC=N3)Cl)Br)C(=O)NC)Cl,0,0,0,0,0,0,0,0,0,0,0,0,0,0,0,0,0,0,0,0,0,0,0,0,0,0,0,0,0,0,0,0,0,0,0,0,0,0,0,1,0,0,0,0,0,0,0,1,0,0,0,0,0,1,1,0,0,0,0,0,0,0,0,1,0,0,1,0,0,0,0,0,0,0,0,0,1,0,1,0,1,1,0,0,1,0,0,0,1,0,0,0,0,1,1,1,1,1,1,1,0,0,0,0,1,0,0,0,1,0,0,1,0,0,0,0,0,0,1,0,0,1,1,1,0,1,1,0,0,0,0,0,1,0,1,1,1,1,1,0,0,0,0,1,0,1,1,0,0,1,1,1,1,0,0,1,0,1,0,1,1,1,1,1,1,1,1,0
"(2Z)-2-[2-[[(Z)-[(3Z,4Z)-3,4-bis(methoxyimino)pentan-2-ylidene]amino]oxymethyl]phenyl]-2-methoxyimino-N-methylacetamide",C/C(=N/OC)/C(=N/OC)/C(=N\OCC1=CC=CC=C1/C(=N/OC)/C(=O)NC)/C,0,0,0,0,0,0,0,0,0,0,0,0,0,0,0,0,0,0,0,0,0,0,0,0,0,1,0,0,0,0,0,0,0,0,0,0,0,0,0,0,0,0,0,0,0,0,0,0,0,0,0,0,0,0,0,0,0,0,0,0,0,0,0,0,0,0,0,0,0,0,0,0,1,0,0,0,0,0,0,1,1,1,0,0,0,0,0,0,0,0,1,0,0,1,1,1,1,0,1,0,0,0,0,1,0,0,0,0,0,1,1,1,1,0,0,0,0,0,1,0,1,0,0,0,0,1,0,1,0,0,0,1,0,0,0,0,0,0,0,0,0,1,1,1,0,1,0,1,0,0,1,1,1,0,1,1,1,1,1,1,1,1,1,1,1,1,1,0
Jasplakinolide,C[C@@H]\1C[C@@H](OC(=O)C[C@@H](NC(=O)[C@H](N(C(=O)[C@@H](NC(=O)[C@H](C/C(=C1)/C)C)C)C)CC2=C(NC3=CC=CC=C32)Br)C4=CC=C(C=C4)O)C,0,0,0,0,0,0,0,0,0,0,0,0,0,0,0,0,0,0,0,0,0,0,0,0,0,0,0,0,0,0,0,0,0,0,0,0,0,0,0,0,0,0,0,0,0,0,0,1,0,0,0,1,0,0,0,0,0,0,1,0,0,0,0,1,0,0,1,0,0,0,0,0,0,0,0,0,1,1,0,0,1,0,0,0,1,0,1,0,1,0,0,1,1,1,1,0,1,1,1,0,1,0,1,0,0,1,1,0,1,1,0,1,1,0,1,0,1,1,1,0,0,1,1,1,1,0,1,0,1,1,0,0,1,1,0,1,0,1,1,0,1,1,1,1,1,1,1,1,0,1,1,1,1,1,0,1,1,1,1,1,1,1,1,1,1,1,1,0
Bullatacin,CCCCCCCCCC[C@@H]([C@H]1CC[C@@H](O1)[C@H]2CC[C@@H](O2)[C@@H](CCCCCCCCCC[C@H](CC3=C[C@@H](OC3=O)C)O)O)O,0,0,0,0,0,0,0,0,0,0,0,0,0,0,0,0,0,0,0,0,0,0,0,0,0,0,0,0,0,0,0,0,0,0,0,0,0,0,0,0,0,0,0,0,0,0,0,0,0,0,0,1,0,0,0,0,0,0,1,0,0,0,0,1,0,0,0,0,0,0,0,0,0,1,0,0,0,1,0,0,0,0,0,0,1,0,0,0,0,0,0,1,1,0,0,0,0,1,0,0,1,0,0,0,0,1,0,0,0,1,0,0,0,0,0,1,1,1,0,1,0,1,0,0,1,0,0,0,1,1,1,0,1,1,0,0,0,0,1,0,1,1,0,0,1,0,0,1,1,0,1,1,0,1,0,1,1,0,1,0,1,1,0,0,0,1,1,0
Cyantraniliprole,CC1=CC(=CC(=C1NC(=O)C2=CC(=NN2C3=C(C=CC=N3)Cl)Br)C(=O)NC)C#N,0,0,0,0,0,0,0,0,0,0,0,0,0,0,0,0,0,0,0,0,0,0,0,0,0,0,0,0,0,0,0,0,0,0,0,0,0,0,0,1,0,0,1,0,0,0,0,1,0,0,0,0,0,1,1,0,0,0,0,0,0,0,0,1,0,0,1,0,0,0,0,0,0,0,0,0,1,0,1,0,1,1,0,0,1,0,0,0,1,0,0,0,0,1,1,1,1,1,1,1,0,0,0,0,1,0,0,0,1,0,0,1,0,0,0,0,0,0,1,0,0,1,1,1,0,1,1,0,0,0,0,0,1,0,1,1,1,1,1,0,0,0,0,1,0,1,1,0,0,1,1,1,1,0,0,1,0,1,0,1,1,1,1,1,1,1,1,0
Moxidectin,C[C@@H]\1C/C(=C/C[C@@H]2C[C@@H](C[C@@]3(O2)C/C(=N\OC)/[C@@H]([C@H](O3)/C(=C/C(C)C)/C)C)OC(=O)[C@@H]4C=C([C@H]([C@@H]5[C@]4(/C(=C/C=C1)/CO5)O)O)C)/C,0,0,0,0,0,0,0,0,0,0,0,0,0,0,0,0,0,0,0,0,0,0,0,0,0,1,0,1,0,0,0,0,0,0,0,0,0,0,0,0,0,0,0,0,0,0,0,0,0,0,0,1,0,0,1,0,0,0,1,0,0,0,0,0,0,0,0,1,0,0,0,0,1,1,0,1,0,1,0,1,0,0,0,0,1,0,0,0,0,0,1,1,1,0,1,1,0,1,1,1,1,0,1,1,0,0,1,0,0,1,1,0,1,1,0,0,1,1,0,0,1,1,0,0,1,1,0,1,1,1,1,0,1,1,1,0,0,0,1,0,1,1,1,0,1,0,1,1,0,0,1,1,0,1,1,1,0,1,1,0,1,1,1,0,1,1,1,0
Cyclanilide,C1CC1(C(=O)NC2=C(C=C(C=C2)Cl)Cl)C(=O)O,0,0,0,0,0,0,0,0,0,0,0,0,0,0,0,0,0,0,0,0,0,0,0,1,0,0,0,0,0,0,0,0,0,0,0,0,0,0,0,0,0,0,0,0,0,0,0,0,0,0,0,0,0,0,1,0,0,0,0,0,0,0,0,0,0,0,0,1,0,0,0,0,0,0,0,0,0,0,0,0,0,0,0,0,0,0,0,0,1,0,1,1,1,1,0,0,0,0,1,0,0,0,0,0,1,0,0,0,1,0,0,1,0,1,0,0,0,0,1,0,0,0,0,0,1,0,0,0,0,0,0,0,1,0,1,1,1,1,0,0,1,0,0,0,0,1,0,1,1,0,0,1,1,0,0,1,0,1,1,1,1,0,1,1,1,1,1,0
Mandipropamid,COC1=C(C=CC(=C1)CCNC(=O)C(C2=CC=C(C=C2)Cl)OCC#C)OCC#C,0,0,0,0,0,0,0,0,0,0,0,0,0,0,0,0,0,0,1,0,0,0,0,0,0,0,0,0,0,0,0,0,0,0,0,0,0,0,0,0,0,0,0,0,0,0,0,0,0,0,0,0,0,0,0,0,0,0,0,0,0,0,0,0,0,0,0,0,0,0,0,0,0,1,0,0,0,0,0,0,0,0,0,1,0,0,0,0,1,0,0,0,1,1,1,0,1,0,0,0,0,1,0,0,1,1,0,0,1,0,1,1,1,0,1,0,0,0,1,1,0,0,0,0,0,0,1,1,1,0,0,0,0,0,0,1,0,0,0,1,0,1,0,0,1,1,1,1,1,0,0,1,1,1,1,1,1,1,1,1,1,1,1,1,1,1,1,0
Orysastrobin,C/C(=N\OC)/C(=N\OC)/C(=N/OCC1=CC=CC=C1/C(=N\OC)/C(=O)NC)/C,0,0,0,0,0,0,0,0,0,0,0,0,0,0,0,0,0,0,0,0,0,0,0,0,0,1,0,0,0,0,0,0,0,0,0,0,0,0,0,0,0,0,0,0,0,0,0,0,0,0,0,0,0,0,0,0,0,0,0,0,0,0,0,0,0,0,0,0,0,0,0,0,1,0,0,0,0,0,0,1,1,1,0,0,0,0,0,0,0,0,1,0,0,1,1,1,1,0,1,0,0,0,0,1,0,0,0,0,0,1,1,1,1,0,0,0,0,0,1,0,1,0,0,0,0,1,0,1,0,0,0,1,0,0,0,0,0,0,0,0,0,1,1,1,0,1,0,1,0,0,1,1,1,0,1,1,1,1,1,1,1,1,1,1,1,1,1,0
Didecyl dimethyl ammonium carbonate,CCCCCCCCCC[N+](C)(C)CCCCCCCCCC.CCCCCCCCCC[N+](C)(C)CCCCCCCCCC.C(=O)([O-])[O-],0,0,0,0,0,0,0,0,0,0,0,0,0,0,0,0,1,0,0,0,0,0,0,0,0,0,0,0,0,0,0,1,0,0,0,0,0,0,0,0,0,0,0,0,0,0,0,0,0,0,1,0,0,0,0,0,0,0,0,0,0,0,0,0,0,0,0,0,0,0,0,0,0,0,0,1,0,0,0,0,0,0,0,0,0,0,1,1,0,0,0,0,0,0,1,0,0,0,0,0,0,1,0,0,0,0,0,1,0,1,0,0,1,1,0,1,1,1,0,1,0,0,0,1,1,0,0,0,0,1,1,0,0,0,0,0,0,0,0,1,0,0,1,1,0,0,0,1,1,1,1,0,0,0,1,1,1,0,1,1,1,1,1,0,0,1,0,1
Pyrasulfotole,CC1=C(C(=O)N(N1)C)C(=O)C2=C(C=C(C=C2)C(F)(F)F)S(=O)(=O)C,0,0,0,0,0,0,0,0,0,0,0,0,0,0,0,0,0,0,0,0,0,0,0,0,0,0,0,0,0,0,0,0,0,0,0,0,0,0,0,0,0,0,0,1,0,0,0,0,0,0,0,0,1,1,0,0,1,0,0,1,1,1,1,0,0,1,1,0,1,0,1,0,0,0,1,0,1,0,0,0,0,1,1,0,1,0,0,0,0,1,1,0,0,1,1,1,1,1,1,0,0,0,0,1,0,0,0,1,1,0,0,1,0,1,1,0,0,0,1,0,0,1,1,1,0,1,1,0,1,0,0,1,0,0,0,1,0,1,1,0,0,1,1,1,1,1,0,1,0,1,1,1,1,1,0,1,0,1,0,1,1,1,1,1,1,1,1,0
Emamectin B1A,CC[C@H](C)[C@@H]1[C@H](C=C[C@@]2(O1)C[C@@H]3C[C@H](O2)C/C=C(/[C@H]([C@H](/C=C/C=C/4\CO[C@H]5[C@@]4([C@@H](C=C([C@H]5O)C)C(=O)O3)O)C)O[C@H]6C[C@@H]([C@H]([C@@H](O6)C)O[C@H]7C[C@@H]([C@@H]([C@@H](O7)C)NC)OC)OC)\C)C,0,0,0,0,0,0,0,0,0,0,0,0,0,0,0,0,0,0,0,0,0,0,0,0,0,0,0,1,0,0,0,0,0,0,0,0,0,0,0,0,0,0,0,0,0,0,0,0,0,0,0,1,0,0,1,0,0,0,1,0,0,0,0,0,0,0,0,1,0,0,0,0,0,1,0,0,0,1,0,0,0,0,0,0,1,0,0,0,0,0,1,1,1,0,1,0,1,1,0,1,1,0,1,0,0,0,1,0,0,1,1,0,0,1,0,1,1,1,0,0,0,1,0,0,1,0,0,1,1,1,0,0,1,1,1,0,0,0,1,0,1,1,1,0,1,0,1,1,0,0,1,1,1,1,1,1,1,1,1,1,1,1,1,0,1,1,1,0
C14H6ClF3NNaO5,C1=CC(=C(C=C1C(F)(F)F)Cl)OC2=CC(=C(C=C2)[N+](=O)[O-])C(=O)[O-].[Na+],0,0,0,0,0,0,0,0,0,0,0,0,0,0,0,0,0,0,0,0,0,0,0,0,0,1,0,0,0,0,0,0,0,0,0,0,1,0,0,0,0,0,0,1,0,1,0,0,0,0,1,0,0,0,0,0,0,1,0,0,0,0,0,0,1,0,0,0,0,0,0,1,1,0,0,0,0,0,0,0,0,0,0,0,0,0,0,0,1,0,0,0,0,0,0,1,0,0,1,0,0,0,0,1,1,0,0,1,1,0,0,0,0,1,1,0,0,0,0,0,1,0,0,1,1,1,1,1,1,0,0,1,0,0,1,1,1,1,0,0,0,1,0,0,1,1,1,1,0,1,0,1,0,1,0,1,0,1,1,1,1,0,1,1,1,1,1,1
"2,3,5,6-Tetrafluoro-4-(methoxymethyl)benzyl (E)-(1R,3R)-3-(2-cyanoprop-1-enyl)-2,2-dimethylcyclopropanecarboxylate",C/C(=C\[C@@H]1[C@H](C1(C)C)C(=O)OCC2=C(C(=C(C(=C2F)F)COC)F)F)/C#N,0,0,0,0,0,0,0,0,0,0,0,0,0,0,0,0,0,0,0,0,0,0,0,1,0,0,0,0,0,0,0,0,0,0,0,0,0,0,0,0,0,0,1,1,0,0,0,0,0,0,0,1,0,0,0,0,0,0,0,0,0,0,0,0,0,0,0,1,0,0,0,0,0,0,0,1,0,1,0,0,0,0,0,0,0,0,0,1,1,0,0,0,0,0,1,0,0,0,0,0,1,0,0,0,0,0,0,0,1,0,1,0,0,1,0,0,1,0,0,0,0,0,0,0,1,0,0,1,0,0,0,0,0,0,0,1,0,0,0,1,0,0,1,0,0,1,0,1,0,0,1,1,0,0,1,1,1,0,1,0,1,1,1,1,1,1,1,0
Endothal disodium salt,C1C[C@H]2[C@@H]([C@@H]([C@@H]1O2)C(=O)[O-])C(=O)[O-].[Na+].[Na+],0,0,0,0,0,0,0,0,0,0,0,0,0,0,0,0,0,0,0,0,0,0,0,0,0,0,0,0,0,0,0,0,0,0,0,0,1,0,0,0,0,0,0,0,0,1,0,0,0,0,1,0,0,0,0,0,0,0,1,0,0,0,0,0,0,0,0,0,0,0,0,0,0,0,0,0,0,0,0,0,0,0,0,0,1,0,0,0,0,0,1,0,0,0,0,0,0,1,0,0,0,0,0,0,0,0,1,0,0,0,0,0,0,0,0,0,0,0,0,1,0,0,0,0,1,0,0,0,0,0,0,0,0,1,0,0,0,1,1,0,0,1,0,0,0,0,0,1,1,0,0,1,0,1,0,1,0,0,1,0,1,0,0,0,1,1,1,1
Glyphosphate-trimesium,C[S+](C)C.C(C(=O)O)NCP(=O)(O)[O-],0,0,0,0,0,0,0,0,0,0,0,0,0,0,0,0,0,0,0,0,0,0,0,0,0,0,0,0,0,1,1,0,0,0,0,0,0,0,0,0,0,0,0,0,0,0,0,0,0,1,1,0,0,0,0,1,0,0,0,0,0,0,1,0,0,0,0,0,0,0,1,0,0,0,0,1,0,0,0,0,0,0,0,1,0,0,0,1,0,1,0,0,1,0,1,0,1,0,0,0,0,1,0,1,0,1,0,1,0,0,0,0,0,1,0,0,0,0,0,0,0,0,0,0,1,1,0,0,0,0,0,1,1,1,0,0,0,1,0,1,1,1,1,0,0,0,0,1,0,1,1,0,1,0,1,1,1,0,1,1,1,1,1,0,0,1,0,1
Milbemycin alpha5,CCCCC(C)C(=O)OC1C(C(OC2(C1O)CC3CC(O2)C/C=C(/CC(/C=C/C=C/4\COC5C4(C(C=C(C5O)C)C(=O)O3)O)C)\C)C)C,0,0,0,0,0,0,0,0,0,0,0,0,0,0,0,0,0,0,0,0,0,0,0,0,0,0,0,1,0,0,0,0,0,0,0,0,0,0,0,0,0,0,0,0,0,0,0,0,0,0,0,1,0,0,1,0,0,0,1,0,0,0,0,0,0,0,0,1,0,0,0,0,0,1,0,0,0,1,0,0,0,0,0,0,1,0,0,0,0,0,1,1,1,0,0,0,0,1,0,1,1,0,1,0,0,0,1,0,0,1,1,0,0,1,0,1,1,1,0,1,0,1,0,0,1,0,0,1,1,1,1,0,1,1,0,0,0,1,1,0,1,1,1,0,1,0,1,1,1,0,1,1,0,1,1,1,1,0,1,0,1,1,0,0,1,1,1,0
Methyl (2Z)-(methoxyimino)(2-((((Z)-(1-(3-(trifluoromethyl)phenyl)ethylidene)amino)oxy)methyl)phenyl)acetate,C/C(=N/OCC1=CC=CC=C1/C(=N/OC)/C(=O)OC)/C2=CC(=CC=C2)C(F)(F)F,0,0,0,0,0,0,0,0,0,0,0,0,0,0,0,0,0,0,0,0,0,0,0,0,0,1,0,0,0,0,0,0,0,0,0,0,0,0,0,0,0,0,0,1,0,0,0,0,0,0,0,0,0,0,0,0,0,0,0,0,0,0,0,0,0,0,0,0,0,0,0,0,1,0,0,0,0,0,0,1,0,0,0,0,0,0,0,0,0,0,1,0,0,0,1,1,1,0,0,0,0,0,0,1,0,0,0,1,1,1,1,0,1,1,0,0,0,0,0,0,1,0,0,0,1,1,1,1,0,0,0,1,0,0,0,1,0,0,0,0,0,1,1,1,0,1,1,1,0,0,1,1,0,0,1,1,1,1,1,0,1,1,1,1,1,1,1,0
"(1R,4S,4'Z,5'S,6R,6'S,8R,10E,13R,14E,20R,21R,24S)-21,24-dihydroxy-4'-methoxyimino-5',11,13,22-tetramethyl-6'-[(E)-4-methylpent-2-en-2-yl]spiro[3,7,19-trioxatetracyclo[15.6.1.14,8.020,24]pentacosa-10,14,16,22-tetraene-6,2'-oxane]-2-one",C[C@@H]\1C/C(=C/C[C@@H]2C[C@@H](C[C@@]3(O2)C/C(=N/OC)/[C@@H]([C@H](O3)/C(=C/C(C)C)/C)C)OC(=O)[C@@H]4C=C([C@H]([C@@H]5[C@]4(C(=C/C=C1)CO5)O)O)C)/C,0,0,0,0,0,0,0,0,0,0,0,0,0,0,0,0,0,0,0,0,0,0,0,0,0,1,0,1,0,0,0,0,0,0,0,0,0,0,0,0,0,0,0,0,0,0,0,0,0,0,0,1,0,0,1,0,0,0,1,0,0,0,0,0,0,0,0,1,0,0,0,0,1,1,0,1,0,1,0,1,0,0,0,0,1,0,0,0,0,0,1,1,1,0,1,1,0,1,1,1,1,0,1,1,0,0,1,0,0,1,1,0,1,1,0,0,1,1,0,0,1,1,0,0,1,1,0,1,1,1,1,0,1,1,1,0,0,0,1,0,1,1,1,0,1,0,1,1,0,0,1,1,0,1,1,1,0,1,1,0,1,1,1,0,1,1,1,0
Edetate copper,C(CN(CC(=O)O)CC(=O)[O-])N(CC(=O)O)CC(=O)[O-].[Cu],0,0,0,0,0,0,0,0,0,0,0,0,0,1,0,0,0,0,0,0,0,0,0,0,0,0,0,0,0,0,0,0,0,0,0,0,0,0,0,0,0,0,0,0,0,1,0,0,0,0,1,0,0,0,0,0,0,0,0,0,0,0,0,0,0,0,0,0,0,0,0,0,0,0,0,0,0,0,0,0,1,0,0,0,0,0,1,1,0,0,0,0,1,0,0,0,1,0,0,0,0,1,0,0,0,1,0,0,0,0,0,0,1,0,0,0,0,0,0,1,0,0,0,1,1,0,0,0,0,0,1,0,1,1,0,0,0,1,0,1,1,1,0,1,0,0,0,1,1,1,0,0,0,0,1,1,1,0,1,1,1,0,1,0,0,1,0,1
"trans-(5-benzylfuran-3-yl)methyl (1R,3S)-2,2-dimethyl-3-[(Z)-(2-oxothiolan-3-ylidene)methyl]cyclopropane-1-carboxylate",CC1([C@H]([C@H]1C(=O)OCC2=COC(=C2)CC3=CC=CC=C3)/C=C\4/CCSC4=O)C,0,0,0,0,0,0,0,0,0,0,0,0,0,0,0,0,0,0,0,0,0,0,0,1,0,0,0,0,0,0,0,0,0,0,0,0,0,1,0,0,0,0,0,0,0,0,0,0,0,0,0,1,0,0,0,0,0,0,1,0,0,0,0,0,0,0,0,1,0,0,0,0,0,0,0,1,0,1,0,0,0,0,1,0,1,0,0,0,0,1,1,0,0,0,0,0,0,1,0,0,1,0,0,0,0,0,0,0,0,0,1,0,0,1,0,0,0,0,0,1,0,1,0,0,1,0,1,1,1,1,0,0,0,1,0,0,0,1,1,1,0,1,0,0,1,0,0,1,1,0,1,1,0,1,1,1,1,0,1,0,1,1,0,1,1,1,1,0
"Spiro[11,15-methano-2H,13H,17H-furo[4,3,2-pq][2,6]benzodioxacyclooctadecin-13,2'-[2H]pyran], Avermectin A1a Deriv.",CC[C@H](C)[C@@H]1[C@H](CC[C@@]2(O1)C[C@@H]3C[C@H](O2)C/C=C(\[C@H]([C@H](/C=C\C=C4CO[C@H]5[C@@]4([C@@H](C=C([C@H]5O)C)C(=O)O3)O)C)O[C@H]6C[C@@H]([C@H]([C@@H](O6)C)O[C@H]7C[C@@H]([C@H]([C@@H](O7)C)O)OC)OC)/C)C,0,0,0,0,0,0,0,0,0,0,0,0,0,0,0,0,0,0,0,0,0,0,0,0,0,0,0,1,0,0,0,0,0,0,0,0,0,0,0,0,0,0,0,0,0,0,0,0,0,0,0,1,0,0,1,0,0,0,1,0,0,0,0,0,0,0,0,1,0,0,0,0,0,1,0,0,0,1,0,0,0,0,0,0,1,0,0,0,0,0,1,1,1,0,1,0,0,1,0,1,1,0,1,0,0,0,1,0,0,1,1,0,0,1,0,1,1,1,0,1,0,1,0,0,1,0,0,1,1,1,1,0,1,1,0,0,0,0,1,0,1,1,1,0,1,0,1,1,1,0,1,1,0,1,1,1,1,0,1,0,1,1,0,0,1,1,1,0
"Endrin, analytical standard",C1[C@@H]2[C@@H]3[C@@H]([C@@H]1[C@H]4[C@@H]2O4)[C@@]5(C(=C([C@@]3(C5(Cl)Cl)Cl)Cl)Cl)Cl,0,0,0,0,0,0,0,0,0,0,0,0,0,0,0,0,0,1,0,0,1,0,0,1,0,0,0,0,0,0,0,0,0,0,0,0,0,0,0,0,0,0,0,0,0,0,0,0,0,0,0,0,0,0,0,0,0,0,1,0,0,0,0,0,0,0,0,1,0,0,0,0,0,0,0,0,0,1,0,0,0,0,0,0,0,0,0,0,1,0,0,0,0,0,0,0,0,1,0,1,1,0,1,0,1,0,1,0,1,0,0,0,0,1,0,0,0,0,0,0,0,0,0,0,0,0,0,0,0,0,0,0,0,0,0,1,0,0,1,0,0,0,0,0,0,0,1,0,0,0,0,1,0,1,0,0,0,0,1,0,0,0,0,0,1,1,1,0
Moxidectin EP L,C[C@@H]/1C/C(=C\C[C@@H]2C[C@@H](C[C@@]3(O2)C/C(=N/OC)/[C@@H]([C@H](O3)/C(=C/C(C)C)/C)C)OC(=O)[C@@H]4C=C([C@H]([C@@H]5[C@]4(C(=C/C=C1)CO5)O)O)C)/C,0,0,0,0,0,0,0,0,0,0,0,0,0,0,0,0,0,0,0,0,0,0,0,0,0,1,0,1,0,0,0,0,0,0,0,0,0,0,0,0,0,0,0,0,0,0,0,0,0,0,0,1,0,0,1,0,0,0,1,0,0,0,0,0,0,0,0,1,0,0,0,0,1,1,0,1,0,1,0,1,0,0,0,0,1,0,0,0,0,0,1,1,1,0,1,1,0,1,1,1,1,0,1,1,0,0,1,0,0,1,1,0,1,1,0,0,1,1,0,0,1,1,0,0,1,1,0,1,1,1,1,0,1,1,1,0,0,0,1,0,1,1,1,0,1,0,1,1,0,0,1,1,0,1,1,1,0,1,1,0,1,1,1,0,1,1,1,0
Fuklasin,CN(C)C(=S)[S-].CN(C)C(=S)[S-].CN(C)C(=S)[S-].[Fe+3],0,0,0,0,0,0,0,0,0,0,1,0,0,0,0,0,0,0,0,0,0,0,0,0,0,0,0,0,0,0,0,0,0,0,0,0,0,0,0,0,0,0,0,0,0,1,0,0,1,0,1,0,0,0,0,0,0,0,0,0,0,0,0,0,0,0,0,0,0,0,0,0,0,0,1,1,0,0,0,0,0,0,1,0,0,0,1,1,0,1,0,0,0,0,1,0,0,0,0,0,0,0,0,0,0,0,0,1,0,0,0,0,0,0,0,0,0,0,0,0,0,0,0,1,0,0,0,0,0,0,0,0,0,0,0,0,0,0,0,0,0,0,1,1,0,0,0,0,0,1,1,0,0,0,0,0,0,1,0,1,0,1,1,0,0,0,0,1
Cyclo[N-methyl-L-alanyl-beta-alanyl-(2R)-2-hydroxy-4-pentenoyl-L-prolyl-L-isoleucyl-N-methyl-L-valyl],CC[C@@H](C)[C@H]1C(=O)N([C@H](C(=O)N([C@H](C(=O)NCCC(=O)O[C@H](C(=O)N2CCC[C@H]2C(=O)N1)CC=C)C)C)C(C)C)C,0,0,0,0,0,0,0,0,0,0,0,0,0,0,0,0,0,0,0,0,0,0,0,0,0,0,0,0,0,0,0,0,0,0,0,1,0,0,0,0,0,0,0,0,0,0,0,0,0,0,0,0,0,0,0,0,0,0,1,0,0,0,0,0,0,0,0,0,0,0,0,0,0,1,0,1,1,0,0,0,1,0,0,1,1,0,1,0,0,0,0,1,1,1,1,0,1,1,1,0,1,1,0,0,0,1,1,0,0,1,0,1,1,0,0,1,1,0,1,1,0,1,1,1,1,0,0,0,1,1,1,0,1,1,0,0,0,1,1,1,0,1,1,1,1,0,0,1,1,1,1,1,1,1,1,1,1,1,1,1,1,1,1,0,0,1,1,0
Antimony Potassium Tartrate,[C@@H]([C@H](C(=O)[O-])[O-])(C(=O)[O-])[O-].[C@@H]([C@H](C(=O)[O-])[O-])(C(=O)[O-])[O-].O.O.O.[K+].[K+].[Sb+3].[Sb+3],0,0,0,0,1,0,0,0,0,0,0,0,0,0,0,0,0,0,0,0,0,0,0,0,0,0,0,0,0,0,0,0,0,0,0,0,1,0,0,0,0,0,0,0,0,1,0,0,0,0,1,0,0,0,0,0,0,0,0,0,0,0,0,0,0,0,0,0,0,0,0,0,0,1,0,0,0,0,0,0,0,0,0,0,0,0,0,0,0,0,1,0,0,0,0,0,0,0,0,0,0,0,0,0,0,0,0,0,0,0,0,0,0,0,0,0,0,0,0,0,0,0,0,0,1,0,0,0,0,0,0,0,1,0,0,0,0,1,0,0,1,1,0,0,0,0,0,1,0,0,0,0,0,1,0,1,0,0,1,0,1,0,0,0,0,1,0,1
Raticate|Shoxin,C1=CC=C(C=C1)/C(=C/2\[C@@H]3C=C([C@H]2C4C3C(=O)NC4=O)C(C5=CC=CC=C5)(C6=CC=CC=N6)O)/C7=CC=CC=N7,0,0,0,0,0,0,0,0,0,0,0,0,0,0,0,0,0,0,0,0,0,0,0,0,0,0,0,0,0,0,0,0,0,0,0,0,0,0,0,0,0,0,0,0,0,0,0,0,0,0,0,1,0,0,0,0,0,0,0,0,0,0,0,0,0,0,1,1,0,0,0,0,0,0,0,0,0,1,0,0,0,0,0,0,1,0,0,0,0,0,1,0,0,1,0,0,1,1,0,1,1,0,1,0,0,0,1,0,0,0,0,1,0,1,0,0,0,0,1,0,0,1,1,0,0,0,1,0,1,0,0,0,1,0,0,0,0,1,1,0,1,0,0,1,1,0,1,1,0,0,0,0,1,1,0,1,0,1,1,1,1,0,1,1,1,1,1,0
"[2-Methyl(1,1'-biphenyl)-3-yl]methyl cis-3-(2-chloro-3,3,3-trifluoropropenyl)-2,2-dimethylcyclopropanecarboxylate",CC1=C(C=CC=C1C2=CC=CC=C2)COC(=O)[C@H]3[C@H](C3(C)C)C=C(C(F)(F)F)Cl,0,0,0,0,0,0,0,0,0,0,0,0,0,0,0,0,0,0,0,0,0,0,0,1,0,0,0,0,0,0,0,0,0,0,0,0,0,0,0,0,0,0,0,1,0,0,0,0,0,0,0,0,0,0,0,0,0,0,0,0,0,0,0,1,0,0,0,1,0,0,0,0,0,0,0,1,0,1,0,0,0,0,0,0,0,0,0,0,0,0,0,0,0,0,0,0,0,0,0,0,1,0,0,0,1,0,0,1,1,0,1,0,0,1,0,0,0,1,0,0,0,0,0,0,1,0,1,1,0,0,0,0,0,0,0,1,0,0,0,0,0,0,1,0,0,1,1,0,0,0,1,1,0,0,1,1,1,0,1,0,1,1,0,1,1,1,1,0
"(1R,2R,3S,6R,7S)-1,8,9,10,11,11-hexachlorotetracyclo[6.2.1.13,6.02,7]dodeca-4,9-diene",C1[C@H]2C=C[C@@H]1[C@H]3[C@@H]2[C@]4(C(=C(C3(C4(Cl)Cl)Cl)Cl)Cl)Cl,0,0,0,0,0,0,0,0,0,0,0,0,0,0,0,0,0,0,0,0,0,0,0,0,0,0,0,0,0,0,0,0,0,0,0,0,0,0,0,0,0,0,0,0,0,0,0,0,0,0,0,0,0,0,0,0,0,0,0,0,0,0,0,0,0,0,0,1,0,0,0,0,0,0,0,0,0,1,0,0,0,0,0,0,0,0,0,0,1,0,0,0,0,0,0,0,0,1,0,0,1,0,1,0,1,0,1,0,1,0,0,0,0,1,0,0,0,0,0,0,0,0,0,0,0,0,0,0,0,0,0,0,0,0,0,1,0,0,0,0,0,0,0,0,0,0,1,0,0,0,0,1,0,0,0,0,0,0,0,0,0,0,0,0,1,0,1,0
"(1R,4S,5'S,6R,6'S,8R,10E,13R,14E,20R,21R,24S)-21,24-dihydroxy-4'-methoxyimino-5',11,13,22-tetramethyl-6'-[(E)-4-methylpent-2-en-2-yl]spiro[3,7,19-trioxatetracyclo[15.6.1.14,8.020,24]pentacosa-10,14,16,22-tetraene-6,2'-oxane]-2-one",C[C@@H]\1C/C(=C/C[C@@H]2C[C@@H](C[C@@]3(O2)CC(=NOC)[C@@H]([C@H](O3)/C(=C/C(C)C)/C)C)OC(=O)[C@@H]4C=C([C@H]([C@@H]5[C@]4(C(=C/C=C1)CO5)O)O)C)/C,0,0,0,0,0,0,0,0,0,0,0,0,0,0,0,0,0,0,0,0,0,0,0,0,0,1,0,1,0,0,0,0,0,0,0,0,0,0,0,0,0,0,0,0,0,0,0,0,0,0,0,1,0,0,1,0,0,0,1,0,0,0,0,0,0,0,0,1,0,0,0,0,1,1,0,1,0,1,0,1,0,0,0,0,1,0,0,0,0,0,1,1,1,0,1,1,0,1,1,1,1,0,1,1,0,0,1,0,0,1,1,0,1,1,0,0,1,1,0,0,1,1,0,0,1,1,0,1,1,1,1,0,1,1,1,0,0,0,1,0,1,1,1,0,1,0,1,1,0,0,1,1,0,1,1,1,0,1,1,0,1,1,1,0,1,1,1,0
Dehydroabietylammonium pentachlorophenoxide,CC(C)C1=CC2=C(C=C1)[C@]3(CCC[C@@]([C@@H]3CC2)(C)CN)C.C1(=C(C(=C(C(=C1Cl)Cl)Cl)Cl)Cl)O,0,0,0,0,0,0,0,0,0,0,0,0,0,0,0,0,0,0,0,0,0,0,0,0,0,0,0,0,0,0,0,0,0,0,0,0,0,0,0,0,0,0,0,0,0,0,0,0,0,0,0,0,0,0,0,0,0,0,0,0,0,0,0,0,0,0,0,1,0,0,0,0,0,0,0,1,0,0,0,0,0,0,0,1,0,1,0,0,1,0,0,1,1,0,0,0,0,0,0,0,0,1,1,0,1,0,1,0,1,1,0,0,0,1,1,0,1,1,0,1,0,0,0,0,0,0,1,0,1,1,1,0,1,0,0,1,0,0,0,0,1,0,1,0,1,1,1,0,1,0,1,1,1,1,1,0,1,0,1,1,0,1,1,1,1,1,1,1
Strobilurin M,CC(C)[C@]1(COC2=C(O1)C=C(C=C2)/C=C/C=C(/C)\C(=C/OC)\C(=O)OC)OCC=C(C)C,0,0,0,0,0,0,0,0,0,0,0,0,0,0,0,0,0,0,0,0,0,0,0,0,0,0,0,0,0,0,0,0,0,0,0,0,0,0,0,0,0,0,0,0,0,0,0,0,0,0,0,1,0,0,0,0,0,0,1,0,0,0,0,0,0,0,0,0,0,0,0,0,0,1,0,1,0,1,0,0,0,0,0,0,0,0,0,0,0,0,1,0,0,0,1,0,0,0,0,1,1,0,1,0,0,0,1,0,0,1,1,0,0,1,1,0,0,1,0,0,0,1,0,0,1,0,0,1,1,0,1,0,0,1,0,0,0,0,1,1,0,1,1,0,1,1,1,1,0,0,1,0,0,1,1,1,1,0,1,0,1,1,0,1,1,1,1,0
Off-Shoot-T,CCCCCCCCCCCCO.CCCCCCCCCCO.CCCCCCCCO.CCCCCCO,0,0,0,0,0,0,0,0,0,0,0,0,0,0,0,0,0,0,0,0,0,0,0,0,0,0,0,0,0,0,0,0,0,0,0,0,0,0,0,0,0,0,0,0,0,0,0,0,0,0,0,0,0,0,0,0,0,0,0,0,0,0,0,0,0,0,0,0,0,0,0,0,0,0,0,0,0,0,0,0,0,0,0,1,0,0,0,0,0,0,0,1,1,0,0,0,0,0,0,0,0,0,0,0,0,1,0,0,0,1,1,0,0,0,0,1,1,1,0,1,0,0,0,0,0,0,0,0,0,1,1,0,1,1,0,0,0,0,0,1,1,1,1,0,0,0,0,1,1,0,1,0,0,0,1,0,1,0,1,0,1,1,0,0,0,1,0,1
cyclo[N(Me)Ala-bAla-OGly(allyl)-D-Pro-Ile-DL-N(Me)Val],CC[C@H](C)[C@H]1C(=O)N(C(C(=O)N([C@H](C(=O)NCCC(=O)O[C@H](C(=O)N2CCC[C@@H]2C(=O)N1)CC=C)C)C)C(C)C)C,0,0,0,0,0,0,0,0,0,0,0,0,0,0,0,0,0,0,0,0,0,0,0,0,0,0,0,0,0,0,0,0,0,0,0,1,0,0,0,0,0,0,0,0,0,0,0,0,0,0,0,0,0,0,0,0,0,0,1,0,0,0,0,0,0,0,0,0,0,0,0,0,0,1,0,1,1,0,0,0,1,0,0,1,1,0,1,0,0,0,0,1,1,1,1,0,1,1,1,0,1,1,0,0,0,1,1,0,0,1,0,1,1,0,0,1,1,0,1,1,0,1,1,1,1,0,0,0,1,1,1,0,1,1,0,0,0,1,1,1,0,1,1,1,1,0,0,1,1,1,1,1,1,1,1,1,1,1,1,1,1,1,1,0,0,1,1,0
"4-[(13R)-2,13-dihydroxy-13-[(2R,5S)-5-[(2R)-5-[(1S)-1-hydroxyundecyl]oxolan-2-yl]oxolan-2-yl]tridecyl]-2-methyl-2H-furan-5-one",CCCCCCCCCC[C@@H](C1CC[C@@H](O1)[C@@H]2CC[C@@H](O2)[C@@H](CCCCCCCCCCC(CC3=CC(OC3=O)C)O)O)O,0,0,0,0,0,0,0,0,0,0,0,0,0,0,0,0,0,0,0,0,0,0,0,0,0,0,0,0,0,0,0,0,0,0,0,0,0,0,0,0,0,0,0,0,0,0,0,0,0,0,0,1,0,0,0,0,0,0,1,0,0,0,0,1,0,0,0,0,0,0,0,0,0,1,0,0,0,1,0,0,0,0,0,0,1,0,0,0,0,0,0,1,1,0,0,0,0,1,0,0,1,0,0,0,0,1,0,0,0,1,0,0,0,0,0,1,1,1,0,1,0,1,0,0,1,0,0,0,1,1,1,0,1,1,0,0,0,0,1,0,1,1,0,0,1,0,0,1,1,0,1,1,0,1,0,1,1,0,1,0,1,1,0,0,0,1,1,0
Momfluorothrin,CC(=CC1C(C1(C)C)C(=O)OCC2=C(C(=C(C(=C2F)F)COC)F)F)C#N,0,0,0,0,0,0,0,0,0,0,0,0,0,0,0,0,0,0,0,0,0,0,0,1,0,0,0,0,0,0,0,0,0,0,0,0,0,0,0,0,0,0,1,1,0,0,0,0,0,0,0,1,0,0,0,0,0,0,0,0,0,0,0,0,0,0,0,1,0,0,0,0,0,0,0,1,0,1,0,0,0,0,0,0,0,0,0,1,1,0,0,0,0,0,1,0,0,0,0,0,1,0,0,0,0,0,0,0,1,0,1,0,0,1,0,0,1,0,0,0,0,0,0,0,1,0,0,1,0,0,0,0,0,0,0,1,0,0,0,1,0,0,1,0,0,1,0,1,0,0,1,1,0,0,1,1,1,0,1,0,1,1,1,1,1,1,1,0
Plantomycin,C[C@H]1[C@@]([C@H]([C@@H](O1)O[C@@H]2[C@H]([C@@H]([C@H]([C@@H]([C@H]2O)O)N=C(N)N)O)NC(=N)N)O[C@H]3[C@H]([C@@H]([C@H]([C@@H](O3)CO)O)O)NC)(C=O)O.C[C@H]1[C@@]([C@H]([C@@H](O1)O[C@@H]2[C@H]([C@@H]([C@H]([C@@H]([C@H]2O)O)N=C(N)N)O)N=C(N)N)O[C@H]3[C@H]([C@@H]([C@H]([C@@H](O3)CO)O)O)NC)(C=O)O.OS(=O)(=O)O.OS(=O)(=O)O.OS(=O)(=O)O,0,0,0,0,0,0,0,0,0,0,0,0,0,0,0,0,0,0,0,0,0,0,0,0,0,0,1,0,0,0,0,0,0,0,0,0,0,0,0,0,1,1,0,0,1,0,0,0,0,1,0,0,0,0,1,1,1,0,1,1,0,1,1,0,0,0,0,1,1,0,1,0,0,1,1,0,0,0,1,1,0,1,0,1,1,1,0,0,0,1,1,1,1,0,1,0,1,1,1,1,0,0,0,1,0,0,0,1,0,0,1,0,0,1,0,0,0,0,0,0,1,1,0,0,1,1,0,1,1,0,0,1,1,1,1,0,0,1,1,1,1,1,1,1,1,0,1,1,0,1,1,1,1,1,1,1,1,1,1,1,1,1,1,0,1,1,1,1
Glyphosate-ethanolamine,C(CO)N.C(C(=O)O)NCP(=O)(O)O,0,0,0,0,0,0,0,0,0,0,0,0,0,0,0,0,0,0,0,0,0,0,0,0,0,0,0,0,0,1,1,0,0,0,0,0,0,0,0,0,0,0,0,0,1,0,0,0,0,1,0,0,0,0,0,1,0,0,0,0,0,0,0,0,0,0,0,0,0,0,1,0,0,0,0,0,0,0,0,0,0,0,0,1,0,1,0,1,0,0,0,0,1,0,0,0,1,0,0,0,0,1,0,1,0,1,0,1,0,0,1,0,1,1,0,0,0,0,0,1,0,0,0,0,1,1,0,0,0,0,0,1,1,1,0,0,0,1,0,1,1,1,0,1,0,0,0,1,1,1,0,0,1,0,1,1,1,0,1,1,1,0,1,0,0,1,0,1
Imazamethabenz [ANSI],CC1=CC(=C(C=C1)C(=O)OC)C2=NC(C(=O)N2)(C)C(C)C.CC1=CC(=C(C=C1)C2=NC(C(=O)N2)(C)C(C)C)C(=O)OC,0,0,0,0,0,0,0,0,0,0,0,0,0,0,0,0,0,0,0,0,0,0,0,0,0,0,0,0,0,0,0,0,0,0,0,0,0,0,0,1,0,0,0,0,0,0,0,0,0,0,0,0,0,0,0,0,0,0,0,0,0,0,0,1,0,0,0,1,0,0,0,0,0,0,0,1,0,0,1,1,1,0,0,0,1,0,0,0,0,0,0,0,0,1,1,0,1,1,1,0,0,0,0,0,0,0,0,0,0,0,0,1,0,1,0,0,0,0,1,0,1,1,1,0,1,0,1,1,1,0,0,0,1,0,0,0,0,1,1,0,0,1,1,1,1,1,1,1,0,0,1,1,1,0,0,1,0,1,1,1,1,1,1,1,1,1,1,1
Ripost Pepite,CCNC(=O)NC(=O)/C(=N/OC)/C#N.CC1=C(C(=CC=C1)C)N(C(=O)COC)N2CCOC2=O.C(CNC(=S)[S-])NC(=S)[S-].C(CNC(=S)[S-])NC(=S)[S-].[Mn+2].[Zn+2],0,0,0,0,0,0,0,0,1,0,0,0,0,1,0,0,0,0,0,0,0,0,0,0,1,1,0,0,0,0,0,0,0,0,0,0,0,0,1,0,0,0,1,0,1,1,0,0,1,0,1,0,0,1,0,1,0,0,1,0,0,0,0,0,0,0,0,0,0,0,0,0,1,1,1,0,1,0,1,1,1,1,1,1,1,0,0,1,0,1,1,1,0,1,1,1,1,1,1,0,0,1,0,1,0,1,0,1,0,0,1,1,1,0,0,1,1,0,1,1,1,1,1,1,1,1,0,1,1,1,0,1,1,1,1,0,1,1,1,1,0,1,1,1,1,1,0,1,1,1,1,1,1,0,1,1,1,1,1,1,1,1,1,1,1,1,1,1
"1-Chloro-4-(2,2,2-trichloro-1-(4-chlorophenyl)ethyl)benzene",C1=CC(=CC=C1C(C2=CC=C(C=C2)Cl)C(Cl)(Cl)Cl)Cl,0,0,0,0,0,0,0,0,0,0,0,0,0,0,0,0,0,0,0,0,0,0,0,0,0,0,0,0,0,0,0,0,0,0,0,0,0,0,0,0,0,0,0,0,0,0,0,0,0,0,0,0,0,0,0,0,0,0,0,0,0,0,0,0,0,0,0,0,0,0,0,0,0,0,0,0,0,0,0,0,0,0,0,0,0,0,0,0,1,0,0,0,0,0,0,0,0,0,0,0,0,0,0,0,1,0,0,1,1,0,0,0,0,1,0,0,0,0,0,0,0,0,0,0,0,0,1,0,0,0,0,0,0,0,0,1,0,0,0,0,0,0,0,0,0,0,1,0,0,0,0,0,0,0,0,0,0,0,0,0,0,0,0,1,1,0,1,0
"4-Chloro-3,5-dimethylphenol",CC1=CC(=CC(=C1Cl)C)O,0,0,0,0,0,0,0,0,0,0,0,0,0,0,0,0,0,0,0,0,0,0,0,0,0,0,0,0,0,0,0,0,0,0,0,0,0,0,0,0,0,0,0,0,0,0,0,0,0,0,0,0,0,0,0,0,0,0,0,0,0,0,0,0,0,0,0,0,0,0,0,0,0,0,0,0,0,0,0,0,0,0,0,0,0,0,0,0,1,0,0,0,0,0,0,0,0,0,0,0,0,0,0,0,1,0,0,0,1,0,0,0,0,0,1,0,0,0,0,0,0,0,0,0,0,0,0,0,1,0,0,0,0,0,0,1,0,0,0,0,1,0,0,0,1,1,0,0,0,0,1,1,0,1,0,0,0,0,1,0,0,1,0,1,1,1,1,0
"1,2,4,5-Tetrachloro-3-nitrobenzene",C1=C(C(=C(C(=C1Cl)Cl)[N+](=O)[O-])Cl)Cl,0,0,0,0,0,0,0,0,0,0,0,0,0,0,0,0,0,0,0,0,0,0,0,0,0,1,0,0,0,0,0,0,0,0,0,0,0,0,0,0,0,0,0,0,0,0,0,0,0,0,1,0,0,0,0,0,0,1,0,0,0,0,0,0,1,0,0,0,0,0,0,1,1,0,0,0,0,0,0,0,0,0,0,0,0,0,0,0,1,0,0,0,0,0,0,1,0,0,0,0,0,0,0,1,1,0,0,0,1,0,0,0,0,0,0,0,0,0,0,0,1,0,0,1,0,1,0,0,0,0,0,1,0,0,1,1,1,0,0,0,0,0,0,0,0,1,0,0,0,1,0,1,0,0,0,0,0,1,0,1,1,0,1,1,1,1,1,0
"1,1-Bis(4-chlorophenyl)ethanol",CC(C1=CC=C(C=C1)Cl)(C2=CC=C(C=C2)Cl)O,0,0,0,0,0,0,0,0,0,0,0,0,0,0,0,0,0,0,0,0,0,0,0,0,0,0,0,0,0,0,0,0,0,0,0,0,0,0,0,0,0,0,0,0,0,0,0,0,0,0,0,0,0,0,0,0,0,0,0,0,0,0,0,0,0,0,0,1,0,0,0,0,0,0,0,0,0,0,0,0,0,0,0,0,0,0,0,0,1,0,0,0,0,0,0,0,0,0,0,0,0,0,0,0,1,0,0,0,1,0,0,0,0,1,0,0,0,0,0,0,0,0,0,0,0,0,1,0,0,0,0,0,0,0,0,1,0,0,0,0,1,0,0,0,0,0,1,0,0,0,0,0,0,1,0,0,0,0,1,0,0,1,0,1,1,1,1,0
Dichlofenthion,CCOP(=S)(OCC)OC1=C(C=C(C=C1)Cl)Cl,0,0,0,0,0,0,0,0,0,0,0,0,0,0,0,0,0,0,0,0,0,0,0,0,0,0,0,0,0,0,1,0,0,0,0,0,0,0,0,0,0,0,0,0,0,0,0,0,0,1,0,0,0,0,0,0,0,0,0,0,0,0,0,0,0,0,0,0,1,0,0,0,0,0,1,0,0,0,0,0,0,0,1,0,0,0,0,0,1,1,0,0,0,0,0,0,0,0,0,0,0,0,0,1,1,0,0,1,1,0,1,0,0,1,1,1,0,0,0,0,0,0,0,0,0,1,0,1,1,1,0,1,0,0,0,1,0,0,0,1,0,0,0,0,1,1,0,1,0,1,1,1,0,1,1,0,1,0,1,0,1,1,0,1,1,1,1,0
2-Heptadecylimidazoline,CCCCCCCCCCCCCCCCCC1=NCCN1,0,0,0,0,0,0,0,0,0,0,0,0,0,0,0,0,0,0,0,0,0,0,0,0,0,0,0,0,0,0,0,0,0,0,0,0,0,0,0,1,0,0,0,0,0,0,0,0,0,0,0,0,0,0,0,0,0,0,0,0,0,0,0,0,0,0,0,0,0,0,0,0,0,0,0,0,0,0,1,1,1,0,0,1,1,0,0,0,0,0,0,1,1,0,0,0,0,1,0,0,0,1,0,0,0,1,0,0,0,1,0,0,1,0,0,1,1,1,0,1,1,1,1,0,0,0,0,0,0,1,1,0,0,0,0,0,0,0,1,1,0,0,0,1,0,0,0,0,1,0,0,0,1,0,1,0,1,1,0,1,0,1,1,0,0,0,1,0
"N-sec-Butyl-3,4-dimethyl-2,6-dinitroaniline",CCC(C)NC1=C(C=C(C(=C1[N+](=O)[O-])C)C)[N+](=O)[O-],0,0,0,0,0,0,0,0,0,0,0,0,0,0,0,0,0,0,0,0,0,0,0,0,0,1,0,0,0,0,0,0,0,0,0,0,0,0,0,0,0,0,0,0,0,0,0,0,0,0,1,0,0,0,0,0,0,1,0,0,0,0,0,0,1,0,0,0,0,0,0,1,1,0,0,0,0,0,0,0,1,1,0,0,0,0,0,0,0,0,0,0,0,0,0,1,0,0,1,0,0,0,0,1,0,1,0,0,0,0,0,0,1,0,0,1,1,0,0,0,1,0,0,1,0,1,0,0,0,0,0,1,0,0,1,0,1,1,0,0,0,1,1,1,0,1,0,1,0,1,1,1,1,0,0,0,1,1,0,1,1,1,1,1,1,1,1,0
M-Cumenyl Methylcarbamate,CC(C)C1=CC(=CC=C1)OC(=O)NC,0,0,0,0,0,0,0,0,0,0,0,0,0,0,0,0,0,0,0,0,0,0,0,0,1,0,0,0,0,0,0,0,0,0,0,0,0,0,0,0,0,0,0,0,0,0,0,0,0,0,0,0,0,0,0,0,0,0,0,0,0,0,0,0,0,0,0,0,0,0,0,0,0,0,0,1,0,0,0,0,0,0,0,0,0,0,0,0,0,0,0,0,0,0,1,0,0,0,0,0,0,0,0,0,0,0,0,1,0,0,0,1,0,0,1,0,0,0,1,0,0,0,0,0,1,0,0,1,1,0,0,0,0,0,0,0,0,0,0,0,0,0,1,0,1,0,0,0,0,0,1,0,1,1,0,1,0,1,1,1,1,1,1,1,1,1,1,0
4-Nitro-3-trifluoromethylphenol,C1=CC(=C(C=C1O)C(F)(F)F)[N+](=O)[O-],0,0,0,0,0,0,0,0,0,0,0,0,0,0,0,0,0,0,0,0,0,0,0,0,0,1,0,0,0,0,0,0,0,0,0,0,0,0,0,0,0,0,0,1,0,0,0,0,0,0,1,0,0,0,0,0,0,1,0,0,0,0,0,0,1,0,0,0,0,0,0,1,1,0,0,0,0,0,0,0,0,0,0,0,0,0,0,0,0,0,0,0,0,0,0,1,0,0,0,0,0,0,0,1,0,0,0,1,1,0,0,0,0,1,1,0,0,0,0,0,1,0,0,1,0,1,0,0,1,0,0,1,0,0,1,1,1,0,0,0,1,0,0,0,1,1,0,1,0,1,0,1,0,1,0,0,0,1,1,1,1,0,1,1,1,1,1,0
Thioquinox,C1=CC=C2C(=C1)N=C3C(=N2)SC(=S)S3,0,0,0,0,0,0,0,0,0,0,0,0,0,0,0,0,0,0,0,0,0,0,0,0,0,0,0,0,0,0,0,0,0,0,0,0,0,1,0,0,0,0,0,0,0,0,0,0,1,0,0,0,0,0,0,0,0,0,0,0,1,0,0,0,0,1,1,0,0,0,0,0,0,0,1,0,0,0,0,0,1,0,1,0,1,0,0,0,0,1,0,0,0,0,0,0,0,1,0,1,0,0,1,0,0,0,1,1,0,0,0,0,0,0,0,0,0,0,0,0,0,1,1,0,0,0,1,0,0,0,0,0,0,0,0,0,0,0,1,0,0,0,0,1,0,0,1,0,0,0,0,0,0,0,0,0,0,1,0,0,0,0,1,1,1,0,1,0
1-Pentanethiol,CCCCCS,0,0,0,0,0,0,0,0,0,0,0,0,0,0,0,0,0,0,0,0,0,0,0,0,0,0,0,0,0,0,0,0,0,0,0,0,0,0,0,0,0,0,0,0,0,0,0,0,0,0,0,0,0,0,0,0,0,0,0,0,0,0,0,0,0,0,0,0,0,0,0,0,0,0,0,0,0,0,0,0,0,0,0,1,0,0,0,0,0,1,0,1,1,0,0,0,0,0,0,0,0,0,0,0,0,1,0,0,0,1,0,0,0,0,0,1,1,1,0,1,0,0,0,0,0,0,0,0,0,0,1,0,0,0,0,0,0,0,0,0,0,0,0,0,0,0,0,0,1,0,0,0,0,0,1,0,1,0,0,0,0,1,0,0,0,0,0,0
Sulphenone,C1=CC=C(C=C1)S(=O)(=O)C2=CC=C(C=C2)Cl,0,0,0,0,0,0,0,0,0,0,0,0,0,0,0,0,0,0,0,0,0,0,0,0,0,0,0,0,0,0,0,0,0,0,0,0,0,0,0,0,0,0,0,0,0,0,0,0,0,0,0,0,1,0,0,0,1,0,0,1,1,1,1,0,0,1,0,0,1,0,0,0,0,0,1,0,0,0,0,0,0,0,1,0,0,0,0,0,1,1,0,0,0,0,0,0,0,0,0,0,0,0,0,1,1,0,0,0,1,0,0,0,0,1,0,0,0,0,0,0,0,0,0,0,0,1,1,0,0,0,0,1,0,0,0,1,0,1,0,0,0,0,0,0,0,0,1,0,0,1,0,0,0,0,0,0,0,0,0,0,1,0,0,1,1,1,1,0
Anilazine,C1=CC=C(C(=C1)NC2=NC(=NC(=N2)Cl)Cl)Cl,0,0,0,0,0,0,0,0,0,0,0,0,0,0,0,0,0,0,0,0,0,0,0,0,0,0,1,0,0,0,0,0,0,0,0,0,0,0,0,0,0,0,0,0,0,0,0,0,0,0,0,0,0,0,0,0,0,0,0,0,0,0,0,0,0,0,1,0,0,0,0,0,0,0,0,0,0,0,1,0,0,1,0,0,0,0,0,0,1,0,0,0,0,0,0,0,0,0,0,1,0,0,0,0,1,0,0,1,1,0,0,0,0,0,0,0,0,0,0,0,0,1,1,0,0,0,1,0,0,0,0,0,0,0,1,1,1,0,1,0,0,0,0,1,0,1,1,0,0,0,0,1,1,0,0,0,0,1,0,1,0,0,1,1,1,0,1,0
Isolan,CC1=NN(C(=C1)OC(=O)N(C)C)C(C)C,0,0,0,0,0,0,0,0,0,0,0,0,0,0,0,0,0,0,0,0,0,0,0,0,1,0,0,0,0,0,0,0,0,0,0,0,0,0,0,0,0,0,0,0,0,0,0,0,0,0,0,0,0,1,0,0,0,0,0,0,0,0,0,0,0,0,1,0,0,0,0,0,0,0,0,1,1,0,0,0,0,1,0,0,1,0,1,1,0,0,0,0,0,1,1,1,1,1,1,0,0,0,0,0,0,0,0,1,0,0,0,1,0,0,1,0,0,0,1,0,0,1,1,1,1,1,0,1,1,0,0,0,0,0,0,0,0,0,1,0,0,0,1,1,1,1,0,0,0,1,1,1,0,0,0,1,0,1,1,1,1,1,1,1,0,1,1,0
Dinex,C1CCC(CC1)C2=C(C(=CC(=C2)[N+](=O)[O-])[N+](=O)[O-])O,0,0,0,0,0,0,0,0,0,0,0,0,0,0,0,0,0,0,0,0,0,0,0,0,0,1,0,0,0,0,0,0,0,0,0,0,0,0,0,0,0,0,0,0,0,0,0,0,0,0,1,0,0,0,0,0,0,1,0,0,0,0,0,1,1,0,0,0,0,0,0,1,1,0,0,0,0,0,0,0,0,1,0,0,0,0,0,0,0,0,1,0,1,0,0,1,1,0,0,0,0,0,0,1,0,0,0,0,0,0,0,0,0,0,1,0,0,0,0,1,1,0,0,1,0,1,0,0,1,1,1,1,0,0,1,0,1,1,0,0,1,1,0,1,1,1,1,1,1,1,0,1,0,1,0,0,0,1,1,1,1,0,1,1,1,1,1,0
Trisodium N-hydroxyethylethylenediaminetriacetate,C(CN(CC(=O)[O-])CC(=O)[O-])N(CCO)CC(=O)[O-].[Na+].[Na+].[Na+],0,0,0,0,0,0,0,0,0,0,0,0,0,0,0,0,0,0,0,0,0,0,0,0,0,0,0,0,0,0,0,0,0,0,0,0,1,0,0,0,0,0,0,0,0,1,0,0,0,0,1,0,0,0,0,0,0,0,0,0,0,0,0,0,0,0,0,0,0,0,0,0,0,0,0,0,0,0,0,0,1,0,0,1,0,0,1,1,0,0,0,0,1,0,0,0,1,0,0,0,0,1,0,0,0,1,0,0,0,0,1,0,1,0,0,0,0,0,0,1,0,0,0,1,1,0,0,0,0,1,1,0,0,1,0,0,0,1,0,1,1,1,0,1,0,0,0,1,1,1,0,0,0,0,1,1,1,0,1,1,1,0,1,0,0,1,0,1
Dazomet,CN1CN(C(=S)SC1)C,0,0,0,0,0,0,0,0,0,0,0,0,0,0,0,0,0,0,0,0,0,0,0,0,0,0,0,0,0,1,0,0,0,0,0,0,0,1,0,0,0,0,0,0,0,0,0,0,1,0,0,0,0,0,0,0,0,0,0,0,0,0,0,0,0,1,0,0,0,0,0,0,0,0,1,0,1,0,1,0,0,1,1,0,0,0,1,1,0,1,0,0,0,0,1,0,0,0,0,1,0,1,0,0,0,0,0,1,0,1,0,0,0,0,0,0,1,0,0,0,0,1,1,1,0,0,0,0,0,1,0,0,0,0,0,0,0,0,1,1,0,0,0,1,0,0,0,0,0,1,1,1,0,0,1,0,0,1,0,1,0,1,1,0,1,0,1,0
Pentasodium Pentetate,C(CN(CC(=O)[O-])CC(=O)[O-])N(CCN(CC(=O)[O-])CC(=O)[O-])CC(=O)[O-].[Na+].[Na+].[Na+].[Na+].[Na+],0,0,0,0,0,0,0,0,0,0,0,0,0,0,0,0,0,0,0,0,0,0,0,0,0,0,0,0,0,0,0,0,0,0,0,0,1,0,0,0,0,0,0,0,0,1,0,0,0,0,1,0,0,0,0,0,0,0,0,0,0,0,0,0,0,0,0,0,0,0,0,0,0,0,0,0,0,0,0,0,1,0,0,0,0,0,1,1,0,0,0,0,0,0,0,0,1,0,0,0,0,1,0,0,0,0,0,0,0,0,0,0,1,0,0,0,0,0,0,1,0,0,0,1,1,0,0,0,0,1,1,0,0,1,0,0,0,1,0,1,0,1,0,1,0,0,0,1,1,1,0,0,0,0,1,1,1,0,1,1,1,0,1,0,0,1,0,1
Isobenzan,C12C(C(OC1Cl)Cl)C3(C(=C(C2(C3(Cl)Cl)Cl)Cl)Cl)Cl,0,0,0,0,0,0,0,0,0,0,0,0,0,0,0,0,0,0,0,0,0,0,0,0,0,0,0,0,0,0,0,0,0,0,0,0,0,0,0,0,0,0,0,0,0,0,0,0,0,0,0,0,0,0,0,0,0,0,1,0,0,0,0,0,0,0,0,1,0,0,0,0,0,0,0,0,0,1,0,0,0,0,0,0,1,0,0,0,1,0,0,0,0,0,0,0,0,1,0,0,1,0,1,0,1,0,1,0,1,0,0,0,0,1,0,0,0,0,0,0,0,0,0,0,0,0,0,0,0,0,0,0,0,0,0,1,0,0,1,0,0,0,0,0,0,0,0,0,0,0,0,1,0,0,0,0,0,0,1,0,0,0,0,0,1,1,1,0
"1,2,3,4-Tetrachlorobenzene",C1=CC(=C(C(=C1Cl)Cl)Cl)Cl,0,0,0,0,0,0,0,0,0,0,0,0,0,0,0,0,0,0,0,0,0,0,0,0,0,0,0,0,0,0,0,0,0,0,0,0,0,0,0,0,0,0,0,0,0,0,0,0,0,0,0,0,0,0,0,0,0,0,0,0,0,0,0,0,0,0,0,0,0,0,0,0,0,0,0,0,0,0,0,0,0,0,0,0,0,0,0,0,1,0,0,0,0,0,0,0,0,0,0,0,0,0,0,0,1,0,0,0,1,0,0,0,0,0,0,0,0,0,0,0,0,0,0,0,0,0,0,0,0,0,0,0,0,0,0,1,0,0,0,0,0,0,0,0,0,1,0,0,0,0,0,1,0,0,0,0,0,0,0,0,0,0,0,1,1,0,1,0
Methoprotryne,CC(C)NC1=NC(=NC(=N1)NCCCOC)SC,0,0,0,0,0,0,0,0,0,0,0,0,0,0,0,0,0,0,0,0,0,0,0,0,0,0,1,0,0,0,0,0,0,0,0,0,0,0,0,0,0,0,0,0,0,0,0,0,1,0,0,0,0,0,1,0,0,0,0,0,1,0,0,0,0,1,1,0,0,0,0,0,0,0,0,1,0,0,1,0,0,1,1,1,0,0,0,1,0,1,0,1,0,0,1,0,0,0,1,1,0,1,0,0,0,1,0,1,0,1,1,0,1,0,0,0,1,1,0,1,0,1,1,0,0,0,0,1,0,0,0,0,1,1,1,0,1,0,1,1,0,0,1,1,0,0,0,0,1,0,1,0,1,0,1,0,1,1,1,1,0,1,1,1,1,1,1,0
Chloridazon,C1=CC=C(C=C1)N2C(=O)C(=C(C=N2)N)Cl,0,0,0,0,0,0,0,0,0,0,0,0,0,0,0,0,0,0,0,0,0,0,0,0,0,0,0,0,0,0,0,0,0,0,0,0,0,0,0,0,0,0,0,0,0,0,0,0,0,0,0,0,0,1,0,0,0,0,0,0,0,0,0,1,0,0,1,0,0,0,0,0,0,0,0,0,1,0,0,0,1,1,0,0,0,1,0,0,1,0,0,0,0,1,0,1,1,0,1,1,0,0,0,0,1,0,0,0,1,0,0,1,0,0,1,0,0,0,1,0,0,1,1,1,0,1,1,0,1,0,0,0,0,0,1,1,1,0,1,0,0,0,0,1,1,1,1,0,0,1,0,1,1,0,0,1,0,1,0,1,0,0,1,1,1,1,1,0
Prothoate,CCOP(=S)(OCC)SCC(=O)NC(C)C,0,0,0,0,0,0,0,0,0,0,0,0,0,0,0,0,0,0,0,0,0,0,0,0,0,0,0,0,0,0,1,0,0,0,0,0,0,0,0,0,0,0,0,0,0,0,0,0,0,0,0,0,0,0,0,0,0,0,0,0,0,0,0,0,0,0,0,0,1,0,0,0,0,0,1,1,0,0,0,0,0,0,1,0,0,0,0,0,0,1,0,0,0,1,0,0,0,0,0,0,0,0,0,1,0,1,0,1,0,1,1,1,1,1,0,1,0,0,1,0,0,0,0,0,0,1,0,1,0,1,0,1,0,1,0,0,0,0,0,1,0,0,1,0,0,0,0,1,0,1,1,0,1,0,1,1,1,1,1,1,1,1,1,0,0,1,0,0
Mecoprop-isoctyl,CC1=C(C=CC(=C1)Cl)OC(C)C(=O)OCCCCCC(C)C,0,0,0,0,0,0,0,0,0,0,0,0,0,0,0,0,0,0,0,0,0,0,0,0,0,0,0,0,0,0,0,0,0,0,0,0,0,0,0,0,0,0,0,0,0,0,0,0,0,0,0,0,0,0,0,0,0,0,0,0,0,0,0,0,0,0,0,0,0,0,0,0,0,1,0,1,0,0,0,0,0,0,0,0,0,0,0,0,1,0,0,0,0,0,0,0,0,0,0,0,0,0,0,0,1,0,0,0,1,1,1,0,0,0,1,0,1,1,0,1,0,0,0,0,1,0,0,1,1,1,1,0,0,1,0,1,0,0,0,0,0,0,1,0,1,1,0,1,1,0,1,1,0,1,1,1,1,0,1,0,1,1,0,1,1,1,1,0
Cupric hexafluorosilicate,F[Si-2](F)(F)(F)(F)F.[Cu+2],0,0,0,0,0,0,0,0,0,0,0,0,0,1,0,0,0,0,0,0,0,1,0,0,0,0,0,0,0,0,0,0,1,0,0,0,0,0,0,0,0,0,0,1,0,1,0,0,0,0,1,0,0,0,0,0,0,0,0,0,0,0,0,0,0,0,0,0,0,0,0,0,0,0,0,0,0,0,0,0,0,0,0,0,0,0,0,0,0,0,0,0,0,0,0,0,0,0,0,0,0,0,0,0,0,0,0,1,1,0,0,0,0,1,0,0,0,0,0,0,0,0,0,0,0,1,0,0,0,0,0,1,0,0,0,1,0,0,0,0,0,0,0,0,0,0,0,0,0,1,0,0,0,0,0,0,0,0,0,0,0,0,0,0,0,0,0,1
"(5-Benzylfuran-3-yl)methyl 2,2-dimethyl-3-[(2-oxothiolan-3-ylidene)methyl]cyclopropane-1-carboxylate",CC1(C(C1C(=O)OCC2=COC(=C2)CC3=CC=CC=C3)C=C4CCSC4=O)C,0,0,0,0,0,0,0,0,0,0,0,0,0,0,0,0,0,0,0,0,0,0,0,1,0,0,0,0,0,0,0,0,0,0,0,0,0,1,0,0,0,0,0,0,0,0,0,0,0,0,0,1,0,0,0,0,0,0,1,0,0,0,0,0,0,0,0,1,0,0,0,0,0,0,0,1,0,1,0,0,0,0,1,0,1,0,0,0,0,1,1,0,0,0,0,0,0,1,0,0,1,0,0,0,0,0,0,0,0,0,1,0,0,1,0,0,0,0,0,1,0,1,0,0,1,0,1,1,1,1,0,0,0,1,0,0,0,1,1,1,0,1,0,0,1,0,0,1,1,0,1,1,0,1,1,1,1,0,1,0,1,1,0,1,1,1,1,0
"2-Methyl-4-oxo-3-(2,4-pentadien-1-yl)-2-cyclopenten-1-yl 3-(3-methoxy-2-methyl-3-oxo-1-propen-1-yl)-2,2-dimethylcyclopropanecarboxylate",CC1=C(C(=O)CC1OC(=O)C2C(C2(C)C)C=C(C)C(=O)OC)CC=CC=C,0,0,0,0,0,0,0,0,0,0,0,0,0,0,0,0,0,0,0,0,0,0,0,1,0,0,0,0,0,0,0,0,0,0,0,1,0,0,0,0,0,0,0,0,0,0,0,0,0,0,0,1,0,0,0,0,0,0,0,0,0,0,0,0,0,0,0,1,0,0,0,0,0,0,0,1,0,1,0,0,0,0,0,0,0,0,0,0,0,0,1,0,0,0,1,0,0,1,0,0,1,0,0,0,0,0,0,0,0,1,0,0,0,1,0,0,0,1,0,0,0,0,0,0,1,0,0,1,1,1,1,0,0,1,0,0,0,1,0,0,0,1,1,0,1,0,0,1,0,0,1,1,0,1,0,1,1,0,1,0,1,1,0,0,0,1,1,0
"(4R,5'R,6R,6'R,8S,10E,13S,14E,16E)-21,24-Dihydroxy-5',11,13,22-tetramethyl-6'-propan-2-ylspiro[3,7,19-trioxatetracyclo[15.6.1.14,8.020,24]pentacosa-10,14,16,22-tetraene-6,2'-oxane]-2-one",C[C@@H]1CC[C@]2(C[C@H]3C[C@@H](O2)C/C=C(/C[C@@H](/C=C/C=C/4\COC5C4(C(C=C(C5O)C)C(=O)O3)O)C)\C)O[C@@H]1C(C)C,0,0,0,0,0,0,0,0,0,0,0,0,0,0,0,0,0,0,0,0,0,0,0,0,0,0,0,1,0,0,0,0,0,0,0,0,0,0,0,0,0,0,0,0,0,0,0,0,0,0,0,1,0,0,1,0,0,0,1,0,0,0,0,0,0,0,0,1,0,0,0,0,0,1,0,1,0,1,0,0,0,0,0,0,1,0,0,0,0,0,1,1,1,0,0,0,0,1,0,1,1,0,1,0,0,0,1,0,0,1,1,0,0,1,0,0,1,1,0,1,0,1,0,0,1,0,0,0,1,1,1,0,1,1,0,0,0,0,1,0,1,1,1,0,1,0,1,1,1,0,1,1,0,1,1,1,0,0,1,0,1,1,0,0,1,1,1,0
Flonicamid,C1=CN=CC(=C1C(F)(F)F)C(=O)NCC#N,0,0,0,0,0,0,0,0,0,0,0,0,0,0,0,0,0,0,0,0,0,0,0,0,0,0,0,0,0,0,0,0,0,0,0,0,0,0,0,0,0,0,1,1,0,0,0,0,0,0,0,0,0,0,0,0,0,0,0,0,0,0,0,0,0,0,1,0,0,0,0,0,0,0,0,0,0,0,0,0,1,1,0,1,0,0,0,0,0,0,0,0,0,1,0,0,0,0,1,1,0,1,0,0,0,0,0,1,1,0,0,1,1,1,0,0,0,0,1,0,0,0,1,0,0,0,0,0,0,0,0,0,0,0,0,1,0,0,1,0,0,0,0,1,0,1,0,0,0,0,0,1,1,0,1,1,1,1,0,1,0,0,1,1,1,1,1,0
Isodrin,C1[C@@H]2C=C[C@H]1[C@@H]3[C@H]2[C@@]4(C(=C([C@]3(C4(Cl)Cl)Cl)Cl)Cl)Cl,0,0,0,0,0,0,0,0,0,0,0,0,0,0,0,0,0,0,0,0,0,0,0,0,0,0,0,0,0,0,0,0,0,0,0,0,0,0,0,0,0,0,0,0,0,0,0,0,0,0,0,0,0,0,0,0,0,0,0,0,0,0,0,0,0,0,0,1,0,0,0,0,0,0,0,0,0,1,0,0,0,0,0,0,0,0,0,0,1,0,0,0,0,0,0,0,0,1,0,0,1,0,1,0,1,0,1,0,1,0,0,0,0,1,0,0,0,0,0,0,0,0,0,0,0,0,0,0,0,0,0,0,0,0,0,1,0,0,0,0,0,0,0,0,0,0,1,0,0,0,0,1,0,0,0,0,0,0,0,0,0,0,0,0,1,0,1,0
(+)-Cismethrin,CC(=C[C@H]1[C@H](C1(C)C)C(=O)OCC2=COC(=C2)CC3=CC=CC=C3)C,0,0,0,0,0,0,0,0,0,0,0,0,0,0,0,0,0,0,0,0,0,0,0,1,0,0,0,0,0,0,0,0,0,0,0,0,0,0,0,0,0,0,0,0,0,0,0,0,0,0,0,1,0,0,0,0,0,0,1,0,0,0,0,0,0,0,0,1,0,0,0,0,0,0,0,1,0,1,0,0,0,0,0,0,1,0,0,0,0,0,1,0,0,0,0,0,0,1,0,0,1,0,0,0,0,0,0,0,0,0,1,0,0,1,0,0,0,0,0,0,0,0,0,0,1,0,1,1,0,1,0,0,0,1,0,0,0,0,1,0,0,0,1,0,0,0,0,1,0,0,1,1,0,1,1,1,1,0,1,0,1,1,0,1,1,1,1,0
RU-11679,CC1([C@@H]([C@H]1C(=O)OCC2=COC(=C2)CC3=CC=CC=C3)C=C4CCCC4)C,0,0,0,0,0,0,0,0,0,0,0,0,0,0,0,0,0,0,0,0,0,0,0,1,0,0,0,0,0,0,0,0,0,0,0,0,0,0,0,0,0,0,0,0,0,0,0,0,0,0,0,1,0,0,0,0,0,0,1,0,0,0,0,0,0,0,0,1,0,0,0,0,0,0,0,1,0,1,0,0,0,0,0,0,1,0,0,0,0,0,1,0,0,0,0,0,0,1,0,0,1,0,0,0,0,0,0,0,0,0,1,0,0,1,0,0,0,0,0,1,0,0,0,0,1,0,1,1,0,1,1,0,0,1,0,0,0,0,1,0,0,0,0,0,0,0,0,1,1,0,1,1,0,1,1,1,1,0,1,0,1,1,0,1,1,1,1,0
"2-Diazo-4,6-dinitrophenol",C1=C(C=C(C(C1=[N+]=[N-])O)[N+](=O)[O-])[N+](=O)[O-],0,0,0,0,0,0,0,0,0,0,0,0,0,0,0,0,0,0,0,0,0,0,0,0,0,1,0,0,0,0,0,0,0,0,0,0,0,0,0,0,0,0,0,0,0,0,1,0,0,0,1,0,0,1,0,0,0,1,0,0,0,0,0,0,1,0,0,0,0,0,0,1,1,0,0,0,0,1,0,1,0,1,0,0,0,0,0,0,0,0,1,0,0,0,0,1,1,0,1,0,1,0,0,1,0,0,0,0,0,0,0,0,0,0,0,0,0,0,0,0,1,0,0,1,0,1,0,0,1,0,0,1,0,0,1,0,0,1,0,0,1,1,0,1,1,0,0,1,0,1,0,1,0,1,0,0,0,1,1,1,1,0,1,0,1,1,1,0
Profluthrin,CC=CC1C(C1(C)C)C(=O)OCC2=C(C(=C(C(=C2F)F)C)F)F,0,0,0,0,0,0,0,0,0,0,0,0,0,0,0,0,0,0,0,0,0,0,0,1,0,0,0,0,0,0,0,0,0,0,0,0,0,0,0,0,0,0,0,1,0,0,0,0,0,0,0,0,0,0,0,0,0,0,0,0,0,0,0,0,0,0,0,1,0,0,0,0,0,0,0,1,0,0,0,0,0,0,0,0,0,0,0,0,1,0,0,0,0,0,0,0,0,0,0,0,1,0,0,0,0,0,0,0,1,0,1,0,0,1,0,0,0,0,0,0,0,0,0,0,1,0,0,1,0,0,0,0,0,0,0,1,0,0,0,0,0,0,1,0,0,1,0,0,0,0,1,1,0,0,1,1,1,0,1,0,1,1,0,1,1,1,1,0
"(1S,2S,6R,7R)-1,4,4,7,8,9,10,10-octachlorotricyclo[5.2.1.02,6]dec-8-ene",C1[C@@H]2[C@H](CC1(Cl)Cl)[C@@]3(C(=C([C@]2(C3(Cl)Cl)Cl)Cl)Cl)Cl,0,0,0,0,0,0,0,0,0,0,0,0,0,0,0,0,0,0,0,0,0,0,0,0,0,0,0,0,0,0,0,0,0,0,0,0,0,0,0,0,0,0,0,0,0,0,0,0,0,0,0,0,0,0,0,0,0,0,0,0,0,0,0,0,0,0,0,1,0,0,0,0,0,0,0,0,0,1,0,0,0,0,0,0,0,0,0,0,1,0,0,0,0,0,0,0,0,1,0,0,1,0,1,0,1,0,1,0,1,0,0,0,0,1,0,0,0,0,0,0,0,0,0,0,0,0,0,0,0,0,1,0,0,0,0,1,0,0,0,0,0,0,0,0,0,0,0,0,0,0,0,1,0,0,0,0,0,0,0,0,0,0,0,0,1,0,1,0
Pharmakon1600-01505902,C[C@H]1/C=C/C=C/2\CO[C@H]3[C@@]2([C@@H](C=C([C@H]3O)C)C(=O)O[C@H]4C[C@@H](C/C=C(/[C@H]1OC5C[C@@H](C([C@@H](O5)C)O[C@H]6C[C@@H]([C@H]([C@@H](O6)C)O)OC)OC)\C)O[C@]7(C4)C=C[C@@H]([C@H](O7)C8CCCCC8)C)O,0,0,0,0,0,0,0,0,0,0,0,0,0,0,0,0,0,0,0,0,0,0,0,0,0,0,0,1,0,0,0,0,0,0,0,0,0,0,0,0,0,0,0,0,0,0,0,0,0,0,0,1,0,0,1,0,0,0,1,0,0,0,0,1,0,0,0,1,0,0,0,0,0,1,0,0,0,1,0,0,0,0,0,0,1,0,0,0,0,0,1,1,1,0,1,0,0,1,0,1,1,0,1,0,0,0,1,0,0,1,1,0,0,1,0,0,0,1,0,1,0,1,0,0,1,0,0,1,1,1,1,0,1,1,0,0,0,0,1,0,1,1,1,0,1,0,1,1,1,0,1,1,0,1,1,1,0,0,1,0,1,1,0,0,1,1,1,0
Benzovindiflupyr,CN1C=C(C(=N1)C(F)F)C(=O)NC2=CC=CC3=C2[C@@H]4CC[C@H]3C4=C(Cl)Cl,0,0,0,0,0,0,0,0,0,0,0,0,0,0,0,0,0,0,0,0,0,0,1,0,0,0,0,0,0,0,0,0,0,0,0,0,0,0,0,0,0,0,0,1,0,0,0,0,0,0,0,1,0,1,0,0,0,0,0,0,0,0,0,0,0,0,1,0,0,0,0,0,0,0,0,0,1,1,0,0,0,1,0,0,1,0,0,0,0,0,0,0,1,1,1,1,0,1,1,0,1,0,1,0,1,0,1,0,1,0,0,1,0,0,0,0,0,0,1,1,0,1,1,1,0,1,1,0,0,0,0,0,0,0,1,1,1,0,1,0,0,0,0,1,0,1,1,0,1,1,0,1,1,0,0,1,0,1,0,1,0,1,1,1,1,1,1,0
Alloxydim sodium,CCCC(=NOCC=C)[C-]1C(=O)CC(C(C1=O)C(=O)OC)(C)C.[Na+],0,0,0,0,0,0,0,0,0,0,0,0,0,0,0,0,0,0,0,0,0,0,0,0,0,1,0,0,0,0,0,0,0,0,0,1,1,0,0,0,0,0,0,0,0,1,0,0,0,0,1,0,0,0,0,0,0,0,0,0,0,0,0,0,0,0,0,1,0,0,0,0,1,0,0,1,0,0,0,1,0,0,0,0,0,0,0,0,0,0,1,0,0,0,1,1,0,0,1,0,1,0,0,1,0,0,0,0,0,0,1,0,1,1,0,1,1,0,0,1,1,0,0,0,1,1,0,1,1,1,0,0,0,1,0,0,0,1,0,0,0,1,1,0,1,0,0,1,1,0,1,1,0,1,1,1,1,1,1,0,1,1,1,0,1,1,1,1
Calcium bis(hydrogen methylarsonate),C[As](=O)(O)[O-].C[As](=O)(O)[O-].[Ca+2],0,0,0,0,1,0,0,0,0,0,0,1,0,0,0,0,0,0,0,0,0,0,0,0,0,0,0,0,0,0,0,0,0,0,0,0,0,0,0,0,0,0,0,0,0,1,0,0,0,1,1,0,0,0,0,0,0,0,0,0,0,0,0,0,0,0,0,0,0,0,1,0,0,0,0,0,0,0,0,0,0,0,0,0,0,0,0,0,0,0,0,0,0,0,1,0,0,0,0,0,0,0,0,1,0,0,0,1,0,0,0,0,0,1,0,0,0,0,0,0,0,0,0,0,0,1,0,0,0,0,0,1,1,0,0,0,0,1,0,0,1,1,0,0,0,0,0,1,0,1,1,0,0,0,0,0,0,0,0,0,1,1,0,0,0,1,0,1
"(1'R,2R,3S,4'S,6S,8'R,10'Z,12'S,14'Z,16'Z,20'R,21'R,24'S)-2-cyclohexyl-21',24'-dihydroxy-12'-[(2R,4S,6S)-5-[(2S,4S,5S,6S)-5-hydroxy-4-methoxy-6-methyloxan-2-yl]oxy-4-methoxy-6-methyloxan-2-yl]oxy-3,11',13',22'-tetramethylspiro[2,3-dihydropyran-6,6'-3,7,19-trioxatetracyclo[15.6.1.14,8.020,24]pentacosa-10,14,16,22-tetraene]-2'-one",C[C@H]1C=C[C@]2(C[C@@H]3C[C@H](O2)C/C=C(\[C@H](C(/C=C\C=C/4\CO[C@H]5[C@@]4([C@@H](C=C([C@H]5O)C)C(=O)O3)O)C)O[C@H]6C[C@@H](C([C@@H](O6)C)O[C@H]7C[C@@H]([C@H]([C@@H](O7)C)O)OC)OC)/C)O[C@@H]1C8CCCCC8,0,0,0,0,0,0,0,0,0,0,0,0,0,0,0,0,0,0,0,0,0,0,0,0,0,0,0,1,0,0,0,0,0,0,0,0,0,0,0,0,0,0,0,0,0,0,0,0,0,0,0,1,0,0,1,0,0,0,1,0,0,0,0,1,0,0,0,1,0,0,0,0,0,1,0,0,0,1,0,0,0,0,0,0,1,0,0,0,0,0,1,1,1,0,1,0,0,1,0,1,1,0,1,0,0,0,1,0,0,1,1,0,0,1,0,0,0,1,0,1,0,1,0,0,1,0,0,1,1,1,1,0,1,1,0,0,0,0,1,0,1,1,1,0,1,0,1,1,1,0,1,1,0,1,1,1,0,0,1,0,1,1,0,0,1,1,1,0
Mercury orange,C1=CC=C2C(=C1)C=CC(=C2N=NC3=CC=C(C=C3)[Hg+])O.[Cl-],0,0,0,0,0,0,0,0,0,0,0,0,0,1,0,0,0,0,0,0,0,0,0,0,0,0,0,0,0,0,0,0,0,0,0,0,0,0,0,0,0,0,0,0,0,1,0,0,0,0,1,0,0,1,0,0,0,0,0,0,0,0,0,0,0,0,0,0,0,0,0,0,0,0,0,0,0,0,0,0,0,0,0,0,0,0,0,0,0,0,0,0,0,0,0,1,1,0,1,0,0,0,1,0,1,0,1,0,0,0,0,0,0,0,1,0,0,0,0,0,1,0,0,0,0,1,1,0,1,0,0,0,0,0,1,1,1,0,0,0,1,0,0,1,1,1,1,0,0,0,0,1,0,1,0,0,0,1,1,1,0,0,1,1,1,1,1,1
Glyoxime,C(=NO)C=NO,0,0,0,0,0,0,0,0,0,0,0,0,0,0,0,0,0,0,0,0,0,0,0,0,0,1,0,0,0,0,0,0,0,0,0,0,0,0,0,0,0,0,0,0,0,0,0,0,0,0,0,0,0,0,0,0,0,0,0,0,0,0,0,0,0,0,0,0,0,0,1,0,1,0,0,0,0,0,0,1,1,0,0,0,0,0,0,0,0,0,0,0,0,0,0,1,0,0,1,0,0,0,0,1,0,0,0,0,0,0,0,0,0,0,0,0,0,0,0,0,1,0,0,0,0,1,0,0,0,0,0,1,1,0,0,0,0,0,0,0,1,0,0,1,0,0,0,0,0,0,0,0,0,0,0,0,0,0,0,0,1,0,1,0,0,1,0,0
CID 135529435,CN/C(=N/[N+](=O)[O-])/NCC1=CN=C(S1)Cl,0,0,0,0,0,0,0,0,0,0,0,0,0,0,0,0,0,0,0,0,0,0,0,0,0,1,1,0,0,0,0,0,0,0,0,0,0,1,0,0,0,0,0,0,1,0,0,0,1,0,1,0,0,1,0,0,0,0,0,0,0,0,0,0,1,0,1,0,0,0,0,1,1,0,0,0,0,0,1,1,1,1,1,1,1,0,0,0,1,1,0,1,0,0,1,1,0,1,1,0,0,1,0,1,1,0,0,1,1,1,0,0,0,0,0,0,0,0,1,0,1,1,1,1,0,1,0,0,0,0,0,1,1,0,0,1,0,0,1,0,0,0,0,1,0,0,0,0,0,1,0,0,1,0,1,0,1,1,0,1,1,1,1,1,0,1,1,0
"4-[(2R,13R)-2,13-dihydroxy-13-[(2S,5S)-5-[(2S,5S)-5-[(1S)-1-hydroxyundecyl]oxolan-2-yl]oxolan-2-yl]tridecyl]-2-methyl-2H-furan-5-one",CCCCCCCCCC[C@@H]([C@@H]1CC[C@H](O1)[C@@H]2CC[C@H](O2)[C@@H](CCCCCCCCCC[C@H](CC3=CC(OC3=O)C)O)O)O,0,0,0,0,0,0,0,0,0,0,0,0,0,0,0,0,0,0,0,0,0,0,0,0,0,0,0,0,0,0,0,0,0,0,0,0,0,0,0,0,0,0,0,0,0,0,0,0,0,0,0,1,0,0,0,0,0,0,1,0,0,0,0,1,0,0,0,0,0,0,0,0,0,1,0,0,0,1,0,0,0,0,0,0,1,0,0,0,0,0,0,1,1,0,0,0,0,1,0,0,1,0,0,0,0,1,0,0,0,1,0,0,0,0,0,1,1,1,0,1,0,1,0,0,1,0,0,0,1,1,1,0,1,1,0,0,0,0,1,0,1,1,0,0,1,0,0,1,1,0,1,1,0,1,0,1,1,0,1,0,1,1,0,0,0,1,1,0
(Z)-N-(1-((6-chloropyridin-3-yl)methyl)imidazolidin-2-ylidene)nitramide,C1CN(/C(=N\[N+](=O)[O-])/N1)CC2=CN=C(C=C2)Cl,0,0,0,0,0,0,0,0,0,0,0,0,0,0,0,0,0,0,0,0,0,0,0,0,0,1,1,0,0,0,0,0,0,0,0,0,0,0,0,0,0,0,0,0,0,0,0,0,0,0,1,0,0,1,0,0,0,0,0,0,0,0,0,0,1,0,1,0,0,0,0,1,1,0,0,0,1,0,1,1,1,1,0,1,1,0,1,1,1,0,0,1,1,0,0,1,0,1,1,1,0,1,0,1,1,1,0,1,1,0,0,0,1,0,0,0,0,0,1,1,1,1,1,1,0,1,0,0,0,1,1,1,0,0,1,1,0,0,1,1,0,0,0,1,0,0,0,0,1,1,0,1,1,0,1,0,1,1,0,1,1,0,1,1,1,1,1,0
"[(1S,2R,3R,4S,5R,6S,8R,9S,13S,16R,17R,18S)-11-ethyl-8,9-dihydroxy-4,6,16,18-tetramethoxy-11-azahexacyclo[7.7.2.12,5.01,10.03,8.013,17]nonadecan-13-yl]methyl 2-(3-methyl-2,5-dioxopyrrolidin-1-yl)benzoate",CCN1C[C@@]2(CC[C@H]([C@@]34[C@@H]2[C@@H]([C@@](C31)([C@]5(C[C@@H]([C@H]6C[C@@H]4[C@@H]5[C@H]6OC)OC)O)O)OC)OC)COC(=O)C7=CC=CC=C7N8C(=O)CC(C8=O)C,0,0,0,0,0,0,0,0,0,0,0,0,0,0,0,0,0,0,0,0,1,0,0,0,0,0,0,0,0,0,0,0,0,0,0,0,0,0,0,0,0,0,0,0,0,0,0,0,0,0,0,0,0,0,0,1,0,0,0,0,0,0,0,1,0,0,0,1,0,0,0,0,0,1,0,0,1,0,0,0,0,0,0,0,1,0,1,1,0,0,1,1,1,1,1,0,1,1,1,1,0,1,1,0,0,1,1,0,0,1,1,1,1,1,0,1,1,1,1,1,0,1,1,1,1,0,0,1,1,1,1,0,1,1,1,0,1,1,1,1,1,1,1,1,1,1,1,1,1,1,1,1,0,1,1,1,1,1,1,1,1,1,1,1,1,1,1,0
Copper(II) hydroxide sulfate,O.[OH-].[OH-].[OH-].[OH-].[OH-].[OH-].[O-]S(=O)(=O)[O-].[Cu+2].[Cu+2].[Cu+2].[Cu+2],0,0,0,0,0,0,0,0,0,0,0,0,0,1,0,0,0,0,0,0,0,0,0,0,0,0,0,0,0,0,0,0,0,0,0,0,0,0,0,0,1,1,0,0,0,1,0,0,0,1,1,0,0,0,0,0,1,0,0,1,0,1,1,0,0,0,0,0,1,0,0,0,0,0,1,0,0,0,0,0,0,0,0,0,0,0,0,0,0,1,0,0,0,0,0,0,0,0,0,0,0,0,0,1,0,0,0,1,0,0,0,0,0,1,0,0,0,0,0,0,0,0,0,0,0,1,0,0,0,0,0,1,1,0,0,0,0,1,0,0,1,1,0,0,0,0,0,1,0,1,0,0,0,0,0,0,0,0,0,0,1,0,0,0,0,1,0,1
Remanex,B(O)(O)O[Hg]C1=CC=CC=C1.C1=C(C(=C(C(=C1Cl)Cl)CC2=C(C(=CC(=C2Cl)Cl)Cl)O)O)Cl,0,0,0,0,0,0,0,0,0,0,0,0,0,1,0,0,0,0,0,1,0,0,0,0,0,0,0,0,0,0,0,0,0,0,0,0,0,0,0,0,0,0,0,0,1,1,0,0,0,1,0,0,0,0,0,0,0,0,0,0,0,0,0,0,0,0,0,0,0,0,1,0,0,0,0,0,0,0,0,0,0,0,0,0,0,0,0,0,1,0,0,1,0,0,0,0,0,0,0,0,0,0,0,1,1,0,0,1,1,0,0,0,0,0,1,0,0,0,0,0,0,0,0,0,0,1,1,1,1,0,0,1,1,0,0,1,0,0,0,0,1,1,0,0,1,1,1,1,0,1,0,1,0,1,0,0,1,0,1,0,1,0,0,1,1,1,1,1
Destruxin A,CC[C@H](C)[C@H]1C(=O)N([C@H](C(=O)N([C@H](C(=O)NCCC(=O)O[C@@H](C(=O)N2CCC[C@H]2C(=O)N1)CC=C)C)C)C(C)C)C,0,0,0,0,0,0,0,0,0,0,0,0,0,0,0,0,0,0,0,0,0,0,0,0,0,0,0,0,0,0,0,0,0,0,0,1,0,0,0,0,0,0,0,0,0,0,0,0,0,0,0,0,0,0,0,0,0,0,1,0,0,0,0,0,0,0,0,0,0,0,0,0,0,1,0,1,1,0,0,0,1,0,0,1,1,0,1,0,0,0,0,1,1,1,1,0,1,1,1,0,1,1,0,0,0,1,1,0,0,1,0,1,1,0,0,1,1,0,1,1,0,1,1,1,1,0,0,0,1,1,1,0,1,1,0,0,0,1,1,1,0,1,1,1,1,0,0,1,1,1,1,1,1,1,1,1,1,1,1,1,1,1,1,0,0,1,1,0
Emmamectin isomer,CC[C@H](C)[C@@H]1[C@H](C=C[C@@]2(O1)C[C@@H]3C[C@H](O2)C/C=C(/[C@H]([C@H](/C=C/C=C/4\CO[C@H]5[C@@]4([C@@H](C=C([C@H]5O)C)C(=O)O3)O)C)O[C@H]6C[C@@H]([C@H]([C@@H](O6)C)O[C@H]7C[C@@H]([C@H]([C@@H](O7)C)NC)OC)OC)\C)C,0,0,0,0,0,0,0,0,0,0,0,0,0,0,0,0,0,0,0,0,0,0,0,0,0,0,0,1,0,0,0,0,0,0,0,0,0,0,0,0,0,0,0,0,0,0,0,0,0,0,0,1,0,0,1,0,0,0,1,0,0,0,0,0,0,0,0,1,0,0,0,0,0,1,0,0,0,1,0,0,0,0,0,0,1,0,0,0,0,0,1,1,1,0,1,0,1,1,0,1,1,0,1,0,0,0,1,0,0,1,1,0,0,1,0,1,1,1,0,0,0,1,0,0,1,0,0,1,1,1,0,0,1,1,1,0,0,0,1,0,1,1,1,0,1,0,1,1,0,0,1,1,1,1,1,1,1,1,1,1,1,1,1,0,1,1,1,0
"(1'R,2R,3S,4'S,6S,8'R,10'E,12'S,13'S,14'E,16'E,20'R,21'R,24'S)-2-Cyclohexyl-21',24'-dihydroxy-12'-[(2R,4S,5S,6S)-5-[(2S,5S,6S)-5-hydroxy-4-methoxy-6-methyloxan-2-yl]oxy-4-methoxy-6-methyloxan-2-yl]oxy-3,11',13',22'-tetramethylspiro[2,3-dihydropyran-6,6'-3,7,19-trioxatetracyclo[15.6.1.14,8.020,24]pentacosa-10,14,16,22-tetraene]-2'-one",C[C@H]1/C=C/C=C/2\CO[C@H]3[C@@]2([C@@H](C=C([C@H]3O)C)C(=O)O[C@H]4C[C@@H](C/C=C(/[C@H]1O[C@H]5C[C@@H]([C@H]([C@@H](O5)C)O[C@H]6CC([C@H]([C@@H](O6)C)O)OC)OC)\C)O[C@]7(C4)C=C[C@@H]([C@H](O7)C8CCCCC8)C)O,0,0,0,0,0,0,0,0,0,0,0,0,0,0,0,0,0,0,0,0,0,0,0,0,0,0,0,1,0,0,0,0,0,0,0,0,0,0,0,0,0,0,0,0,0,0,0,0,0,0,0,1,0,0,1,0,0,0,1,0,0,0,0,1,0,0,0,1,0,0,0,0,0,1,0,0,0,1,0,0,0,0,0,0,1,0,0,0,0,0,1,1,1,0,1,0,0,1,0,1,1,0,1,0,0,0,1,0,0,1,1,0,0,1,0,0,0,1,0,1,0,1,0,0,1,0,0,1,1,1,1,0,1,1,0,0,0,0,1,0,1,1,1,0,1,0,1,1,1,0,1,1,0,1,1,1,0,0,1,0,1,1,0,0,1,1,1,0
Magnesium Silicate,[O-2].[O-2].[O-2].[Mg+2].[Si+4],0,0,0,0,0,0,0,0,0,0,0,1,0,0,0,0,0,0,0,0,0,1,0,0,0,0,0,0,0,0,0,0,0,0,0,0,0,0,0,0,0,0,0,0,0,1,0,0,0,0,1,0,0,0,0,0,0,0,0,0,0,0,0,0,0,0,0,0,0,0,0,0,0,0,0,0,0,0,0,0,0,0,0,0,0,0,0,0,0,0,0,0,0,0,0,0,0,0,0,0,0,0,0,0,0,0,0,0,0,0,0,0,0,0,0,0,0,0,0,0,0,0,0,0,0,0,0,0,0,0,0,0,0,0,0,0,0,0,0,0,0,0,0,0,0,0,0,1,0,0,0,0,0,0,0,0,0,0,0,0,1,0,0,0,0,1,0,1
"3-(3-(4'-Bromo-(1,1'-biphenyl)-4-yl)-3-hydroxy-1-phenylpropyl)-4-hydroxycoumarin",C1=CC=C(C=C1)[C@H](C[C@H](C2=CC=C(C=C2)C3=CC=C(C=C3)Br)O)C4=C(C5=CC=CC=C5OC4=O)O,0,0,0,0,0,0,0,0,0,0,0,0,0,0,0,0,0,0,0,0,0,0,0,0,0,0,0,0,0,0,0,0,0,0,0,0,0,0,0,0,0,0,0,0,0,0,0,1,0,0,0,0,0,0,0,0,0,0,1,0,0,0,0,1,0,0,0,0,0,0,0,0,0,0,0,0,0,0,0,0,0,0,0,0,0,0,0,0,1,0,1,0,1,0,0,0,0,0,0,1,0,0,1,0,0,1,1,0,1,0,0,0,0,0,1,0,0,0,0,0,0,0,0,0,1,0,1,0,1,0,0,0,1,1,0,1,0,0,1,0,1,1,0,0,1,1,1,1,0,0,0,1,0,1,0,1,1,0,1,0,1,0,0,1,1,1,1,0
Dithane M-45,C(CNC(=S)[S-])NC(=S)[S-].C(CNC(=S)[S-])NC(=S)[S-].C(CNC(=S)[S-])NC(=S)[S-].C(CNC(=S)[S-])NC(=S)[S-].C(CNC(=S)[S-])NC(=S)[S-].C(CNC(=S)[S-])NC(=S)[S-].C(CNC(=S)[S-])NC(=S)[S-].C(CNC(=S)[S-])NC(=S)[S-].C(CNC(=S)[S-])NC(=S)[S-].C(CNC(=S)[S-])NC(=S)[S-].[Mn+2].[Mn+2].[Mn+2].[Mn+2].[Mn+2].[Mn+2].[Mn+2].[Mn+2].[Mn+2].[Zn+2],0,0,0,0,0,0,0,0,1,0,0,0,0,1,0,0,0,0,0,0,0,0,0,0,0,0,0,0,0,0,0,0,0,0,0,0,0,0,0,0,0,0,0,0,0,1,0,0,1,0,1,0,0,0,0,1,0,0,0,0,0,0,0,0,0,0,0,0,0,0,0,0,0,0,1,0,0,0,0,0,1,0,1,1,0,0,0,0,0,1,0,0,0,0,0,0,0,0,0,0,0,1,0,0,0,1,0,1,0,0,0,0,1,0,0,0,0,0,0,1,0,0,0,0,0,0,0,0,0,0,0,0,1,0,0,0,0,0,0,1,0,0,0,1,0,0,0,0,1,0,0,0,1,0,1,0,1,1,0,1,0,0,1,0,0,0,0,1
Mefluidide-potassium,CC1=CC(=C(C=C1NC(=O)C)[N-]S(=O)(=O)C(F)(F)F)C.[K+],0,0,0,0,0,0,0,0,0,0,0,0,0,0,0,0,0,0,0,0,0,0,0,0,0,0,0,0,0,0,0,0,0,1,1,0,1,0,0,0,0,0,0,1,0,1,0,0,0,0,1,0,1,0,0,0,1,0,0,1,0,1,1,0,0,0,0,0,1,0,0,0,0,0,1,0,0,0,0,0,0,1,1,0,0,0,0,0,0,1,0,0,0,1,0,1,0,0,0,0,0,0,0,1,0,0,0,1,1,0,0,1,0,1,0,0,0,0,1,0,0,0,0,0,0,1,0,0,0,0,0,1,0,0,1,1,1,1,0,0,0,0,1,1,0,1,0,1,0,1,1,1,1,0,0,1,0,1,0,1,1,1,1,1,1,1,1,1
Tetraglycine hydroperiodide,C(C(=O)O)N.C(C(=O)O)N.C(C(=O)O)N.C(C(=O)O)N.C(C(=O)O)N.C(C(=O)O)N.C(C(=O)O)N.C(C(=O)O)N.C(C(=O)O)N.C(C(=O)O)N.C(C(=O)O)N.C(C(=O)O)N.C(C(=O)O)N.C(C(=O)O)N.C(C(=O)O)N.C(C(=O)O)N.I.I.I.I.II.II.II.II.II,0,0,0,0,0,0,0,0,0,0,0,0,0,0,0,0,0,0,0,0,0,0,0,0,0,0,0,0,1,0,0,0,1,0,0,0,0,0,0,0,0,0,0,0,0,0,0,0,0,0,0,0,0,0,0,1,0,0,0,0,0,0,0,0,0,0,0,0,0,0,0,0,0,0,0,0,0,0,0,0,0,0,0,1,0,1,0,0,0,0,0,0,0,0,0,0,1,0,0,0,0,1,0,0,0,1,0,0,0,0,0,0,0,0,0,0,0,0,0,0,0,0,0,0,1,1,0,0,0,0,0,1,1,1,0,1,0,1,0,1,1,1,0,1,0,0,0,1,0,0,0,0,1,0,1,1,1,0,1,1,1,0,1,0,0,1,0,1
4-Dansyl aminophenylmercuric acetate,CC(=O)O[Hg]C1=CC=C(C=C1)NS(=O)(=O)C2=CC=CC3=C2C=CC=C3N(C)C,0,0,0,0,0,0,0,0,0,0,0,0,0,1,0,0,0,0,0,0,0,0,0,0,0,0,0,0,0,0,0,0,0,1,1,0,0,0,0,0,0,0,0,0,0,1,0,0,0,0,0,0,1,0,0,0,1,0,0,1,1,1,1,0,0,1,0,0,1,0,1,0,0,0,1,1,0,0,0,0,0,0,1,0,0,0,1,1,0,1,0,0,0,0,1,1,0,0,0,0,0,0,1,1,0,0,1,1,0,0,0,0,0,1,0,0,0,0,1,0,0,0,0,1,1,1,1,1,0,0,0,1,0,0,1,0,1,1,0,0,0,1,1,1,0,0,1,1,0,1,1,0,1,0,0,1,0,1,1,1,1,1,1,1,1,1,1,0
Milbemycin alpha9,CC1CCC2(CC3CC(O2)C/C=C(/CC(/C=C/C=C/4\COC5C4(C(C=C(C5O)COC(=O)C6=CC=CN6)C(=O)O3)O)C)\C)OC1C,0,0,0,0,0,0,0,0,0,0,0,0,0,0,0,0,0,0,0,0,0,0,0,0,0,0,0,1,0,0,0,0,0,0,0,0,0,0,0,0,0,0,0,0,0,0,0,0,0,0,0,1,0,0,1,0,0,0,1,0,0,0,0,0,0,0,1,1,0,0,0,0,0,1,0,0,0,1,0,0,0,0,0,0,1,0,0,0,0,0,1,1,1,0,0,0,1,1,0,1,1,0,1,0,0,0,1,0,0,1,1,0,0,1,0,0,1,1,0,1,0,1,1,0,1,0,0,1,1,1,1,0,1,1,0,0,0,1,1,1,1,1,1,0,1,0,1,1,1,0,1,1,1,1,1,1,1,1,1,0,1,1,1,1,1,1,1,0
"(10E,14E,16E)-21,24-dihydroxy-5',11,13,22-tetramethyl-6'-propan-2-ylspiro[3,7,19-trioxatetracyclo[15.6.1.14,8.020,24]pentacosa-10,14,16,22-tetraene-6,2'-oxane]-2-one",CC1CCC2(CC3CC(O2)C/C=C(/CC(/C=C/C=C/4\COC5C4(C(C=C(C5O)C)C(=O)O3)O)C)\C)OC1C(C)C,0,0,0,0,0,0,0,0,0,0,0,0,0,0,0,0,0,0,0,0,0,0,0,0,0,0,0,1,0,0,0,0,0,0,0,0,0,0,0,0,0,0,0,0,0,0,0,0,0,0,0,1,0,0,1,0,0,0,1,0,0,0,0,0,0,0,0,1,0,0,0,0,0,1,0,1,0,1,0,0,0,0,0,0,1,0,0,0,0,0,1,1,1,0,0,0,0,1,0,1,1,0,1,0,0,0,1,0,0,1,1,0,0,1,0,0,1,1,0,1,0,1,0,0,1,0,0,0,1,1,1,0,1,1,0,0,0,0,1,0,1,1,1,0,1,0,1,1,1,0,1,1,0,1,1,1,0,0,1,0,1,1,0,0,1,1,1,0
Strobilurin,CC(=CC1OC(C2(O1)COC3=C(O2)C=C(C=C3)/C=C/C=C(\C)/C(=C/OC)/C(=O)O)(C)C)C,0,0,0,0,0,0,0,0,0,0,0,0,0,0,0,0,0,0,0,0,0,0,0,0,0,0,0,0,0,0,0,0,0,0,0,0,0,0,0,0,0,0,0,0,0,0,0,0,0,0,0,1,0,0,0,0,0,0,1,0,0,0,0,0,0,0,0,1,0,0,0,0,0,1,0,1,0,1,0,0,0,0,0,0,1,0,0,0,0,0,1,0,0,0,1,0,0,1,0,1,1,0,1,0,0,0,1,0,0,0,1,0,0,1,1,0,0,1,0,0,0,1,0,0,1,0,0,1,0,0,0,0,0,1,0,0,0,0,1,0,1,1,1,0,0,1,1,1,0,0,1,0,0,1,1,1,0,0,1,0,1,1,0,1,1,1,1,0
Methylbromfenvinphos,COP(=O)(OC)O/C(=C/Br)/C1=C(C=C(C=C1)Cl)Cl,0,0,0,0,0,0,0,0,0,0,0,0,0,0,0,0,0,0,0,0,0,0,0,0,0,0,0,0,0,0,1,0,0,0,0,0,0,0,0,0,0,0,0,0,0,0,0,1,0,1,0,0,0,0,0,0,0,0,0,0,0,0,0,0,0,0,0,0,0,0,0,0,0,0,0,0,0,1,0,0,0,0,0,0,0,0,0,0,1,0,0,0,0,0,1,0,0,0,0,0,1,0,0,1,1,0,0,1,1,0,0,0,0,1,0,0,0,0,0,0,0,0,0,0,0,1,0,1,0,0,0,1,0,0,0,1,0,0,0,0,0,1,0,0,0,1,0,1,0,1,1,1,0,1,0,0,0,0,1,0,1,1,0,1,1,1,1,0
"[cyano-(4-fluoro-3-phenoxyphenyl)methyl] 3-[(Z)-2-chloro-2-(4-chlorophenyl)ethenyl]-2,2-dimethylcyclopropane-1-carboxylate",CC1(C(C1C(=O)OC(C#N)C2=CC(=C(C=C2)F)OC3=CC=CC=C3)/C=C(/C4=CC=C(C=C4)Cl)\Cl)C,0,0,0,0,0,0,0,0,0,0,0,0,0,0,0,0,0,0,0,0,0,0,0,1,0,0,0,0,0,0,0,0,0,0,0,0,0,0,0,0,0,0,1,1,0,0,0,0,0,0,0,0,0,0,0,0,0,0,0,0,0,0,0,0,0,0,0,1,0,0,0,0,0,0,0,1,0,1,0,0,0,0,0,0,0,0,0,0,1,0,0,0,0,0,0,0,1,0,0,0,1,0,0,0,1,0,0,0,1,0,0,0,0,1,1,0,0,0,0,0,0,0,0,0,1,0,1,1,1,0,0,0,0,0,0,1,0,0,0,0,0,0,0,0,1,1,1,1,0,0,1,1,0,1,0,1,0,0,1,0,1,1,1,1,1,1,1,0
Calcium cyanide,[C-]#N.[C-]#N.[Ca+2],0,0,0,0,0,0,0,0,0,0,0,1,0,0,0,0,0,0,0,0,0,0,0,0,0,0,0,0,0,0,0,0,0,0,0,0,0,0,0,0,0,0,1,0,0,1,0,0,0,0,1,0,0,0,0,0,0,0,0,0,0,0,0,0,0,0,0,0,0,0,0,0,0,0,0,0,0,0,0,0,0,0,0,0,0,0,0,0,0,0,0,0,0,0,0,0,0,0,0,0,0,0,0,0,0,0,0,0,0,0,0,0,0,0,0,0,0,0,0,0,0,0,0,0,0,0,0,0,0,0,0,0,0,0,0,0,0,0,0,0,0,0,0,1,0,0,0,0,0,0,0,0,0,0,0,0,0,0,0,0,0,0,1,0,0,0,0,1
Ammonium Sulfate,[NH4+].[NH4+].[O-]S(=O)(=O)[O-],0,0,0,0,0,0,0,0,0,0,0,0,0,0,0,0,0,0,0,0,0,0,0,0,0,0,0,0,0,0,0,0,0,0,0,0,0,0,0,0,1,1,0,0,0,0,0,0,0,1,1,0,0,0,0,0,1,0,0,1,0,1,1,0,0,0,0,0,1,0,0,0,0,0,1,0,0,0,0,0,0,0,0,0,0,0,0,0,0,1,0,0,0,0,0,0,0,0,0,0,0,0,0,1,0,0,0,1,0,0,0,0,0,1,0,0,0,0,0,0,0,0,0,0,0,1,0,0,0,0,0,1,1,0,0,0,0,1,0,0,0,1,0,1,0,0,0,1,0,1,0,0,1,0,0,0,0,0,0,0,1,0,1,0,0,1,0,1
Copper oxychloride,[OH-].[OH-].[OH-].[Cl-].[Cu+2].[Cu+2],0,0,0,0,0,0,0,0,0,0,0,0,0,1,0,0,0,0,0,0,0,0,0,0,0,0,0,0,0,0,0,0,0,0,0,0,0,0,0,0,0,0,0,0,0,1,0,0,0,0,1,0,0,0,0,0,0,0,0,0,0,0,0,0,0,0,0,0,0,0,0,0,0,0,0,0,0,0,0,0,0,0,0,0,0,0,0,0,0,0,0,0,0,0,0,0,0,0,0,0,0,0,0,0,1,0,0,0,0,0,0,0,0,0,0,0,0,0,0,0,0,0,0,0,0,0,0,0,0,0,0,0,1,0,0,1,0,0,0,0,1,0,0,0,0,0,0,1,0,0,0,0,0,0,0,0,0,0,0,0,1,0,0,0,0,1,0,1
Lauryldimethylammonium acetate,CCCCCCCCCCCCN(C)C.CC(=O)O,0,0,0,0,0,0,0,0,0,0,0,0,0,0,0,0,0,0,0,0,0,0,0,0,0,0,0,0,0,0,0,0,0,0,0,0,0,0,0,0,0,0,0,0,0,0,0,0,0,0,0,0,0,0,0,0,0,0,0,0,0,0,0,0,0,0,0,0,0,0,0,0,0,0,0,1,0,0,0,0,0,0,0,0,0,0,1,1,0,0,0,0,0,0,1,0,0,0,0,0,0,1,0,0,0,0,0,0,0,1,0,0,1,0,0,1,1,1,0,1,0,0,0,1,1,0,0,0,0,1,1,0,0,0,0,0,0,0,0,0,1,0,1,0,0,0,0,0,1,1,1,0,0,0,1,1,1,0,1,1,1,1,1,0,0,1,0,1
"(1R,2S,3R,5R,6S,7R,8S)-1,6,8,9,10,11,11-Heptachloro-4-oxatetracyclo[6.2.1.02,7.03,5]undec-9-ene",[C@H]12[C@H]([C@@H]([C@H]3[C@@H]1O3)Cl)[C@@]4(C(=C([C@]2(C4(Cl)Cl)Cl)Cl)Cl)Cl,0,0,0,0,0,0,0,0,0,0,0,0,0,0,0,0,0,1,0,0,0,0,0,1,0,0,0,0,0,0,0,0,0,0,0,0,0,0,0,0,0,0,0,0,0,0,0,0,0,0,0,0,0,0,0,0,0,0,1,0,0,0,0,0,0,0,0,1,0,0,0,0,0,0,0,0,0,1,0,0,0,0,0,0,0,0,0,0,1,0,0,0,0,0,0,0,0,1,0,1,1,0,1,0,1,0,1,0,1,0,0,0,0,1,0,0,0,0,0,0,0,0,0,0,0,0,0,0,0,0,0,0,0,0,0,1,0,0,1,0,0,0,0,0,0,0,1,0,0,0,0,1,0,1,0,0,0,0,1,0,0,0,0,0,1,1,1,0
Propoxycarbazone sodium,CCCOC1=NN(C(=O)N1C)C(=O)[N-]S(=O)(=O)C2=CC=CC=C2C(=O)OC.[Na+],0,0,0,0,0,0,0,0,0,0,0,0,0,0,0,0,0,0,0,0,0,0,0,0,0,0,0,0,0,0,0,0,0,1,1,0,1,0,1,0,0,0,0,0,0,1,0,0,0,0,1,0,1,1,0,0,1,0,0,1,1,1,1,0,0,1,1,0,1,0,0,0,0,0,1,0,1,0,1,0,1,1,1,0,1,0,1,0,0,1,1,0,0,0,1,1,1,1,1,0,0,0,0,1,0,0,0,1,0,1,1,1,0,1,1,1,1,0,1,1,0,1,1,1,1,1,1,1,1,0,0,1,0,1,0,0,0,1,1,0,0,1,1,1,1,1,0,1,1,1,1,1,0,0,1,1,1,1,1,1,1,1,1,1,1,1,1,1
"(1R,4S,5'S,6R,6'R,8R,10E,12S,13S,14E,16E,20R,21R,24S)-6'-[(2R)-Butan-2-yl]-21,24-dihydroxy-12-[(2R,4S,5S,6S)-5-[(2S,4S,5S,6S)-5-hydroxy-4-methoxy-6-methyloxan-2-yl]oxy-4-methoxy-6-methyloxan-2-yl]oxy-5',11,13,22-tetramethylspiro[3,7,19-trioxatetracyclo[15.6.1.14,8.020,24]pentacosa-10,14,16,22-tetraene-6,2'-oxane]-2-one",CC[C@@H](C)[C@@H]1[C@H](CC[C@@]2(O1)C[C@@H]3C[C@H](O2)C/C=C(/[C@H]([C@H](/C=C/C=C/4\CO[C@H]5[C@@]4([C@@H](C=C([C@H]5O)C)C(=O)O3)O)C)O[C@H]6C[C@@H]([C@H]([C@@H](O6)C)O[C@H]7C[C@@H]([C@H]([C@@H](O7)C)O)OC)OC)\C)C,0,0,0,0,0,0,0,0,0,0,0,0,0,0,0,0,0,0,0,0,0,0,0,0,0,0,0,1,0,0,0,0,0,0,0,0,0,0,0,0,0,0,0,0,0,0,0,0,0,0,0,1,0,0,1,0,0,0,1,0,0,0,0,0,0,0,0,1,0,0,0,0,0,1,0,0,0,1,0,0,0,0,0,0,1,0,0,0,0,0,1,1,1,0,1,0,0,1,0,1,1,0,1,0,0,0,1,0,0,1,1,0,0,1,0,1,1,1,0,1,0,1,0,0,1,0,0,1,1,1,1,0,1,1,0,0,0,0,1,0,1,1,1,0,1,0,1,1,1,0,1,1,0,1,1,1,1,0,1,0,1,1,0,0,1,1,1,0
CID 12358497,C1[C@@H]2[C@H]3[C@@H]([C@H]1[C@@H]4[C@H]2O4)[C@]5(C(=C([C@@]3(C5(Cl)Cl)Cl)Cl)Cl)Cl,0,0,0,0,0,0,0,0,0,0,0,0,0,0,0,0,0,1,0,0,1,0,0,1,0,0,0,0,0,0,0,0,0,0,0,0,0,0,0,0,0,0,0,0,0,0,0,0,0,0,0,0,0,0,0,0,0,0,1,0,0,0,0,0,0,0,0,1,0,0,0,0,0,0,0,0,0,1,0,0,0,0,0,0,0,0,0,0,1,0,0,0,0,0,0,0,0,1,0,1,1,0,1,0,1,0,1,0,1,0,0,0,0,1,0,0,0,0,0,0,0,0,0,0,0,0,0,0,0,0,0,0,0,0,0,1,0,0,1,0,0,0,0,0,0,0,1,0,0,0,0,1,0,1,0,0,0,0,1,0,0,0,0,0,1,1,1,0
Npc328442,[C@@H]12[C@@H]([C@H](C([C@H]1Cl)Cl)Cl)[C@]3(C(=C([C@@]2(C3(Cl)Cl)Cl)Cl)Cl)Cl,0,0,0,0,0,0,0,0,0,0,0,0,0,0,0,0,0,0,0,0,0,0,0,0,0,0,0,0,0,0,0,0,0,0,0,0,0,0,0,0,0,0,0,0,0,0,0,0,0,0,0,0,0,0,0,0,0,0,0,0,0,0,0,0,0,0,0,1,0,0,0,0,0,0,0,0,0,1,0,0,0,0,0,0,0,0,0,0,1,0,0,0,0,0,0,0,0,1,0,0,1,0,1,0,1,0,1,0,1,0,0,0,0,1,0,0,0,0,0,0,0,0,0,0,0,0,0,0,0,0,0,0,0,0,0,1,0,0,0,0,0,0,0,0,0,0,0,0,0,0,0,1,0,0,0,0,0,0,0,0,0,0,0,0,1,0,1,0
Metaboric acid,B(O)(O)OB(O)OB(O)O,0,0,0,0,0,0,0,0,0,0,0,0,0,0,0,0,0,0,0,1,0,0,0,0,0,0,0,0,0,0,0,0,0,0,0,0,0,0,0,0,0,0,0,0,1,1,0,0,0,1,0,0,0,0,1,0,0,0,0,0,0,0,0,0,0,0,0,0,0,0,1,0,0,0,0,0,0,0,0,0,0,0,0,0,0,0,0,0,0,0,1,0,0,0,0,0,0,0,0,0,0,0,0,1,0,0,0,1,0,0,0,0,0,0,0,0,0,0,0,0,0,0,0,0,0,1,0,1,0,0,0,1,1,0,0,0,0,0,0,0,1,1,0,0,0,0,0,1,0,1,0,0,0,0,0,0,0,0,0,0,1,0,0,0,0,1,0,0
"(1R,2R,3R,7S)-1,8,9,10,11,11-hexachlorotetracyclo[6.2.1.13,6.02,7]dodeca-4,9-diene",C1[C@@H]2C=CC1[C@H]3[C@@H]2[C@]4(C(=C(C3(C4(Cl)Cl)Cl)Cl)Cl)Cl,0,0,0,0,0,0,0,0,0,0,0,0,0,0,0,0,0,0,0,0,0,0,0,0,0,0,0,0,0,0,0,0,0,0,0,0,0,0,0,0,0,0,0,0,0,0,0,0,0,0,0,0,0,0,0,0,0,0,0,0,0,0,0,0,0,0,0,1,0,0,0,0,0,0,0,0,0,1,0,0,0,0,0,0,0,0,0,0,1,0,0,0,0,0,0,0,0,1,0,0,1,0,1,0,1,0,1,0,1,0,0,0,0,1,0,0,0,0,0,0,0,0,0,0,0,0,0,0,0,0,0,0,0,0,0,1,0,0,0,0,0,0,0,0,0,0,1,0,0,0,0,1,0,0,0,0,0,0,0,0,0,0,0,0,1,0,1,0
"(4R,7R,10S,13S,15Z,17R,19S)-7-[(2-bromo-1H-indol-3-yl)methyl]-4-(4-hydroxyphenyl)-8,10,13,15,17,19-hexamethyl-1-oxa-5,8,11-triazacyclononadec-15-ene-2,6,9,12-tetrone",C[C@@H]/1C[C@@H](OC(=O)C[C@@H](NC(=O)[C@H](N(C(=O)[C@@H](NC(=O)[C@H](C/C(=C1)/C)C)C)C)CC2=C(NC3=CC=CC=C32)Br)C4=CC=C(C=C4)O)C,0,0,0,0,0,0,0,0,0,0,0,0,0,0,0,0,0,0,0,0,0,0,0,0,0,0,0,0,0,0,0,0,0,0,0,0,0,0,0,0,0,0,0,0,0,0,0,1,0,0,0,1,0,0,0,0,0,0,1,0,0,0,0,1,0,0,1,0,0,0,0,0,0,0,0,0,1,1,0,0,1,0,0,0,1,0,1,0,1,0,0,1,1,1,1,0,1,1,1,0,1,0,1,0,0,1,1,0,1,1,0,1,1,0,1,0,1,1,1,0,0,1,1,1,1,0,1,0,1,1,0,0,1,1,0,1,0,1,1,0,1,1,1,1,1,1,1,1,0,1,1,1,1,1,0,1,1,1,1,1,1,1,1,1,1,1,1,0
2-Ammonio-4-(methylphosphinato)butanoate,CP(=O)(CCC(C(=O)[O-])[NH3+])[O-],0,0,0,0,0,0,0,0,0,0,0,0,0,0,0,0,0,0,0,0,0,0,0,0,0,0,0,0,0,0,1,0,0,0,0,0,0,0,0,0,0,0,0,0,0,0,0,0,0,0,1,0,0,0,0,0,0,0,0,0,0,0,0,0,0,0,0,0,0,0,0,0,0,0,0,0,0,0,0,0,0,0,0,0,0,0,0,1,0,0,0,1,0,0,1,0,1,0,0,0,0,0,0,1,0,1,0,0,0,0,0,0,1,1,0,0,1,1,0,1,0,0,0,0,1,1,0,0,0,0,0,1,0,1,0,0,0,1,0,0,0,1,0,0,0,0,0,1,1,1,0,0,1,0,1,1,1,1,1,1,1,1,1,0,0,1,0,0
3-Acetyl-4-hydroxy-6-methyl-2H-pyran-2-one,CC1=CC(=C(C(=O)O1)C(=O)C)O,0,0,0,0,0,0,0,0,0,0,0,0,0,0,0,0,0,0,0,0,0,0,0,0,0,0,0,0,0,0,0,0,0,0,0,0,0,0,0,0,0,0,0,0,0,0,0,0,0,0,0,0,0,0,0,0,0,0,1,0,0,0,0,0,0,0,0,0,0,0,0,0,0,0,0,0,0,0,0,0,0,0,0,0,0,0,0,0,0,0,1,0,0,0,0,0,0,0,0,1,0,0,0,0,0,0,0,0,0,0,0,0,0,0,1,0,0,0,0,0,0,0,0,0,1,0,0,0,1,0,0,0,0,0,0,0,0,1,1,0,1,1,0,0,1,1,0,1,0,0,1,1,0,1,0,1,0,0,1,0,1,1,0,1,1,1,1,0
"2-Naphthacenecarboxamide, 4-(dimethylamino)-1,4,4a,5,5a,6,11,12a-octahydro-3,5,6,10,12,12a-hexahydroxy-6-methyl-1,11-dioxo-, hydrochloride (1:1), (4S,4aR,5S,5aR,6S,12aS)-",C[C@@]1([C@H]2[C@@H]([C@H]3[C@@H](C(=O)C(=C([C@]3(C(=O)C2=C(C4=C1C=CC=C4O)O)O)O)C(=O)N)N(C)C)O)O.Cl,0,0,0,0,0,0,0,0,0,0,0,0,0,0,0,0,0,0,0,0,0,0,0,0,0,0,0,1,0,0,0,0,0,0,0,0,0,0,0,0,0,0,0,0,0,0,0,0,0,0,0,1,0,0,1,1,0,0,0,0,0,0,0,0,0,0,0,1,0,0,0,0,0,1,0,1,0,1,0,0,0,0,0,0,0,1,1,1,0,0,1,0,0,1,1,0,1,0,1,0,1,0,1,0,1,0,1,0,0,0,0,1,0,1,1,0,0,0,1,0,0,0,0,1,0,0,0,0,1,0,0,0,1,0,1,1,0,1,0,0,1,1,1,1,1,1,1,1,0,1,1,1,1,1,0,1,0,1,1,1,1,1,1,1,1,1,1,1
"Mercurate(1-), hydroxy(4-sulfonatophenyl)-, hydrogen",[H+].C1=CC(=CC=[C-]1)S(=O)(=O)[O-].[OH-].[Hg+2],0,0,0,0,0,0,0,0,0,0,0,0,0,1,0,0,0,0,0,0,0,0,0,0,0,0,0,0,0,0,0,0,0,0,0,0,0,0,0,0,1,1,0,0,0,1,0,0,0,1,1,0,1,0,0,0,1,0,0,1,1,1,1,0,0,1,0,0,1,0,0,0,0,0,1,0,0,0,0,0,0,0,1,0,0,0,0,0,0,1,0,0,0,0,0,0,0,0,0,0,0,0,0,1,0,0,0,1,0,0,0,0,0,1,0,0,0,0,0,0,0,0,0,0,0,1,0,0,0,0,0,1,0,0,0,0,0,1,0,0,1,1,0,0,0,0,0,1,0,1,0,0,0,0,0,0,0,0,0,0,1,0,0,1,1,1,1,1
Calcium oxytetracycline,C[C@@]1([C@H]2[C@@H]([C@H]3[C@@H](C(=O)C(=C([C@]3(C(=O)C2=C(C4=C1C=CC=C4[O-])[O-])O)O)C(=O)N)N(C)C)O)O.[Ca+2],0,0,0,0,0,0,0,0,0,0,0,1,0,0,0,0,0,0,0,0,0,0,0,0,0,0,0,1,0,0,0,0,0,0,0,0,0,0,0,0,0,0,0,0,0,1,0,0,0,0,1,1,0,0,1,1,0,0,0,0,0,0,0,0,0,0,0,1,0,0,0,0,0,1,0,1,0,1,0,0,0,0,0,0,0,1,1,1,0,0,1,0,0,1,1,0,1,0,1,0,1,0,1,0,0,0,1,0,0,0,0,1,0,1,1,0,0,0,1,0,0,0,0,1,0,0,0,0,1,0,0,0,1,0,1,0,0,1,0,0,1,1,1,1,1,1,1,1,0,1,1,1,1,1,0,1,0,1,1,1,1,1,1,1,1,1,1,1
Griseofulvin,C[C@@H]1CC(=O)C=C([C@]12C(=O)C3=C(O2)C(=C(C=C3OC)OC)Cl)OC,0,0,0,0,0,0,0,0,0,0,0,0,0,0,0,0,0,0,0,0,0,0,0,0,0,0,0,0,0,0,0,0,0,0,0,0,0,0,0,0,0,0,0,0,0,0,0,0,0,0,0,0,0,0,0,0,0,0,1,0,0,0,0,0,0,0,0,1,0,0,0,0,0,1,0,0,0,1,0,0,0,0,0,0,1,0,0,0,1,0,1,0,0,0,1,0,0,1,0,0,1,0,1,0,1,0,1,0,1,0,0,0,0,1,1,0,1,0,0,0,0,0,0,0,0,0,0,1,1,0,0,0,0,1,0,1,0,1,1,0,0,1,1,0,1,1,1,1,0,0,1,1,0,1,0,1,0,0,1,0,1,1,0,1,1,1,1,0
CID 441748,CCN1C[C@@]2(CC[C@@H]([C@@]34[C@@H]2[C@@H]([C@@](C31)([C@]5(C[C@@H]([C@H]6C[C@@H]4[C@@H]5[C@H]6OC)OC)O)O)OC)OC)COC(=O)C7=CC=CC=C7N8C(=O)CC(C8=O)C,0,0,0,0,0,0,0,0,0,0,0,0,0,0,0,0,0,0,0,0,1,0,0,0,0,0,0,0,0,0,0,0,0,0,0,0,0,0,0,0,0,0,0,0,0,0,0,0,0,0,0,0,0,0,0,1,0,0,0,0,0,0,0,1,0,0,0,1,0,0,0,0,0,1,0,0,1,0,0,0,0,0,0,0,1,0,1,1,0,0,1,1,1,1,1,0,1,1,1,1,0,1,1,0,0,1,1,0,0,1,1,1,1,1,0,1,1,1,1,1,0,1,1,1,1,0,0,1,1,1,1,0,1,1,1,0,1,1,1,1,1,1,1,1,1,1,1,1,1,1,1,1,0,1,1,1,1,1,1,1,1,1,1,1,1,1,1,0
Azadirachtin A+B,CC=C(C)C(=O)O[C@H]1C[C@H]([C@]2(CO[C@@H]3[C@@H]2[C@]14CO[C@@]([C@H]4[C@]([C@@H]3O)(C)[C@@]56[C@@H]7C[C@H]([C@@]5(O6)C)[C@]8(C=CO[C@H]8O7)O)(C(=O)OC)O)C(=O)OC)OC(=O)C,0,0,0,0,0,0,0,0,0,0,0,0,0,0,0,0,0,1,0,0,1,0,0,1,0,0,0,0,0,0,0,0,0,0,0,0,0,0,0,0,0,0,0,0,0,0,0,0,0,0,0,1,0,0,0,0,0,0,1,0,0,0,0,1,0,0,0,1,0,0,0,0,0,1,0,0,0,1,0,0,0,0,0,0,1,0,0,0,0,0,1,1,1,0,1,0,0,1,0,1,1,0,1,0,0,0,1,0,0,1,1,0,0,1,0,0,0,1,0,0,0,1,0,0,1,0,0,1,1,1,1,0,1,1,0,0,0,1,1,1,1,1,1,0,1,0,1,1,0,0,1,1,0,1,1,1,0,0,1,0,1,1,0,0,1,1,1,0
7-Dehydrocholesterol,C[C@H](CCCC(C)C)[C@H]1CC[C@@H]2[C@@]1(CC[C@H]3C2=CC=C4[C@@]3(CC[C@@H](C4)O)C)C,0,0,0,0,0,0,0,0,0,0,0,0,0,0,0,0,0,0,0,0,0,0,0,0,0,0,0,1,0,0,0,0,0,0,0,0,0,0,0,0,0,0,0,0,0,0,0,0,0,0,0,1,0,0,0,0,0,0,0,0,0,0,0,0,0,0,0,1,0,0,0,0,0,0,0,1,0,1,0,0,0,0,0,0,0,0,0,0,0,0,0,1,0,0,0,0,0,1,0,0,1,0,1,0,0,1,1,0,0,1,0,0,0,1,0,0,1,1,0,1,0,0,0,0,0,0,0,0,1,1,1,0,0,1,0,0,0,0,0,0,1,0,1,0,1,0,1,0,1,0,1,1,0,1,0,0,1,0,1,0,0,1,0,0,1,1,1,0
Strychnine,C1CN2CC3=CCO[C@H]4CC(=O)N5[C@H]6[C@H]4[C@H]3C[C@H]2[C@@]61C7=CC=CC=C75,0,0,0,0,0,0,0,0,0,0,0,0,0,0,0,0,0,0,0,0,1,0,0,0,0,0,0,1,0,0,0,0,0,0,0,0,0,0,0,0,0,0,0,0,0,0,0,0,0,0,0,1,0,0,0,0,0,0,1,0,0,0,0,0,0,0,0,1,0,0,0,0,0,0,0,0,0,1,0,0,0,1,0,0,1,0,1,1,0,0,1,0,0,1,0,0,0,1,1,1,1,1,1,0,0,0,1,0,0,0,1,1,1,1,0,0,0,0,1,1,0,1,1,1,0,0,0,0,1,1,1,0,0,1,0,0,1,0,1,1,0,0,0,1,1,1,1,0,1,1,0,0,0,1,1,1,0,1,1,1,1,0,1,1,1,1,1,0
Digitoxin,C[C@@H]1[C@H]([C@H](C[C@@H](O1)O[C@@H]2[C@H](O[C@H](C[C@@H]2O)O[C@@H]3[C@H](O[C@H](C[C@@H]3O)O[C@H]4CC[C@]5([C@@H](C4)CC[C@@H]6[C@@H]5CC[C@]7([C@@]6(CC[C@@H]7C8=CC(=O)OC8)O)C)C)C)C)O)O,0,0,0,0,0,0,0,0,0,0,0,0,0,0,0,0,0,0,0,0,0,0,0,0,0,0,0,0,0,0,0,0,0,0,0,0,0,0,0,0,0,0,0,0,0,0,0,0,0,0,0,1,0,0,0,1,0,0,1,0,0,0,0,1,0,0,0,1,0,0,0,0,0,1,0,0,0,1,0,0,0,0,0,0,1,0,0,0,0,0,1,1,1,0,0,0,0,1,0,1,1,0,1,0,0,1,1,0,0,1,1,0,0,1,0,0,1,1,0,1,0,1,0,0,1,0,0,1,1,1,1,0,1,1,0,0,0,0,1,0,1,1,1,0,1,0,1,1,1,0,1,1,0,1,1,1,0,0,1,0,1,1,0,0,1,1,1,0
"(2S)-4-((2S,13R)-2,13-Dihydroxy-13-((2R,5R)-5-((2R,5R)-5-((1R)-1-Hydroxyundecyl)Oxolan-2-Yl)Oxolan-2-Yl)Tridecyl)-2-Methyl-2H-Furan-5-One",CCCCCCCCCC[C@H]([C@H]1CC[C@@H](O1)[C@H]2CC[C@@H](O2)[C@@H](CCCCCCCCCC[C@@H](CC3=C[C@@H](OC3=O)C)O)O)O,0,0,0,0,0,0,0,0,0,0,0,0,0,0,0,0,0,0,0,0,0,0,0,0,0,0,0,0,0,0,0,0,0,0,0,0,0,0,0,0,0,0,0,0,0,0,0,0,0,0,0,1,0,0,0,0,0,0,1,0,0,0,0,1,0,0,0,0,0,0,0,0,0,1,0,0,0,1,0,0,0,0,0,0,1,0,0,0,0,0,0,1,1,0,0,0,0,1,0,0,1,0,0,0,0,1,0,0,0,1,0,0,0,0,0,1,1,1,0,1,0,1,0,0,1,0,0,0,1,1,1,0,1,1,0,0,0,0,1,0,1,1,0,0,1,0,0,1,1,0,1,1,0,1,0,1,1,0,1,0,1,1,0,0,0,1,1,0
Scilliroside,CC(=O)O[C@@H]1C[C@@]2([C@H](CC[C@]3([C@@]2(CC[C@@H]3C4=COC(=O)C=C4)O)C)[C@@]5(C1=C[C@H](CC5)O[C@H]6[C@@H]([C@H]([C@@H]([C@H](O6)CO)O)O)O)C)O,0,0,0,0,0,0,0,0,0,0,0,0,0,0,0,0,0,0,0,0,0,0,0,0,0,0,0,1,0,0,0,0,0,0,0,0,0,0,0,0,0,0,0,0,0,0,0,0,0,0,0,1,0,0,1,1,0,0,1,0,0,0,0,1,0,0,0,1,0,0,0,0,0,1,0,0,0,1,0,0,0,0,0,1,0,0,0,0,0,0,1,1,1,0,0,0,0,1,0,1,1,0,1,0,0,1,1,0,0,1,1,0,0,1,1,0,1,1,0,1,0,1,0,0,1,0,0,1,1,1,1,0,1,1,0,0,0,1,1,0,1,1,1,0,1,0,1,1,1,0,1,1,0,1,1,1,1,0,1,0,1,1,0,1,1,1,1,0
alpha-Cubebene,C[C@@H]1CC[C@H]([C@H]2[C@]13[C@@H]2C(=CC3)C)C(C)C,0,0,0,0,0,0,0,0,0,0,0,0,0,0,0,0,0,0,0,0,1,0,0,1,0,0,0,0,0,0,0,0,0,0,0,0,0,0,0,0,0,0,0,0,0,0,0,0,0,0,0,1,0,0,0,0,0,0,0,0,0,0,0,0,0,0,0,1,0,0,0,0,0,0,0,1,0,1,0,0,0,0,0,0,0,0,0,0,0,0,0,0,0,0,0,0,0,1,0,0,1,0,1,0,0,0,1,0,0,1,0,0,0,1,0,0,1,1,0,1,0,0,0,0,0,0,0,0,0,1,1,0,0,0,0,0,0,0,0,0,0,0,1,0,0,0,1,0,1,0,1,0,0,0,0,0,0,0,0,0,0,1,0,0,1,0,1,0
Bispyribac,COC1=CC(=NC(=N1)OC2=C(C(=CC=C2)OC3=NC(=CC(=N3)OC)OC)C(=O)O)OC,0,0,0,0,0,0,0,0,0,0,0,0,0,0,0,0,0,0,0,0,0,0,0,0,0,0,0,0,0,0,0,0,0,0,0,0,0,0,1,0,0,0,0,0,0,0,0,0,0,0,0,0,0,0,0,0,0,0,0,0,0,0,0,0,0,0,1,0,0,0,0,0,0,0,0,0,0,0,1,0,0,1,0,0,0,0,0,0,0,0,1,0,0,1,1,0,0,0,1,1,0,0,0,0,0,0,0,1,0,0,0,1,0,0,1,0,0,0,1,0,0,1,1,0,1,0,1,1,1,0,0,0,0,0,0,0,0,0,1,0,1,1,1,1,1,1,1,1,0,0,1,1,0,1,0,1,0,1,1,0,1,1,1,1,1,1,1,0
Sodium Arsenite,[O-][As]=O.[Na+],0,0,0,0,1,0,0,0,0,0,0,0,0,0,0,0,0,0,0,0,0,0,0,0,0,0,0,0,0,0,0,0,0,0,0,0,1,0,0,0,0,0,0,0,0,1,0,0,0,0,1,0,0,0,0,0,0,0,0,0,0,0,0,0,0,0,0,0,0,0,0,0,0,0,0,0,0,0,0,0,0,0,0,0,0,0,0,0,0,0,0,0,0,0,0,0,0,0,0,0,0,0,0,1,0,0,0,0,0,0,0,0,0,0,0,0,0,0,0,0,0,0,0,0,0,1,0,0,0,0,0,1,0,0,0,0,0,0,0,0,0,0,0,0,0,0,0,0,0,0,0,0,0,0,0,0,0,0,0,0,1,0,0,0,0,1,0,1
Fumaric Acid,C(=C/C(=O)O)\C(=O)O,0,0,0,0,0,0,0,0,0,0,0,0,0,0,0,0,0,0,0,0,0,0,0,0,0,0,0,0,0,0,0,0,0,0,0,0,0,0,0,0,0,0,0,0,0,0,0,0,0,0,0,0,0,0,0,0,0,0,0,0,0,0,0,0,0,0,0,0,0,0,0,0,0,0,0,0,0,0,0,0,0,0,0,0,0,0,0,0,0,0,0,0,0,0,0,0,0,0,0,0,1,0,0,0,0,0,0,0,0,0,0,0,0,0,0,0,0,0,0,0,0,0,0,0,1,0,0,0,0,0,0,0,1,0,0,0,0,1,0,0,1,1,0,0,0,0,0,1,0,0,0,0,0,0,0,1,0,0,1,0,1,0,0,0,0,1,0,0
Oleic Acid,CCCCCCCC/C=C\CCCCCCCC(=O)O,0,0,0,0,0,0,0,0,0,0,0,0,0,0,0,0,0,0,0,0,0,0,0,0,0,0,0,0,0,0,0,0,0,0,0,0,0,0,0,0,0,0,0,0,0,0,0,0,0,0,0,0,0,0,0,0,0,0,0,0,0,0,0,0,0,0,0,0,0,0,0,0,0,0,0,0,0,0,0,0,0,0,0,0,0,0,0,0,0,0,0,1,1,0,0,0,0,0,0,0,1,0,0,0,0,1,0,0,0,1,0,0,0,0,0,1,1,1,0,1,0,0,0,0,1,0,0,0,0,1,1,0,0,1,0,0,0,0,0,0,1,0,0,0,0,0,0,0,1,0,0,0,0,0,0,1,1,0,1,0,1,1,0,0,0,1,0,0
"(1R,4S,5'S,6R,6'R,8R,10E,13S,14E,16E,20R,21R,24S)-6'-[(2S)-butan-2-yl]-21,24-dihydroxy-12-[(2R,4S,5S,6S)-5-[(2S,4S,5S,6S)-5-hydroxy-4-methoxy-6-methyloxan-2-yl]oxy-4-methoxy-6-methyloxan-2-yl]oxy-5',11,13,22-tetramethylspiro[3,7,19-trioxatetracyclo[15.6.1.14,8.020,24]pentacosa-10,14,16,22-tetraene-6,2'-oxane]-2-one",CC[C@H](C)[C@@H]1[C@H](CC[C@@]2(O1)C[C@@H]3C[C@H](O2)C/C=C(/C([C@H](/C=C/C=C/4\CO[C@H]5[C@@]4([C@@H](C=C([C@H]5O)C)C(=O)O3)O)C)O[C@H]6C[C@@H]([C@H]([C@@H](O6)C)O[C@H]7C[C@@H]([C@H]([C@@H](O7)C)O)OC)OC)\C)C,0,0,0,0,0,0,0,0,0,0,0,0,0,0,0,0,0,0,0,0,0,0,0,0,0,0,0,1,0,0,0,0,0,0,0,0,0,0,0,0,0,0,0,0,0,0,0,0,0,0,0,1,0,0,1,0,0,0,1,0,0,0,0,0,0,0,0,1,0,0,0,0,0,1,0,0,0,1,0,0,0,0,0,0,1,0,0,0,0,0,1,1,1,0,1,0,0,1,0,1,1,0,1,0,0,0,1,0,0,1,1,0,0,1,0,1,1,1,0,1,0,1,0,0,1,0,0,1,1,1,1,0,1,1,0,0,0,0,1,0,1,1,1,0,1,0,1,1,1,0,1,1,0,1,1,1,1,0,1,0,1,1,0,0,1,1,1,0
alpha-Cyhalothrin,CC1(C(C1C(=O)OC(C#N)C2=CC(=CC=C2)OC3=CC=CC=C3)C=C(C(F)(F)F)Cl)C,0,0,0,0,0,0,0,0,0,0,0,0,0,0,0,0,0,0,0,0,0,0,0,1,0,0,0,0,0,0,0,0,0,0,0,0,0,0,0,0,0,0,1,1,0,0,0,0,0,0,0,0,0,0,0,0,0,0,0,0,0,0,0,0,0,0,0,1,0,0,0,0,0,0,0,1,0,1,0,0,0,0,0,0,0,0,0,0,0,0,0,0,0,0,0,0,1,0,0,0,1,0,0,0,1,0,0,1,1,0,0,0,0,1,1,0,0,0,0,0,0,0,0,0,1,0,1,1,1,0,0,0,0,0,0,1,0,0,0,0,0,0,0,0,1,0,1,1,0,0,1,1,0,1,0,1,0,0,1,0,1,1,1,1,1,1,1,0
Neofos 2,CC(=CC1C(C1(C)C)C(=O)OCN2C(=O)C3=C(C2=O)CC=CC3)C.COP(=O)(OC)OC=C(Cl)Cl,0,0,0,0,0,0,0,0,0,0,0,0,0,0,0,0,0,0,0,0,0,0,1,1,0,0,0,1,0,1,1,0,0,0,0,0,0,0,0,0,0,0,0,0,0,0,0,0,0,1,0,1,0,0,0,0,0,0,0,0,0,0,0,0,0,0,0,1,0,0,0,0,0,0,0,1,1,1,0,0,0,0,0,0,1,0,1,0,0,0,1,0,0,1,1,0,0,1,1,0,1,1,1,1,1,0,1,1,1,0,1,1,0,1,0,0,0,0,1,0,0,0,1,1,1,1,0,1,1,1,1,1,0,0,0,1,0,1,1,0,0,1,1,0,1,0,0,1,0,1,1,1,0,0,1,1,1,1,1,1,1,1,1,0,1,1,1,1
Farnesol,CC(=CCC/C(=C/CC/C(=C/CO)/C)/C)C,0,0,0,0,0,0,0,0,0,0,0,0,0,0,0,0,0,0,0,0,0,0,0,0,0,0,0,0,0,0,0,0,0,0,0,0,0,0,0,0,0,0,0,0,0,0,0,0,0,0,0,1,0,0,0,0,0,0,0,0,0,0,0,0,0,0,0,0,0,0,0,0,0,0,0,1,0,1,0,0,0,0,0,1,0,0,0,0,0,0,0,0,1,0,0,0,0,0,0,0,1,0,0,0,0,0,0,0,0,1,1,0,0,0,0,0,1,1,0,1,0,0,0,0,0,0,0,0,0,1,1,0,0,0,0,0,0,0,0,0,1,0,1,0,0,0,0,0,1,0,1,0,0,0,1,0,1,0,1,0,0,1,0,0,0,1,0,0
2-(Phosphonomethylamino)acetic acid; propan-2-amine,CC(C)[NH3+].C(C(=O)[O-])NCP(=O)(O)O,0,0,0,0,0,0,0,0,0,0,0,0,0,0,0,0,0,0,0,0,0,0,0,0,0,0,0,0,0,1,1,0,0,0,0,0,0,0,0,0,0,0,0,0,1,0,0,0,0,1,1,0,0,0,0,1,0,0,0,0,0,0,0,0,0,0,0,0,0,0,1,0,0,0,0,1,0,0,0,0,0,0,0,1,0,0,0,1,0,0,0,0,1,0,0,0,1,0,0,0,0,1,0,1,0,1,0,1,0,0,0,0,0,1,0,0,0,0,0,0,0,0,0,0,1,1,0,0,0,0,0,1,1,1,0,0,0,1,0,1,1,1,0,1,0,0,0,1,0,1,1,0,1,0,1,1,1,1,1,1,1,1,1,0,0,1,0,1
Selenium,[Se],0,0,0,0,1,0,0,0,0,0,0,0,0,0,0,0,0,0,0,0,0,0,0,0,0,0,0,0,0,0,0,0,0,0,0,0,0,0,0,0,0,0,0,0,0,1,0,0,0,0,0,0,0,0,0,0,0,0,0,0,0,0,0,0,0,0,0,0,0,0,0,0,0,0,0,0,0,0,0,0,0,0,0,0,0,0,0,0,0,0,0,0,0,0,0,0,0,0,0,0,0,0,0,0,0,0,0,0,0,0,0,0,0,0,0,0,0,0,0,0,0,0,0,0,0,0,0,0,0,0,0,0,0,0,0,0,0,0,0,0,0,0,0,0,0,0,0,0,0,0,0,0,0,0,0,0,0,0,0,0,0,0,0,0,0,0,0,0
Tyrothricin,CC(C)C[C@H]1C(=O)N[C@@H](C(=O)N2CCC[C@H]2C(=O)N[C@H](C(=O)N[C@@H](C(=O)[C@@H](NC(=O)[C@@H](N[C@H](C(=O)N[C@H](C(=O)N[C@H](C(=O)N1)CCCN)C(C)C)CC3=CC=C(C=C3)O)CCC(=O)O)CC(=O)N)CC4=CC=CC=C4)CC5=CC=CC=C5)CC6=CC=CC=C6,0,0,0,0,0,0,0,0,0,0,0,0,0,0,0,0,0,0,0,0,0,0,0,0,0,0,0,0,0,0,0,0,0,0,0,0,0,0,0,0,0,0,0,0,0,0,0,0,0,0,0,0,0,0,1,1,0,0,0,0,0,0,0,0,0,0,0,0,0,0,0,0,0,0,0,1,0,0,0,0,1,1,0,1,1,1,1,0,0,0,0,1,1,1,0,0,1,1,1,0,0,1,0,0,0,1,1,0,0,0,0,1,1,0,1,0,1,0,1,1,0,1,1,1,1,0,1,0,1,1,1,0,1,1,0,0,0,1,1,1,1,1,1,1,1,0,1,1,1,1,1,1,1,1,1,1,1,1,1,1,1,1,1,1,1,1,1,0
Phosphinidene,[PH],0,0,0,0,0,0,0,0,0,0,0,0,0,0,0,0,0,0,0,0,0,0,0,0,0,0,0,0,0,0,1,0,0,0,0,0,0,0,0,0,0,0,0,0,0,0,0,0,0,0,0,0,0,0,0,0,0,0,0,0,0,0,0,0,0,0,0,0,0,0,0,0,0,0,0,0,0,0,0,0,0,0,0,0,0,0,0,0,0,0,0,0,0,0,0,0,0,0,0,0,0,0,0,0,0,0,0,0,0,0,0,0,0,0,0,0,0,0,0,0,0,0,0,0,0,0,0,0,0,0,0,0,0,0,0,0,0,0,0,0,0,0,0,0,0,0,0,0,0,0,0,0,0,0,0,0,0,0,0,0,0,0,0,0,0,0,0,0
"((1S)-2-methyl-4-oxo-3-((2E)-penta-2,4-dienyl)cyclopent-2-en-1-yl) (1R,3R)-3-((E)-3-methoxy-2-methyl-3-oxo-prop-1-enyl)-2,2-dimethyl-cyclopropanecarboxylate",CC1=C(C(=O)C[C@@H]1OC(=O)[C@@H]2[C@H](C2(C)C)/C=C(\C)/C(=O)OC)C/C=C/C=C,0,0,0,0,0,0,0,0,0,0,0,0,0,0,0,0,0,0,0,0,0,0,0,1,0,0,0,0,0,0,0,0,0,0,0,1,0,0,0,0,0,0,0,0,0,0,0,0,0,0,0,1,0,0,0,0,0,0,0,0,0,0,0,0,0,0,0,1,0,0,0,0,0,0,0,1,0,1,0,0,0,0,0,0,0,0,0,0,0,0,1,0,0,0,1,0,0,1,0,0,1,0,0,0,0,0,0,0,0,1,0,0,0,1,0,0,0,1,0,0,0,0,0,0,1,0,0,1,1,1,1,0,0,1,0,0,0,1,0,0,0,1,1,0,1,0,0,1,0,0,1,1,0,1,0,1,1,0,1,0,1,1,0,0,0,1,1,0
Mercury oleate,CCCCCCCC/C=C\CCCCCCCC(=O)[O-].CCCCCCCC/C=C\CCCCCCCC(=O)[O-].[Hg+2],0,0,0,0,0,0,0,0,0,0,0,0,0,1,0,0,0,0,0,0,0,0,0,0,0,0,0,0,0,0,0,0,0,0,0,0,0,0,0,0,0,0,0,0,0,1,0,0,0,0,1,0,0,0,0,0,0,0,0,0,0,0,0,0,0,0,0,0,0,0,0,0,0,0,0,0,0,0,0,0,0,0,0,0,0,0,0,0,0,0,0,0,0,0,0,0,0,0,0,0,1,0,0,0,0,0,0,0,0,1,0,0,0,0,0,1,1,1,0,1,0,0,0,0,1,0,0,0,0,1,1,0,0,1,0,0,0,1,0,0,0,1,0,0,0,0,0,1,1,0,1,0,0,0,0,1,1,0,1,0,1,1,0,0,0,1,0,1
"(3E,5E)-1,3,5-Decatriene",CCCC/C=C/C=C/C=C,0,0,0,0,0,0,0,0,0,0,0,0,0,0,0,0,0,0,0,0,0,0,0,0,0,0,0,0,0,0,0,0,0,0,0,1,0,0,0,0,0,0,0,0,0,0,0,0,0,0,0,0,0,0,0,0,0,0,0,0,0,0,0,0,0,0,0,0,0,0,0,0,0,0,0,0,0,0,0,0,0,0,0,0,0,0,0,0,0,0,0,0,0,0,0,0,0,0,0,0,1,0,0,0,0,0,0,0,0,0,0,0,0,0,0,1,1,1,0,1,0,0,0,0,0,0,0,0,0,0,0,0,0,0,0,0,0,0,0,0,0,0,0,0,0,0,0,0,1,0,0,0,0,0,0,0,1,0,0,0,0,1,0,0,0,0,0,0
"N-Oleyl-1,3-propylenediamine 2,4-dichlorophenoxyacetate",CCCCCCCC/C=C\CCCCCCCCNCCCN.C1=CC(=C(C=C1Cl)Cl)OCC(=O)O,0,0,0,0,0,0,0,0,0,0,0,0,0,0,0,0,0,0,0,0,0,0,0,0,0,0,0,0,0,0,0,0,0,0,0,0,0,0,0,0,0,0,0,0,0,0,0,0,0,0,0,0,0,0,1,0,0,0,0,0,0,0,0,0,0,0,0,0,0,0,0,0,0,1,0,0,0,0,0,0,0,1,0,1,0,1,0,1,1,0,0,1,1,0,0,0,0,0,0,0,1,1,0,0,1,1,0,0,1,1,1,0,1,0,1,1,1,1,0,1,0,0,0,0,1,0,0,1,1,1,1,0,1,1,0,1,0,0,0,1,1,0,0,1,1,1,0,1,1,0,0,1,1,1,1,1,1,0,1,1,1,1,1,1,1,1,1,1
"(Z,Z)-11,13-Hexadecadienal",CC/C=C\C=C/CCCCCCCCCC=O,0,0,0,0,0,0,0,0,0,0,0,0,0,0,0,0,0,0,0,0,0,0,0,0,0,0,0,0,0,0,0,0,0,0,0,0,0,0,0,0,0,0,0,0,0,0,0,0,0,0,0,0,0,0,0,0,0,0,0,0,0,0,0,0,0,0,0,0,0,0,0,0,0,0,0,0,0,0,0,0,0,0,0,0,0,0,0,0,0,0,0,0,0,0,0,0,0,0,0,0,1,0,0,0,0,0,0,0,0,0,0,0,0,0,0,1,0,0,0,1,0,0,0,0,0,0,0,0,0,1,1,0,0,1,0,0,0,0,0,0,0,0,0,0,0,0,0,0,1,0,0,0,0,0,0,1,1,0,0,0,0,1,0,0,0,1,0,0
Strobilurin A,C/C(=C/C=C/C1=CC=CC=C1)/C(=C\OC)/C(=O)OC,0,0,0,0,0,0,0,0,0,0,0,0,0,0,0,0,0,0,0,0,0,0,0,0,0,0,0,0,0,0,0,0,0,0,0,0,0,0,0,0,0,0,0,0,0,0,0,0,0,0,0,1,0,0,0,0,0,0,0,0,0,0,0,0,0,0,0,0,0,0,0,0,0,0,0,0,0,1,0,0,0,0,0,0,0,0,0,0,0,0,1,0,0,0,1,0,0,0,0,0,1,0,0,0,0,0,0,0,0,0,0,0,0,0,0,0,0,0,0,0,0,0,0,0,1,0,0,1,0,0,0,0,0,0,0,0,0,0,0,0,0,0,1,0,0,0,0,1,0,0,1,0,0,0,0,1,0,0,1,0,1,1,0,1,1,1,1,0
Chimeric small nucleolar RNA-TAR decoy,CCN1CC2(CCC(C34C2[C@@H]([C@](C31)([C@]5(CC(C6CC4C5C6OC)OC)O)O)OC)OC)COC(=O)C7=CC=CC=C7N8C(=O)CC(C8=O)C,0,0,0,0,0,0,0,0,0,0,0,0,0,0,0,0,0,0,0,0,1,0,0,0,0,0,0,0,0,0,0,0,0,0,0,0,0,0,0,0,0,0,0,0,0,0,0,0,0,0,0,0,0,0,0,1,0,0,0,0,0,0,0,1,0,0,0,1,0,0,0,0,0,1,0,0,1,0,0,0,0,0,0,0,1,0,1,1,0,0,1,1,1,1,1,0,1,1,1,1,0,1,1,0,0,1,1,0,0,1,1,1,1,1,0,1,1,1,1,1,0,1,1,1,1,0,0,1,1,1,1,0,1,1,1,0,1,1,1,1,1,1,1,1,1,1,1,1,1,1,1,1,0,1,1,1,1,1,1,1,1,1,1,1,1,1,1,0
Milbemycin D,C[C@H]1CC[C@]2(C[C@@H]3C[C@H](O2)C/C=C(/C[C@H](/C=C/C=C/4\CO[C@H]5[C@@]4([C@@H](C=C([C@H]5O)C)C(=O)O3)O)C)\C)O[C@@H]1C(C)C,0,0,0,0,0,0,0,0,0,0,0,0,0,0,0,0,0,0,0,0,0,0,0,0,0,0,0,1,0,0,0,0,0,0,0,0,0,0,0,0,0,0,0,0,0,0,0,0,0,0,0,1,0,0,1,0,0,0,1,0,0,0,0,0,0,0,0,1,0,0,0,0,0,1,0,1,0,1,0,0,0,0,0,0,1,0,0,0,0,0,1,1,1,0,0,0,0,1,0,1,1,0,1,0,0,0,1,0,0,1,1,0,0,1,0,0,1,1,0,1,0,1,0,0,1,0,0,0,1,1,1,0,1,1,0,0,0,0,1,0,1,1,1,0,1,0,1,1,1,0,1,1,0,1,1,1,0,0,1,0,1,1,0,0,1,1,1,0
Strobilurin F,CC(=CCOC1=C(C=C(C=C1)/C=C/C=C(/C)\C(=C/OC)\C(=O)OC)O)C,0,0,0,0,0,0,0,0,0,0,0,0,0,0,0,0,0,0,0,0,0,0,0,0,0,0,0,0,0,0,0,0,0,0,0,0,0,0,0,0,0,0,0,0,0,0,0,0,0,0,0,1,0,0,0,0,0,0,0,0,0,0,0,0,0,0,0,0,0,0,0,0,0,1,0,1,0,1,0,0,0,0,0,0,0,0,0,0,0,0,1,0,1,0,1,0,0,0,0,0,1,0,0,0,0,0,0,0,0,0,1,0,0,0,1,0,0,1,0,0,0,0,0,0,1,0,0,1,1,0,0,0,0,0,0,0,0,0,0,0,1,1,1,0,1,1,0,1,0,0,1,1,0,1,1,1,1,0,1,0,1,1,0,1,1,1,1,0
RU 39568,CCCCOC(=O)/C=C\[C@H]1[C@H](C1(C)C)C(=O)O[C@H](C#N)C2=CC(=C(C=C2)F)OC3=CC=CC=C3,0,0,0,0,0,0,0,0,0,0,0,0,0,0,0,0,0,0,0,0,0,0,0,1,0,0,0,0,0,0,0,0,0,0,0,0,0,0,0,0,0,0,1,1,0,0,0,0,0,0,0,0,0,0,0,0,0,0,0,0,0,0,0,0,0,0,0,1,0,0,0,0,0,0,0,1,0,0,0,0,0,0,0,0,0,0,0,0,1,0,0,0,0,0,0,0,1,0,0,0,1,0,0,0,0,0,0,0,1,0,1,0,0,1,1,1,1,1,0,1,0,0,0,0,1,0,1,1,1,0,0,0,0,1,0,1,0,1,0,0,0,1,1,0,1,1,1,1,1,0,1,1,0,1,1,1,1,0,1,0,1,1,1,1,1,1,1,0
Milbemycin alpha6,CCCCC(C)C(=O)OC1[C@@H]([C@H](O[C@]2([C@@H]1O)C[C@@H]3C[C@H](O2)C/C=C(/C[C@H](/C=C/C=C/4\CO[C@H]5[C@@]4(C(C=C([C@H]5OC)C)C(=O)O3)O)C)\C)C)C,0,0,0,0,0,0,0,0,0,0,0,0,0,0,0,0,0,0,0,0,0,0,0,0,0,0,0,1,0,0,0,0,0,0,0,0,0,0,0,0,0,0,0,0,0,0,0,0,0,0,0,1,0,0,0,0,0,0,1,0,0,0,0,0,0,0,0,1,0,0,0,0,0,1,0,0,0,1,0,0,0,0,0,0,1,0,0,0,0,0,1,1,1,0,1,0,0,1,0,1,1,0,1,0,0,0,1,0,0,1,1,0,0,1,0,1,1,1,0,1,0,1,0,0,1,0,0,1,1,1,1,0,1,1,0,0,0,1,1,0,1,1,1,0,1,0,1,1,1,0,1,1,0,1,1,1,1,0,1,0,1,1,0,0,1,1,1,0
Bromacil-lithium,[Li+].CCC(C)N1C(=O)C(=C([N-]C1=O)C)Br,0,0,0,0,0,0,0,0,0,0,0,0,0,0,0,0,0,0,0,0,0,0,0,0,0,0,0,0,0,0,0,0,0,0,0,0,1,0,1,0,0,0,0,0,0,1,0,1,0,0,1,0,0,0,0,0,0,0,0,0,0,0,0,0,0,0,1,0,0,0,0,0,0,0,0,0,1,0,1,0,0,1,0,0,0,0,1,0,1,0,1,0,0,1,0,0,0,0,1,1,0,0,0,0,0,0,0,1,1,0,0,1,1,0,1,1,1,0,1,0,0,1,1,1,0,0,0,0,1,0,0,0,0,0,0,1,0,1,1,0,0,0,1,1,1,1,0,0,0,1,1,1,0,0,0,1,1,1,0,1,1,1,1,1,1,1,1,1
Pharmakon1600-01300027,CCC(C)[C@@H]1[C@H](CC[C@@]2(O1)C[C@@H]3C[C@H](O2)C/C=C(/[C@H]([C@H](/C=C/C=C/4\CO[C@H]5[C@@]4([C@@H](C=C([C@H]5O)C)C(=O)O3)O)C)OC6C[C@@H](C([C@@H](O6)C)O[C@H]7C[C@@H]([C@H]([C@@H](O7)C)O)OC)OC)\C)C,0,0,0,0,0,0,0,0,0,0,0,0,0,0,0,0,0,0,0,0,0,0,0,0,0,0,0,1,0,0,0,0,0,0,0,0,0,0,0,0,0,0,0,0,0,0,0,0,0,0,0,1,0,0,1,0,0,0,1,0,0,0,0,0,0,0,0,1,0,0,0,0,0,1,0,0,0,1,0,0,0,0,0,0,1,0,0,0,0,0,1,1,1,0,1,0,0,1,0,1,1,0,1,0,0,0,1,0,0,1,1,0,0,1,0,1,1,1,0,1,0,1,0,0,1,0,0,1,1,1,1,0,1,1,0,0,0,0,1,0,1,1,1,0,1,0,1,1,1,0,1,1,0,1,1,1,1,0,1,0,1,1,0,0,1,1,1,0
Cytoline,CC12[C@H](CC[C@@]3([C@@H]1[C@@H]([C@]45[C@H]3CC[C@H](C4)C(=C)C5)C(=O)O)OC2=O)O.CC12[C@H](C=C[C@@]3([C@@H]1[C@@H]([C@]45[C@H]3CC[C@H](C4)C(=C)C5)C(=O)O)OC2=O)O.C1=CC=C(C=C1)CNC2=NC=NC3=C2NC=N3,0,0,0,0,0,0,0,0,0,0,0,0,0,0,0,0,0,0,0,0,1,0,0,0,0,0,0,0,0,0,0,0,0,0,0,1,0,0,0,1,0,0,0,0,0,0,0,0,0,0,0,1,0,0,0,1,0,0,1,0,0,0,0,0,0,0,1,1,0,0,0,0,0,0,0,0,0,1,1,0,1,1,0,1,1,0,0,0,0,0,1,1,1,0,0,0,0,1,0,1,1,1,1,0,0,1,1,0,0,1,0,0,0,1,0,0,0,1,0,1,0,1,1,0,1,0,1,0,1,1,1,0,1,1,1,0,1,1,1,0,1,1,0,1,1,0,1,1,1,0,1,1,1,1,1,1,1,1,1,1,1,1,1,1,1,1,1,1
Sodium 2-mercaptobenzothiazole,C1=CC=C2C(=C1)N=C(S2)[S-].[Na+],0,0,0,0,0,0,0,0,0,0,0,0,0,0,0,0,0,0,0,0,0,0,0,0,0,0,0,0,0,0,0,0,0,0,0,0,1,1,0,0,0,0,0,0,0,1,0,0,1,0,1,0,0,0,0,0,0,0,0,0,1,0,0,0,0,1,1,0,0,0,0,0,0,0,0,0,0,0,0,0,0,0,1,0,1,0,0,0,0,1,0,0,0,0,0,0,0,1,0,0,0,0,1,0,0,0,1,1,0,0,0,0,0,0,0,0,0,0,0,0,0,1,1,0,0,0,1,0,0,0,0,0,0,0,0,0,0,0,1,0,0,0,0,0,0,0,0,0,0,0,0,0,0,0,0,0,0,1,0,0,0,0,1,1,1,0,1,1
CID 146158032,[2H]C([2H])([2H])NC(=N[N+](=O)[O-])NCC1=CN=C(S1)Cl,0,0,0,0,0,0,0,0,0,0,0,0,0,0,0,0,0,0,0,0,0,0,0,0,0,1,1,0,0,0,0,0,0,0,0,0,0,1,0,0,0,0,0,0,1,0,0,0,1,0,1,0,0,1,0,0,0,0,0,0,0,0,0,0,1,0,1,0,0,0,0,1,1,0,0,0,0,0,1,1,1,1,1,1,1,0,0,0,1,1,0,1,0,0,1,1,0,1,1,0,0,1,0,1,1,0,0,1,1,1,0,0,0,1,0,0,0,0,1,0,1,1,1,1,0,1,0,0,0,0,0,1,1,0,0,1,0,0,1,0,0,0,0,1,0,0,0,0,0,1,0,0,1,0,1,0,1,1,0,1,1,1,1,1,0,1,1,0
"(6R,24S)-21,24-dihydroxy-5',11,13,22-tetramethyl-6'-propan-2-ylspiro[3,7,19-trioxatetracyclo[15.6.1.14,8.020,24]pentacosa-10,14,16,22-tetraene-6,2'-oxane]-2-one",CC1CC[C@]2(CC3CC(O2)CC=C(CC(C=CC=C4COC5[C@@]4(C(C=C(C5O)C)C(=O)O3)O)C)C)OC1C(C)C,0,0,0,0,0,0,0,0,0,0,0,0,0,0,0,0,0,0,0,0,0,0,0,0,0,0,0,1,0,0,0,0,0,0,0,0,0,0,0,0,0,0,0,0,0,0,0,0,0,0,0,1,0,0,1,0,0,0,1,0,0,0,0,0,0,0,0,1,0,0,0,0,0,1,0,1,0,1,0,0,0,0,0,0,1,0,0,0,0,0,1,1,1,0,0,0,0,1,0,1,1,0,1,0,0,0,1,0,0,1,1,0,0,1,0,0,1,1,0,1,0,1,0,0,1,0,0,0,1,1,1,0,1,1,0,0,0,0,1,0,1,1,1,0,1,0,1,1,1,0,1,1,0,1,1,1,0,0,1,0,1,1,0,0,1,1,1,0
Toxaphene,C=C1C(C2(C(C(C1(C2(Cl)Cl)Cl)Cl)Cl)Cl)(CCl)CCl,0,0,0,0,0,0,0,0,0,0,0,0,0,0,0,0,0,0,0,0,0,0,0,0,0,0,0,0,0,0,0,0,0,0,0,1,0,0,0,0,0,0,0,0,0,0,0,0,0,0,0,1,0,0,0,0,0,0,0,0,0,0,0,0,0,0,0,1,0,0,0,0,0,0,0,0,0,1,0,0,0,0,0,0,0,0,0,0,1,0,0,0,0,0,0,0,0,1,0,0,1,0,0,0,1,0,1,0,1,0,0,0,0,1,0,0,0,0,0,0,0,0,0,0,0,0,0,0,0,0,0,0,0,0,0,1,0,0,0,1,0,0,0,0,0,0,0,0,0,0,0,1,0,0,1,0,1,0,0,0,0,0,0,0,1,0,1,0
"(1R,4S,5'S,6R,6'S,8R,10E,12S,13S,14E,16E,20R,21R,24S)-6'-[(2S)-butan-2-yl]-21,24-dihydroxy-12-[(2R,4S,5S,6S)-5-[(2S,4S,5S,6S)-5-hydroxy-4-methoxy-6-methyloxan-2-yl]oxy-4-methoxy-6-methyloxan-2-yl]oxy-5',11,13,22-tetramethylspiro[3,7,19-trioxatetracyclo[15.6.1.14,8.020,24]pentacosa-10,14,16,22-tetraene-6,2'-oxane]-2-one",CC[C@H](C)[C@H]1[C@H](CC[C@@]2(O1)C[C@@H]3C[C@H](O2)C/C=C(/[C@H]([C@H](/C=C/C=C/4\CO[C@H]5[C@@]4([C@@H](C=C([C@H]5O)C)C(=O)O3)O)C)O[C@H]6C[C@@H]([C@H]([C@@H](O6)C)O[C@H]7C[C@@H]([C@H]([C@@H](O7)C)O)OC)OC)\C)C,0,0,0,0,0,0,0,0,0,0,0,0,0,0,0,0,0,0,0,0,0,0,0,0,0,0,0,1,0,0,0,0,0,0,0,0,0,0,0,0,0,0,0,0,0,0,0,0,0,0,0,1,0,0,1,0,0,0,1,0,0,0,0,0,0,0,0,1,0,0,0,0,0,1,0,0,0,1,0,0,0,0,0,0,1,0,0,0,0,0,1,1,1,0,1,0,0,1,0,1,1,0,1,0,0,0,1,0,0,1,1,0,0,1,0,1,1,1,0,1,0,1,0,0,1,0,0,1,1,1,1,0,1,1,0,0,0,0,1,0,1,1,1,0,1,0,1,1,1,0,1,1,0,1,1,1,1,0,1,0,1,1,0,0,1,1,1,0
"[(1S,2R,3R,4S,5R,6S,8R,9S,13S,16S,17R,18S)-11-Ethyl-8,9-dihydroxy-4,6,16,18-tetramethoxy-11-azahexacyclo[7.7.2.12,5.01,10.03,8.013,17]nonadecan-13-yl]methyl 2-[(3S)-3-methyl-2,5-dioxopyrrolidin-1-yl]benzoate",CCN1C[C@@]2(CC[C@@H]([C@@]34[C@@H]2[C@@H]([C@@](C31)([C@]5(C[C@@H]([C@H]6C[C@@H]4[C@@H]5[C@H]6OC)OC)O)O)OC)OC)COC(=O)C7=CC=CC=C7N8C(=O)C[C@@H](C8=O)C,0,0,0,0,0,0,0,0,0,0,0,0,0,0,0,0,0,0,0,0,1,0,0,0,0,0,0,0,0,0,0,0,0,0,0,0,0,0,0,0,0,0,0,0,0,0,0,0,0,0,0,0,0,0,0,1,0,0,0,0,0,0,0,1,0,0,0,1,0,0,0,0,0,1,0,0,1,0,0,0,0,0,0,0,1,0,1,1,0,0,1,1,1,1,1,0,1,1,1,1,0,1,1,0,0,1,1,0,0,1,1,1,1,1,0,1,1,1,1,1,0,1,1,1,1,0,0,1,1,1,1,0,1,1,1,0,1,1,1,1,1,1,1,1,1,1,1,1,1,1,1,1,0,1,1,1,1,1,1,1,1,1,1,1,1,1,1,0
Rolliniastatin-2,CCCCCCCCCC[C@@H]([C@H]1CC[C@@H](O1)[C@H]2CC[C@@H](O2)[C@@H](CCCCCCCCCCC(CC3=C[C@@H](OC3=O)C)O)O)O,0,0,0,0,0,0,0,0,0,0,0,0,0,0,0,0,0,0,0,0,0,0,0,0,0,0,0,0,0,0,0,0,0,0,0,0,0,0,0,0,0,0,0,0,0,0,0,0,0,0,0,1,0,0,0,0,0,0,1,0,0,0,0,1,0,0,0,0,0,0,0,0,0,1,0,0,0,1,0,0,0,0,0,0,1,0,0,0,0,0,0,1,1,0,0,0,0,1,0,0,1,0,0,0,0,1,0,0,0,1,0,0,0,0,0,1,1,1,0,1,0,1,0,0,1,0,0,0,1,1,1,0,1,1,0,0,0,0,1,0,1,1,0,0,1,0,0,1,1,0,1,1,0,1,0,1,1,0,1,0,1,1,0,0,0,1,1,0
p-Mercuribenzoate,C1=CC(=CC=C1C(=O)[O-])[Hg],0,0,0,0,0,0,0,0,0,0,0,0,0,1,0,0,0,0,0,0,0,0,0,0,0,0,0,0,0,0,0,0,0,0,0,0,0,0,0,0,0,0,0,0,0,1,0,0,0,0,1,0,0,0,0,0,0,0,0,0,0,0,0,0,0,0,0,0,0,0,0,0,0,0,0,0,0,0,0,0,0,0,0,0,0,0,0,0,0,0,0,0,0,0,0,0,0,0,0,0,0,0,0,0,0,0,0,0,0,0,0,0,0,0,0,0,0,0,0,0,0,0,0,0,1,0,0,0,0,0,0,0,0,0,0,0,0,0,0,0,0,0,0,0,0,0,0,0,0,0,0,0,0,0,0,1,0,0,1,0,1,0,0,1,1,1,1,0
[3H]methyllycaconitine,CCN1C[C@@]2(CC[C@@H]([C@@]34[C@@H]2[C@@H]([C@@]([C@H]31)([C@]5(C[C@@H]([C@H]6C[C@@H]4[C@@H]5[C@H]6OC)OC)O)O)OC)OC)COC(=O)C7=CC=CC=C7N8C(=O)C[C@@H](C8=O)C,0,0,0,0,0,0,0,0,0,0,0,0,0,0,0,0,0,0,0,0,1,0,0,0,0,0,0,0,0,0,0,0,0,0,0,0,0,0,0,0,0,0,0,0,0,0,0,0,0,0,0,0,0,0,0,1,0,0,0,0,0,0,0,1,0,0,0,1,0,0,0,0,0,1,0,0,1,0,0,0,0,0,0,0,1,0,1,1,0,0,1,1,1,1,1,0,1,1,1,1,0,1,1,0,0,1,1,0,0,1,1,1,1,1,0,1,1,1,1,1,0,1,1,1,1,0,0,1,1,1,1,0,1,1,1,0,1,1,1,1,1,1,1,1,1,1,1,1,1,1,1,1,0,1,1,1,1,1,1,1,1,1,1,1,1,1,1,0
Methyl (2E)-(methoxyimino)(2-((((Z)-(1-(3-(trifluoromethyl)phenyl)ethylidene)amino)oxy)methyl)phenyl)acetate,C/C(=N/OCC1=CC=CC=C1/C(=N\OC)/C(=O)OC)/C2=CC(=CC=C2)C(F)(F)F,0,0,0,0,0,0,0,0,0,0,0,0,0,0,0,0,0,0,0,0,0,0,0,0,0,1,0,0,0,0,0,0,0,0,0,0,0,0,0,0,0,0,0,1,0,0,0,0,0,0,0,0,0,0,0,0,0,0,0,0,0,0,0,0,0,0,0,0,0,0,0,0,1,0,0,0,0,0,0,1,0,0,0,0,0,0,0,0,0,0,1,0,0,0,1,1,1,0,0,0,0,0,0,1,0,0,0,1,1,1,1,0,1,1,0,0,0,0,0,0,1,0,0,0,1,1,1,1,0,0,0,1,0,0,0,1,0,0,0,0,0,1,1,1,0,1,1,1,0,0,1,1,0,0,1,1,1,1,1,0,1,1,1,1,1,1,1,0
"(4Z)-3-((2-chloro-1,3-thiazol-5-yl)methyl)-5-methyl-N-nitro-1,3,5-oxadiazinan-4-imine",CN\1COCN(/C1=N\[N+](=O)[O-])CC2=CN=C(S2)Cl,0,0,0,0,0,0,0,0,0,0,0,0,0,0,0,0,0,0,0,0,0,0,0,0,0,1,1,0,0,1,0,0,0,0,0,0,0,1,0,0,0,0,0,0,0,0,0,0,1,0,1,0,0,1,0,0,0,0,1,0,0,0,0,0,1,0,1,0,0,0,0,1,1,0,0,0,1,0,1,1,1,1,1,0,1,0,1,1,1,1,0,0,0,0,1,1,0,1,1,1,0,1,0,1,1,0,0,1,1,1,1,1,0,0,0,0,1,0,1,0,1,1,1,1,0,1,0,0,0,1,0,1,0,0,1,1,0,0,1,1,0,0,0,1,0,0,0,1,0,1,0,1,0,0,1,0,1,1,1,1,1,1,1,1,1,1,1,0
"Bromonitrostyrene, (E)-",C1=CC=C(C=C1)/C=C(\[N+](=O)[O-])/Br,0,0,0,0,0,0,0,0,0,0,0,0,0,0,0,0,0,0,0,0,0,0,1,0,0,1,0,0,0,0,0,0,0,0,0,0,0,0,0,0,0,0,0,0,0,0,1,1,0,0,1,0,0,0,0,0,0,1,0,0,0,0,0,0,1,0,0,0,0,0,0,1,1,0,0,0,0,1,0,0,0,0,0,0,0,0,0,0,0,0,0,0,0,0,0,1,0,0,0,0,1,0,0,1,0,0,0,0,1,0,0,0,0,0,0,0,0,0,0,0,1,0,0,1,0,1,0,0,0,0,0,1,0,0,0,1,0,0,0,0,0,0,0,0,0,0,0,0,0,1,0,0,0,0,0,0,0,1,0,1,1,0,1,1,1,1,1,0
Methyl beta-eleostearate,CCCC/C=C/C=C/C=C/CCCCCCCC(=O)OC,0,0,0,0,0,0,0,0,0,0,0,0,0,0,0,0,0,0,0,0,0,0,0,0,0,0,0,0,0,0,0,0,0,0,0,0,0,0,0,0,0,0,0,0,0,0,0,0,0,0,0,0,0,0,0,0,0,0,0,0,0,0,0,0,0,0,0,0,0,0,0,0,0,0,0,0,0,0,0,0,0,0,0,0,0,0,0,0,0,0,0,0,0,0,1,0,0,0,0,0,1,0,0,0,0,0,0,0,0,1,0,0,0,0,0,1,1,1,0,1,0,0,0,0,1,0,0,1,0,1,1,0,0,1,0,0,0,0,0,0,0,0,0,0,0,0,0,0,1,0,1,0,0,0,0,1,1,0,1,0,1,1,0,0,0,1,0,0
Ivermectin (USAN:USP:INN:BAN),CCC(C)[C@@H]1[C@H](CC[C@@]2(O1)CC3C[C@H](O2)C/C=C(/[C@H]([C@H](/C=C/C=C/4\CO[C@H]5[C@@]4([C@@H](C=C([C@H]5O)C)C(=O)O3)O)C)O[C@H]6C[C@@H]([C@H]([C@@H](O6)C)OC7C[C@@H]([C@H]([C@@H](O7)C)O)OC)OC)\C)C.C[C@H]1CC[C@]2(CC3C[C@H](O2)C/C=C(/[C@H]([C@H](/C=C/C=C/4\CO[C@H]5[C@@]4([C@@H](C=C([C@H]5O)C)C(=O)O3)O)C)O[C@H]6C[C@@H]([C@H]([C@@H](O6)C)OC7C[C@@H]([C@H]([C@@H](O7)C)O)OC)OC)\C)O[C@@H]1C(C)C,0,0,0,0,0,0,0,0,0,0,0,0,0,0,0,0,0,0,0,0,0,0,0,0,0,0,0,1,0,0,0,0,0,0,0,0,0,0,0,0,0,0,0,0,0,0,0,0,0,0,0,1,0,0,1,0,0,0,1,0,0,0,0,0,0,0,0,1,0,0,0,0,0,1,0,1,0,1,0,0,0,0,0,0,1,0,0,0,0,0,1,1,1,0,1,0,0,1,0,1,1,0,1,0,0,0,1,0,0,1,1,0,0,1,0,1,1,1,0,1,0,1,0,0,1,0,0,1,1,1,1,0,1,1,0,0,0,1,1,1,1,1,1,0,1,0,1,1,1,0,1,1,0,1,1,1,1,0,1,0,1,1,0,0,1,1,1,1
Eprinomectin,C[C@H]1/C=C\C=C/2\CO[C@H]3[C@@]2([C@@H](C=C([C@H]3O)C)C(=O)O[C@H]4C[C@@H](C/C=C(\[C@H]1O[C@H]5C[C@@H]([C@@H]([C@@H](O5)C)O[C@H]6C[C@H]([C@@H]([C@@H](O6)C)NC(=O)C)OC)OC)/C)O[C@]7(C4)C=C[C@@H]([C@H](O7)C(C)C)C)O,0,0,0,0,0,0,0,0,0,0,0,0,0,0,0,0,0,0,0,0,0,0,0,0,0,0,0,1,0,0,0,0,0,0,0,0,0,0,0,0,0,0,0,0,0,0,0,0,0,0,0,1,0,0,1,0,0,0,1,0,0,0,0,0,0,0,0,1,0,0,0,0,0,1,0,1,0,1,0,0,0,0,0,0,1,0,0,0,0,0,1,1,1,1,1,0,1,1,0,1,1,0,1,0,0,0,1,0,0,1,1,1,0,1,0,0,0,1,1,0,0,1,0,0,1,0,0,1,1,1,0,0,1,1,1,0,0,1,1,0,1,1,1,0,1,0,1,1,0,0,1,1,1,1,1,1,0,1,1,1,1,1,1,0,1,1,1,0
"N-2,4-dinitrophenyl (bis)glycine",C1=C(C(=CC(=C1NCC(=O)O)[N+](=O)[O-])[N+](=O)[O-])NCC(=O)O,0,0,0,0,0,0,0,0,0,0,0,0,0,0,0,0,0,0,0,0,0,0,0,0,0,1,0,0,0,0,0,0,0,0,0,0,0,0,0,0,0,0,0,0,0,0,0,0,0,0,1,0,0,0,1,1,0,1,0,0,0,0,0,0,1,0,0,0,0,0,0,1,1,0,0,0,0,0,0,0,1,1,0,1,0,0,0,0,0,0,0,0,0,0,0,1,1,0,1,0,0,1,0,1,0,1,0,0,0,0,0,0,0,0,0,0,0,0,0,0,1,0,0,1,1,1,0,0,0,0,0,1,1,1,1,0,1,1,0,1,1,1,0,1,0,1,0,1,0,1,0,1,1,0,1,1,1,1,1,1,1,0,1,1,1,1,1,0
Abamectin [ANSI:ISO],CCC(C)[C@@H]1[C@H](C=C[C@@]2(O1)C[C@@H]3C[C@H](O2)C/C=C(/[C@H]([C@H](/C=C/C=C/4\CO[C@H]5[C@@]4([C@@H](C=C([C@H]5O)C)C(=O)O3)O)C)O[C@H]6C[C@@H]([C@H]([C@@H](O6)C)O[C@H]7C[C@@H]([C@H]([C@@H](O7)C)O)OC)OC)\C)C.C[C@H]1/C=C/C=C/2\CO[C@H]3[C@@]2([C@@H](C=C([C@H]3O)C)C(=O)O[C@H]4C[C@@H](C/C=C(/[C@H]1O[C@H]5C[C@@H]([C@H]([C@@H](O5)C)O[C@H]6C[C@@H]([C@H]([C@@H](O6)C)O)OC)OC)\C)O[C@]7(C4)C=C[C@@H]([C@H](O7)C(C)C)C)O,0,0,0,0,0,0,0,0,0,0,0,0,0,0,0,0,0,0,0,0,0,0,0,0,0,0,0,1,0,0,0,0,0,0,0,0,0,0,0,0,0,0,0,0,0,0,0,0,0,0,0,1,0,0,1,0,0,0,1,0,0,0,0,0,0,0,0,1,0,0,0,0,0,1,0,1,0,1,0,0,0,0,0,0,1,0,0,0,0,0,1,1,1,0,1,0,0,1,0,1,1,0,1,0,0,0,1,0,0,1,1,0,0,1,0,1,1,1,0,0,0,1,0,0,1,0,0,1,1,1,0,0,1,1,0,0,0,1,1,1,1,1,1,0,1,0,1,1,0,0,1,1,0,1,1,1,1,0,1,0,1,1,0,0,1,1,1,1
"3,5,7-Triaza-1-azoniatricyclo(3.3.1.13,7)decane, 1,1'-(2-butene-1,4-diyl)bis-, chloride (1:2)",C1N2CN3CN1C[N+](C2)(C3)C/C=C/C[N+]45CN6CN(C4)CN(C6)C5.[Cl-].[Cl-],0,0,0,0,0,0,0,0,0,0,0,0,0,0,0,0,0,0,0,0,0,0,0,0,0,0,0,0,0,1,0,1,0,0,0,0,0,0,0,0,0,0,0,0,0,0,0,0,0,0,1,0,0,0,0,0,0,0,0,0,0,0,0,0,0,0,0,0,0,0,0,0,0,0,0,0,1,0,1,0,0,1,0,0,0,0,1,1,0,0,0,0,0,0,0,0,0,0,0,1,1,1,1,0,1,0,1,0,0,0,0,0,0,1,0,0,0,0,0,0,0,1,1,1,0,0,0,0,0,1,1,0,0,0,0,1,0,0,1,1,0,0,0,1,0,0,1,0,0,1,0,0,0,0,1,0,1,0,0,1,0,0,1,0,1,0,1,1
Oleyltrimethylammonium chloride,CCCCCCCC/C=C\CCCCCCCC[N+](C)(C)C.[Cl-],0,0,0,0,0,0,0,0,0,0,0,0,0,0,0,0,0,0,0,0,0,0,0,0,0,0,0,0,0,0,0,1,0,0,0,0,0,0,0,0,0,0,0,0,0,0,0,0,0,0,1,0,0,0,0,0,0,0,0,0,0,0,0,0,0,0,0,0,0,0,0,0,0,0,0,1,0,0,0,0,0,0,0,0,0,0,1,1,0,0,0,0,0,0,1,0,0,0,0,0,1,1,0,0,1,0,0,0,0,1,0,0,1,1,0,1,1,1,0,1,0,0,0,1,0,0,0,0,0,1,1,0,0,0,0,1,0,0,0,0,0,0,1,0,0,0,0,0,1,1,1,0,0,0,1,0,1,0,0,1,0,1,1,0,0,0,0,1
Acrinathrin,CC1([C@H]([C@H]1C(=O)O[C@H](C#N)C2=CC(=CC=C2)OC3=CC=CC=C3)/C=C\C(=O)OC(C(F)(F)F)C(F)(F)F)C,0,0,0,0,0,0,0,0,0,0,0,0,0,0,0,0,0,0,0,0,0,0,0,1,0,0,0,0,0,0,0,0,0,0,0,0,0,0,0,0,0,0,1,1,0,0,0,0,0,0,0,0,0,0,0,0,0,0,0,0,0,0,0,0,0,0,0,1,0,0,0,0,0,0,0,1,0,0,0,0,0,0,0,0,0,0,0,0,0,0,0,0,0,0,0,0,1,0,0,0,1,0,0,0,0,0,0,1,1,0,0,0,0,1,1,0,0,0,0,0,0,0,0,0,1,0,1,1,1,0,0,0,0,0,0,1,0,1,0,0,0,1,0,0,1,0,1,1,0,0,1,1,0,1,0,1,0,0,1,0,1,1,1,1,1,1,1,0
gamma-Cyhalothrin,CC1([C@H]([C@H]1C(=O)O[C@H](C#N)C2=CC(=CC=C2)OC3=CC=CC=C3)/C=C(/C(F)(F)F)\Cl)C,0,0,0,0,0,0,0,0,0,0,0,0,0,0,0,0,0,0,0,0,0,0,0,1,0,0,0,0,0,0,0,0,0,0,0,0,0,0,0,0,0,0,1,1,0,0,0,0,0,0,0,0,0,0,0,0,0,0,0,0,0,0,0,0,0,0,0,1,0,0,0,0,0,0,0,1,0,1,0,0,0,0,0,0,0,0,0,0,0,0,0,0,0,0,0,0,1,0,0,0,1,0,0,0,1,0,0,1,1,0,0,0,0,1,1,0,0,0,0,0,0,0,0,0,1,0,1,1,1,0,0,0,0,0,0,1,0,0,0,0,0,0,0,0,1,0,1,1,0,0,1,1,0,1,0,1,0,0,1,0,1,1,1,1,1,1,1,0
Strobilurin B,C/C(=C/C=C/C1=CC(=C(C=C1)Cl)OC)/C(=C\OC)/C(=O)OC,0,0,0,0,0,0,0,0,0,0,0,0,0,0,0,0,0,0,0,0,0,0,0,0,0,0,0,0,0,0,0,0,0,0,0,0,0,0,0,0,0,0,0,0,0,0,0,0,0,0,0,1,0,0,0,0,0,0,0,0,0,0,0,0,0,0,0,0,0,0,0,0,0,0,0,0,0,1,0,0,0,0,0,0,0,0,0,0,1,0,1,0,0,0,1,0,0,0,0,0,1,0,0,0,1,0,0,0,1,0,0,0,0,0,1,0,0,0,0,0,0,0,0,0,1,0,0,1,1,0,0,0,0,0,0,1,0,0,0,0,0,1,1,0,1,1,0,1,0,0,1,1,0,1,0,1,0,0,1,0,1,1,0,1,1,1,1,0
Strobilurin H,C/C(=C/C=C/C1=CC(=CC=C1)OC)/C(=C\OC)/C(=O)OC,0,0,0,0,0,0,0,0,0,0,0,0,0,0,0,0,0,0,0,0,0,0,0,0,0,0,0,0,0,0,0,0,0,0,0,0,0,0,0,0,0,0,0,0,0,0,0,0,0,0,0,1,0,0,0,0,0,0,0,0,0,0,0,0,0,0,0,0,0,0,0,0,0,0,0,0,0,1,0,0,0,0,0,0,0,0,0,0,0,0,1,0,0,0,1,0,0,0,0,0,1,0,0,0,0,0,0,0,0,0,0,0,0,0,1,0,0,0,0,0,0,0,0,0,1,0,0,1,1,0,0,0,0,0,0,0,0,0,0,0,0,1,1,0,1,0,0,1,0,0,1,0,0,1,0,1,0,0,1,0,1,1,0,1,1,1,1,0
"(R)-Cyano(3-phenoxyphenyl)methyl (1R,3S)-3-(2,2-dichloroethenyl)-2,2-dimethylcyclopropanecarboxylate",CC1([C@@H]([C@H]1C(=O)O[C@@H](C#N)C2=CC(=CC=C2)OC3=CC=CC=C3)C=C(Cl)Cl)C,0,0,0,0,0,0,0,0,0,0,0,0,0,0,0,0,0,0,0,0,0,0,1,1,0,0,0,0,0,0,0,0,0,0,0,0,0,0,0,0,0,0,1,0,0,0,0,0,0,0,0,0,0,0,0,0,0,0,0,0,0,0,0,0,0,0,0,1,0,0,0,0,0,0,0,1,0,1,0,0,0,0,0,0,0,0,0,0,0,0,0,0,0,0,0,0,1,0,0,0,1,0,0,0,1,0,0,0,1,0,0,0,0,1,1,0,0,0,0,0,0,0,0,0,1,0,1,1,1,0,0,0,0,0,0,1,0,0,0,0,0,0,0,0,1,0,1,1,0,0,1,1,0,1,0,1,0,0,1,0,1,1,1,1,1,1,1,0
Fenfluthrin,CC1([C@@H]([C@H]1C(=O)OCC2=C(C(=C(C(=C2F)F)F)F)F)C=C(Cl)Cl)C,0,0,0,0,0,0,0,0,0,0,0,0,0,0,0,0,0,0,0,0,0,0,1,1,0,0,0,0,0,0,0,0,0,0,0,0,0,0,0,0,0,0,0,1,0,0,0,0,0,0,0,0,0,0,0,0,0,0,0,0,0,0,0,0,0,0,0,1,0,0,0,0,0,0,0,1,0,1,0,0,0,0,0,0,0,0,0,0,1,0,0,0,0,0,0,0,0,0,0,0,1,0,0,0,1,0,0,0,1,0,1,0,0,1,0,0,0,0,0,0,0,0,0,0,1,0,0,1,0,0,0,0,0,0,0,1,0,0,0,0,0,0,0,0,0,1,0,0,0,0,1,1,0,0,1,1,1,0,1,0,1,1,0,1,1,1,1,0
Zinc arsenate,[O-][As](=O)([O-])[O-].[O-][As](=O)([O-])[O-].[Zn+2].[Zn+2].[Zn+2],0,0,0,0,1,0,0,0,0,0,0,0,0,1,0,0,0,0,0,0,0,0,0,0,0,0,0,0,0,0,0,0,0,0,0,0,0,0,0,0,0,0,0,0,0,1,0,0,0,1,1,0,0,0,0,0,0,0,0,0,0,0,0,0,0,0,0,0,0,0,0,0,0,0,0,0,0,0,0,0,0,0,0,0,0,0,0,0,0,0,0,0,0,0,0,0,0,0,0,0,0,0,0,1,0,0,0,1,0,0,0,0,0,1,0,0,0,0,0,0,0,0,0,0,0,1,0,0,0,0,0,1,0,0,0,0,0,1,0,0,0,1,0,0,0,0,0,1,0,1,0,0,0,0,0,0,0,0,0,0,1,0,0,0,0,1,0,1
Zinc bis(pentachlorophenolate),C1(=C(C(=C(C(=C1Cl)Cl)Cl)Cl)Cl)[O-].C1(=C(C(=C(C(=C1Cl)Cl)Cl)Cl)Cl)[O-].[Zn+2],0,0,0,0,0,0,0,0,0,0,0,0,0,1,0,0,0,0,0,0,0,0,0,0,0,0,0,0,0,0,0,0,0,0,0,0,0,0,0,0,0,0,0,0,0,1,0,0,0,0,1,0,0,0,0,0,0,0,0,0,0,0,0,0,0,0,0,0,0,0,0,0,0,0,0,0,0,0,0,0,0,0,0,0,0,0,0,0,1,0,0,0,0,0,0,0,0,0,0,0,0,0,0,0,1,0,0,0,1,0,0,0,0,0,1,0,0,0,0,0,0,0,0,0,0,0,1,0,1,0,0,0,0,0,0,1,0,0,0,0,0,0,0,0,1,1,1,0,0,0,0,1,0,1,0,0,0,0,1,0,1,0,0,1,1,1,1,1
Mecoprop-trolamine,CC1=C(C=CC(=C1)Cl)OC(C)C(=O)O.C(CO)N(CCO)CCO,0,0,0,0,0,0,0,0,0,0,0,0,0,0,0,0,0,0,0,0,0,0,0,0,0,0,0,0,0,0,0,0,0,0,0,0,0,0,0,0,0,0,0,0,0,0,0,0,0,0,0,0,0,0,0,0,0,0,0,0,0,0,0,0,0,0,0,0,0,0,0,0,0,1,0,0,0,0,0,0,0,0,0,1,0,0,1,1,1,0,0,0,1,0,0,0,1,0,0,0,0,1,0,0,1,1,0,0,1,0,1,0,1,0,1,0,0,0,0,1,0,0,0,1,1,0,0,1,1,1,1,0,1,1,0,1,0,0,0,1,1,1,0,0,1,1,0,1,1,1,1,1,0,1,1,1,1,0,1,1,1,1,1,1,1,1,1,1
"cis-(2-methyl-3-phenylphenyl)methyl (1R,3S)-3-[(E)-2-chloro-3,3,3-trifluoroprop-1-enyl]-2,2-dimethylcyclopropane-1-carboxylate",CC1=C(C=CC=C1C2=CC=CC=C2)COC(=O)[C@@H]3[C@H](C3(C)C)/C=C(\C(F)(F)F)/Cl,0,0,0,0,0,0,0,0,0,0,0,0,0,0,0,0,0,0,0,0,0,0,0,1,0,0,0,0,0,0,0,0,0,0,0,0,0,0,0,0,0,0,0,1,0,0,0,0,0,0,0,0,0,0,0,0,0,0,0,0,0,0,0,1,0,0,0,1,0,0,0,0,0,0,0,1,0,1,0,0,0,0,0,0,0,0,0,0,0,0,0,0,0,0,0,0,0,0,0,0,1,0,0,0,1,0,0,1,1,0,1,0,0,1,0,0,0,1,0,0,0,0,0,0,1,0,1,1,0,0,0,0,0,0,0,1,0,0,0,0,0,0,1,0,0,1,1,0,0,0,1,1,0,0,1,1,1,0,1,0,1,1,0,1,1,1,1,0
"4,3(2H)-dione, 3a,4,7,7a-tetrahydro-5-(hydroxyphenyl-2-pyridinylmethyl)-8-(phenyl-2-pyridinylmethylene)-",C1=CC=C(C=C1)/C(=C/2\C3C=C(C2C4C3C(=O)NC4=O)C(C5=CC=CC=C5)(C6=CC=CC=N6)O)/C7=CC=CC=N7,0,0,0,0,0,0,0,0,0,0,0,0,0,0,0,0,0,0,0,0,0,0,0,0,0,0,0,0,0,0,0,0,0,0,0,0,0,0,0,0,0,0,0,0,0,0,0,0,0,0,0,1,0,0,0,0,0,0,0,0,0,0,0,0,0,0,1,1,0,0,0,0,0,0,0,0,0,1,0,0,0,0,0,0,1,0,0,0,0,0,1,0,0,1,0,0,1,1,0,1,1,0,1,0,0,0,1,0,0,0,0,1,0,1,0,0,0,0,1,0,0,1,1,0,0,0,1,0,1,0,0,0,1,0,0,0,0,1,1,0,1,0,0,1,1,0,1,1,0,0,0,0,1,1,0,1,0,1,1,1,1,0,1,1,1,1,1,0
Quizalofop-p-ethyl,CCOC(=O)[C@@H](C)OC1=CC=C(C=C1)OC2=CN=C3C=C(C=CC3=N2)Cl,0,0,0,0,0,0,0,0,0,0,0,0,0,0,0,0,0,0,0,0,0,0,0,0,0,0,0,0,0,0,0,0,0,0,0,0,0,0,0,0,0,0,0,0,0,0,0,0,0,0,0,0,0,0,0,0,0,0,0,0,0,0,0,0,0,0,1,0,0,0,0,0,0,1,0,0,0,0,0,0,1,0,0,0,0,0,0,0,1,0,0,0,0,1,0,0,1,0,0,1,0,0,1,0,1,0,1,0,1,1,1,1,0,0,1,1,0,0,1,0,0,1,1,0,1,0,1,1,1,0,0,0,0,0,0,1,0,0,1,0,0,1,0,1,1,0,1,1,0,0,1,0,0,1,1,1,1,1,1,0,1,1,1,1,1,1,1,0
Methoquin-butyl,CCCCOC(=O)C1=C(C=NC2=CC=CC=C21)C,0,0,0,0,0,0,0,0,0,0,0,0,0,0,0,0,0,0,0,0,0,0,0,0,0,0,0,0,0,0,0,0,0,0,0,0,0,0,0,0,0,0,0,0,0,0,0,0,0,0,0,0,0,0,0,0,0,0,0,0,0,0,0,0,0,0,1,0,0,0,0,0,0,0,0,0,0,0,0,0,0,0,0,0,0,0,0,0,0,0,0,0,0,0,0,0,0,0,0,1,0,0,1,0,0,0,1,0,0,0,1,0,0,0,0,1,1,1,0,1,0,0,1,0,1,0,1,1,0,0,0,0,0,1,0,0,0,0,1,0,0,0,0,0,0,1,1,0,1,0,1,1,0,0,1,1,1,1,1,0,1,1,1,1,1,1,1,0
Copper arsenate hydroxide (Cu2(AsO4)(OH)),[OH-].[O-][As](=O)([O-])[O-].[Cu+2].[Cu+2],0,0,0,0,1,0,0,0,0,0,0,0,0,1,0,0,0,0,0,0,0,0,0,0,0,0,0,0,0,0,0,0,0,0,0,0,0,0,0,0,0,0,0,0,0,1,0,0,0,1,1,0,0,0,0,0,0,0,0,0,0,0,0,0,0,0,0,0,0,0,0,0,0,0,0,0,0,0,0,0,0,0,0,0,0,0,0,0,0,0,0,0,0,0,0,0,0,0,0,0,0,0,0,1,0,0,0,1,0,0,0,0,0,1,0,0,0,0,0,0,0,0,0,0,0,1,0,0,0,0,0,1,0,0,0,0,0,0,0,0,1,1,0,0,0,0,0,1,0,1,0,0,0,0,0,0,0,0,0,0,1,0,0,0,0,1,0,1
Dicyclanil,C1CC1NC2=NC(=C(C(=N2)N)C#N)N,0,0,0,0,0,0,0,0,0,0,0,0,0,0,0,0,0,0,0,0,0,0,0,1,0,0,1,0,0,0,0,0,0,0,0,0,0,0,0,1,0,0,1,0,0,0,0,0,0,0,0,0,0,0,1,0,0,0,0,0,0,0,0,0,0,0,1,0,0,0,0,0,0,0,0,0,0,0,1,0,0,1,0,0,0,1,0,0,0,0,0,1,0,0,0,0,0,0,0,1,0,0,0,0,0,1,0,1,0,0,0,0,1,0,0,0,0,0,0,0,0,1,1,0,0,0,0,0,0,0,0,0,1,0,1,0,1,0,1,0,0,0,0,1,0,1,0,0,1,0,0,1,1,0,0,0,0,1,0,1,0,0,1,1,1,0,1,0
"(1R,4S,5'S,6R,6'R,8R,12S,13S,20R,21R,24S)-6'-[(2S)-butan-2-yl]-21,24-dihydroxy-12-[(2R,4S,5S,6S)-5-[(2S,4S,5S,6S)-5-hydroxy-4-methoxy-6-methyloxan-2-yl]oxy-4-methoxy-6-methyloxan-2-yl]oxy-5',11,13,22-tetramethylspiro[3,7,19-trioxatetracyclo[15.6.1.14,8.020,24]pentacosa-10,14,16,22-tetraene-6,2'-oxane]-2-one",CC[C@H](C)[C@@H]1[C@H](CC[C@@]2(O1)C[C@@H]3C[C@H](O2)CC=C([C@H]([C@H](C=CC=C4CO[C@H]5[C@@]4([C@@H](C=C([C@H]5O)C)C(=O)O3)O)C)O[C@H]6C[C@@H]([C@H]([C@@H](O6)C)O[C@H]7C[C@@H]([C@H]([C@@H](O7)C)O)OC)OC)C)C,0,0,0,0,0,0,0,0,0,0,0,0,0,0,0,0,0,0,0,0,0,0,0,0,0,0,0,1,0,0,0,0,0,0,0,0,0,0,0,0,0,0,0,0,0,0,0,0,0,0,0,1,0,0,1,0,0,0,1,0,0,0,0,0,0,0,0,1,0,0,0,0,0,1,0,0,0,1,0,0,0,0,0,0,1,0,0,0,0,0,1,1,1,0,1,0,0,1,0,1,1,0,1,0,0,0,1,0,0,1,1,0,0,1,0,1,1,1,0,1,0,1,0,0,1,0,0,1,1,1,1,0,1,1,0,0,0,0,1,0,1,1,1,0,1,0,1,1,1,0,1,1,0,1,1,1,1,0,1,0,1,1,0,0,1,1,1,0
"(R)-cyano(3-phenoxyphenyl)methyl (1S,3S)-3-(2,2-dichloroethenyl)-2,2-dimethylcyclopropanecarboxylate",CC1([C@@H]([C@@H]1C(=O)O[C@@H](C#N)C2=CC(=CC=C2)OC3=CC=CC=C3)C=C(Cl)Cl)C,0,0,0,0,0,0,0,0,0,0,0,0,0,0,0,0,0,0,0,0,0,0,1,1,0,0,0,0,0,0,0,0,0,0,0,0,0,0,0,0,0,0,1,0,0,0,0,0,0,0,0,0,0,0,0,0,0,0,0,0,0,0,0,0,0,0,0,1,0,0,0,0,0,0,0,1,0,1,0,0,0,0,0,0,0,0,0,0,0,0,0,0,0,0,0,0,1,0,0,0,1,0,0,0,1,0,0,0,1,0,0,0,0,1,1,0,0,0,0,0,0,0,0,0,1,0,1,1,1,0,0,0,0,0,0,1,0,0,0,0,0,0,0,0,1,0,1,1,0,0,1,1,0,1,0,1,0,0,1,0,1,1,1,1,1,1,1,0
"2,4-Dinitro-6-(1'-methylheptyl)phenol",CCCCCCC(C)C1=C(C(=CC(=C1)[N+](=O)[O-])[N+](=O)[O-])O,0,0,0,0,0,0,0,0,0,0,0,0,0,0,0,0,0,0,0,0,0,0,0,0,0,1,0,0,0,0,0,0,0,0,0,0,0,0,0,0,0,0,0,0,0,0,0,0,0,0,1,0,0,0,0,0,0,1,0,0,0,0,0,0,1,0,0,0,0,0,0,1,1,0,0,0,0,0,0,0,0,1,0,0,0,0,0,0,0,0,1,0,1,0,0,1,1,0,0,0,0,0,0,1,0,0,0,0,0,1,0,0,0,0,1,1,1,1,0,1,1,0,0,1,0,1,0,0,1,1,1,1,0,0,1,0,1,1,0,0,1,1,0,1,1,1,0,1,1,1,1,1,0,1,0,0,1,1,1,1,1,1,1,1,1,1,1,0
Azithiram,CN(C)NC(=S)SSC(=S)NN(C)C,0,0,0,0,0,0,0,0,0,0,0,0,0,0,0,1,0,0,0,0,0,0,0,0,0,0,0,0,0,0,0,0,0,0,0,0,0,0,0,0,0,0,0,0,0,0,0,0,1,0,0,0,0,1,0,0,0,0,0,0,0,0,0,0,0,0,0,0,1,0,1,0,0,0,1,1,0,0,0,0,0,0,1,0,0,0,0,1,0,1,0,0,0,0,1,1,0,0,0,0,0,0,0,0,0,0,0,1,0,0,0,0,0,0,0,0,0,0,0,0,0,0,0,1,0,1,0,0,0,0,0,1,1,0,0,0,0,0,0,0,0,0,1,1,0,0,0,0,0,1,1,0,1,0,0,0,0,1,0,1,0,1,1,0,0,0,0,0
Oxine-copper,C1=CC2=C(C(=C1)[O-])N=CC=C2.C1=CC2=C(C(=C1)[O-])N=CC=C2.[Cu+2],0,0,0,0,0,0,0,0,0,0,0,0,0,1,0,0,0,0,0,0,0,0,0,0,0,0,0,0,0,0,0,0,0,0,0,0,0,0,0,0,0,0,0,0,0,1,0,0,0,0,1,0,0,0,0,0,0,0,0,0,0,0,0,0,0,0,1,0,0,0,0,0,0,0,0,0,0,0,0,0,0,0,0,0,0,0,0,0,0,0,0,0,0,0,0,0,1,0,0,1,0,0,1,0,0,0,1,0,0,0,0,0,0,0,1,0,0,0,0,0,0,1,1,0,0,0,1,0,1,0,0,0,0,0,0,0,0,0,1,0,0,0,0,1,1,0,1,0,0,0,0,0,0,1,0,0,0,1,1,0,1,0,1,1,1,1,1,1
Phenylmercury dimethyldithiocarbamate,CN(C)C(=S)[S-].C1=CC=[C-]C=C1.[Hg+2],0,0,0,0,0,0,0,0,0,0,0,0,0,1,0,0,0,0,0,0,0,0,0,0,0,0,0,0,0,0,0,0,0,0,0,0,0,0,0,0,0,0,0,0,0,1,0,0,1,0,1,0,0,0,0,0,0,0,0,0,0,0,0,0,0,0,0,0,0,0,0,0,0,0,1,1,0,0,0,0,0,0,1,0,0,0,1,1,0,1,0,0,0,0,1,0,0,0,0,0,0,0,0,0,0,0,0,1,0,0,0,0,0,0,0,0,0,0,0,0,0,0,0,1,0,0,0,0,0,0,0,0,0,0,0,0,0,0,0,0,0,0,0,0,0,0,0,0,0,1,1,0,0,0,0,0,0,1,0,1,0,1,1,1,1,0,1,1
Nithiazine,C1CN/C(=C\[N+](=O)[O-])/SC1,0,0,0,0,0,0,0,0,0,0,0,0,0,0,0,0,0,0,0,0,0,0,1,0,0,1,0,0,0,0,0,0,0,0,0,0,0,1,0,0,0,0,0,0,0,0,1,0,1,0,1,0,0,0,0,0,0,1,0,0,0,0,0,0,1,0,0,0,0,0,0,1,1,0,0,0,0,1,0,0,1,0,1,1,0,0,0,0,0,1,0,1,1,0,0,1,0,0,1,1,1,1,0,1,0,1,0,0,0,0,0,0,1,0,0,0,0,0,0,1,1,1,1,1,0,1,0,0,0,1,0,1,0,0,0,0,0,0,1,1,0,0,0,1,0,0,0,0,1,1,0,0,1,0,1,0,0,1,0,1,1,0,1,0,1,1,1,0
"Manganese, (N-(2-((dithiocarboxy)amino)ethyl)carbamodithioato(2-)-kappaS,kappaS')-, mixt. with C,C'-dimethyl N,N'-(1,2-phenylenebis(iminocarbonothioyl))bis(carbamate) and (N-(2-((dithiocarboxy)amino)ethyl)carbamodithioato(2-)-kappaS,kappaS')zinc",COC(=O)NC(=S)NC1=CC=CC=C1NC(=S)NC(=O)OC.C(CNC(=S)[S-])NC(=S)[S-].C(CNC(=S)[S-])NC(=S)[S-].[Mn+2].[Zn+2],0,0,0,0,0,0,0,0,1,0,0,0,0,1,0,0,0,0,0,0,0,0,0,0,1,0,0,0,0,0,0,0,0,0,0,0,0,0,0,0,0,0,0,0,1,1,0,0,1,0,1,0,0,0,0,1,0,0,0,0,0,0,0,0,0,0,0,0,0,0,0,0,0,0,1,0,0,0,1,0,1,0,1,1,0,0,0,0,0,1,0,0,0,0,1,0,0,0,1,0,0,1,0,0,0,1,0,1,0,0,0,1,1,0,0,0,0,0,1,1,0,0,0,0,1,0,0,1,0,0,0,0,1,0,1,0,1,1,0,1,0,1,0,1,0,1,0,1,1,0,1,1,1,0,1,1,1,1,1,1,1,1,1,1,1,1,1,1
Tecoram,CN(C)C(=S)SSC(=S)NCCNC(=S)SSC(=S)N(C)C,0,0,0,0,0,0,0,0,0,0,0,0,0,0,0,1,0,0,0,0,0,0,0,0,0,0,0,0,0,0,0,0,0,0,0,0,0,0,0,0,0,0,0,0,0,0,0,0,1,0,0,0,0,0,0,1,0,0,0,0,0,0,0,0,0,0,0,0,1,0,0,0,0,0,1,1,0,0,0,0,1,0,1,1,0,0,1,1,0,1,0,0,0,0,1,0,0,0,0,0,0,1,0,0,0,1,0,1,0,0,0,0,1,0,0,0,0,0,0,1,0,0,0,1,0,1,0,0,0,0,0,1,1,0,0,0,0,0,0,1,0,0,1,1,0,0,0,0,1,1,1,0,1,0,1,0,1,1,0,1,0,1,1,0,0,0,0,0
Nitenpyram,CCN(CC1=CN=C(C=C1)Cl)/C(=C/[N+](=O)[O-])/NC,0,0,0,0,0,0,0,0,0,0,0,0,0,0,0,0,0,0,0,0,0,0,1,0,0,1,0,0,0,0,0,0,0,0,0,0,0,0,0,1,0,0,0,0,0,0,1,0,0,0,1,0,0,0,0,0,0,1,0,0,0,0,0,0,1,0,1,0,0,0,0,1,1,0,0,0,0,1,1,0,1,1,0,0,0,0,1,1,1,0,0,1,0,0,1,1,0,0,1,1,1,1,0,1,1,0,0,0,1,1,0,0,0,0,0,1,0,1,0,0,1,0,1,1,0,1,0,0,0,0,0,1,0,0,0,1,0,0,1,1,0,0,0,1,0,0,0,0,0,1,1,0,1,0,1,0,1,1,0,1,1,1,1,1,1,1,1,0
Methiuron,CC1=CC(=CC=C1)NC(=S)N(C)C,0,0,0,0,0,0,0,0,0,0,0,0,0,0,0,0,0,0,0,0,0,0,0,0,0,0,0,0,0,0,0,0,0,0,0,0,0,0,0,0,0,0,0,0,0,0,0,0,1,0,0,0,0,0,0,0,0,0,0,0,0,0,0,0,0,0,0,0,0,0,0,0,0,0,1,1,0,0,1,0,0,0,1,0,0,0,1,1,0,1,0,0,0,0,1,0,0,0,0,0,0,0,0,0,0,0,0,1,0,0,0,0,0,0,0,0,0,0,0,0,0,0,0,1,0,0,0,0,0,0,0,0,0,0,1,0,1,0,0,0,0,0,1,1,0,0,0,0,0,1,1,0,1,0,0,0,0,1,0,1,0,1,1,1,1,0,1,0
Benazolin-ethyl,CCOC(=O)CN1C2=C(C=CC=C2Cl)SC1=O,0,0,0,0,0,0,0,0,0,0,0,0,0,0,0,0,0,0,0,0,0,0,0,0,0,0,0,0,0,0,0,0,0,0,0,0,0,1,0,0,0,0,0,0,0,0,0,0,1,0,0,0,0,0,0,0,0,0,0,0,0,0,0,0,0,0,1,0,0,0,0,0,0,0,0,0,1,0,0,0,0,0,1,0,1,0,1,0,1,1,0,0,0,0,0,0,1,1,0,0,0,1,1,0,1,0,1,1,1,1,1,1,0,0,1,1,0,0,1,0,0,1,1,1,1,0,1,1,1,0,1,0,0,1,0,1,0,1,1,1,0,0,0,0,1,1,0,1,0,1,0,1,0,0,1,1,1,1,1,1,1,1,1,1,1,1,1,0
Diammonium ethylenebis(dithiocarbamate),C(CNC(=S)S)NC(=S)S.N.N,0,0,0,0,0,0,0,0,0,0,0,0,0,0,0,0,0,0,0,0,0,0,0,0,0,0,0,0,0,0,0,0,0,0,0,0,0,0,0,0,0,0,0,0,1,0,0,0,1,0,0,0,0,0,0,1,0,0,0,0,0,0,0,0,0,0,0,0,0,0,0,0,0,0,1,0,0,0,0,0,1,0,1,1,0,0,0,0,0,1,0,1,1,0,0,0,0,0,0,0,0,1,0,0,0,1,0,1,0,0,0,0,1,0,0,0,0,0,0,1,0,0,0,0,0,0,0,0,0,0,0,0,1,0,0,0,0,0,0,1,0,0,0,1,0,0,0,0,1,0,0,0,1,0,1,0,1,1,0,1,0,0,1,0,0,0,0,1
Piproctanyl bromide,CC(C)CCCC(C)CC[N+]1(CCCCC1)CC=C.[Br-],0,0,0,0,0,0,0,0,0,0,0,0,0,0,0,0,0,0,0,0,0,0,0,0,0,0,0,0,0,0,0,1,0,0,0,1,0,0,0,0,0,0,0,0,0,0,0,1,0,0,1,0,0,0,0,0,0,0,0,0,0,0,0,0,0,0,0,0,0,0,0,0,0,0,0,1,1,0,0,0,0,0,0,0,0,0,1,1,0,0,0,0,0,0,0,0,0,0,0,1,1,1,0,0,0,0,0,0,0,1,0,0,1,1,0,0,1,1,0,1,0,0,1,1,0,0,0,0,0,1,1,0,0,0,0,1,0,0,1,1,0,0,1,0,0,0,0,0,1,1,1,0,0,0,1,0,1,0,0,1,0,1,1,0,1,0,1,1
Metam,CNC(=S)S,0,0,0,0,0,0,0,0,0,0,0,0,0,0,0,0,0,0,0,0,0,0,0,0,0,0,0,0,0,0,0,0,0,0,0,0,0,0,0,0,0,0,0,0,1,0,0,0,1,0,0,0,0,0,0,0,0,0,0,0,0,0,0,0,0,0,0,0,0,0,0,0,0,0,1,0,0,0,0,0,0,0,1,0,0,0,0,0,0,1,0,0,0,0,1,0,0,0,0,0,0,0,0,0,0,0,0,1,0,0,0,0,0,0,0,0,0,0,0,0,0,0,0,0,0,0,0,0,0,0,0,0,1,0,0,0,0,0,0,0,0,0,0,0,0,0,0,0,0,0,0,0,1,0,0,0,0,1,0,1,0,1,1,0,0,0,0,0
"2(3H)-Benzothiazolethione, compd. with 2-aminoethanol (1:1)",C1=CC=C2C(=C1)NC(=S)S2.C(CO)N,0,0,0,0,0,0,0,0,0,0,0,0,0,0,0,0,0,0,0,0,0,0,0,0,0,0,0,0,0,0,0,0,0,0,0,0,0,1,0,0,0,0,0,0,0,0,0,0,1,0,0,0,0,0,0,1,0,0,0,0,1,0,0,0,0,1,1,0,0,0,0,0,0,0,1,0,0,0,0,0,0,0,1,1,1,1,0,0,0,1,0,0,0,0,0,0,1,1,0,0,0,1,1,0,0,1,1,1,0,0,1,0,1,0,0,0,0,0,0,1,0,1,1,0,0,0,1,0,0,0,0,0,1,1,0,0,0,0,1,1,1,0,0,1,0,0,0,0,1,0,0,0,1,0,1,0,1,1,1,1,0,0,1,1,1,1,1,1
"Manganese, (N-(2-((dithiocarboxy)amino)ethyl)carbamodithioato(2-)-kappaS,kappaS')-, mixt. with C,C'-dimethyl N,N'-(1,2-phenylenebis(iminocarbonothioyl))bis(carbamate)",COC(=O)NC(=S)NC1=CC=CC=C1NC(=S)NC(=O)OC.C(CNC(=S)[S-])NC(=S)[S-].[Mn+2],0,0,0,0,0,0,0,0,1,0,0,0,0,0,0,0,0,0,0,0,0,0,0,0,1,0,0,0,0,0,0,0,0,0,0,0,0,0,0,0,0,0,0,0,1,1,0,0,1,0,1,0,0,0,0,1,0,0,0,0,0,0,0,0,0,0,0,0,0,0,0,0,0,0,1,0,0,0,1,0,1,0,1,1,0,0,0,0,0,1,0,0,0,0,1,0,0,0,1,0,0,1,0,0,0,1,0,1,0,0,0,1,1,0,0,0,0,0,1,1,0,0,0,0,1,0,0,1,0,0,0,0,1,0,1,0,1,1,0,1,0,1,0,1,0,1,0,1,1,0,1,1,1,0,1,1,1,1,1,1,1,1,1,1,1,1,1,1
"11-Tetradecen-1-ol, (11E)-",CC/C=C/CCCCCCCCCCO,0,0,0,0,0,0,0,0,0,0,0,0,0,0,0,0,0,0,0,0,0,0,0,0,0,0,0,0,0,0,0,0,0,0,0,0,0,0,0,0,0,0,0,0,0,0,0,0,0,0,0,0,0,0,0,0,0,0,0,0,0,0,0,0,0,0,0,0,0,0,0,0,0,0,0,0,0,0,0,0,0,0,0,1,0,0,0,0,0,0,0,1,1,0,0,0,0,0,0,0,1,0,0,0,0,1,0,0,0,1,1,0,0,0,0,1,0,0,0,1,0,0,0,0,0,0,0,0,0,1,1,0,0,1,0,0,0,0,0,0,1,0,0,0,0,0,0,0,1,0,0,0,0,0,1,0,1,0,1,0,0,1,0,0,0,1,0,0
S-Methoprene,C[C@@H](CCCC(C)(C)OC)C/C=C/C(=C/C(=O)OC(C)C)/C,0,0,0,0,0,0,0,0,0,0,0,0,0,0,0,0,0,0,0,0,0,0,0,0,0,0,0,0,0,0,0,0,0,0,0,0,0,0,0,0,0,0,0,0,0,0,0,0,0,0,0,1,0,0,0,0,0,0,0,0,0,0,0,0,0,0,0,1,0,0,0,0,0,0,0,1,0,1,0,0,0,0,0,0,0,0,0,0,0,0,0,0,0,0,1,0,0,0,0,0,1,0,0,0,0,0,0,0,0,1,0,0,0,1,0,0,1,1,0,1,0,0,0,0,1,0,0,1,0,1,1,0,0,1,0,0,0,0,0,0,0,0,1,0,0,0,0,1,1,0,1,0,0,1,0,1,1,0,1,0,1,1,0,0,0,1,0,0
Potassium o-phenylphenate,C1=CC=C(C=C1)C2=CC=CC=C2[O-].[K+],0,0,0,0,0,0,0,0,0,0,0,0,0,0,0,0,0,0,0,0,0,0,0,0,0,0,0,0,0,0,0,0,0,0,0,0,1,0,0,0,0,0,0,0,0,1,0,0,0,0,1,0,0,0,0,0,0,0,0,0,0,0,0,1,0,0,0,0,0,0,0,0,0,0,0,0,0,0,0,0,0,0,0,0,0,0,0,0,0,0,0,0,0,0,0,0,0,0,0,0,0,0,0,0,0,0,0,0,0,0,0,0,0,0,1,0,0,0,0,0,0,0,0,0,0,0,1,0,1,0,0,0,0,0,0,0,0,0,0,0,0,0,0,0,1,1,1,0,0,0,0,1,0,1,0,0,0,0,1,0,0,0,0,1,1,1,1,1
Sodium 3-(3-ethylcyclopentyl)propanoate,CCC1CCC(C1)CCC(=O)[O-].[Na+],0,0,0,0,0,0,0,0,0,0,0,0,0,0,0,0,0,0,0,0,0,0,0,0,0,0,0,0,0,0,0,0,0,0,0,0,1,0,0,0,0,0,0,0,0,1,0,0,0,0,1,0,0,0,0,0,0,0,0,0,0,0,0,0,0,0,0,0,0,0,0,0,0,0,0,0,0,0,0,0,0,0,0,0,0,0,0,0,0,0,0,0,0,0,0,0,0,1,0,0,0,0,0,0,0,0,0,0,0,1,0,0,0,0,0,1,0,1,0,1,0,0,0,0,1,0,0,0,0,1,1,0,0,1,0,0,0,0,0,0,0,0,0,0,0,0,0,0,1,0,0,0,0,0,0,1,1,0,1,0,1,1,0,0,0,1,1,1
"Sulfamic acid, monopotassium salt",NS(=O)(=O)[O-].[K+],0,0,0,0,0,0,0,0,0,0,0,0,0,0,0,0,0,0,0,0,0,0,0,0,0,0,0,0,0,0,0,0,0,0,1,0,1,0,0,0,1,1,0,0,0,1,0,0,0,1,1,0,0,0,0,0,1,0,0,1,0,1,1,0,0,0,0,0,1,0,1,0,0,0,1,0,0,0,0,0,0,0,0,0,0,1,0,0,0,1,0,0,0,0,0,1,0,0,0,0,0,0,0,1,0,0,0,1,0,0,0,0,0,1,0,0,0,0,1,0,0,0,0,0,0,1,0,0,0,0,0,1,0,0,0,0,0,1,0,0,0,0,0,0,0,0,0,1,0,1,0,0,1,0,0,0,0,1,0,0,1,0,1,0,0,1,0,1
3-Chloro-2-biphenylol sodium,C1=CC=C(C=C1)C2=C(C(=CC=C2)Cl)[O-].[Na+],0,0,0,0,0,0,0,0,0,0,0,0,0,0,0,0,0,0,0,0,0,0,0,0,0,0,0,0,0,0,0,0,0,0,0,0,1,0,0,0,0,0,0,0,0,1,0,0,0,0,1,0,0,0,0,0,0,0,0,0,0,0,0,1,0,0,0,0,0,0,0,0,0,0,0,0,0,0,0,0,0,0,0,0,0,0,0,0,1,0,0,0,0,0,0,0,0,0,0,0,0,0,0,0,1,0,0,0,1,0,0,0,0,0,1,0,0,0,0,0,0,0,0,0,0,0,1,0,1,0,0,0,0,0,0,1,0,0,0,0,0,0,0,0,1,1,1,0,0,0,0,1,0,1,0,0,0,0,1,0,0,0,0,1,1,1,1,1
Proxan-sodium,CC(C)OC(=S)[S-].[Na+],0,0,0,0,0,0,0,0,0,0,0,0,0,0,0,0,0,0,0,0,0,0,0,0,0,0,0,0,0,0,0,0,0,0,0,0,1,0,0,0,0,0,0,0,0,1,0,0,0,0,1,0,0,0,0,0,0,0,0,0,0,0,0,0,0,0,0,0,0,0,0,0,0,0,1,1,0,0,0,0,0,0,1,0,0,0,0,0,0,1,0,0,0,0,0,0,0,0,0,0,0,0,0,0,0,0,0,1,0,0,0,0,0,0,0,0,0,0,0,0,0,0,0,0,0,0,0,1,0,0,0,0,0,0,0,0,0,0,0,0,0,0,0,0,0,0,0,0,0,0,1,0,0,1,0,0,0,0,1,0,0,1,0,0,0,1,0,1
"Benzenesulfonic acid, methyl-, potassium salt (1:1)",CC1=CC=CC=C1S(=O)(=O)[O-].[K+],0,0,0,0,0,0,0,0,0,0,0,0,0,0,0,0,0,0,0,0,0,0,0,0,0,0,0,0,0,0,0,0,0,0,0,0,1,0,0,0,1,1,0,0,0,1,0,0,0,1,1,0,1,0,0,0,1,0,0,1,1,1,1,0,0,1,0,0,1,0,0,0,0,0,1,0,0,0,0,0,0,0,1,0,0,0,0,0,0,1,0,0,0,0,0,0,0,0,0,0,0,0,0,1,0,0,0,1,0,0,0,0,0,1,0,0,0,0,0,0,0,0,0,0,0,1,0,0,0,0,0,1,0,0,0,0,0,1,0,0,0,0,0,0,0,1,0,1,0,1,0,1,0,0,0,0,0,0,0,0,1,1,0,1,1,1,1,1
Sodium Perborate Monohydrate,B(=O)O[O-].O.[Na+],0,0,0,0,0,0,0,0,0,0,0,0,0,0,0,0,0,0,0,1,0,0,0,0,0,0,0,0,0,0,0,0,0,0,0,0,1,0,0,0,0,0,0,0,0,1,0,0,0,0,1,0,0,0,0,0,0,0,0,0,0,0,0,0,0,0,0,0,0,0,0,0,0,1,0,0,0,0,0,0,0,0,0,0,0,0,0,0,0,0,0,0,0,0,0,0,0,0,0,0,0,0,0,1,0,0,0,0,0,0,0,0,0,0,0,0,0,0,0,0,0,0,0,0,0,1,0,1,0,0,0,1,0,0,0,0,0,0,0,0,1,1,0,0,0,0,0,1,0,0,0,0,0,0,0,0,0,0,0,0,1,0,0,0,0,1,0,1
"Potassium 3,4-dichloro-5-isothiazolecarboxylate",C1(=C(SN=C1Cl)C(=O)[O-])Cl.[K+],0,0,0,0,0,0,0,0,0,0,0,0,0,0,0,0,0,0,0,0,0,0,0,0,0,0,0,0,0,0,0,0,0,1,1,0,1,1,0,0,0,0,0,0,0,1,0,0,0,0,1,0,0,0,0,0,0,0,0,0,0,0,0,0,0,0,1,0,1,0,0,0,0,0,0,0,0,0,0,0,0,0,1,0,1,0,0,0,1,1,0,0,0,0,0,1,0,1,1,0,0,0,0,0,1,0,0,0,1,0,0,0,0,0,0,0,0,0,0,0,0,1,1,0,1,1,0,0,0,0,0,0,0,0,0,1,0,0,1,0,0,0,0,0,0,1,0,0,0,0,0,1,0,0,0,1,0,1,1,0,1,0,1,1,0,1,1,1
Acrofol,C(=C\Cl)\C(=O)[O-].[Na+],0,0,0,0,0,0,0,0,0,0,0,0,0,0,0,0,0,0,0,0,0,0,0,0,0,0,0,0,0,0,0,0,0,0,0,0,1,0,0,0,0,0,0,0,0,1,0,0,0,0,1,0,0,0,0,0,0,0,0,0,0,0,0,0,0,0,0,0,0,0,0,0,0,0,0,0,0,0,0,0,0,0,0,0,0,0,0,0,0,0,0,0,0,0,0,0,0,0,0,0,1,0,0,0,1,0,0,0,0,0,0,0,0,0,0,0,0,0,0,0,0,0,0,0,1,0,0,0,0,0,0,0,0,0,0,1,0,0,0,0,0,0,0,0,0,0,0,0,0,0,0,0,0,0,0,1,0,0,1,0,1,0,0,0,0,1,0,1
Potassium Iodate,[O-]I(=O)=O.[K+],0,0,0,0,0,0,0,0,0,0,0,0,0,0,0,0,0,0,0,0,0,0,0,0,0,0,0,0,1,0,0,0,1,0,0,0,1,0,0,0,0,0,0,0,0,1,0,0,0,1,1,0,0,0,0,0,0,0,0,0,0,0,0,0,0,0,0,0,0,0,0,0,0,0,0,0,0,0,0,0,0,0,0,0,0,0,0,0,0,0,0,0,0,0,0,0,0,0,0,0,0,0,0,1,0,0,0,1,0,0,0,0,0,0,0,0,0,0,0,0,0,0,0,0,0,1,0,0,0,0,0,1,0,0,0,1,0,0,0,0,0,0,0,0,0,0,0,1,0,1,0,0,0,0,0,0,0,0,0,0,1,0,0,0,0,1,0,1
Thiosultap-monosodium,CN(C)C(CSS(=O)(=O)O)CSS(=O)(=O)[O-].[Na+],0,0,0,0,0,0,0,0,0,0,0,0,0,0,0,1,0,0,0,0,0,0,0,0,0,0,0,0,0,0,0,0,0,0,0,0,1,0,0,0,1,1,0,0,0,1,0,0,0,1,1,0,0,0,0,0,1,0,0,1,0,1,1,0,0,0,0,0,1,0,1,0,0,0,1,1,0,0,0,0,0,0,1,0,0,0,1,1,0,1,0,1,0,0,1,0,0,0,0,0,0,0,0,1,0,0,0,1,0,0,0,0,1,1,0,0,0,1,0,0,0,0,0,1,0,1,0,0,0,0,0,1,0,0,0,0,0,1,0,1,1,1,0,0,0,0,0,1,0,1,1,0,0,0,1,0,1,1,0,1,1,1,1,0,0,1,0,1
Sodium 4-(2-methylbutan-2-yl)phenolate,CCC(C)(C)C1=CC=C(C=C1)[O-].[Na+],0,0,0,0,0,0,0,0,0,0,0,0,0,0,0,0,0,0,0,0,0,0,0,0,0,0,0,0,0,0,0,0,0,0,0,0,1,0,0,0,0,0,0,0,0,1,0,0,0,0,1,0,0,0,0,0,0,0,0,0,0,0,0,0,0,0,0,1,0,0,0,0,0,0,0,1,0,0,0,0,0,0,0,0,0,0,0,0,0,0,0,0,0,0,0,0,0,0,0,0,0,0,0,0,0,0,0,0,0,0,0,0,0,1,1,1,1,0,0,0,0,0,0,0,0,0,0,0,1,0,0,0,0,0,0,0,0,0,0,0,0,0,1,0,1,0,0,0,0,0,1,0,0,1,0,0,1,0,1,0,0,1,0,1,1,1,1,1
Potassium 4-(2-methylbutan-2-yl)phenolate,CCC(C)(C)C1=CC=C(C=C1)[O-].[K+],0,0,0,0,0,0,0,0,0,0,0,0,0,0,0,0,0,0,0,0,0,0,0,0,0,0,0,0,0,0,0,0,0,0,0,0,1,0,0,0,0,0,0,0,0,1,0,0,0,0,1,0,0,0,0,0,0,0,0,0,0,0,0,0,0,0,0,1,0,0,0,0,0,0,0,1,0,0,0,0,0,0,0,0,0,0,0,0,0,0,0,0,0,0,0,0,0,0,0,0,0,0,0,0,0,0,0,0,0,0,0,0,0,1,1,1,1,0,0,0,0,0,0,0,0,0,0,0,1,0,0,0,0,0,0,0,0,0,0,0,0,0,1,0,1,0,0,0,0,0,1,0,0,1,0,0,1,0,1,0,0,1,0,1,1,1,1,1
"3,5-Dichloro-2-biphenylol potassium salt",C1=CC=C(C=C1)C2=C(C(=CC(=C2)Cl)Cl)[O-].[K+],0,0,0,0,0,0,0,0,0,0,0,0,0,0,0,0,0,0,0,0,0,0,0,0,0,0,0,0,0,0,0,0,0,0,0,0,1,0,0,0,0,0,0,0,0,1,0,0,0,0,1,0,0,0,0,0,0,0,0,0,0,0,0,1,0,0,0,0,0,0,0,0,0,0,0,0,0,0,0,0,0,0,0,0,0,0,0,0,1,0,0,0,0,0,0,0,0,0,0,0,0,0,0,0,1,0,0,0,1,0,0,0,0,0,1,0,0,0,0,0,0,0,0,0,0,0,1,0,1,0,0,0,0,0,0,1,0,0,0,0,0,0,0,0,1,1,1,0,0,0,0,1,0,1,0,0,0,0,1,0,0,0,0,1,1,1,1,1
"Sodium 2-(2,4,5-trichlorophenoxy)propionate",CC(C(=O)[O-])OC1=CC(=C(C=C1Cl)Cl)Cl.[Na+],0,0,0,0,0,0,0,0,0,0,0,0,0,0,0,0,0,0,0,0,0,0,0,0,0,0,0,0,0,0,0,0,0,0,0,0,1,0,0,0,0,0,0,0,0,1,0,0,0,0,1,0,0,0,0,0,0,0,0,0,0,0,0,0,0,0,0,0,0,0,0,0,0,1,0,0,0,0,0,0,0,0,0,0,0,0,0,0,1,0,0,0,0,0,0,0,0,0,0,0,0,0,0,0,1,0,0,0,1,0,0,0,0,0,1,0,0,0,0,0,0,0,0,0,1,0,0,1,1,0,0,0,0,0,0,1,0,0,0,0,0,0,0,0,1,1,0,1,0,0,0,1,0,1,0,1,0,0,1,0,1,1,0,1,1,1,1,1
Sodium nitriloacetate,C(C(=O)O)N(CC(=O)O)CC(=O)[O-].[Na+],0,0,0,0,0,0,0,0,0,0,0,0,0,0,0,0,0,0,0,0,0,0,0,0,0,0,0,0,0,0,0,0,0,0,0,0,1,0,0,0,0,0,0,0,0,1,0,0,0,0,1,0,0,0,0,0,0,0,0,0,0,0,0,0,0,0,0,0,0,0,0,0,0,0,0,0,0,0,0,0,0,0,0,0,0,0,1,1,0,0,0,0,1,0,0,0,1,0,0,0,0,1,0,0,0,1,0,0,0,0,0,0,0,0,0,0,0,0,0,0,0,0,0,1,1,0,0,0,0,0,0,0,1,1,0,0,0,1,0,1,1,1,0,0,0,0,0,1,0,1,0,0,0,0,1,1,1,0,1,1,1,0,1,0,0,1,0,1
Sodium cresylate,CC1=CC=CC=C1[O-].[Na+],0,0,0,0,0,0,0,0,0,0,0,0,0,0,0,0,0,0,0,0,0,0,0,0,0,0,0,0,0,0,0,0,0,0,0,0,1,0,0,0,0,0,0,0,0,1,0,0,0,0,1,0,0,0,0,0,0,0,0,0,0,0,0,0,0,0,0,0,0,0,0,0,0,0,0,0,0,0,0,0,0,0,0,0,0,0,0,0,0,0,0,0,0,0,0,0,0,0,0,0,0,0,0,0,0,0,0,0,0,0,0,0,0,0,1,0,0,0,0,0,0,0,0,0,0,0,0,0,1,0,0,0,0,0,0,0,0,0,0,0,0,0,0,0,1,1,0,0,0,0,0,1,0,1,0,0,0,0,1,0,0,1,0,1,1,1,1,1
Fluoressigaeure,C(C(=O)O)F.[Na+],0,0,0,0,0,0,0,0,0,0,0,0,0,0,0,0,0,0,0,0,0,0,0,0,0,0,0,0,0,0,0,0,0,0,0,0,1,0,0,0,0,0,0,1,0,1,0,0,0,0,1,0,0,0,0,0,0,0,0,0,0,0,0,0,0,0,0,0,0,0,0,0,0,0,0,0,0,0,0,0,0,0,0,0,0,0,0,0,0,0,0,0,0,0,0,0,0,0,0,0,0,0,0,0,0,1,0,0,0,0,0,0,0,0,0,0,0,0,0,0,0,0,0,0,1,0,0,0,0,0,0,0,0,1,0,1,0,0,0,0,1,0,0,0,0,0,0,0,0,0,0,0,0,0,1,1,1,0,1,0,1,0,0,0,0,1,0,1
Difenacoum,C1C(CC2=CC=CC=C2C1C3=C(C4=CC=CC=C4OC3=O)O)C5=CC=C(C=C5)C6=CC=CC=C6,0,0,0,0,0,0,0,0,0,0,0,0,0,0,0,0,0,0,0,0,0,0,0,0,0,0,0,0,0,0,0,0,0,0,0,0,0,0,0,0,0,0,0,0,0,0,0,0,0,0,0,0,0,0,0,0,0,0,1,0,0,0,0,1,0,0,0,0,0,0,0,0,0,0,0,0,0,0,0,0,0,0,0,0,0,0,0,0,0,0,1,0,1,0,0,0,0,0,0,1,0,0,1,0,0,0,1,0,0,0,0,0,0,0,1,0,0,0,0,0,0,0,0,0,1,0,1,0,1,1,0,0,0,0,0,0,0,0,1,0,1,0,0,0,1,1,1,1,0,0,0,1,0,1,0,1,0,0,1,0,1,0,0,1,1,1,1,0
Coumatetralyl,C1CC(C2=CC=CC=C2C1)C3=C(C4=CC=CC=C4OC3=O)O,0,0,0,0,0,0,0,0,0,0,0,0,0,0,0,0,0,0,0,0,0,0,0,0,0,0,0,0,0,0,0,0,0,0,0,0,0,0,0,0,0,0,0,0,0,0,0,0,0,0,0,0,0,0,0,0,0,0,1,0,0,0,0,1,0,0,0,0,0,0,0,0,0,0,0,0,0,0,0,0,0,0,0,0,0,0,0,0,0,0,1,0,1,0,0,0,0,0,0,1,0,0,1,0,0,0,1,0,0,0,0,0,0,0,1,0,0,0,0,1,0,0,0,0,1,0,1,0,1,1,0,0,0,0,0,0,0,0,1,0,1,0,0,0,1,1,1,1,1,0,0,1,0,1,0,1,0,0,1,0,1,0,0,1,1,1,1,0
Coumafuryl,CC(=O)CC(C1=CC=CO1)C2=C(C3=CC=CC=C3OC2=O)O,0,0,0,0,0,0,0,0,0,0,0,0,0,0,0,0,0,0,0,0,0,0,0,0,0,0,0,0,0,0,0,0,0,0,0,0,0,0,0,0,0,0,0,0,0,0,0,0,0,0,0,0,0,0,0,0,0,0,1,0,0,0,0,0,0,0,0,0,0,0,0,0,0,0,0,0,0,0,0,0,0,0,0,0,1,0,0,0,0,0,1,0,1,0,0,0,0,1,0,1,0,0,1,0,0,0,1,0,0,0,0,0,0,0,1,0,1,0,0,0,0,1,0,0,1,0,1,0,1,0,0,0,0,1,0,0,0,1,1,0,1,1,0,0,1,1,1,1,0,0,0,1,0,1,0,1,1,0,1,0,1,1,0,1,1,1,1,0
Strobilurin C,CC(=CCOC1=CC=CC(=C1)/C=C/C=C(/C)\C(=C/OC)\C(=O)OC)C,0,0,0,0,0,0,0,0,0,0,0,0,0,0,0,0,0,0,0,0,0,0,0,0,0,0,0,0,0,0,0,0,0,0,0,0,0,0,0,0,0,0,0,0,0,0,0,0,0,0,0,1,0,0,0,0,0,0,0,0,0,0,0,0,0,0,0,0,0,0,0,0,0,0,0,1,0,1,0,0,0,0,0,0,0,0,0,0,0,0,1,0,0,0,1,0,0,0,0,0,1,0,0,0,0,0,0,0,0,0,1,0,0,0,1,0,0,1,0,0,0,0,0,0,1,0,0,1,1,0,0,0,0,0,0,0,0,0,0,0,0,1,1,0,1,0,0,1,0,0,1,0,0,1,1,1,1,0,1,0,1,1,0,1,1,1,1,0
Para-chloromercuriphenol,C1=CC(=CC=C1O)[Hg+].[Cl-],0,0,0,0,0,0,0,0,0,0,0,0,0,1,0,0,0,0,0,0,0,0,0,0,0,0,0,0,0,0,0,0,0,0,0,0,0,0,0,0,0,0,0,0,0,1,0,0,0,0,1,0,0,0,0,0,0,0,0,0,0,0,0,0,0,0,0,0,0,0,0,0,0,0,0,0,0,0,0,0,0,0,0,0,0,0,0,0,0,0,0,0,0,0,0,0,0,0,0,0,0,0,0,0,1,0,0,0,0,0,0,0,0,0,1,0,0,0,0,0,0,0,0,0,0,0,0,0,1,0,0,0,0,0,0,1,0,0,0,0,1,0,0,0,1,0,0,0,0,0,0,0,0,1,0,0,0,0,1,0,0,0,0,1,1,1,1,1
"(1'R,2R,3S,4'S,6S,8'R,10'Z,12'S,13'S,14'Z,16'Z,20'R,21'R,24'S)-2-cyclohexyl-21',24'-dihydroxy-12'-[(2R,4S,5S,6S)-5-[(2S,4S,5S,6S)-5-hydroxy-4-methoxy-6-methyloxan-2-yl]oxy-4-methoxy-6-methyloxan-2-yl]oxy-3,11',13',22'-tetramethylspiro[2,3-dihydropyran-6,6'-3,7,19-trioxatetracyclo[15.6.1.14,8.020,24]pentacosa-10,14,16,22-tetraene]-2'-one",C[C@H]1/C=C\C=C/2\CO[C@H]3[C@@]2([C@@H](C=C([C@H]3O)C)C(=O)O[C@H]4C[C@@H](C/C=C(\[C@H]1O[C@H]5C[C@@H]([C@H]([C@@H](O5)C)O[C@H]6C[C@@H]([C@H]([C@@H](O6)C)O)OC)OC)/C)O[C@]7(C4)C=C[C@@H]([C@H](O7)C8CCCCC8)C)O,0,0,0,0,0,0,0,0,0,0,0,0,0,0,0,0,0,0,0,0,0,0,0,0,0,0,0,1,0,0,0,0,0,0,0,0,0,0,0,0,0,0,0,0,0,0,0,0,0,0,0,1,0,0,1,0,0,0,1,0,0,0,0,1,0,0,0,1,0,0,0,0,0,1,0,0,0,1,0,0,0,0,0,0,1,0,0,0,0,0,1,1,1,0,1,0,0,1,0,1,1,0,1,0,0,0,1,0,0,1,1,0,0,1,0,0,0,1,0,1,0,1,0,0,1,0,0,1,1,1,1,0,1,1,0,0,0,0,1,0,1,1,1,0,1,0,1,1,1,0,1,1,0,1,1,1,0,0,1,0,1,1,0,0,1,1,1,0
"(1'R,2R,3S,4'S,6S,8'R,10'Z,12'S,13'S,14'Z,16'Z,20'R,21'R,24'S)-2-[(2S)-butan-2-yl]-21',24'-dihydroxy-12'-[(2R,4S,5S,6S)-4-methoxy-5-[(2S,4S,5R,6S)-4-methoxy-6-methyl-5-(methylamino)oxan-2-yl]oxy-6-methyloxan-2-yl]oxy-3,11',13',22'-tetramethylspiro[2,3-dihydropyran-6,6'-3,7,19-trioxatetracyclo[15.6.1.14,8.020,24]pentacosa-10,14,16,22-tetraene]-2'-one",CC[C@H](C)[C@@H]1[C@H](C=C[C@@]2(O1)C[C@@H]3C[C@H](O2)C/C=C(\[C@H]([C@H](/C=C\C=C/4\CO[C@H]5[C@@]4([C@@H](C=C([C@H]5O)C)C(=O)O3)O)C)O[C@H]6C[C@@H]([C@H]([C@@H](O6)C)O[C@H]7C[C@@H]([C@@H]([C@@H](O7)C)NC)OC)OC)/C)C,0,0,0,0,0,0,0,0,0,0,0,0,0,0,0,0,0,0,0,0,0,0,0,0,0,0,0,1,0,0,0,0,0,0,0,0,0,0,0,0,0,0,0,0,0,0,0,0,0,0,0,1,0,0,1,0,0,0,1,0,0,0,0,0,0,0,0,1,0,0,0,0,0,1,0,0,0,1,0,0,0,0,0,0,1,0,0,0,0,0,1,1,1,0,1,0,1,1,0,1,1,0,1,0,0,0,1,0,0,1,1,0,0,1,0,1,1,1,0,0,0,1,0,0,1,0,0,1,1,1,0,0,1,1,1,0,0,0,1,0,1,1,1,0,1,0,1,1,0,0,1,1,1,1,1,1,1,1,1,1,1,1,1,0,1,1,1,0
"(1R,4S,5'S,6R,6'S,8R,10E,13R,16E,20R,21R,24S)-21,24-dihydroxy-4'-methoxyimino-5',11,13,22-tetramethyl-6'-[(E)-4-methylpent-2-en-2-yl]spiro[3,7,19-trioxatetracyclo[15.6.1.14,8.020,24]pentacosa-10,14,16,22-tetraene-6,2'-oxane]-2-one",C[C@@H]1C/C(=C/C[C@@H]2C[C@@H](C[C@@]3(O2)CC(=NOC)[C@@H]([C@H](O3)/C(=C/C(C)C)/C)C)OC(=O)[C@@H]4C=C([C@H]([C@@H]5[C@]4(/C(=C/C=C1)/CO5)O)O)C)/C,0,0,0,0,0,0,0,0,0,0,0,0,0,0,0,0,0,0,0,0,0,0,0,0,0,1,0,1,0,0,0,0,0,0,0,0,0,0,0,0,0,0,0,0,0,0,0,0,0,0,0,1,0,0,1,0,0,0,1,0,0,0,0,0,0,0,0,1,0,0,0,0,1,1,0,1,0,1,0,1,0,0,0,0,1,0,0,0,0,0,1,1,1,0,1,1,0,1,1,1,1,0,1,1,0,0,1,0,0,1,1,0,1,1,0,0,1,1,0,0,1,1,0,0,1,1,0,1,1,1,1,0,1,1,1,0,0,0,1,0,1,1,1,0,1,0,1,1,0,0,1,1,0,1,1,1,0,1,1,0,1,1,1,0,1,1,1,0
"Methyllycaconitine Perchlorate, Delphinium sp.",CCN1CC2(CCC(C34C2C(C(C31)(C5(CC(C6CC4C5C6OC)OC)O)O)OC)OC)COC(=O)C7=CC=CC=C7N8C(=O)CC(C8=O)C,0,0,0,0,0,0,0,0,0,0,0,0,0,0,0,0,0,0,0,0,1,0,0,0,0,0,0,0,0,0,0,0,0,0,0,0,0,0,0,0,0,0,0,0,0,0,0,0,0,0,0,0,0,0,0,1,0,0,0,0,0,0,0,1,0,0,0,1,0,0,0,0,0,1,0,0,1,0,0,0,0,0,0,0,1,0,1,1,0,0,1,1,1,1,1,0,1,1,1,1,0,1,1,0,0,1,1,0,0,1,1,1,1,1,0,1,1,1,1,1,0,1,1,1,1,0,0,1,1,1,1,0,1,1,1,0,1,1,1,1,1,1,1,1,1,1,1,1,1,1,1,1,0,1,1,1,1,1,1,1,1,1,1,1,1,1,1,0
"1,3-Oxazolidine",C1COCN1,0,0,0,0,0,0,0,0,0,0,0,0,0,0,0,0,0,0,0,0,0,0,0,0,0,0,0,0,0,1,0,0,0,0,0,0,0,0,0,0,0,0,0,0,0,0,0,0,0,0,0,0,0,0,0,0,0,0,1,0,0,0,0,0,0,0,0,0,0,0,0,0,0,0,0,0,0,0,0,0,0,0,0,1,1,0,0,1,0,0,0,1,1,0,0,0,1,1,0,0,0,1,0,0,0,1,0,0,0,0,1,1,1,0,0,0,0,0,1,1,0,1,1,0,0,0,0,0,0,0,1,0,0,1,0,0,0,0,1,1,0,0,0,0,0,0,0,0,1,0,0,0,1,0,1,0,0,0,1,1,0,0,1,0,0,1,1,0
Potassium nitrite,N(=O)[O-].[K+],0,0,0,0,0,0,0,0,0,0,0,0,0,0,0,0,0,0,0,0,0,0,0,0,0,1,0,0,0,0,0,0,0,0,0,0,1,0,0,0,0,0,0,0,0,1,0,0,0,0,1,0,0,0,0,0,0,0,0,0,0,0,0,0,1,0,0,0,0,0,0,1,1,0,0,0,0,0,0,0,0,0,0,0,0,0,0,0,0,0,0,0,0,0,0,1,0,0,0,0,0,0,0,1,0,0,0,0,0,0,0,0,0,0,0,0,0,0,0,0,1,0,0,0,0,1,0,0,0,0,0,1,0,0,0,0,0,0,0,0,0,0,0,0,0,0,0,0,0,0,0,0,0,0,0,0,0,0,0,0,1,0,1,0,0,1,0,1
Dalapon sodium,CC(C(=O)[O-])(Cl)Cl.[Na+],0,0,0,0,0,0,0,0,0,0,0,0,0,0,0,0,0,0,0,0,0,0,0,0,0,0,0,0,0,0,0,0,0,0,0,0,1,0,0,0,0,0,0,0,0,1,0,0,0,0,1,0,0,0,0,0,0,0,0,0,0,0,0,0,0,0,0,0,0,0,0,0,0,0,0,0,0,0,0,0,0,0,0,0,0,0,0,0,0,0,0,0,0,0,0,0,0,0,0,0,0,0,0,0,1,0,0,0,1,0,0,0,0,1,0,0,0,0,0,0,0,0,0,0,1,0,0,0,0,0,0,0,0,0,0,1,0,0,0,0,0,0,0,0,0,0,0,0,0,0,0,0,0,0,0,1,0,0,1,0,1,1,0,0,0,1,0,1
Fenoprop-isoctyl,CC(C)CCCCCOC(=O)C(C)OC1=CC(=C(C=C1Cl)Cl)Cl,0,0,0,0,0,0,0,0,0,0,0,0,0,0,0,0,0,0,0,0,0,0,0,0,0,0,0,0,0,0,0,0,0,0,0,0,0,0,0,0,0,0,0,0,0,0,0,0,0,0,0,0,0,0,0,0,0,0,0,0,0,0,0,0,0,0,0,0,0,0,0,0,0,1,0,1,0,0,0,0,0,0,0,0,0,0,0,0,1,0,0,0,0,0,0,0,0,0,0,0,0,0,0,0,1,0,0,0,1,1,1,0,0,0,1,0,1,1,0,1,0,0,0,0,1,0,0,1,1,1,1,0,0,1,0,1,0,0,0,0,0,0,1,0,1,1,0,1,1,0,1,1,0,1,1,1,1,0,1,0,1,1,0,1,1,1,1,0
Potassium thiocyanate,C(#N)[S-].[K+],0,0,0,0,0,0,0,0,0,0,0,0,0,0,0,0,0,0,0,0,0,0,0,0,0,0,0,0,0,0,0,0,0,0,0,0,1,0,0,0,0,0,1,0,0,1,0,0,1,0,1,0,0,0,0,0,0,0,0,0,0,0,0,0,0,0,0,0,0,0,0,0,0,0,0,0,0,0,0,0,0,0,0,0,0,0,0,0,0,1,0,0,0,0,0,0,0,0,0,0,0,0,0,0,0,0,0,0,0,0,0,0,0,0,0,0,0,0,0,0,0,0,0,0,0,0,0,0,0,0,0,0,0,0,0,0,0,0,0,0,0,0,0,0,0,0,0,0,0,0,0,0,0,0,0,0,0,0,0,0,0,0,1,0,0,0,0,1
Sodium Bicarbonate,C(=O)(O)[O-].[Na+],0,0,0,0,0,0,0,0,0,0,0,0,0,0,0,0,1,0,0,0,0,0,0,0,0,0,0,0,0,0,0,0,0,0,0,0,1,0,0,0,0,0,0,0,0,1,0,0,0,0,1,0,0,0,0,0,0,0,0,0,0,0,0,0,0,0,0,0,0,0,0,0,0,0,0,0,0,0,0,0,0,0,0,0,0,0,0,0,0,0,0,0,0,0,0,0,0,0,0,0,0,0,0,0,0,0,0,1,0,0,0,0,0,0,0,0,0,0,0,0,0,0,0,0,1,0,0,0,0,0,0,0,0,0,0,0,0,0,0,0,1,0,0,0,0,0,0,1,0,0,0,0,0,0,0,1,0,0,1,0,1,0,0,0,0,1,0,1
Potassium bisulfate,OS(=O)(=O)[O-].[K+],0,0,0,0,0,0,0,0,0,0,0,0,0,0,0,0,0,0,0,0,0,0,0,0,0,0,0,0,0,0,0,0,0,0,0,0,1,0,0,0,1,1,0,0,0,1,0,0,0,1,1,0,0,0,0,0,1,0,0,1,0,1,1,0,0,0,0,0,1,0,1,0,0,0,1,0,0,0,0,0,0,0,0,0,0,0,0,0,0,1,0,0,0,0,0,0,0,0,0,0,0,0,0,1,0,0,0,1,0,0,0,0,0,1,0,0,0,0,0,0,0,0,0,0,0,1,0,0,0,0,0,1,0,0,0,0,0,1,0,0,1,1,0,0,0,0,0,1,0,1,0,0,0,0,0,0,0,0,0,0,1,0,0,0,0,1,0,1
Potassium Bicarbonate,C(=O)(O)[O-].[K+],0,0,0,0,0,0,0,0,0,0,0,0,0,0,0,0,1,0,0,0,0,0,0,0,0,0,0,0,0,0,0,0,0,0,0,0,1,0,0,0,0,0,0,0,0,1,0,0,0,0,1,0,0,0,0,0,0,0,0,0,0,0,0,0,0,0,0,0,0,0,0,0,0,0,0,0,0,0,0,0,0,0,0,0,0,0,0,0,0,0,0,0,0,0,0,0,0,0,0,0,0,0,0,0,0,0,0,1,0,0,0,0,0,0,0,0,0,0,0,0,0,0,0,0,1,0,0,0,0,0,0,0,0,0,0,0,0,0,0,0,1,0,0,0,0,0,0,1,0,0,0,0,0,0,0,1,0,0,1,0,1,0,0,0,0,1,0,1
Sodium Acetate,CC(=O)[O-].[Na+],0,0,0,0,0,0,0,0,0,0,0,0,0,0,0,0,0,0,0,0,0,0,0,0,0,0,0,0,0,0,0,0,0,0,0,0,1,0,0,0,0,0,0,0,0,1,0,0,0,0,1,0,0,0,0,0,0,0,0,0,0,0,0,0,0,0,0,0,0,0,0,0,0,0,0,0,0,0,0,0,0,0,0,0,0,0,0,0,0,0,0,0,0,0,0,0,0,0,0,0,0,0,0,0,0,0,0,0,0,0,0,0,0,0,0,0,0,0,0,0,0,0,0,0,1,0,0,0,0,0,0,0,0,0,0,0,0,0,0,0,0,0,0,0,0,0,0,0,0,0,0,0,0,0,0,1,0,0,1,0,1,1,0,0,0,1,0,1
Dioctyl Sodium Sulfosuccinate,CCCCCCCCOC(=O)CC(C(=O)OCCCCCCCC)S(=O)(=O)[O-].[Na+],0,0,0,0,0,0,0,0,0,0,0,0,0,0,0,0,0,0,0,0,0,0,0,0,0,0,0,0,0,0,0,0,0,0,0,0,1,0,0,0,1,1,0,0,0,1,0,0,0,1,1,0,1,0,0,0,1,0,0,1,0,1,1,0,0,0,0,0,1,0,0,0,0,0,1,0,0,0,0,0,0,0,1,0,0,0,0,0,0,1,1,0,0,0,0,0,0,0,0,0,0,0,0,1,0,0,0,1,0,1,1,0,0,1,0,1,1,1,0,1,0,0,0,0,1,1,0,1,0,1,1,1,0,1,0,0,0,1,0,1,0,1,0,0,0,0,0,1,1,1,1,0,0,0,1,1,1,0,1,0,1,1,0,0,0,1,0,1
Sodium thiocyanate,C(#N)[S-].[Na+],0,0,0,0,0,0,0,0,0,0,0,0,0,0,0,0,0,0,0,0,0,0,0,0,0,0,0,0,0,0,0,0,0,0,0,0,1,0,0,0,0,0,1,0,0,1,0,0,1,0,1,0,0,0,0,0,0,0,0,0,0,0,0,0,0,0,0,0,0,0,0,0,0,0,0,0,0,0,0,0,0,0,0,0,0,0,0,0,0,1,0,0,0,0,0,0,0,0,0,0,0,0,0,0,0,0,0,0,0,0,0,0,0,0,0,0,0,0,0,0,0,0,0,0,0,0,0,0,0,0,0,0,0,0,0,0,0,0,0,0,0,0,0,0,0,0,0,0,0,0,0,0,0,0,0,0,0,0,0,0,0,0,1,0,0,0,0,1
Potassium Permanganate,[O-][Mn](=O)(=O)=O.[K+],0,0,0,0,0,0,0,0,1,0,0,0,0,0,0,0,0,0,0,0,0,0,0,0,0,0,0,0,0,0,0,0,0,0,0,0,1,0,0,0,0,0,0,0,0,1,0,0,0,1,1,0,0,0,0,0,0,0,0,0,0,0,0,0,0,0,0,0,0,0,0,0,0,0,0,0,0,0,0,0,0,0,0,0,0,0,0,0,0,0,0,0,0,0,0,0,0,0,0,0,0,0,0,1,0,0,0,1,0,0,0,0,0,1,0,0,0,0,0,0,0,0,0,0,0,1,0,0,0,0,0,1,0,0,0,0,0,1,0,0,0,1,0,0,0,0,0,1,0,1,0,0,0,0,0,0,0,0,0,0,1,0,0,0,0,1,0,1
Sodium Bisulfate,OS(=O)(=O)[O-].[Na+],0,0,0,0,0,0,0,0,0,0,0,0,0,0,0,0,0,0,0,0,0,0,0,0,0,0,0,0,0,0,0,0,0,0,0,0,1,0,0,0,1,1,0,0,0,1,0,0,0,1,1,0,0,0,0,0,1,0,0,1,0,1,1,0,0,0,0,0,1,0,1,0,0,0,1,0,0,0,0,0,0,0,0,0,0,0,0,0,0,1,0,0,0,0,0,0,0,0,0,0,0,0,0,1,0,0,0,1,0,0,0,0,0,1,0,0,0,0,0,0,0,0,0,0,0,1,0,0,0,0,0,1,0,0,0,0,0,1,0,0,1,1,0,0,0,0,0,1,0,1,0,0,0,0,0,0,0,0,0,0,1,0,0,0,0,1,0,1
Sodium Benzoate,C1=CC=C(C=C1)C(=O)[O-].[Na+],0,0,0,0,0,0,0,0,0,0,0,0,0,0,0,0,0,0,0,0,0,0,0,0,0,0,0,0,0,0,0,0,0,0,0,0,1,0,0,0,0,0,0,0,0,1,0,0,0,0,1,0,0,0,0,0,0,0,0,0,0,0,0,0,0,0,0,0,0,0,0,0,0,0,0,0,0,0,0,0,0,0,0,0,0,0,0,0,0,0,0,0,0,0,0,0,0,0,0,0,0,0,0,0,0,0,0,0,0,0,0,0,0,0,0,0,0,0,0,0,0,0,0,0,1,0,0,0,0,0,0,0,0,0,0,0,0,0,0,0,0,0,0,0,0,0,0,0,0,0,0,0,0,0,0,1,0,0,1,0,1,0,0,1,1,1,1,1
Ammonium Carbonate,C(=O)([O-])[O-].[NH4+].[NH4+],0,0,0,0,0,0,0,0,0,0,0,0,0,0,0,0,1,0,0,0,0,0,0,0,0,0,0,0,0,0,0,0,0,0,0,0,0,0,0,0,0,0,0,0,0,0,0,0,0,0,1,0,0,0,0,0,0,0,0,0,0,0,0,0,0,0,0,0,0,0,0,0,0,0,0,0,0,0,0,0,0,0,0,0,0,0,0,0,0,0,0,0,0,0,0,0,0,0,0,0,0,0,0,0,0,0,0,1,0,0,0,0,0,0,0,0,0,0,0,0,0,0,0,0,1,0,0,0,0,0,0,0,1,0,0,0,0,0,0,0,0,0,0,1,0,0,0,1,0,0,0,0,1,0,0,1,0,0,1,0,1,0,1,0,0,1,0,1
"2,4-DB isooctyl ester",CC(C)CCCCCOC(=O)CCCOC1=C(C=C(C=C1)Cl)Cl,0,0,0,0,0,0,0,0,0,0,0,0,0,0,0,0,0,0,0,0,0,0,0,0,0,0,0,0,0,0,0,0,0,0,0,0,0,0,0,0,0,0,0,0,0,0,0,0,0,0,0,0,0,0,0,0,0,0,0,0,0,0,0,0,0,0,0,0,0,0,0,0,0,0,0,1,0,0,0,0,0,0,0,0,0,0,0,0,1,0,0,0,0,0,0,0,0,0,0,0,0,0,0,0,1,0,0,0,1,1,1,0,0,0,1,0,1,1,0,1,0,0,0,0,1,0,0,1,1,1,1,0,0,1,0,1,0,0,0,1,0,0,0,0,1,1,0,1,1,0,1,1,0,1,1,1,1,0,1,0,1,1,0,1,1,1,1,0
Vamidothion,CC(C(=O)NC)SCCSP(=O)(OC)OC,0,0,0,0,0,0,0,0,0,0,0,0,0,0,0,0,0,0,0,0,0,0,0,0,0,0,0,0,0,0,1,0,0,0,0,0,0,0,0,0,0,0,0,0,0,0,0,0,0,1,0,0,0,0,0,0,0,0,0,0,0,0,0,0,0,0,0,0,1,0,0,0,0,0,0,0,0,0,0,0,0,0,1,0,0,0,0,0,0,1,0,0,1,1,1,0,0,0,0,0,0,0,0,1,0,0,0,1,0,1,0,1,0,1,0,0,0,1,1,1,0,0,0,0,0,1,0,1,0,0,0,1,0,0,0,0,0,1,0,1,0,1,1,0,0,0,0,1,1,1,1,0,1,0,1,1,1,1,1,1,1,1,1,0,0,1,0,0
"(1aR,4E,6R,6aR,9aS,10aR)-6-(Acetyloxy)-1a,3,6,6a,7,9a,10,10a-octahydro-4,10a-dimethyl-7-methyleneoxireno(8,9)cyclodeca(1,2-b)furan-8(2H)-one",C/C/1=C\[C@H]([C@H]2[C@H](C[C@@]3([C@H](O3)CC1)C)OC(=O)C2=C)OC(=O)C,0,0,0,0,0,0,0,0,0,0,0,0,0,0,0,0,0,1,0,0,0,0,0,1,0,0,0,0,0,0,0,0,0,0,0,1,0,0,0,0,0,0,0,0,0,0,0,0,0,0,0,1,0,0,0,0,0,0,1,0,0,0,0,0,0,0,0,1,0,0,0,0,0,0,0,0,0,1,0,0,0,0,0,0,1,0,0,0,0,0,1,0,0,0,0,0,0,1,0,0,1,0,1,0,0,0,1,0,0,1,0,0,0,1,0,0,1,1,0,1,0,1,0,0,1,0,0,1,1,1,1,0,0,1,0,0,0,1,1,0,0,1,1,0,1,0,0,1,1,0,1,1,0,1,0,1,0,0,1,0,1,1,0,0,0,1,1,0
cinerin II,C/C=C\CC1=C([C@H](CC1=O)OC(=O)[C@@H]2[C@H](C2(C)C)/C=C(\C)/C(=O)OC)C,0,0,0,0,0,0,0,0,0,0,0,0,0,0,0,0,0,0,0,0,0,0,0,1,0,0,0,0,0,0,0,0,0,0,0,0,0,0,0,0,0,0,0,0,0,0,0,0,0,0,0,1,0,0,0,0,0,0,0,0,0,0,0,0,0,0,0,1,0,0,0,0,0,0,0,1,0,1,0,0,0,0,0,0,0,0,0,0,0,0,1,0,0,0,1,0,0,1,0,0,1,0,0,0,0,0,0,0,0,1,0,0,0,1,0,0,0,1,0,0,0,0,0,0,1,0,0,1,1,1,1,0,0,1,0,0,0,1,0,0,0,1,1,0,1,0,0,1,0,0,1,1,0,1,0,1,1,0,1,0,1,1,0,0,0,1,1,0
Discipline,CC1=C(C=CC=C1C2=CC=CC=C2)COC(=O)C3C(C3(C)C)/C=C(/C(F)(F)F)\Cl,0,0,0,0,0,0,0,0,0,0,0,0,0,0,0,0,0,0,0,0,0,0,0,1,0,0,0,0,0,0,0,0,0,0,0,0,0,0,0,0,0,0,0,1,0,0,0,0,0,0,0,0,0,0,0,0,0,0,0,0,0,0,0,1,0,0,0,1,0,0,0,0,0,0,0,1,0,1,0,0,0,0,0,0,0,0,0,0,0,0,0,0,0,0,0,0,0,0,0,0,1,0,0,0,1,0,0,1,1,0,1,0,0,1,0,0,0,1,0,0,0,0,0,0,1,0,1,1,0,0,0,0,0,0,0,1,0,0,0,0,0,0,1,0,0,1,1,0,0,0,1,1,0,0,1,1,1,0,1,0,1,1,0,1,1,1,1,0
"5-Decen-1-ol, (5E)-",CCCC/C=C/CCCCO,0,0,0,0,0,0,0,0,0,0,0,0,0,0,0,0,0,0,0,0,0,0,0,0,0,0,0,0,0,0,0,0,0,0,0,0,0,0,0,0,0,0,0,0,0,0,0,0,0,0,0,0,0,0,0,0,0,0,0,0,0,0,0,0,0,0,0,0,0,0,0,0,0,0,0,0,0,0,0,0,0,0,0,1,0,0,0,0,0,0,0,1,1,0,0,0,0,0,0,0,1,0,0,0,0,1,0,0,0,0,1,0,0,0,0,1,1,1,0,1,0,0,0,0,0,0,0,0,0,1,1,0,0,1,0,0,0,0,0,0,1,0,0,0,0,0,0,0,1,0,0,0,0,0,1,0,1,0,1,0,0,1,0,0,0,1,0,0
Di-allate,CC(C)N(C(C)C)C(=O)SC/C(=C/Cl)/Cl,0,0,0,0,0,0,0,0,0,0,0,0,0,0,0,0,0,0,0,0,0,0,0,0,0,0,0,0,0,0,0,0,0,0,0,0,0,0,0,0,0,0,0,0,0,0,0,0,1,0,0,0,0,0,0,0,0,0,0,0,0,0,0,0,0,0,0,0,0,0,0,0,0,0,0,1,0,1,0,0,0,0,1,0,0,0,1,0,0,1,0,0,0,0,0,0,0,0,0,0,1,0,0,0,1,0,0,1,1,0,0,1,0,0,0,0,0,0,1,0,0,0,0,1,0,0,0,0,0,0,0,0,0,0,0,1,0,0,0,0,0,0,1,0,0,0,0,0,0,1,1,0,0,0,1,1,1,1,0,1,0,1,1,0,0,1,0,0
Zineb,C(CNC(=S)[S-])NC(=S)[S-].[Zn+2],0,0,0,0,0,0,0,0,0,0,0,0,0,1,0,0,0,0,0,0,0,0,0,0,0,0,0,0,0,0,0,0,0,0,0,0,0,0,0,0,0,0,0,0,0,1,0,0,1,0,1,0,0,0,0,1,0,0,0,0,0,0,0,0,0,0,0,0,0,0,0,0,0,0,1,0,0,0,0,0,1,0,1,1,0,0,0,0,0,1,0,0,0,0,0,0,0,0,0,0,0,1,0,0,0,1,0,1,0,0,0,0,1,0,0,0,0,0,0,1,0,0,0,0,0,0,0,0,0,0,0,0,1,0,0,0,0,0,0,1,0,0,0,1,0,0,0,0,1,0,0,0,1,0,1,0,1,1,0,1,0,0,1,0,0,0,0,1
Vinylene bisthiocyanate,C(=C/SC#N)\SC#N,0,0,0,0,0,0,0,0,0,0,0,0,0,0,0,0,0,0,0,0,0,0,0,0,0,0,0,0,0,0,0,0,0,0,0,0,0,0,0,0,0,0,1,0,0,0,0,0,1,0,0,0,0,0,0,0,0,0,0,0,0,0,0,0,0,0,0,0,0,0,0,0,0,0,0,0,0,0,0,0,0,0,0,0,0,0,0,0,0,1,0,0,0,0,0,0,0,0,0,0,1,0,0,0,0,0,0,0,0,0,0,0,0,0,0,0,0,0,0,0,0,0,0,0,0,0,0,0,0,0,0,0,0,0,0,0,0,0,0,0,0,0,0,1,0,0,0,0,0,0,0,0,0,0,0,0,0,0,0,0,0,0,1,0,0,0,0,0
Emamectin,CC[C@H](C)C1[C@H](C=C[C@@]2(O1)C[C@@H]3C[C@H](O2)C/C=C(/[C@H]([C@H](/C=C/C=C/4\CO[C@H]5[C@@]4([C@@H](C=C([C@H]5O)C)C(=O)O3)O)C)O[C@H]6C[C@@H]([C@H]([C@@H](O6)C)O[C@H]7C[C@@H]([C@@H]([C@@H](O7)C)NC)OC)OC)\C)C,0,0,0,0,0,0,0,0,0,0,0,0,0,0,0,0,0,0,0,0,0,0,0,0,0,0,0,1,0,0,0,0,0,0,0,0,0,0,0,0,0,0,0,0,0,0,0,0,0,0,0,1,0,0,1,0,0,0,1,0,0,0,0,0,0,0,0,1,0,0,0,0,0,1,0,0,0,1,0,0,0,0,0,0,1,0,0,0,0,0,1,1,1,0,1,0,1,1,0,1,1,0,1,0,0,0,1,0,0,1,1,0,0,1,0,1,1,1,0,0,0,1,0,0,1,0,0,1,1,1,0,0,1,1,1,0,0,0,1,0,1,1,1,0,1,0,1,1,0,0,1,1,1,1,1,1,1,1,1,1,1,1,1,0,1,1,1,0
Ethylenebis(dithiocarbamate),C(CNC(=S)[S-])NC(=S)[S-],0,0,0,0,0,0,0,0,0,0,0,0,0,0,0,0,0,0,0,0,0,0,0,0,0,0,0,0,0,0,0,0,0,0,0,0,0,0,0,0,0,0,0,0,0,0,0,0,1,0,1,0,0,0,0,1,0,0,0,0,0,0,0,0,0,0,0,0,0,0,0,0,0,0,1,0,0,0,0,0,1,0,1,1,0,0,0,0,0,1,0,0,0,0,0,0,0,0,0,0,0,1,0,0,0,1,0,1,0,0,0,0,1,0,0,0,0,0,0,1,0,0,0,0,0,0,0,0,0,0,0,0,1,0,0,0,0,0,0,1,0,0,0,1,0,0,0,0,1,0,0,0,1,0,1,0,1,1,0,1,0,0,1,0,0,0,0,0
Picramic Acid,C1=C(C=C(C(=C1N)O)[N+](=O)[O-])[N+](=O)[O-],0,0,0,0,0,0,0,0,0,0,0,0,0,0,0,0,0,0,0,0,0,0,0,0,0,1,0,0,0,0,0,0,0,0,0,0,0,0,0,0,0,0,0,0,0,0,0,0,0,0,1,0,0,0,0,1,0,1,0,0,0,0,0,0,1,0,0,0,0,0,0,1,1,0,0,0,0,0,0,0,0,1,0,0,0,1,0,0,0,0,1,0,0,0,0,1,1,0,0,0,0,0,0,1,0,0,0,0,0,0,0,0,0,0,1,0,0,0,0,0,1,0,0,1,0,1,0,0,1,0,0,1,1,0,1,0,1,1,0,0,1,1,0,1,1,1,0,1,0,1,0,1,1,1,0,0,0,1,1,1,1,0,1,1,1,1,1,0
Lead(IV) arsenate (3:4),[O-][As](=O)([O-])[O-].[O-][As](=O)([O-])[O-].[O-][As](=O)([O-])[O-].[Pb].[Pb].[Pb].[Pb],0,0,0,0,1,0,0,0,0,0,0,0,0,0,0,0,0,0,0,0,0,0,0,0,0,0,0,0,0,0,0,0,0,0,0,0,0,0,0,0,0,0,0,0,0,1,0,0,0,1,1,0,0,0,0,0,0,0,0,0,0,0,0,0,0,0,0,0,0,0,0,0,0,0,0,0,0,0,0,0,0,0,0,0,0,0,0,0,0,0,0,0,0,0,0,0,0,0,0,0,0,0,0,1,0,0,0,1,0,0,0,0,0,1,0,0,0,0,0,0,0,0,0,0,0,1,0,0,0,0,0,1,0,0,0,0,0,1,0,0,0,1,0,0,0,0,0,1,0,1,0,0,0,0,0,0,0,0,0,0,1,0,0,0,0,1,0,1
"Crotonic acid, 3-(((ethylamino)methoxyphosphinothioyl)oxy)-, isopropyl ester",CCNP(=S)(OC)O/C(=C\C(=O)OC(C)C)/C,0,0,0,0,0,0,0,0,0,0,0,0,0,0,0,0,0,0,0,0,0,0,0,0,0,0,0,0,0,0,1,0,0,0,0,0,0,0,0,0,0,0,0,0,0,0,0,0,1,0,0,0,0,0,0,0,0,0,0,0,0,0,0,0,0,0,0,0,1,0,1,0,0,0,1,1,0,1,0,0,0,0,1,1,0,0,0,0,0,1,1,0,0,0,1,1,0,0,0,0,1,1,0,1,0,0,0,1,0,1,0,0,0,1,0,1,0,0,1,0,0,0,0,0,1,1,0,1,0,0,0,1,0,0,0,0,0,0,0,0,0,1,1,0,0,0,0,1,0,1,1,0,1,1,1,1,1,1,1,1,1,1,1,0,0,1,0,0
"(1R,4S,4'Z,5'S,6R,8R,10E,13R,14E,16E,20R,21R,24S)-21,24-Dihydroxy-4'-methoxyimino-5',11,13,22-tetramethyl-6'-[(E)-4-methylpent-2-en-2-yl]spiro[3,7,19-trioxatetracyclo[15.6.1.14,8.020,24]pentacosa-10,14,16,22-tetraene-6,2'-oxane]-2-one",C[C@@H]\1C/C(=C/C[C@@H]2C[C@@H](C[C@@]3(O2)C/C(=N/OC)/[C@@H](C(O3)/C(=C/C(C)C)/C)C)OC(=O)[C@@H]4C=C([C@H]([C@@H]5[C@]4(/C(=C/C=C1)/CO5)O)O)C)/C,0,0,0,0,0,0,0,0,0,0,0,0,0,0,0,0,0,0,0,0,0,0,0,0,0,1,0,1,0,0,0,0,0,0,0,0,0,0,0,0,0,0,0,0,0,0,0,0,0,0,0,1,0,0,1,0,0,0,1,0,0,0,0,0,0,0,0,1,0,0,0,0,1,1,0,1,0,1,0,1,0,0,0,0,1,0,0,0,0,0,1,1,1,0,1,1,0,1,1,1,1,0,1,1,0,0,1,0,0,1,1,0,1,1,0,0,1,1,0,0,1,1,0,0,1,1,0,1,1,1,1,0,1,1,1,0,0,0,1,0,1,1,1,0,1,0,1,1,0,0,1,1,0,1,1,1,0,1,1,0,1,1,1,0,1,1,1,0
"Gossyplure, (Z,E)-",CCCC/C=C/CC/C=C\CCCCCCOC(=O)C,0,0,0,0,0,0,0,0,0,0,0,0,0,0,0,0,0,0,0,0,0,0,0,0,0,0,0,0,0,0,0,0,0,0,0,0,0,0,0,0,0,0,0,0,0,0,0,0,0,0,0,0,0,0,0,0,0,0,0,0,0,0,0,0,0,0,0,0,0,0,0,0,0,0,0,0,0,0,0,0,0,0,0,0,0,0,0,0,0,0,0,0,0,0,0,0,0,0,0,0,1,0,0,0,0,0,0,0,0,1,1,0,0,0,0,1,1,1,0,1,0,0,0,0,1,0,0,1,0,1,1,0,0,1,0,0,0,0,0,0,0,0,0,0,0,0,0,0,1,0,1,0,0,0,1,1,1,0,1,0,1,1,0,0,0,1,0,0
"(1'R,2R,3S,4'S,6S,8'R,10'E,13'S,14'E,16'E,20'R,21'R,24'S)-2-cyclohexyl-21',24'-dihydroxy-12'-[(2R,4S,6S)-5-[(2S,4S,5S,6S)-5-hydroxy-4-methoxy-6-methyloxan-2-yl]oxy-4-methoxy-6-methyloxan-2-yl]oxy-3,11',13',22'-tetramethylspiro[2,3-dihydropyran-6,6'-3,7,19-trioxatetracyclo[15.6.1.14,8.020,24]pentacosa-10,14,16,22-tetraene]-2'-one",C[C@H]1C=C[C@]2(C[C@@H]3C[C@H](O2)C/C=C(/C([C@H](/C=C/C=C/4\CO[C@H]5[C@@]4([C@@H](C=C([C@H]5O)C)C(=O)O3)O)C)O[C@H]6C[C@@H](C([C@@H](O6)C)O[C@H]7C[C@@H]([C@H]([C@@H](O7)C)O)OC)OC)\C)O[C@@H]1C8CCCCC8,0,0,0,0,0,0,0,0,0,0,0,0,0,0,0,0,0,0,0,0,0,0,0,0,0,0,0,1,0,0,0,0,0,0,0,0,0,0,0,0,0,0,0,0,0,0,0,0,0,0,0,1,0,0,1,0,0,0,1,0,0,0,0,1,0,0,0,1,0,0,0,0,0,1,0,0,0,1,0,0,0,0,0,0,1,0,0,0,0,0,1,1,1,0,1,0,0,1,0,1,1,0,1,0,0,0,1,0,0,1,1,0,0,1,0,0,0,1,0,1,0,1,0,0,1,0,0,1,1,1,1,0,1,1,0,0,0,0,1,0,1,1,1,0,1,0,1,1,1,0,1,1,0,1,1,1,0,0,1,0,1,1,0,0,1,1,1,0
"(4R,7R,10S,13R,15E,17R,19S)-7-[(2-bromo-1H-indol-3-yl)methyl]-4-(4-hydroxyphenyl)-8,10,13,15,17,19-hexamethyl-1-oxa-5,8,11-triazacyclononadec-15-ene-2,6,9,12-tetrone",C[C@@H]\1C[C@@H](OC(=O)C[C@@H](NC(=O)[C@H](N(C(=O)[C@@H](NC(=O)[C@@H](C/C(=C1)/C)C)C)C)CC2=C(NC3=CC=CC=C32)Br)C4=CC=C(C=C4)O)C,0,0,0,0,0,0,0,0,0,0,0,0,0,0,0,0,0,0,0,0,0,0,0,0,0,0,0,0,0,0,0,0,0,0,0,0,0,0,0,0,0,0,0,0,0,0,0,1,0,0,0,1,0,0,0,0,0,0,1,0,0,0,0,1,0,0,1,0,0,0,0,0,0,0,0,0,1,1,0,0,1,0,0,0,1,0,1,0,1,0,0,1,1,1,1,0,1,1,1,0,1,0,1,0,0,1,1,0,1,1,0,1,1,0,1,0,1,1,1,0,0,1,1,1,1,0,1,0,1,1,0,0,1,1,0,1,0,1,1,0,1,1,1,1,1,1,1,1,0,1,1,1,1,1,0,1,1,1,1,1,1,1,1,1,1,1,1,0
CID 6436601,C/C=C(\C)/C(=O)O[C@H]1C[C@H]([C@]2(CO[C@@H]3[C@@H]2[C@]14CO[C@@]([C@H]4[C@]([C@@H]3O)(C)[C@@]56C7C[C@H]([C@@]5(O6)C)[C@]8(C=CO[C@H]8O7)O)(C(=O)OC)O)C(=O)OC)OC(=O)C,0,0,0,0,0,0,0,0,0,0,0,0,0,0,0,0,0,1,0,0,1,0,0,1,0,0,0,0,0,0,0,0,0,0,0,0,0,0,0,0,0,0,0,0,0,0,0,0,0,0,0,1,0,0,0,0,0,0,1,0,0,0,0,1,0,0,0,1,0,0,0,0,0,1,0,0,0,1,0,0,0,0,0,0,1,0,0,0,0,0,1,1,1,0,1,0,0,1,0,1,1,0,1,0,0,0,1,0,0,1,1,0,0,1,0,0,0,1,0,0,0,1,0,0,1,0,0,1,1,1,1,0,1,1,0,0,0,1,1,1,1,1,1,0,1,0,1,1,0,0,1,1,0,1,1,1,0,0,1,0,1,1,0,0,1,1,1,0
Diniconazole,CC(C)(C)C(/C(=C\C1=C(C=C(C=C1)Cl)Cl)/N2C=NC=N2)O,0,0,0,0,0,0,0,0,0,0,0,0,0,0,0,0,0,0,0,0,0,0,0,0,0,0,0,0,0,0,0,0,0,0,0,0,0,0,0,0,0,0,0,0,0,0,1,0,0,0,0,0,0,1,0,0,0,0,0,0,0,0,0,0,0,0,1,1,0,0,0,0,0,0,0,1,1,1,1,0,1,1,0,0,1,0,0,0,1,0,0,0,0,0,0,1,1,1,1,0,1,0,0,0,1,0,0,0,1,0,0,0,0,1,0,0,0,0,0,0,0,1,1,1,0,1,1,0,0,0,0,0,0,0,0,1,0,0,1,0,1,0,1,1,0,1,0,0,0,1,1,1,0,1,0,0,0,1,1,1,0,1,1,1,1,1,1,0
"9,12-Tetradecadien-1-ol, 1-acetate, (9E,12Z)-",C/C=C\C/C=C/CCCCCCCCOC(=O)C,0,0,0,0,0,0,0,0,0,0,0,0,0,0,0,0,0,0,0,0,0,0,0,0,0,0,0,0,0,0,0,0,0,0,0,0,0,0,0,0,0,0,0,0,0,0,0,0,0,0,0,0,0,0,0,0,0,0,0,0,0,0,0,0,0,0,0,0,0,0,0,0,0,0,0,0,0,0,0,0,0,0,0,0,0,0,0,0,0,0,0,0,0,0,0,0,0,0,0,0,1,0,0,0,0,0,0,0,0,1,1,0,0,0,0,0,0,1,0,1,0,0,0,0,1,0,0,1,0,1,1,0,0,1,0,0,0,0,0,0,0,0,0,0,0,0,0,0,1,0,1,0,0,0,1,1,1,0,1,0,1,1,0,0,0,1,0,0
Copper oleate,CCCCCCCC/C=C\CCCCCCCC(=O)[O-].CCCCCCCC/C=C\CCCCCCCC(=O)[O-].[Cu+2],0,0,0,0,0,0,0,0,0,0,0,0,0,1,0,0,0,0,0,0,0,0,0,0,0,0,0,0,0,0,0,0,0,0,0,0,0,0,0,0,0,0,0,0,0,1,0,0,0,0,1,0,0,0,0,0,0,0,0,0,0,0,0,0,0,0,0,0,0,0,0,0,0,0,0,0,0,0,0,0,0,0,0,0,0,0,0,0,0,0,0,0,0,0,0,0,0,0,0,0,1,0,0,0,0,0,0,0,0,1,0,0,0,0,0,1,1,1,0,1,0,0,0,0,1,0,0,0,0,1,1,0,0,1,0,0,0,1,0,0,0,1,0,0,0,0,0,1,1,0,1,0,0,0,0,1,1,0,1,0,1,1,0,0,0,1,0,1
"Moxidectin, (23Z)-",C[C@@H]\1C/C(=C/C[C@@H]2C[C@@H](C[C@@]3(O2)C/C(=N/OC)/[C@@H]([C@H](O3)/C(=C/C(C)C)/C)C)OC(=O)[C@@H]4C=C([C@H]([C@@H]5[C@]4(/C(=C/C=C1)/CO5)O)O)C)/C,0,0,0,0,0,0,0,0,0,0,0,0,0,0,0,0,0,0,0,0,0,0,0,0,0,1,0,1,0,0,0,0,0,0,0,0,0,0,0,0,0,0,0,0,0,0,0,0,0,0,0,1,0,0,1,0,0,0,1,0,0,0,0,0,0,0,0,1,0,0,0,0,1,1,0,1,0,1,0,1,0,0,0,0,1,0,0,0,0,0,1,1,1,0,1,1,0,1,1,1,1,0,1,1,0,0,1,0,0,1,1,0,1,1,0,0,1,1,0,0,1,1,0,0,1,1,0,1,1,1,1,0,1,1,1,0,0,0,1,0,1,1,1,0,1,0,1,1,0,0,1,1,0,1,1,1,0,1,1,0,1,1,1,0,1,1,1,0
Nitrostyrene,C/C(=C/C1=CC=C(C=C1)SC#N)/[N+](=O)[O-],0,0,0,0,0,0,0,0,0,0,0,0,0,0,0,0,0,0,0,0,0,0,0,0,0,1,0,0,0,0,0,0,0,0,0,0,0,0,0,0,0,0,1,0,0,0,1,0,1,0,1,0,0,0,0,0,0,1,0,0,1,0,0,0,1,1,0,0,0,0,0,1,1,0,0,0,0,1,0,0,0,0,1,0,0,0,0,0,0,1,0,0,0,0,0,1,0,0,0,0,1,0,0,1,0,0,0,0,0,0,0,0,0,0,0,0,0,0,0,0,1,0,0,1,0,1,0,0,0,0,0,1,0,0,0,0,0,0,0,0,0,0,0,1,0,0,0,0,0,1,0,0,0,0,0,0,0,1,0,1,1,1,1,1,1,1,1,0
Strobilurin G,CC(=CCO[C@H]1COC2=C(C=C(C=C2)/C=C/C=C(/C)\C(=C/OC)\C(=O)OC)OC1(C)C)C,0,0,0,0,0,0,0,0,0,0,0,0,0,0,0,0,0,0,0,0,1,0,0,0,0,0,0,0,0,0,0,0,0,0,0,0,0,0,0,0,0,0,0,0,0,0,0,0,0,0,0,1,0,0,0,0,0,0,1,0,0,0,0,0,0,0,0,1,0,0,0,0,0,1,0,1,0,1,0,0,0,0,0,0,0,0,0,0,0,0,1,0,0,0,1,0,0,0,0,0,1,0,1,0,0,0,1,0,0,1,1,0,0,1,1,0,0,1,0,0,0,1,0,0,1,0,0,1,1,0,1,0,0,1,0,0,0,0,1,1,0,1,1,0,1,1,0,1,0,0,1,1,0,1,1,1,1,0,1,0,1,1,0,1,1,1,1,0
"(5-benzylfuran-3-yl)methyl (1S,3R)-2,2-dimethyl-3-[(E)-(2-oxothiolan-3-ylidene)methyl]cyclopropane-1-carboxylate",CC1([C@@H]([C@@H]1C(=O)OCC2=COC(=C2)CC3=CC=CC=C3)/C=C/4\CCSC4=O)C,0,0,0,0,0,0,0,0,0,0,0,0,0,0,0,0,0,0,0,0,0,0,0,1,0,0,0,0,0,0,0,0,0,0,0,0,0,1,0,0,0,0,0,0,0,0,0,0,0,0,0,1,0,0,0,0,0,0,1,0,0,0,0,0,0,0,0,1,0,0,0,0,0,0,0,1,0,1,0,0,0,0,1,0,1,0,0,0,0,1,1,0,0,0,0,0,0,1,0,0,1,0,0,0,0,0,0,0,0,0,1,0,0,1,0,0,0,0,0,1,0,1,0,0,1,0,1,1,1,1,0,0,0,1,0,0,0,1,1,1,0,1,0,0,1,0,0,1,1,0,1,1,0,1,1,1,1,0,1,0,1,1,0,1,1,1,1,0
"N-Trichloromethylthio-cis-delta(sup 4)-cyclohexene-1,2-dicarboximide",C1C=CC[C@H]2[C@@H]1C(=O)N(C2=O)SC(Cl)(Cl)Cl,0,0,0,0,0,0,0,0,0,0,0,0,0,0,0,0,0,0,0,0,0,0,0,0,0,0,0,0,0,0,0,0,0,1,1,0,0,0,0,0,0,0,0,0,0,0,0,0,0,0,0,0,0,0,0,0,0,0,0,0,0,0,0,0,0,1,0,0,1,0,0,0,0,0,0,0,1,0,0,0,0,0,1,0,1,0,0,0,0,1,1,0,0,1,0,1,0,1,0,0,1,0,1,0,1,0,1,1,1,0,0,1,0,1,0,0,0,0,1,0,0,0,1,1,0,1,0,0,1,0,1,0,0,0,0,1,0,1,1,0,0,0,0,0,1,0,0,0,0,1,0,1,0,0,0,1,0,1,0,1,1,0,1,0,1,1,1,0
Milbemycin beta2,CCC1C(CCC2(O1)CC3CC(O2)C/C=C(\CC(/C=C/C=C(\C4(CC(C(=CC4C(=O)O3)C)OC)O)/CO)C)/C)C,0,0,0,0,0,0,0,0,0,0,0,0,0,0,0,0,0,0,0,0,0,0,0,0,0,0,0,0,0,0,0,0,0,0,0,0,0,0,0,0,0,0,0,0,0,0,0,0,0,0,0,1,0,0,1,0,0,0,1,0,0,0,0,0,0,0,0,1,0,0,0,0,0,0,0,0,0,1,0,0,0,0,0,1,0,0,0,0,0,0,1,1,1,0,1,0,0,0,0,1,1,0,0,0,0,1,1,0,0,1,1,0,0,1,0,1,1,1,0,1,0,1,0,0,1,0,0,1,1,1,1,0,1,1,0,0,0,0,1,0,1,1,1,0,1,0,1,1,1,0,1,1,0,1,1,1,1,0,1,0,1,1,0,0,1,1,1,0
Triarathene,C1=CC=C(C=C1)C2=C(SC(=C2)C3=CC=C(C=C3)Cl)C4=CC=CC=C4,0,0,0,0,0,0,0,0,0,0,0,0,0,0,0,0,0,0,0,0,0,0,0,0,0,0,0,0,0,0,0,0,0,0,0,0,0,1,0,0,0,0,0,0,0,0,0,0,0,0,0,0,0,0,0,0,0,0,0,0,0,0,0,1,0,0,0,0,0,0,0,0,0,0,0,0,0,0,0,0,0,0,1,0,1,0,0,0,1,1,0,0,0,0,0,0,0,1,0,0,0,0,0,0,1,0,0,0,1,0,0,0,0,0,0,0,0,0,0,0,0,0,0,0,0,0,1,0,0,0,0,0,0,0,0,1,0,0,1,0,0,0,0,0,0,1,1,0,0,0,0,1,0,0,0,0,0,0,0,0,0,0,0,1,1,0,1,0
MCPA-trolamine,CC1=C(C=CC(=C1)Cl)OCC(=O)O.C(CO)N(CCO)CCO,0,0,0,0,0,0,0,0,0,0,0,0,0,0,0,0,0,0,0,0,0,0,0,0,0,0,0,0,0,0,0,0,0,0,0,0,0,0,0,0,0,0,0,0,0,0,0,0,0,0,0,0,0,0,0,0,0,0,0,0,0,0,0,0,0,0,0,0,0,0,0,0,0,1,0,0,0,0,0,0,0,0,0,1,0,0,1,1,1,0,0,0,1,0,0,0,1,0,0,0,0,1,0,0,1,1,0,0,1,1,1,0,1,0,1,0,0,0,0,1,0,0,0,1,1,0,0,1,1,1,1,0,1,1,0,1,0,0,0,1,1,1,0,0,1,1,0,1,1,1,0,1,0,1,1,1,1,0,1,1,1,1,1,1,1,1,1,1
Ivermectin B1a,CC[C@H](C)[C@@H]1[C@H](CC[C@@]2(O1)C[C@@H]3C[C@H](O2)C/C=C(/[C@H]([C@H](/C=C/C=C/4\CO[C@H]5[C@@]4([C@@H](C=C([C@H]5O)C)C(=O)O3)O)C)O[C@H]6C[C@@H]([C@H]([C@@H](O6)C)O[C@H]7C[C@@H]([C@H]([C@@H](O7)C)O)OC)OC)\C)C,0,0,0,0,0,0,0,0,0,0,0,0,0,0,0,0,0,0,0,0,0,0,0,0,0,0,0,1,0,0,0,0,0,0,0,0,0,0,0,0,0,0,0,0,0,0,0,0,0,0,0,1,0,0,1,0,0,0,1,0,0,0,0,0,0,0,0,1,0,0,0,0,0,1,0,0,0,1,0,0,0,0,0,0,1,0,0,0,0,0,1,1,1,0,1,0,0,1,0,1,1,0,1,0,0,0,1,0,0,1,1,0,0,1,0,1,1,1,0,1,0,1,0,0,1,0,0,1,1,1,1,0,1,1,0,0,0,0,1,0,1,1,1,0,1,0,1,1,1,0,1,1,0,1,1,1,1,0,1,0,1,1,0,0,1,1,1,0
"2,4-D Methylamine salt",CN.C1=CC(=C(C=C1Cl)Cl)OCC(=O)O,0,0,0,0,0,0,0,0,0,0,0,0,0,0,0,0,0,0,0,0,0,0,0,0,0,0,0,0,0,0,0,0,0,0,0,0,0,0,0,0,0,0,0,0,0,0,0,0,0,0,0,0,0,0,0,0,0,0,0,0,0,0,0,0,0,0,0,0,0,0,0,0,0,1,0,0,0,0,0,0,0,0,0,0,0,1,0,0,1,0,0,0,0,0,1,0,0,0,0,0,0,0,0,0,1,1,0,0,1,0,1,0,0,0,1,0,0,0,0,0,0,0,0,0,1,0,0,1,1,0,0,0,1,1,0,1,0,0,0,0,1,0,0,0,1,1,0,1,0,0,0,1,1,1,1,1,1,0,1,1,1,1,1,1,1,1,1,1
9-Tricosene,CCCCCCCCCCCCC/C=C/CCCCCCCC,0,0,0,0,0,0,0,0,0,0,0,0,0,0,0,0,0,0,0,0,0,0,0,0,0,0,0,0,0,0,0,0,0,0,0,0,0,0,0,0,0,0,0,0,0,0,0,0,0,0,0,0,0,0,0,0,0,0,0,0,0,0,0,0,0,0,0,0,0,0,0,0,0,0,0,0,0,0,0,0,0,0,0,0,0,0,0,0,0,0,0,0,0,0,0,0,0,0,0,0,1,0,0,0,0,0,0,0,0,1,0,0,0,0,0,1,1,1,0,1,0,0,0,0,0,0,0,0,0,1,1,0,0,0,0,0,0,0,0,0,0,0,0,0,0,0,0,0,1,0,1,0,0,0,0,0,1,0,0,0,0,1,0,0,0,0,0,0
"pyran]-7-yl 4-O-[4-(acetylamino)-2,4,6-trideoxy-3-O-met",CCC(C)C1C(C=CC2(O1)CC3CC(O2)C/C=C(/C(C(/C=C/C=C/4\COC5C4(C(C=C(C5O)C)C(=O)O3)O)C)OC6CC(C(C(O6)C)OC7CC(C(C(O7)C)NC(=O)C)OC)OC)\C)C,0,0,0,0,0,0,0,0,0,0,0,0,0,0,0,0,0,0,0,0,0,0,0,0,0,0,0,1,0,0,0,0,0,0,0,0,0,0,0,0,0,0,0,0,0,0,0,0,0,0,0,1,0,0,1,0,0,0,1,0,0,0,0,0,0,0,0,1,0,0,0,0,0,1,0,0,0,1,0,0,0,0,0,0,1,0,0,0,0,0,1,1,1,1,1,0,1,1,0,1,1,0,1,0,0,0,1,0,0,1,1,1,0,1,0,1,1,1,1,0,0,1,0,0,1,0,0,1,1,1,0,0,1,1,1,0,0,1,1,0,1,1,1,0,1,0,1,1,0,0,1,1,1,1,1,1,1,1,1,1,1,1,1,0,1,1,1,0
Paraclox,C1=CC(=CC=C1C(=O)/C(=N\O)/Cl)O,0,0,0,0,0,0,0,0,0,0,0,0,0,0,0,0,0,0,0,0,0,0,0,0,0,1,0,0,0,0,0,0,0,0,0,0,0,0,0,0,0,0,0,0,0,0,0,0,0,0,0,0,0,0,0,0,0,0,0,0,0,0,0,0,0,0,0,0,0,0,1,0,1,0,0,0,0,0,0,1,0,0,0,0,0,0,0,0,0,0,1,0,0,0,0,1,1,0,0,0,0,0,0,1,1,0,0,0,1,0,0,0,0,0,1,0,0,0,0,0,1,0,0,0,0,1,0,0,1,0,0,0,1,0,0,1,0,0,0,0,1,0,0,0,1,0,0,1,0,0,0,0,0,1,0,1,0,1,1,0,1,0,1,1,1,1,1,0
Tributyltin acetate,CCCC[Sn](CCCC)(CCCC)OC(=O)C,0,0,0,0,1,0,0,0,0,0,0,0,0,0,0,0,0,0,0,0,0,0,0,0,0,0,0,0,0,0,0,1,0,0,0,0,0,0,0,0,0,0,0,0,0,1,0,0,0,0,0,0,0,0,0,0,0,0,0,0,0,0,0,0,0,0,0,0,0,0,0,0,0,0,0,0,0,0,0,0,0,0,0,0,0,0,0,1,0,0,0,0,0,0,0,0,0,0,0,0,0,0,0,1,0,0,0,0,0,1,0,0,0,1,0,1,1,1,0,1,0,0,0,0,1,1,0,1,0,1,1,0,0,1,0,0,0,0,0,1,0,0,1,0,0,0,0,0,1,1,1,0,0,0,1,1,1,0,1,0,1,1,0,0,0,1,0,0
"(Z)-5,5,12,12-Tetrabutyl-7,10-dioxo-6,11-dioxa-5,12-distannahexadec-8-ene",CCCC[Sn](CCCC)(CCCC)OC(=O)/C=C\C(=O)O[Sn](CCCC)(CCCC)CCCC,0,0,0,0,1,0,0,0,0,0,0,0,0,0,0,0,0,0,0,0,0,0,0,0,0,0,0,0,0,0,0,1,0,0,0,0,0,0,0,0,0,0,0,0,0,1,0,0,0,0,0,0,0,0,0,0,0,0,0,0,0,0,0,0,0,0,0,0,0,0,0,0,0,0,0,0,0,0,0,0,0,0,0,0,0,0,0,1,0,0,0,0,0,0,0,0,0,0,0,0,1,0,0,1,0,0,0,0,0,0,0,0,0,1,0,1,1,1,0,1,0,0,0,0,1,1,0,1,0,1,1,1,0,1,0,0,0,1,0,1,0,1,1,0,0,0,0,1,1,1,1,0,0,0,1,1,1,0,1,0,1,1,0,0,0,1,0,0
"Bomyl, (Z)-",COC(=O)C/C(=C/C(=O)OC)/OP(=O)(OC)OC,0,0,0,0,0,0,0,0,0,0,0,0,0,0,0,0,0,0,0,0,0,0,0,0,0,0,0,0,0,0,1,0,0,0,0,0,0,0,0,0,0,0,0,0,0,0,0,0,0,1,0,0,0,0,0,0,0,0,0,0,0,0,0,0,0,0,0,0,0,0,0,0,0,0,0,0,0,1,0,0,0,0,0,0,0,0,0,0,0,0,1,0,0,0,1,0,0,0,0,0,1,0,0,1,0,0,0,1,0,0,0,0,0,1,0,0,0,1,0,0,0,0,0,0,1,1,0,1,0,0,0,1,0,1,0,0,0,1,0,0,0,1,1,0,0,0,0,1,0,1,1,0,0,1,0,1,1,0,1,0,1,1,0,0,0,1,0,0
Nystatin [USP:INN:BAN:JAN],C[C@H]1/C=C/C=C/CC/C=C/C=C/C=C/C=C/C(CC2C(C(C[C@](O2)(CC(C(CCC(CC(CC(CC(=O)O[C@H]([C@@H]([C@@H]1O)C)C)O)O)O)O)O)O)O)C(=O)O)O[C@@H]3[C@H]([C@H]([C@@H]([C@H](O3)C)O)N)O,0,0,0,0,0,0,0,0,0,0,0,0,0,0,0,0,0,0,0,0,0,0,0,0,0,0,0,0,0,0,0,0,0,0,0,0,0,0,0,0,0,0,0,0,0,0,0,0,0,0,0,0,0,0,1,1,0,0,1,0,0,0,0,0,0,0,0,0,0,0,0,0,0,1,0,0,0,0,0,0,0,0,0,0,0,1,0,0,0,0,1,1,1,0,0,0,1,0,1,1,1,0,0,0,0,1,1,0,0,1,0,0,0,1,0,0,0,0,0,1,0,1,0,0,1,0,0,1,1,1,1,0,1,1,1,0,0,1,1,0,1,1,1,0,1,0,1,1,1,0,1,1,1,1,0,1,0,1,1,1,1,1,1,0,1,1,1,0
"O-((E)-2-Chloro-1-(2,5-dichlorophenyl)ethenyl) O,O-diethyl phosphorothioate",CCOP(=S)(OCC)O/C(=C/Cl)/C1=C(C=CC(=C1)Cl)Cl,0,0,0,0,0,0,0,0,0,0,0,0,0,0,0,0,0,0,0,0,0,0,0,0,0,0,0,0,0,0,1,0,0,0,0,0,0,0,0,0,0,0,0,0,0,0,0,0,0,1,0,0,0,0,0,0,0,0,0,0,0,0,0,0,0,0,0,0,1,0,0,0,0,0,1,0,0,1,0,0,0,0,1,0,0,0,0,0,1,1,0,0,0,0,0,0,0,0,0,0,1,0,0,1,1,0,0,1,1,0,1,0,0,1,0,1,0,0,0,0,0,0,0,0,0,1,0,1,0,1,0,1,0,0,0,1,0,0,0,1,0,0,0,0,0,1,0,1,0,1,1,1,0,1,1,0,1,0,1,0,1,1,0,1,1,1,1,0
Triphenylplumbyl acetate,CC(=O)O[Pb](C1=CC=CC=C1)(C2=CC=CC=C2)C3=CC=CC=C3,0,0,0,0,1,0,0,0,0,0,0,0,0,0,0,0,0,0,0,0,0,0,0,0,0,0,0,0,0,0,0,1,0,0,0,0,0,0,0,0,0,0,0,0,0,1,0,0,0,0,0,0,0,0,0,0,0,0,0,0,0,0,0,0,0,0,0,0,0,0,0,0,0,0,0,0,0,0,0,0,0,0,0,0,0,0,0,0,0,0,0,0,0,0,0,0,0,0,0,0,0,0,0,1,0,0,0,0,0,0,0,0,0,1,0,0,0,0,0,0,0,0,0,0,1,1,1,1,0,0,0,0,0,0,0,0,0,0,0,0,0,0,0,0,0,0,1,0,0,1,0,0,0,0,0,1,0,0,1,0,1,1,0,1,1,1,1,0
Triethanolamine Oleate,CCCCCCCC/C=C\CCCCCCCC(=O)O.C(CO)N(CCO)CCO,0,0,0,0,0,0,0,0,0,0,0,0,0,0,0,0,0,0,0,0,0,0,0,0,0,0,0,0,0,0,0,0,0,0,0,0,0,0,0,0,0,0,0,0,0,0,0,0,0,0,0,0,0,0,0,0,0,0,0,0,0,0,0,0,0,0,0,0,0,0,0,0,0,0,0,0,0,0,0,0,0,0,0,1,0,0,1,1,0,0,0,1,1,0,0,0,1,0,0,0,1,1,0,0,0,1,0,0,0,1,1,0,1,0,0,1,1,1,0,1,0,0,0,1,1,0,0,0,0,1,1,0,1,1,0,0,0,0,0,1,1,1,0,0,0,0,0,1,1,1,0,0,0,0,1,1,1,0,1,1,1,1,1,0,0,1,0,1
Quaternium-15 trans-,C1N2CN3CN1C[N+](C2)(C3)C/C=C/Cl.[Cl-],0,0,0,0,0,0,0,0,0,0,0,0,0,0,0,0,0,0,0,0,0,0,0,0,0,0,0,0,0,1,0,1,0,0,0,0,0,0,0,0,0,0,0,0,0,0,0,0,0,0,1,0,0,0,0,0,0,0,0,0,0,0,0,0,0,0,0,0,0,0,0,0,0,0,0,0,1,0,1,0,0,1,0,0,0,0,1,1,0,0,0,0,0,0,0,0,0,0,0,1,1,1,1,0,1,0,1,0,0,0,0,0,0,1,0,0,0,0,0,0,0,1,1,1,0,0,0,0,0,1,0,0,0,0,0,1,0,0,1,1,0,0,0,1,0,0,1,0,0,1,0,0,0,0,1,0,1,0,0,1,0,0,1,0,1,0,1,1
Aluminum hydroxybenzenesulfonate,C1=CC=C(C=C1)S(=O)(=O)O[Al].O.O,0,0,0,0,0,0,0,0,0,0,0,0,0,0,0,0,0,0,0,1,0,0,0,0,0,0,0,0,0,0,0,0,0,0,0,0,0,0,0,0,1,1,0,0,0,1,0,0,0,1,0,0,1,0,0,0,1,0,0,1,1,1,1,0,0,1,0,0,1,0,0,0,0,0,1,0,0,0,0,0,0,0,1,0,0,0,0,0,0,1,0,0,0,0,0,0,0,0,0,0,0,0,0,1,0,0,0,1,0,0,0,0,0,1,0,0,0,0,0,0,0,0,0,0,0,1,0,1,0,0,0,1,1,0,0,0,0,1,0,0,1,1,0,0,0,0,0,1,0,1,0,0,0,0,0,0,0,0,0,0,1,0,0,1,1,1,1,1
1-(1-Methylethyl) 4-(tributylstannyl) butanedioate,CCCC[Sn](CCCC)(CCCC)OC(=O)CCC(=O)OC(C)C,0,0,0,0,1,0,0,0,0,0,0,0,0,0,0,0,0,0,0,0,0,0,0,0,0,0,0,0,0,0,0,1,0,0,0,0,0,0,0,0,0,0,0,0,0,1,0,0,0,0,0,0,0,0,0,0,0,0,0,0,0,0,0,0,0,0,0,0,0,0,0,0,0,0,0,1,0,0,0,0,0,0,0,0,0,0,0,1,0,0,0,0,0,0,0,0,0,0,0,0,0,0,0,1,0,0,0,0,0,1,0,0,0,1,0,1,1,1,0,1,0,0,0,0,1,1,0,1,0,1,1,0,0,1,0,0,0,1,0,1,0,1,1,0,0,0,0,1,1,1,1,0,0,1,1,1,1,0,1,0,1,1,0,0,0,1,0,0
Tributylstannyl 2-hydroxy-5-(((tributylstannyl)oxy)sulfonyl)benzoate,CCCC[Sn](CCCC)(CCCC)OC(=O)C1=C(C=CC(=C1)S(=O)(=O)O[Sn](CCCC)(CCCC)CCCC)O,0,0,0,0,1,0,0,0,0,0,0,0,0,0,0,0,0,0,0,0,0,0,0,0,0,0,0,0,0,0,0,1,0,0,0,0,0,0,0,0,1,1,0,0,0,1,0,0,0,1,0,0,1,0,0,0,1,0,0,1,1,1,1,0,0,1,0,0,1,0,0,0,0,0,1,0,0,0,0,0,0,0,1,0,0,0,0,1,0,1,1,0,0,0,0,0,0,0,0,0,0,0,0,1,0,0,0,1,0,0,0,0,0,1,1,1,1,1,0,1,0,0,0,0,1,1,0,1,1,1,1,1,0,1,0,0,0,1,0,1,1,1,1,0,1,1,0,1,1,1,1,1,0,1,1,1,1,0,1,0,1,1,0,1,1,1,1,0
Tributyltin linoleate,CCCCC/C=C\C/C=C\CCCCCCCC(=O)O[Sn](CCCC)(CCCC)CCCC,0,0,0,0,1,0,0,0,0,0,0,0,0,0,0,0,0,0,0,0,0,0,0,0,0,0,0,0,0,0,0,1,0,0,0,0,0,0,0,0,0,0,0,0,0,1,0,0,0,0,0,0,0,0,0,0,0,0,0,0,0,0,0,0,0,0,0,0,0,0,0,0,0,0,0,0,0,0,0,0,0,0,0,0,0,0,0,1,0,0,0,0,0,0,0,0,0,0,0,0,1,0,0,1,0,0,0,0,0,1,0,0,0,1,0,1,1,1,0,1,0,0,0,0,1,1,0,1,0,1,1,0,0,1,0,0,0,0,0,1,0,0,1,0,0,0,0,0,1,1,1,0,0,0,1,1,1,0,1,0,1,1,0,0,0,1,0,0
"(mu-((3,3'-Methylenebis(2-naphthalenesulfonato-kappaO))(2-)))diphenyldimercury",C1=CC=C(C=C1)[Hg]OS(=O)(=O)C2=CC3=CC=CC=C3C=C2CC4=CC5=CC=CC=C5C=C4S(=O)(=O)O[Hg]C6=CC=CC=C6,0,0,0,0,0,0,0,0,0,0,0,0,0,1,0,0,0,0,0,0,0,0,0,0,0,0,0,0,0,0,0,0,0,0,0,0,0,0,0,0,1,1,0,0,0,1,0,0,0,1,0,0,1,0,0,0,1,0,0,1,1,1,1,0,0,1,0,0,1,0,0,0,0,0,1,0,0,0,0,0,0,0,1,0,0,0,0,0,0,1,0,0,0,0,0,0,0,0,0,0,0,0,1,1,0,0,1,1,0,0,0,0,0,1,0,0,0,0,0,0,0,0,0,0,0,1,1,1,0,0,0,1,0,0,0,0,0,1,0,0,0,1,0,0,0,1,1,1,0,1,0,1,0,0,0,0,1,0,0,0,1,0,0,1,1,1,1,0
Grandlure IV,CC1(CCC/C(=C\C=O)/C1)C,0,0,0,0,0,0,0,0,0,0,0,0,0,0,0,0,0,0,0,0,0,0,0,0,0,0,0,0,0,0,0,0,0,0,0,0,0,0,0,0,0,0,0,0,0,0,0,0,0,0,0,1,0,0,0,0,0,0,0,0,0,0,0,0,0,0,0,1,0,0,0,0,0,0,0,1,0,1,0,0,0,0,0,0,0,0,0,0,0,0,0,0,0,0,0,0,0,0,0,0,1,0,0,0,0,0,0,0,0,1,0,0,0,1,0,0,1,1,0,1,0,0,0,0,0,0,0,0,0,1,1,0,0,0,0,0,0,0,0,0,0,0,0,0,0,0,0,0,1,0,1,0,0,0,0,1,0,0,0,0,0,1,0,0,1,1,1,0
Kinoprene,CC(C)CCCC(C)C/C=C/C(=C/C(=O)OCC#C)/C,0,0,0,0,0,0,0,0,0,0,0,0,0,0,0,0,0,0,1,0,0,0,0,0,0,0,0,0,0,0,0,0,0,0,0,0,0,0,0,0,0,0,0,0,0,0,0,0,0,0,0,1,0,0,0,0,0,0,0,0,0,0,0,0,0,0,0,0,0,0,0,0,0,0,0,1,0,1,0,0,0,0,0,0,0,0,0,0,0,0,0,0,0,0,0,0,0,0,0,0,1,0,0,0,0,0,0,0,0,1,1,0,0,0,0,0,1,1,0,1,0,0,0,0,1,0,0,1,0,1,1,0,0,0,0,0,0,0,0,0,0,0,1,0,0,0,0,0,1,0,1,0,0,0,1,1,1,0,1,0,1,1,0,0,0,1,0,0
Chloromethoxypropylmercuric acetate,CC(=O)O[Hg]CCCOCCl,0,0,0,0,0,0,0,0,0,0,0,0,0,1,0,0,0,0,0,0,0,0,0,0,0,0,0,0,0,1,0,0,0,0,0,0,0,0,0,0,0,0,0,0,0,1,0,0,0,0,0,0,0,0,0,0,0,0,0,0,0,0,0,0,0,0,0,0,0,0,0,0,0,0,0,0,0,0,0,0,0,0,0,0,0,0,0,1,0,0,0,0,0,0,0,0,0,0,0,0,0,0,0,1,1,0,0,0,0,1,1,0,0,0,0,0,0,0,0,1,0,0,0,0,1,1,0,1,0,1,1,0,0,1,0,1,0,0,0,1,0,0,0,0,0,0,0,1,1,0,0,0,0,0,1,1,1,0,1,0,1,1,0,0,0,1,0,0
Vaporthrin,CC/C=C(\C)/C(C#C)OC(=O)C1C(C1(C)C)C=C(C)C,0,0,0,0,0,0,0,0,0,0,0,0,0,0,0,0,0,0,1,0,0,0,0,1,0,0,0,0,0,0,0,0,0,0,0,0,0,0,0,0,0,0,0,0,0,0,0,0,0,0,0,1,0,0,0,0,0,0,0,0,0,0,0,0,0,0,0,1,0,0,0,0,0,0,0,1,0,1,0,0,0,0,0,0,0,0,0,0,0,0,0,0,0,0,0,0,0,0,0,0,1,0,0,0,0,0,0,0,0,0,0,0,0,1,0,1,0,1,0,0,0,0,0,0,1,0,0,1,0,0,0,0,0,0,0,0,0,0,0,0,0,0,1,0,0,0,0,0,0,0,1,1,0,1,0,1,1,0,1,0,1,1,0,0,0,1,1,0
Bis(tributyltin) dodecenylsuccinate,CCCCCCCCCC/C=C/C(CC(=O)O[Sn](CCCC)(CCCC)CCCC)C(=O)O[Sn](CCCC)(CCCC)CCCC,0,0,0,0,1,0,0,0,0,0,0,0,0,0,0,0,0,0,0,0,0,0,0,0,0,0,0,0,0,0,0,1,0,0,0,0,0,0,0,0,0,0,0,0,0,1,0,0,0,0,0,0,0,0,0,0,0,0,0,0,0,0,0,0,0,0,0,0,0,0,0,0,0,0,0,0,0,0,0,0,0,0,0,0,0,0,0,1,0,0,0,0,0,0,0,0,0,0,0,0,1,0,0,1,0,0,0,0,0,1,0,0,0,1,0,1,1,1,0,1,0,0,0,0,1,1,0,1,0,1,1,1,0,1,0,0,0,1,0,1,0,1,1,0,0,0,0,1,1,1,1,0,0,0,1,1,1,0,1,0,1,1,0,0,0,1,0,0
Icone,CC1([C@H]([C@H]1C(=O)OC(C#N)C2=CC(=CC=C2)OC3=CC=CC=C3)/C=C(/C(F)(F)F)\Cl)C,0,0,0,0,0,0,0,0,0,0,0,0,0,0,0,0,0,0,0,0,0,0,0,1,0,0,0,0,0,0,0,0,0,0,0,0,0,0,0,0,0,0,1,1,0,0,0,0,0,0,0,0,0,0,0,0,0,0,0,0,0,0,0,0,0,0,0,1,0,0,0,0,0,0,0,1,0,1,0,0,0,0,0,0,0,0,0,0,0,0,0,0,0,0,0,0,1,0,0,0,1,0,0,0,1,0,0,1,1,0,0,0,0,1,1,0,0,0,0,0,0,0,0,0,1,0,1,1,1,0,0,0,0,0,0,1,0,0,0,0,0,0,0,0,1,0,1,1,0,0,1,1,0,1,0,1,0,0,1,0,1,1,1,1,1,1,1,0
Tributyltin monopropyleneglycol maleate,CCCC[Sn](CCCC)CCCC.CC(CO)O.C(=C\C(=O)O)\C(=O)O.O,0,0,0,0,1,0,0,0,0,0,0,0,0,0,0,0,0,0,0,0,0,0,0,0,0,0,0,0,0,0,0,0,0,0,0,0,0,0,0,0,0,0,0,0,0,1,0,0,0,0,0,0,0,0,0,1,0,0,0,0,0,0,0,0,0,0,0,0,0,0,0,0,0,1,0,0,0,0,0,0,0,0,0,1,0,0,0,1,0,0,0,0,0,0,0,0,0,0,0,0,1,0,0,0,0,1,0,0,0,0,1,0,0,0,0,1,1,1,0,1,0,0,0,0,1,0,0,0,0,1,1,0,1,1,0,0,0,1,0,1,1,1,1,0,0,0,0,1,1,1,1,0,0,1,1,1,1,0,1,0,1,1,0,0,0,1,0,1
Bis(tripropyltin) oxide,CCC[Sn](CCC)(CCC)O[Sn](CCC)(CCC)CCC,0,0,0,0,1,0,0,0,0,0,0,0,0,0,0,0,0,0,0,0,0,0,0,0,0,0,0,0,0,0,0,1,0,0,0,0,0,0,0,0,0,0,0,0,0,1,0,0,0,0,0,0,0,0,0,0,0,0,0,0,0,0,0,0,0,0,0,0,0,0,0,0,0,0,0,0,0,0,0,0,0,0,0,0,0,0,0,1,0,0,0,0,0,0,0,0,0,0,0,0,0,0,0,1,0,0,0,0,0,1,0,0,0,1,0,1,1,0,0,1,0,0,0,0,0,1,0,1,0,1,1,1,0,1,0,0,0,0,0,1,0,0,1,0,0,0,0,0,1,1,1,0,0,0,1,0,1,0,0,0,0,1,0,0,0,1,0,0
p-Aminophenylmercuric acetate,CC(=O)O[Hg]C1=CC=C(C=C1)N,0,0,0,0,0,0,0,0,0,0,0,0,0,1,0,0,0,0,0,0,0,0,0,0,0,0,0,0,0,0,0,0,0,0,0,0,0,0,0,0,0,0,0,0,0,1,0,0,0,0,0,0,0,0,0,0,0,0,0,0,0,0,0,0,0,0,0,0,0,0,0,0,0,0,0,0,0,0,0,0,0,0,0,0,0,1,0,0,0,0,0,0,0,0,0,0,0,0,0,0,0,0,0,1,0,0,0,0,0,0,0,0,0,0,0,0,0,0,0,0,0,0,0,0,1,1,0,1,0,0,0,0,0,0,1,0,1,0,0,0,0,0,0,0,0,0,0,0,0,0,0,0,1,0,0,1,0,1,1,1,1,1,1,1,1,1,1,0
"2,7-Dihydroxy-1,3,2-benzodioxabismole-5-carboxylic acid",C1=C(C=C2C(=C1O)O[Bi]O2)C(=O)O.O,0,0,0,0,1,0,0,0,0,0,0,0,0,0,0,0,0,0,0,0,0,0,0,0,0,0,0,0,0,0,0,0,0,0,0,0,0,0,0,0,0,0,0,0,0,1,0,0,0,0,0,0,0,0,0,0,0,0,1,0,0,0,0,0,0,0,0,0,0,0,0,0,0,1,0,0,0,0,0,0,0,0,0,0,1,0,0,0,0,0,1,0,0,0,0,0,0,1,0,0,0,0,1,1,0,0,1,0,0,0,0,0,0,0,1,0,0,0,0,0,0,1,0,0,1,1,0,0,1,0,0,1,1,0,0,0,0,0,1,0,1,1,0,0,1,1,0,1,0,0,0,0,0,1,0,1,0,0,1,0,1,0,0,1,1,1,1,1
"Mercury, (mu-(metasilicato(2-)-O:O))bis(2-methoxyethyl)di-",COCC[Hg]O[Si](=O)O[Hg]CCOC,0,0,0,0,0,0,0,0,0,0,0,0,0,1,0,0,0,0,0,0,0,1,0,0,0,0,0,0,0,0,0,0,0,0,0,0,0,0,0,0,0,0,0,0,0,1,0,0,0,1,0,0,0,0,0,0,0,0,0,0,0,0,0,0,0,0,0,0,0,0,0,0,0,0,0,0,0,0,0,0,0,0,0,0,0,0,0,1,0,0,1,0,0,0,1,0,0,0,0,0,0,0,0,1,0,0,0,1,0,0,1,0,0,0,0,0,1,1,0,1,0,0,0,0,0,1,0,1,0,0,0,1,0,1,0,0,0,0,0,1,0,1,0,0,0,0,0,1,1,1,1,0,0,0,1,0,1,0,1,0,1,1,0,0,0,1,0,0
Phenylmercuric lactate,CC(C(=O)O[Hg]C1=CC=CC=C1)O,0,0,0,0,0,0,0,0,0,0,0,0,0,1,0,0,0,0,0,0,0,0,0,0,0,0,0,0,0,0,0,0,0,0,0,0,0,0,0,0,0,0,0,0,0,1,0,0,0,0,0,0,0,0,0,0,0,0,0,0,0,0,0,0,0,0,0,0,0,0,0,0,0,1,0,0,0,0,0,0,0,0,0,0,0,0,0,0,0,0,0,0,0,0,0,0,0,0,0,0,0,0,0,1,0,0,0,0,0,0,0,0,0,0,0,0,0,0,0,0,0,0,0,0,1,1,0,1,0,0,0,0,0,0,0,0,0,0,0,0,1,0,0,0,0,0,0,1,0,0,0,0,0,1,0,1,0,0,1,0,1,1,0,1,1,1,1,0
Phenylmercuric ammonium acetate,CC(=O)O[Hg]C1=CC=CC=C1.N,0,0,0,0,0,0,0,0,0,0,0,0,0,1,0,0,0,0,0,0,0,0,0,0,0,0,0,0,0,0,0,0,0,0,0,0,0,0,0,0,0,0,0,0,0,1,0,0,0,0,0,0,0,0,0,0,0,0,0,0,0,0,0,0,0,0,0,0,0,0,0,0,0,0,0,0,0,0,0,0,0,0,0,0,0,0,0,0,0,0,0,0,0,0,0,0,0,0,0,0,0,0,0,1,0,0,0,0,0,0,0,0,0,0,0,0,0,0,0,0,0,0,0,0,1,1,0,1,0,0,0,0,0,0,0,0,0,0,0,0,0,0,0,0,0,0,0,0,0,0,0,0,1,0,0,1,0,0,1,0,1,1,1,1,1,1,1,1
Bis(tributyltin) adipate,CCCC[Sn](CCCC)(CCCC)OC(=O)CCCCC(=O)O[Sn](CCCC)(CCCC)CCCC,0,0,0,0,1,0,0,0,0,0,0,0,0,0,0,0,0,0,0,0,0,0,0,0,0,0,0,0,0,0,0,1,0,0,0,0,0,0,0,0,0,0,0,0,0,1,0,0,0,0,0,0,0,0,0,0,0,0,0,0,0,0,0,0,0,0,0,0,0,0,0,0,0,0,0,0,0,0,0,0,0,0,0,0,0,0,0,1,0,0,0,0,0,0,0,0,0,0,0,0,0,0,0,1,0,0,0,0,0,0,0,0,0,1,0,1,1,1,0,1,0,0,0,0,1,1,0,1,0,1,1,1,0,1,0,0,0,1,0,1,0,1,1,0,0,0,0,1,1,1,1,0,0,0,1,1,1,0,1,0,1,1,0,0,0,1,0,0
"Mercury, (acetato-kappaO)[4-[[4-(dimethylamino)phenyl]azo]phenyl]-",CC(=O)O[Hg]C1=CC=C(C=C1)N=NC2=CC=C(C=C2)N(C)C,0,0,0,0,0,0,0,0,0,0,0,0,0,1,0,0,0,0,0,0,0,0,0,0,0,0,0,0,0,0,0,0,0,0,0,0,0,0,0,0,0,0,0,0,0,1,0,0,0,0,0,0,0,1,0,0,0,0,0,0,0,0,0,0,0,0,0,0,0,0,0,0,0,0,0,1,0,0,0,0,0,0,0,0,0,0,1,1,0,0,0,0,0,0,1,1,0,0,0,0,0,0,0,1,0,0,0,0,0,0,0,0,0,0,0,0,0,0,0,0,1,0,0,1,1,1,1,1,0,0,0,1,0,0,1,0,1,0,0,0,0,0,1,1,0,0,1,0,0,1,1,0,0,0,0,1,0,1,1,1,1,1,1,1,1,1,1,0
4-(Acetoxymercuri)phenyl azide,CC(=O)O[Hg]C1=CC=C(C=C1)N=[N+]=[N-],0,0,0,0,0,0,0,0,0,0,0,0,0,1,0,0,0,0,0,0,0,0,0,0,0,0,0,0,0,0,0,0,0,0,0,0,0,0,0,0,0,0,0,0,0,1,0,0,0,0,1,0,0,1,0,0,0,0,0,0,0,0,0,0,0,0,0,0,0,0,0,1,0,0,0,0,0,0,1,0,0,0,0,0,0,0,0,0,0,0,0,0,0,0,0,1,0,0,0,0,0,0,0,1,0,0,0,0,0,0,0,0,0,0,0,0,0,0,0,0,1,0,0,0,1,1,0,1,0,0,0,1,0,0,1,0,1,0,0,0,0,0,0,1,0,0,0,0,0,0,0,0,0,0,0,1,0,1,1,1,1,1,1,1,1,1,1,0
Japonilure,CCCCCCCC/C=C\[C@H]1CCC(=O)O1,0,0,0,0,0,0,0,0,0,0,0,0,0,0,0,0,0,0,0,0,0,0,0,0,0,0,0,0,0,0,0,0,0,0,0,0,0,0,0,0,0,0,0,0,0,0,0,0,0,0,0,0,0,0,0,0,0,0,1,0,0,0,0,0,0,0,0,0,0,0,0,0,0,0,0,0,0,0,0,0,0,0,0,0,1,0,0,0,0,0,0,0,0,0,0,0,0,1,0,0,1,0,0,0,0,0,0,0,0,1,0,0,0,0,0,1,1,1,0,1,0,0,0,0,1,0,0,0,1,1,1,0,0,1,0,0,0,0,1,0,0,0,0,0,1,0,0,0,1,0,0,0,0,1,0,1,1,0,1,0,1,1,0,0,0,1,1,0
Tributyltin methacrylate,CCCC[Sn](CCCC)(CCCC)OC(=O)C(=C)C,0,0,0,0,1,0,0,0,0,0,0,0,0,0,0,0,0,0,0,0,0,0,0,0,0,0,0,0,0,0,0,1,0,0,0,1,0,0,0,0,0,0,0,0,0,1,0,0,0,0,0,1,0,0,0,0,0,0,0,0,0,0,0,0,0,0,0,0,0,0,0,0,0,0,0,0,0,1,0,0,0,0,0,0,0,0,0,1,0,0,0,0,0,0,0,0,0,0,0,0,1,0,0,1,0,0,0,0,0,0,0,0,0,1,0,1,1,1,0,1,0,0,0,0,1,1,0,1,0,1,1,0,0,1,0,0,0,0,0,1,0,0,1,0,0,0,0,0,1,1,1,0,0,0,1,1,1,0,1,0,1,1,0,0,0,1,0,0
Phenylmercuric propionate,CCC(=O)O[Hg]C1=CC=CC=C1,0,0,0,0,0,0,0,0,0,0,0,0,0,1,0,0,0,0,0,0,0,0,0,0,0,0,0,0,0,0,0,0,0,0,0,0,0,0,0,0,0,0,0,0,0,1,0,0,0,0,0,0,0,0,0,0,0,0,0,0,0,0,0,0,0,0,0,0,0,0,0,0,0,0,0,0,0,0,0,0,0,0,0,0,0,0,0,0,0,0,0,0,0,0,0,0,0,0,0,0,0,0,0,1,0,0,0,0,0,0,0,0,0,0,0,1,0,0,0,0,0,0,0,0,1,1,0,1,0,0,0,0,0,1,0,0,0,0,0,0,0,0,0,0,0,0,0,0,0,0,0,0,0,0,0,1,1,0,1,0,1,1,0,1,1,1,1,0
Tolylmercuric acetate,CC1=CC=C(C=C1)[Hg]OC(=O)C,0,0,0,0,0,0,0,0,0,0,0,0,0,1,0,0,0,0,0,0,0,0,0,0,0,0,0,0,0,0,0,0,0,0,0,0,0,0,0,0,0,0,0,0,0,1,0,0,0,0,0,0,0,0,0,0,0,0,0,0,0,0,0,0,0,0,0,0,0,0,0,0,0,0,0,0,0,0,0,0,0,0,0,0,0,0,0,0,0,0,0,0,0,0,0,0,0,0,0,0,0,0,0,1,0,0,0,0,0,0,0,0,0,0,0,0,0,0,0,0,0,0,0,0,1,1,0,1,0,0,0,0,0,0,0,0,0,0,0,0,0,0,0,0,0,0,0,0,0,0,1,0,0,0,0,1,0,0,1,0,1,1,0,1,1,1,1,0
Tributyltin acrylate,CCCC[Sn](CCCC)(CCCC)OC(=O)C=C,0,0,0,0,1,0,0,0,0,0,0,0,0,0,0,0,0,0,0,0,0,0,0,0,0,0,0,0,0,0,0,1,0,0,0,1,0,0,0,0,0,0,0,0,0,1,0,0,0,0,0,0,0,0,0,0,0,0,0,0,0,0,0,0,0,0,0,0,0,0,0,0,0,0,0,0,0,0,0,0,0,0,0,0,0,0,0,1,0,0,0,0,0,0,0,0,0,0,0,0,1,0,0,1,0,0,0,0,0,0,0,0,0,1,0,1,1,1,0,1,0,0,0,0,1,1,0,1,0,1,1,0,0,1,0,0,0,0,0,1,0,0,1,0,0,0,0,0,1,1,1,0,0,0,1,1,1,0,1,0,1,1,0,0,0,1,0,0
Bis(tributyltin) salicylate,CCCC[Sn](CCCC)(CCCC)OC1=CC=CC=C1C(=O)O[Sn](CCCC)(CCCC)CCCC,0,0,0,0,1,0,0,0,0,0,0,0,0,0,0,0,0,0,0,0,0,0,0,0,0,0,0,0,0,0,0,1,0,0,0,0,0,0,0,0,0,0,0,0,0,1,0,0,0,0,0,0,0,0,0,0,0,0,0,0,0,0,0,0,0,0,0,0,0,0,0,0,0,0,0,0,0,0,0,0,0,0,0,0,0,0,0,1,0,0,1,0,0,0,0,0,0,0,0,0,0,0,0,1,0,0,0,0,0,0,0,0,0,1,1,1,1,1,0,1,0,0,0,0,1,1,0,1,1,1,1,1,0,1,0,0,0,0,0,1,0,0,1,0,1,1,0,1,1,1,1,1,0,1,1,1,1,0,1,0,1,1,0,1,1,1,1,0
Phenylmercury salicylate,C1=CC=C(C=C1)[Hg]OC(=O)C2=CC=CC=C2O,0,0,0,0,0,0,0,0,0,0,0,0,0,1,0,0,0,0,0,0,0,0,0,0,0,0,0,0,0,0,0,0,0,0,0,0,0,0,0,0,0,0,0,0,0,1,0,0,0,0,0,0,0,0,0,0,0,0,0,0,0,0,0,0,0,0,0,0,0,0,0,0,0,0,0,0,0,0,0,0,0,0,0,0,0,0,0,0,0,0,1,0,0,0,0,0,0,0,0,0,0,0,0,1,0,0,0,0,0,0,0,0,0,0,1,0,0,0,0,0,0,0,0,0,1,1,1,1,1,0,0,0,0,0,0,0,0,0,0,0,1,0,0,0,1,1,1,1,0,0,0,1,0,1,0,1,0,0,1,0,1,0,0,1,1,1,1,0
Methylmercury benzoate,C[Hg]OC(=O)C1=CC=CC=C1,0,0,0,0,0,0,0,0,0,0,0,0,0,1,0,0,0,0,0,0,0,0,0,0,0,0,0,0,0,0,0,0,0,0,0,0,0,0,0,0,0,0,0,0,0,1,0,0,0,0,0,0,0,0,0,0,0,0,0,0,0,0,0,0,0,0,0,0,0,0,0,0,0,0,0,0,0,0,0,0,0,0,0,0,0,0,0,0,0,0,0,0,0,0,1,0,0,0,0,0,0,0,0,1,0,0,0,0,0,0,0,0,0,0,0,0,0,0,0,0,0,0,0,0,1,1,0,1,0,0,0,0,0,0,0,0,0,0,0,0,0,0,0,0,0,0,0,0,0,0,0,0,0,0,0,1,0,0,1,0,1,1,0,1,1,1,1,0
"3H-2,1-Benzoxamercurol-3-one",C1=CC=C2C(=C1)C(=O)O[Hg]2,0,0,0,0,0,0,0,0,0,0,0,0,0,1,0,0,0,0,0,0,0,0,0,0,0,0,0,0,0,0,0,0,0,0,0,0,0,0,0,0,0,0,0,0,0,1,0,0,0,0,0,0,0,0,0,0,0,0,1,0,0,0,0,0,0,0,0,0,0,0,0,0,0,0,0,0,0,0,0,0,0,0,0,0,1,0,0,0,0,0,0,0,0,0,0,0,0,1,0,0,0,0,1,1,0,0,1,0,0,0,0,0,0,0,0,0,0,0,0,0,0,1,0,0,1,1,0,0,1,0,0,0,0,0,0,0,0,0,1,0,0,0,0,0,1,1,0,0,0,0,0,0,0,0,0,1,0,0,1,0,1,0,0,1,1,1,1,0
Phenylmercury 2-ethylhexanoate,CCCCC(CC)C(=O)O[Hg]C1=CC=CC=C1,0,0,0,0,0,0,0,0,0,0,0,0,0,1,0,0,0,0,0,0,0,0,0,0,0,0,0,0,0,0,0,0,0,0,0,0,0,0,0,0,0,0,0,0,0,1,0,0,0,0,0,0,0,0,0,0,0,0,0,0,0,0,0,0,0,0,0,0,0,0,0,0,0,0,0,0,0,0,0,0,0,0,0,0,0,0,0,0,0,0,0,0,0,0,0,0,0,0,0,0,0,0,0,1,0,0,0,0,0,1,0,0,0,0,0,1,1,1,0,1,0,0,0,0,1,1,0,1,0,1,1,0,0,0,0,0,0,0,0,0,0,0,0,0,0,0,0,0,1,0,1,0,0,0,0,1,1,0,1,0,1,1,0,1,1,1,1,0
"mercury, (acetato-O)(phenylmethyl)-",CC(=O)O[Hg]CC1=CC=CC=C1,0,0,0,0,0,0,0,0,0,0,0,0,0,1,0,0,0,0,0,0,0,0,0,0,0,0,0,0,0,0,0,0,0,0,0,0,0,0,0,0,0,0,0,0,0,1,0,0,0,0,0,0,0,0,0,0,0,0,0,0,0,0,0,0,0,0,0,0,0,0,0,0,0,0,0,0,0,0,0,0,0,0,0,0,0,0,0,0,0,0,0,0,0,0,0,0,0,0,0,0,0,0,0,1,0,0,0,0,0,1,0,0,0,0,0,0,0,0,0,0,0,0,0,0,1,1,0,1,0,0,0,0,0,1,0,0,0,0,0,0,0,0,0,0,0,0,0,0,0,0,0,0,0,0,1,1,1,0,1,0,1,1,0,1,1,1,1,0
Pyrethrins,CC1=C(C(=O)C[C@@H]1OC(=O)[C@@H]2[C@H](C2(C)C)C=C(C)C)C/C=C\C=C.CC1=C(C(=O)C[C@@H]1OC(=O)[C@@H]2[C@H](C2(C)C)/C=C(\C)/C(=O)OC)C/C=C\C=C,0,0,0,0,0,0,0,0,0,0,0,0,0,0,0,0,0,0,0,0,0,0,0,1,0,0,0,0,0,0,0,0,0,0,0,1,0,0,0,0,0,0,0,0,0,0,0,0,0,0,0,1,0,0,0,0,0,0,0,0,0,0,0,0,0,0,0,1,0,0,0,0,0,0,0,1,0,1,0,0,0,0,0,0,0,0,0,0,0,0,1,0,0,0,1,0,0,1,0,0,1,0,0,0,0,0,0,0,0,1,0,0,0,1,0,0,0,1,0,0,0,0,0,0,1,0,0,1,1,1,1,0,0,1,0,0,0,1,0,0,0,1,1,0,1,0,0,1,0,0,1,1,0,1,0,1,1,0,1,0,1,1,0,0,0,1,1,1
Dtxcid5022065,C1[C@@H]2C=C[C@@H]1[C@H]3[C@@H]2[C@]4(C(=C([C@@]3(C4(Cl)Cl)Cl)Cl)Cl)Cl,0,0,0,0,0,0,0,0,0,0,0,0,0,0,0,0,0,0,0,0,0,0,0,0,0,0,0,0,0,0,0,0,0,0,0,0,0,0,0,0,0,0,0,0,0,0,0,0,0,0,0,0,0,0,0,0,0,0,0,0,0,0,0,0,0,0,0,1,0,0,0,0,0,0,0,0,0,1,0,0,0,0,0,0,0,0,0,0,1,0,0,0,0,0,0,0,0,1,0,0,1,0,1,0,1,0,1,0,1,0,0,0,0,1,0,0,0,0,0,0,0,0,0,0,0,0,0,0,0,0,0,0,0,0,0,1,0,0,0,0,0,0,0,0,0,0,1,0,0,0,0,1,0,0,0,0,0,0,0,0,0,0,0,0,1,0,1,0
Methoxymethyl-tetrafluorobenzyl tetramethyl-cyclopropanecarboxylate,CC1(C(C1(C)C)C(=O)OC(C2=C(C(=C(C=C2)COC)F)F)(F)F)C,0,0,0,0,0,0,0,0,0,0,0,0,0,0,0,0,0,0,0,0,0,0,0,1,0,0,0,0,0,0,0,0,0,0,0,0,0,0,0,0,0,0,0,1,0,0,0,0,0,0,0,0,0,0,0,0,0,0,0,0,0,0,0,0,0,0,0,1,0,0,0,0,0,0,0,1,0,0,0,0,0,0,0,0,0,0,0,1,1,0,0,0,0,0,1,0,0,0,0,0,0,0,0,0,0,0,0,1,1,0,1,0,0,1,0,0,1,0,0,0,0,0,0,0,1,0,0,1,0,0,0,0,0,0,0,1,0,0,0,0,0,0,1,0,0,1,0,1,0,0,1,1,0,0,1,1,1,0,1,0,1,1,0,1,1,1,1,0
Magnesium 2-ethylhexanoate quinolin-8-olate,CCCCC(CC)C(=O)[O-].C1=CC2=C(C(=C1)[O-])N=CC=C2.[Mg+2],0,0,0,0,0,0,0,0,0,0,0,1,0,0,0,0,0,0,0,0,0,0,0,0,0,0,0,0,0,0,0,0,0,0,0,0,0,0,0,0,0,0,0,0,0,1,0,0,0,0,1,0,0,0,0,0,0,0,0,0,0,0,0,0,0,0,1,0,0,0,0,0,0,0,0,0,0,0,0,0,0,0,0,0,0,0,0,0,0,0,0,0,0,0,0,0,1,0,0,1,0,0,1,0,0,0,1,0,0,1,0,0,0,0,1,1,1,1,0,1,0,0,1,0,1,0,1,0,1,1,1,0,0,0,0,0,0,0,1,0,0,0,0,0,1,0,1,1,1,0,1,0,0,1,0,1,1,1,1,0,1,1,1,1,1,1,1,1
(Rac)-Epoxiconazole,C1=CC=C(C(=C1)C2[C@@](O2)(CN3C=NC=N3)C4=CC=C(C=C4)F)Cl,0,0,0,0,0,0,0,0,0,0,0,0,0,0,0,0,0,1,0,0,0,0,0,1,0,0,0,0,0,0,0,0,0,0,0,0,0,0,0,0,0,0,0,1,0,0,0,0,0,0,0,0,0,1,0,0,0,0,1,0,0,0,0,1,0,0,1,1,0,0,0,0,0,0,0,0,1,0,1,0,1,1,0,0,1,0,0,0,1,0,0,0,0,0,0,1,1,1,1,0,0,1,0,0,1,0,0,0,1,0,0,0,1,1,0,0,0,0,0,0,0,1,1,1,0,1,1,0,0,0,0,0,0,1,0,1,0,0,1,0,0,0,0,1,0,1,1,0,0,1,0,1,0,1,1,0,1,1,1,1,0,0,1,1,1,1,1,0
Triethanolamine thiocyanate,C(CO)N(CCO)CCO.C(#N)S,0,0,0,0,0,0,0,0,0,0,0,0,0,0,0,0,0,0,0,0,0,0,0,0,0,0,0,0,0,0,0,0,0,0,0,0,0,0,0,0,0,0,1,0,0,0,0,0,1,0,0,0,0,0,0,0,0,0,0,0,0,0,0,0,0,0,0,0,0,0,0,0,0,0,0,0,0,0,0,0,0,0,0,1,0,0,1,1,0,1,0,0,1,0,0,0,1,0,0,0,0,1,0,0,0,1,0,0,0,0,1,0,1,0,0,0,0,0,0,1,0,0,0,1,0,0,0,0,0,1,1,0,1,1,0,0,0,0,0,1,1,0,0,1,0,0,0,1,1,1,0,0,0,0,1,0,1,0,1,1,1,0,1,0,0,1,0,1
Fluorethrin,CC1(C(C1C(=O)OCC2=COC(=C2)CC3=CC=CC=C3)C=C(F)F)C,0,0,0,0,0,0,0,0,0,0,0,0,0,0,0,0,0,0,0,0,0,0,1,1,0,0,0,0,0,0,0,0,0,0,0,0,0,0,0,0,0,0,0,1,0,0,0,0,0,0,0,0,0,0,0,0,0,0,1,0,0,0,0,0,0,0,0,1,0,0,0,0,0,0,0,1,0,1,0,0,0,0,0,0,1,0,0,0,0,0,1,0,0,0,0,0,0,1,0,0,1,0,0,0,0,0,0,0,1,0,1,0,0,1,0,0,0,0,0,0,0,0,0,0,1,0,1,1,0,1,0,0,0,1,0,1,0,0,1,0,0,0,0,0,0,0,0,1,0,0,1,1,0,1,1,1,1,0,1,0,1,1,0,1,1,1,1,0
4-Nitrobenzenecarboperoxoic acid,C1=CC(=CC=C1C(=O)OO)[N+](=O)[O-],0,0,0,0,0,0,0,0,0,0,0,0,0,0,0,0,0,0,0,0,0,0,0,0,0,1,0,0,0,0,0,0,0,0,0,0,0,0,0,0,0,0,0,0,0,0,0,0,0,0,1,0,0,0,0,0,0,1,0,0,0,0,0,0,1,0,0,0,0,0,1,1,1,1,0,0,0,0,0,0,0,0,0,0,0,0,0,0,0,0,0,0,0,0,0,1,0,0,0,0,0,0,0,1,0,0,0,0,0,0,0,0,0,0,0,0,0,0,0,0,1,0,0,1,1,1,0,1,0,0,0,1,0,0,1,0,1,1,0,0,1,1,0,0,0,0,0,1,0,1,0,0,0,0,0,1,0,1,1,1,1,0,1,1,1,1,1,0
"Carbamo(dithioperoxo)thioic acid, N,N-dimethyl-, 1,1-dimethylethyl ester",CC(C)(C)SSC(=S)N(C)C,0,0,0,0,0,0,0,0,0,0,0,0,0,0,0,1,0,0,0,0,0,0,0,0,0,0,0,0,0,0,0,0,0,0,0,0,0,0,0,0,0,0,0,0,0,0,0,0,1,0,0,0,0,0,0,0,0,0,0,0,0,0,0,0,0,0,0,1,1,0,0,0,0,0,1,1,0,0,0,0,0,0,1,0,0,0,1,1,0,1,0,0,0,0,1,0,0,0,0,0,0,0,0,0,0,0,0,1,0,0,0,0,0,1,0,0,0,0,0,0,0,0,0,1,0,1,0,0,0,0,0,0,0,0,0,0,0,0,0,0,0,0,1,0,0,0,0,0,0,1,1,0,0,0,0,0,0,1,0,1,0,1,1,0,0,0,0,0
Thifensulfuron methyl,CC1=NC(=NC(=N1)OC)NC(=O)NS(=O)(=O)C2=C(SC=C2)C(=O)OC,0,0,0,0,0,0,0,0,0,0,0,0,0,0,0,0,0,0,0,0,0,0,0,0,0,0,1,0,0,0,0,0,0,1,1,0,0,1,1,1,0,0,0,0,1,0,0,0,0,0,0,0,1,0,0,0,1,0,0,1,1,1,1,0,0,1,1,0,1,0,1,0,0,0,1,0,0,0,1,0,0,1,1,0,1,0,0,0,0,1,1,0,0,0,1,1,0,1,1,1,0,0,0,1,0,0,0,1,0,0,0,1,0,1,1,0,0,0,1,0,0,1,1,0,1,1,1,1,1,0,0,1,1,0,1,0,1,1,1,0,0,1,1,1,1,1,0,1,0,1,1,1,1,0,0,1,0,1,1,1,1,1,1,1,1,1,1,0
"3,3,4,4-Tetrachlorotetrahydrothiophene 1,1-dioxide",C1C(C(CS1(=O)=O)(Cl)Cl)(Cl)Cl,0,0,0,0,0,0,0,0,0,0,0,0,0,0,0,0,0,0,0,0,0,0,0,0,0,0,0,0,0,0,0,0,0,0,0,0,0,1,0,0,0,0,0,0,0,0,0,0,0,0,0,0,1,0,0,0,1,0,0,1,0,1,1,0,0,0,0,0,1,0,0,0,0,0,1,0,0,0,0,0,0,0,0,0,1,0,0,1,1,1,0,0,0,0,0,0,0,1,0,0,0,0,0,1,1,0,0,0,1,0,0,0,0,1,0,0,0,0,0,0,0,0,0,0,0,1,0,0,1,0,1,1,0,1,0,1,0,1,1,1,0,0,0,0,1,0,0,0,0,1,0,1,0,0,1,0,0,0,0,0,1,0,0,0,0,1,1,0
Paclobutrazol,CC(C)(C)[C@@H]([C@H](CC1=CC=C(C=C1)Cl)N2C=NC=N2)O,0,0,0,0,0,0,0,0,0,0,0,0,0,0,0,0,0,0,0,0,0,0,0,0,0,0,0,0,0,0,0,0,0,0,0,0,0,0,0,0,0,0,0,0,0,0,0,0,0,0,0,0,0,1,0,0,0,0,0,0,0,0,0,0,0,0,1,1,0,0,0,0,0,0,0,1,1,0,1,0,1,1,0,0,1,0,0,0,1,0,0,1,0,0,0,1,1,1,1,0,0,0,0,0,1,0,0,0,1,1,0,0,1,1,0,0,0,0,0,0,0,1,1,1,0,1,1,0,0,0,0,0,0,0,0,1,0,0,1,0,1,0,1,1,0,0,0,0,0,1,1,0,0,1,0,0,1,1,1,1,0,1,1,1,1,1,1,0
"O-(4-Bromo-3,6-dichlorophenyl) O-methyl ethylphosphonothionate",CCP(=S)(OC)OC1=CC(=C(C=C1Cl)Br)Cl,0,0,0,0,0,0,0,0,0,0,0,0,0,0,0,0,0,0,0,0,0,0,0,0,0,0,0,0,0,0,1,0,0,0,0,0,0,0,0,0,0,0,0,0,0,0,0,1,0,0,0,0,0,0,0,0,0,0,0,0,0,0,0,0,0,0,0,0,1,0,0,0,0,0,1,0,0,0,0,0,0,0,1,0,0,0,0,0,1,1,0,0,0,0,1,0,0,0,0,0,0,0,0,1,1,0,0,1,1,0,0,0,0,1,1,1,0,1,0,0,0,0,0,0,0,1,0,1,1,0,0,1,0,1,0,1,0,0,0,0,0,0,0,0,1,1,0,0,0,1,1,1,0,1,1,0,1,0,1,0,1,1,0,1,1,1,1,0
"2-Methyl-N,N-diethylbenzamide",CCN(CC)C(=O)C1=CC=CC=C1C,0,0,0,0,0,0,0,0,0,0,0,0,0,0,0,0,0,0,0,0,0,0,0,0,0,0,0,0,0,0,0,0,0,0,0,0,0,0,0,0,0,0,0,0,0,0,0,0,0,0,0,0,0,0,0,0,0,0,0,0,0,0,0,0,0,0,0,0,0,0,0,0,0,0,0,0,0,0,0,0,0,0,0,0,0,0,1,1,0,0,0,0,0,1,0,0,0,0,0,0,0,1,0,0,0,0,0,0,0,0,0,1,0,0,0,1,0,1,1,0,0,0,0,1,0,0,0,0,0,0,0,0,0,0,0,0,0,0,0,1,0,0,1,0,0,1,0,0,0,1,1,1,0,0,1,1,1,1,0,1,0,1,1,1,1,1,1,0
Brompyrazon,C1=CC=C(C=C1)N2C(=O)C(=C(C=N2)N)Br,0,0,0,0,0,0,0,0,0,0,0,0,0,0,0,0,0,0,0,0,0,0,0,0,0,0,0,0,0,0,0,0,0,0,0,0,0,0,0,0,0,0,0,0,0,0,0,1,0,0,0,0,0,1,0,0,0,0,0,0,0,0,0,1,0,0,1,0,0,0,0,0,0,0,0,0,1,0,0,0,1,1,0,0,0,1,0,0,1,0,0,0,0,1,0,1,1,0,1,1,0,0,0,0,0,0,0,0,1,0,0,1,0,0,1,0,0,0,1,0,0,1,1,1,0,1,1,0,1,0,0,0,0,0,1,1,1,0,1,0,0,0,0,1,1,1,1,0,0,1,0,1,1,0,0,1,0,1,0,1,0,0,1,1,1,1,1,0
"Acetic acid, copper salt (1:?)",CC(=O)O.[Cu],0,0,0,0,0,0,0,0,0,0,0,0,0,1,0,0,0,0,0,0,0,0,0,0,0,0,0,0,0,0,0,0,0,0,0,0,0,0,0,0,0,0,0,0,0,1,0,0,0,0,0,0,0,0,0,0,0,0,0,0,0,0,0,0,0,0,0,0,0,0,0,0,0,0,0,0,0,0,0,0,0,0,0,0,0,0,0,0,0,0,0,0,0,0,0,0,0,0,0,0,0,0,0,0,0,0,0,0,0,0,0,0,0,0,0,0,0,0,0,0,0,0,0,0,1,0,0,0,0,0,0,0,0,0,0,0,0,0,0,0,1,0,0,0,0,0,0,0,0,0,0,0,0,0,0,1,0,0,1,0,1,1,0,0,0,1,0,1
Haloxydine,C1(=C(NC(=C(C1=O)Cl)F)F)Cl,0,0,0,0,0,0,0,0,0,0,0,0,0,0,0,0,0,0,0,0,0,0,0,0,0,0,0,0,0,0,0,0,0,0,0,0,0,0,0,0,0,0,0,1,0,0,0,0,0,0,0,0,0,0,0,0,0,0,0,0,0,0,0,0,0,0,1,0,0,0,0,0,0,0,0,0,0,0,0,0,0,0,0,0,0,0,0,0,1,0,0,0,0,0,0,0,0,0,1,1,0,0,0,0,1,0,0,0,1,0,0,0,0,0,1,0,0,0,0,0,0,0,1,0,0,0,0,0,1,0,0,0,0,0,0,1,0,0,1,0,0,0,0,0,1,1,0,0,0,0,0,1,1,1,0,1,0,1,0,0,0,0,1,1,1,1,1,0
Isofenchlorfos,COP(=O)(OC)SC1=CC=C(C=C1)Cl,0,0,0,0,0,0,0,0,0,0,0,0,0,0,0,0,0,0,0,0,0,0,0,0,0,0,0,0,0,0,1,0,0,0,0,0,0,0,0,0,0,0,0,0,0,0,0,0,0,1,0,0,0,0,0,0,0,0,0,0,1,0,0,0,0,1,0,0,1,0,0,0,0,0,0,0,0,0,0,0,0,0,1,0,0,0,0,0,1,1,0,0,0,0,1,0,0,0,0,0,0,0,0,1,1,0,0,1,1,0,0,0,0,1,0,0,0,0,0,0,0,0,0,0,0,1,0,1,0,0,0,1,0,0,0,1,0,0,0,0,0,0,0,0,0,0,0,1,0,1,1,0,0,0,0,0,0,0,1,0,1,1,0,1,1,1,1,0
"4-Phenyl-3H-1,2-dithiole-3-thione",C1=CC=C(C=C1)C2=CSSC2=S,0,0,0,0,0,0,0,0,0,0,0,0,0,0,0,0,0,0,0,0,0,0,0,0,0,0,0,0,0,0,0,0,0,0,0,0,0,1,0,0,0,0,0,0,0,0,0,0,0,0,0,0,0,0,0,0,0,0,0,0,1,0,0,1,0,1,0,0,1,0,0,0,0,0,1,0,0,0,0,0,0,0,1,0,1,0,0,0,0,1,0,0,0,0,0,0,0,1,0,0,0,0,0,0,0,0,0,0,0,0,0,0,0,0,0,0,0,0,0,0,0,1,0,0,0,1,1,0,0,0,0,0,0,0,0,0,0,0,1,0,0,0,0,0,0,1,0,0,0,0,0,1,0,0,0,0,0,0,0,0,0,0,0,1,1,0,1,0
Isopropyl trichloroacetate,CC(C)OC(=O)C(Cl)(Cl)Cl,0,0,0,0,0,0,0,0,0,0,0,0,0,0,0,0,0,0,0,0,0,0,0,0,0,0,0,0,0,0,0,0,0,0,0,0,0,0,0,0,0,0,0,0,0,0,0,0,0,0,0,0,0,0,0,0,0,0,0,0,0,0,0,0,0,0,0,0,0,0,0,0,0,0,0,1,0,0,0,0,0,0,0,0,0,0,0,0,0,0,0,0,0,0,0,0,0,0,0,0,0,0,0,0,1,0,0,1,1,0,0,0,0,1,0,0,0,0,0,0,0,0,0,0,1,0,0,1,0,0,0,0,0,0,0,1,0,0,0,0,0,0,0,0,0,0,0,0,0,0,1,0,0,1,0,1,0,0,1,0,1,1,0,0,0,1,0,0
N-1-Naphthylphthalimide,C1=CC=C2C(=C1)C=CC=C2N3C(=O)C4=CC=CC=C4C3=O,0,0,0,0,0,0,0,0,0,0,0,0,0,0,0,0,0,0,0,0,0,0,0,0,0,0,0,0,0,0,0,0,0,0,0,0,0,0,0,0,0,0,0,0,0,0,0,0,0,0,0,0,0,0,0,0,0,0,0,0,0,0,0,1,0,0,0,0,0,0,0,0,0,0,0,0,1,0,0,0,0,0,0,0,1,0,1,0,0,0,1,0,0,1,0,0,0,1,0,0,0,0,1,0,0,0,1,0,0,0,0,1,0,0,0,0,0,0,1,0,0,0,1,1,0,0,1,0,1,0,0,0,0,0,1,0,1,1,1,0,0,0,0,0,1,1,1,0,0,1,0,1,0,0,0,1,0,1,0,1,1,0,1,1,1,1,1,0
Tetraconazole,C1=CC(=C(C=C1Cl)Cl)C(CN2C=NC=N2)COC(C(F)F)(F)F,0,0,0,0,0,0,0,0,0,0,0,0,0,0,0,0,0,0,0,0,0,0,0,0,0,0,0,0,0,0,0,0,0,0,0,0,0,0,0,0,0,0,0,1,0,0,0,0,0,0,0,0,0,1,0,0,0,0,0,0,0,0,0,0,0,0,1,0,0,0,0,0,0,0,0,0,1,0,1,0,1,1,0,0,1,0,0,0,1,0,0,0,0,0,0,1,0,1,1,0,0,1,0,0,1,0,0,1,1,0,1,0,1,1,0,0,0,0,0,0,0,1,1,1,0,1,1,1,0,0,0,0,0,0,0,1,0,0,1,1,0,0,0,1,0,1,0,0,0,1,0,1,0,0,1,0,1,1,1,1,0,0,1,1,1,1,1,0
"Benzenecarbothioic acid, 2-hydroxy-",C1=CC=C(C(=C1)C(=O)S)O,0,0,0,0,0,0,0,0,0,0,0,0,0,0,0,0,0,0,0,0,0,0,0,0,0,0,0,0,0,0,0,0,0,0,0,0,0,0,0,0,0,0,0,0,0,0,0,0,0,0,0,0,0,0,1,0,0,0,0,0,0,0,0,0,0,0,0,0,0,0,0,0,0,0,0,0,0,0,0,0,0,0,1,0,0,0,0,0,0,1,1,0,0,0,0,0,0,0,0,0,0,0,0,0,0,0,0,0,0,0,0,0,0,0,1,0,0,0,0,0,0,0,0,0,0,0,0,0,1,0,0,0,1,0,0,0,0,0,0,0,1,0,0,0,1,1,0,0,0,0,0,1,0,1,0,1,0,0,1,0,1,0,0,1,1,1,1,0
"1,2-Benzenediol, 1-(N-methylcarbamate)",CNC(=O)OC1=CC=CC=C1O,0,0,0,0,0,0,0,0,0,0,0,0,0,0,0,0,0,0,0,0,0,0,0,0,1,0,0,0,0,0,0,0,0,0,0,0,0,0,0,0,0,0,0,0,0,0,0,0,0,0,0,0,0,0,0,0,0,0,0,0,0,0,0,0,0,0,0,0,0,0,0,0,0,1,0,0,0,0,0,0,0,0,0,0,0,0,0,0,0,0,0,0,0,0,1,0,0,0,0,0,0,0,0,0,0,0,0,1,0,0,0,1,0,0,1,0,0,0,1,0,0,0,0,0,1,0,0,1,1,0,0,0,1,0,0,0,0,0,0,0,1,0,0,0,1,1,0,1,0,0,0,1,1,1,0,1,0,1,1,1,1,1,1,1,1,1,1,0
"Acetamide, 2-((p-methoxybenzyl)oxy)-N,N-dipropyl-",CCCN(CCC)C(=O)COCC1=CC=C(C=C1)OC,0,0,0,0,0,0,0,0,0,0,0,0,0,0,0,0,0,0,0,0,0,0,0,0,0,0,0,0,0,0,0,0,0,0,0,0,0,0,0,0,0,0,0,0,0,0,0,0,0,0,0,0,0,0,0,0,0,0,0,0,0,0,0,0,0,0,0,0,0,0,0,0,0,1,0,0,0,0,0,0,0,0,0,0,0,0,1,1,0,0,0,0,0,1,1,0,1,0,0,0,0,1,0,0,0,0,0,0,0,1,1,1,1,0,1,1,1,0,1,1,0,0,0,1,0,0,0,1,1,1,1,0,0,1,0,0,0,0,0,1,0,0,1,0,1,0,0,1,1,1,1,0,0,1,1,1,1,1,1,1,1,1,1,1,1,1,1,0
Cyproconazole,CC(C1CC1)C(CN2C=NC=N2)(C3=CC=C(C=C3)Cl)O,0,0,0,0,0,0,0,0,0,0,0,0,0,0,0,0,0,0,0,0,0,0,0,1,0,0,0,0,0,0,0,0,0,0,0,0,0,0,0,0,0,0,0,0,0,0,0,0,0,0,0,0,0,1,0,0,0,0,0,0,0,0,0,0,0,0,1,1,0,0,0,0,0,0,0,0,1,0,1,0,1,1,0,0,1,0,0,0,1,0,0,0,1,0,0,1,1,1,1,0,0,1,0,0,1,1,0,0,1,0,0,0,1,1,0,0,0,1,0,0,0,1,1,1,0,1,1,0,0,1,0,0,0,1,0,1,0,0,1,0,1,0,0,1,0,0,0,0,1,1,0,0,0,1,1,0,1,1,1,1,0,1,1,1,1,1,1,0
Spiroxamine,CCCN(CC)CC1COC2(O1)CCC(CC2)C(C)(C)C,0,0,0,0,0,0,0,0,0,0,0,0,0,0,0,0,0,0,0,0,0,0,0,0,0,0,0,0,0,0,0,0,0,0,0,0,0,0,0,0,0,0,0,0,0,0,0,0,0,0,0,0,0,0,0,0,0,0,1,0,0,0,0,0,0,0,0,1,0,0,0,0,0,1,0,1,0,0,0,0,0,0,0,0,1,0,1,1,0,0,0,0,0,0,0,0,1,1,1,0,0,1,0,0,0,0,1,0,0,1,1,0,1,1,0,1,1,1,0,1,0,1,0,1,1,0,0,0,0,1,1,0,0,1,0,0,0,0,1,1,0,0,1,0,0,0,0,0,1,1,1,0,0,1,1,0,1,0,1,1,1,1,1,0,1,1,1,0
Acibenzolar-S-Methyl,CSC(=O)C1=C2C(=CC=C1)N=NS2,0,0,0,0,0,0,0,0,0,0,0,0,0,0,0,0,0,0,0,0,0,0,0,0,0,0,0,0,0,0,0,0,0,1,1,0,0,1,0,0,0,0,0,0,0,0,0,0,1,0,0,0,0,1,0,0,0,0,0,0,0,0,0,0,0,0,1,0,1,0,0,1,0,0,0,0,0,0,0,0,0,1,1,0,1,0,0,0,0,1,0,0,0,0,1,1,0,1,0,0,0,0,1,0,0,0,1,0,0,0,0,0,0,0,0,0,0,0,0,0,0,1,1,0,0,1,1,0,0,0,0,1,0,0,0,0,0,0,1,0,0,0,0,1,0,0,0,0,0,0,0,0,0,0,0,1,0,1,0,0,0,1,1,1,1,1,1,0
Tetraamminecopper carbonate,C(=O)([O-])[O-].N.N.N.N.[Cu+2],0,0,0,0,0,0,0,0,0,0,0,0,0,1,0,0,1,0,0,0,0,0,0,0,0,0,0,0,0,0,0,0,0,0,0,0,0,0,0,0,0,0,0,0,0,1,0,0,0,0,1,0,0,0,0,0,0,0,0,0,0,0,0,0,0,0,0,0,0,0,0,0,0,0,0,0,0,0,0,0,0,0,0,0,0,0,0,0,0,0,0,0,0,0,0,0,0,0,0,0,0,0,0,0,0,0,0,1,0,0,0,0,0,0,0,0,0,0,0,0,0,0,0,0,1,0,0,0,0,0,0,0,1,0,0,0,0,0,0,0,0,0,0,1,0,0,0,1,0,0,0,0,1,0,0,1,0,0,1,0,1,0,1,0,0,1,0,1
"4-[(13R)-2,13-dihydroxy-13-[(2R,5S)-5-[(2S)-5-[(1S)-1-hydroxyundecyl]oxolan-2-yl]oxolan-2-yl]tridecyl]-2-methyl-2H-furan-5-one",CCCCCCCCCC[C@@H](C1CC[C@H](O1)[C@@H]2CC[C@@H](O2)[C@@H](CCCCCCCCCCC(CC3=CC(OC3=O)C)O)O)O,0,0,0,0,0,0,0,0,0,0,0,0,0,0,0,0,0,0,0,0,0,0,0,0,0,0,0,0,0,0,0,0,0,0,0,0,0,0,0,0,0,0,0,0,0,0,0,0,0,0,0,1,0,0,0,0,0,0,1,0,0,0,0,1,0,0,0,0,0,0,0,0,0,1,0,0,0,1,0,0,0,0,0,0,1,0,0,0,0,0,0,1,1,0,0,0,0,1,0,0,1,0,0,0,0,1,0,0,0,1,0,0,0,0,0,1,1,1,0,1,0,1,0,0,1,0,0,0,1,1,1,0,1,1,0,0,0,0,1,0,1,1,0,0,1,0,0,1,1,0,1,1,0,1,0,1,1,0,1,0,1,1,0,0,0,1,1,0
"(1R,4S,5'S,6R,6'R,8R,12S,13S,20R,21R,24S)-6'-[(2R)-butan-2-yl]-21,24-dihydroxy-12-[(2R,4S,5S,6S)-5-[(2S,4S,5S,6S)-5-hydroxy-4-methoxy-6-methyloxan-2-yl]oxy-4-methoxy-6-methyloxan-2-yl]oxy-5',11,13,22-tetramethylspiro[3,7,19-trioxatetracyclo[15.6.1.14,8.020,24]pentacosa-10,14,16,22-tetraene-6,2'-oxane]-2-one",CC[C@@H](C)[C@@H]1[C@H](CC[C@@]2(O1)C[C@@H]3C[C@H](O2)CC=C([C@H]([C@H](C=CC=C4CO[C@H]5[C@@]4([C@@H](C=C([C@H]5O)C)C(=O)O3)O)C)O[C@H]6C[C@@H]([C@H]([C@@H](O6)C)O[C@H]7C[C@@H]([C@H]([C@@H](O7)C)O)OC)OC)C)C,0,0,0,0,0,0,0,0,0,0,0,0,0,0,0,0,0,0,0,0,0,0,0,0,0,0,0,1,0,0,0,0,0,0,0,0,0,0,0,0,0,0,0,0,0,0,0,0,0,0,0,1,0,0,1,0,0,0,1,0,0,0,0,0,0,0,0,1,0,0,0,0,0,1,0,0,0,1,0,0,0,0,0,0,1,0,0,0,0,0,1,1,1,0,1,0,0,1,0,1,1,0,1,0,0,0,1,0,0,1,1,0,0,1,0,1,1,1,0,1,0,1,0,0,1,0,0,1,1,1,1,0,1,1,0,0,0,0,1,0,1,1,1,0,1,0,1,1,1,0,1,1,0,1,1,1,1,0,1,0,1,1,0,0,1,1,1,0
Dihydrorotenone,CC(C)[C@H]1CC2=C(O1)C=CC3=C2O[C@@H]4COC5=CC(=C(C=C5[C@@H]4C3=O)OC)OC,0,0,0,0,0,0,0,0,0,0,0,0,0,0,0,0,0,0,0,0,0,0,0,0,0,0,0,0,0,0,0,0,0,0,0,0,0,0,0,0,0,0,0,0,0,0,0,0,0,0,0,0,0,0,0,0,0,0,1,0,0,0,0,0,0,0,0,0,0,0,0,0,0,1,0,1,0,0,0,0,0,0,0,0,1,0,0,0,0,0,1,0,0,0,1,0,0,1,0,1,0,0,1,0,0,0,1,0,0,0,1,0,0,0,1,0,0,1,0,0,0,1,0,0,0,0,1,1,1,0,0,0,0,1,0,0,0,0,1,0,0,1,1,0,1,1,1,1,0,0,1,1,0,1,1,1,0,0,1,0,1,1,0,1,1,1,1,0
Potassium Bromide,[K+].[Br-],0,0,0,0,0,0,0,0,0,0,0,0,0,0,0,0,0,0,0,0,0,0,0,0,0,0,0,0,0,0,0,0,0,0,0,0,1,0,0,0,0,0,0,0,0,1,0,1,0,0,1,0,0,0,0,0,0,0,0,0,0,0,0,0,0,0,0,0,0,0,0,0,0,0,0,0,0,0,0,0,0,0,0,0,0,0,0,0,0,0,0,0,0,0,0,0,0,0,0,0,0,0,0,0,0,0,0,0,0,0,0,0,0,0,0,0,0,0,0,0,0,0,0,0,0,0,0,0,0,0,0,0,0,0,0,1,0,0,0,0,0,0,0,0,0,0,0,0,0,0,0,0,0,0,0,0,0,0,0,0,0,0,0,0,0,0,0,1
Sodium Bromide,[Na+].[Br-],0,0,0,0,0,0,0,0,0,0,0,0,0,0,0,0,0,0,0,0,0,0,0,0,0,0,0,0,0,0,0,0,0,0,0,0,1,0,0,0,0,0,0,0,0,1,0,1,0,0,1,0,0,0,0,0,0,0,0,0,0,0,0,0,0,0,0,0,0,0,0,0,0,0,0,0,0,0,0,0,0,0,0,0,0,0,0,0,0,0,0,0,0,0,0,0,0,0,0,0,0,0,0,0,0,0,0,0,0,0,0,0,0,0,0,0,0,0,0,0,0,0,0,0,0,0,0,0,0,0,0,0,0,0,0,1,0,0,0,0,0,0,0,0,0,0,0,0,0,0,0,0,0,0,0,0,0,0,0,0,0,0,0,0,0,0,0,1
"Phoxim, (E)-",CCOP(=S)(OCC)O/N=C(/C#N)\C1=CC=CC=C1,0,0,0,0,0,0,0,0,0,0,0,0,0,0,0,0,0,0,0,0,0,0,0,0,0,1,0,0,0,0,1,0,0,0,0,0,0,0,0,0,0,0,1,0,0,0,0,0,0,1,0,0,0,0,0,0,0,0,0,0,0,0,0,0,0,0,0,0,1,0,0,0,1,0,1,0,0,0,0,1,1,0,1,0,0,0,0,0,0,1,0,0,0,0,0,1,1,0,1,0,0,0,0,1,0,0,0,1,0,0,1,0,0,1,0,1,0,0,0,0,1,0,0,0,0,1,0,1,0,1,0,1,0,0,0,0,0,0,0,1,0,0,0,1,0,0,0,1,0,1,1,0,0,0,1,0,1,1,1,0,1,1,1,1,1,1,1,0
Benzphenazone,C1=CC=C(C=C1)/C(=N/NC2=C(C=C(C=C2Cl)Cl)Cl)/Cl,0,0,0,0,0,0,0,0,0,0,0,0,0,0,0,0,0,0,0,0,0,0,0,0,0,0,0,0,0,0,0,0,0,0,0,0,0,0,0,0,0,0,0,0,0,0,0,0,0,0,0,0,0,1,0,0,0,0,0,0,0,0,0,0,0,0,0,0,0,0,1,0,0,0,0,0,0,0,0,1,0,0,0,0,0,0,0,0,1,0,0,0,0,0,0,1,0,0,0,0,0,0,0,0,1,0,0,0,1,0,0,0,0,0,0,0,0,0,0,0,1,0,0,0,0,1,1,0,0,0,0,0,0,0,1,1,1,0,0,0,0,0,0,1,0,1,1,0,0,0,0,1,1,0,0,0,0,1,0,1,0,0,1,1,1,0,1,0
"3,13-Octadecadien-1-ol acetate, (3Z,13Z)-",CCCC/C=C\CCCCCCCC/C=C\CCOC(=O)C,0,0,0,0,0,0,0,0,0,0,0,0,0,0,0,0,0,0,0,0,0,0,0,0,0,0,0,0,0,0,0,0,0,0,0,0,0,0,0,0,0,0,0,0,0,0,0,0,0,0,0,0,0,0,0,0,0,0,0,0,0,0,0,0,0,0,0,0,0,0,0,0,0,0,0,0,0,0,0,0,0,0,0,0,0,0,0,0,0,0,0,0,0,0,0,0,0,0,0,0,1,0,0,0,0,0,0,0,0,1,1,0,0,0,0,1,1,1,0,1,0,0,0,0,1,0,0,1,0,1,1,0,0,1,0,0,0,0,0,0,0,0,0,0,0,0,0,0,1,0,1,0,0,0,1,1,1,0,1,0,1,1,0,0,0,1,0,0
(E)-9-Dodecenyl acetate,CC/C=C/CCCCCCCCOC(=O)C,0,0,0,0,0,0,0,0,0,0,0,0,0,0,0,0,0,0,0,0,0,0,0,0,0,0,0,0,0,0,0,0,0,0,0,0,0,0,0,0,0,0,0,0,0,0,0,0,0,0,0,0,0,0,0,0,0,0,0,0,0,0,0,0,0,0,0,0,0,0,0,0,0,0,0,0,0,0,0,0,0,0,0,0,0,0,0,0,0,0,0,0,0,0,0,0,0,0,0,0,1,0,0,0,0,0,0,0,0,1,1,0,0,0,0,1,0,1,0,1,0,0,0,0,1,0,0,1,0,1,1,0,0,1,0,0,0,0,0,0,0,0,0,0,0,0,0,0,1,0,1,0,0,0,1,1,1,0,1,0,1,1,0,0,0,1,0,0
Myristoleyl alcohol,CCCC/C=C\CCCCCCCCO,0,0,0,0,0,0,0,0,0,0,0,0,0,0,0,0,0,0,0,0,0,0,0,0,0,0,0,0,0,0,0,0,0,0,0,0,0,0,0,0,0,0,0,0,0,0,0,0,0,0,0,0,0,0,0,0,0,0,0,0,0,0,0,0,0,0,0,0,0,0,0,0,0,0,0,0,0,0,0,0,0,0,0,1,0,0,0,0,0,0,0,1,1,0,0,0,0,0,0,0,1,0,0,0,0,1,0,0,0,0,1,0,0,0,0,1,1,1,0,1,0,0,0,0,0,0,0,0,0,1,1,0,0,1,0,0,0,0,0,0,1,0,0,0,0,0,0,0,1,0,0,0,0,0,1,0,1,0,1,0,0,1,0,0,0,1,0,0
"Thiofanox, (E)-",CC(C)(C)/C(=N\OC(=O)NC)/CSC,0,0,0,0,0,0,0,0,0,0,0,0,0,0,0,0,0,0,0,0,0,0,0,0,1,1,0,0,0,0,0,0,0,0,0,0,0,0,0,0,0,0,0,0,0,0,0,0,0,0,0,0,0,0,0,0,0,0,0,0,0,0,0,0,0,0,0,1,0,0,0,0,1,0,0,1,0,0,0,1,1,0,0,0,0,0,0,1,0,1,0,0,0,0,1,1,1,0,0,0,0,0,0,1,0,0,0,1,0,0,0,1,1,1,0,0,1,1,1,0,1,0,0,0,1,1,0,1,0,0,0,0,0,0,0,0,0,0,0,0,0,0,1,1,0,0,0,0,0,0,1,0,1,0,1,1,1,1,1,1,1,1,1,0,0,1,0,0
"4-Tridecen-1-yl acetate, (4E)-",CCCCCCCC/C=C/CCCOC(=O)C,0,0,0,0,0,0,0,0,0,0,0,0,0,0,0,0,0,0,0,0,0,0,0,0,0,0,0,0,0,0,0,0,0,0,0,0,0,0,0,0,0,0,0,0,0,0,0,0,0,0,0,0,0,0,0,0,0,0,0,0,0,0,0,0,0,0,0,0,0,0,0,0,0,0,0,0,0,0,0,0,0,0,0,0,0,0,0,0,0,0,0,0,0,0,0,0,0,0,0,0,1,0,0,0,0,0,0,0,0,1,1,0,0,0,0,1,1,1,0,1,0,0,0,0,1,0,0,1,0,1,1,0,0,1,0,0,0,0,0,0,0,0,0,0,0,0,0,0,1,0,1,0,0,0,1,1,1,0,1,0,1,1,0,0,0,1,0,0
"11-Tetradecenyl acetate, (11Z)-",CC/C=C\CCCCCCCCCCOC(=O)C,0,0,0,0,0,0,0,0,0,0,0,0,0,0,0,0,0,0,0,0,0,0,0,0,0,0,0,0,0,0,0,0,0,0,0,0,0,0,0,0,0,0,0,0,0,0,0,0,0,0,0,0,0,0,0,0,0,0,0,0,0,0,0,0,0,0,0,0,0,0,0,0,0,0,0,0,0,0,0,0,0,0,0,0,0,0,0,0,0,0,0,0,0,0,0,0,0,0,0,0,1,0,0,0,0,0,0,0,0,1,1,0,0,0,0,1,0,1,0,1,0,0,0,0,1,0,0,1,0,1,1,0,0,1,0,0,0,0,0,0,0,0,0,0,0,0,0,0,1,0,1,0,0,0,1,1,1,0,1,0,1,1,0,0,0,1,0,0
Squamocin G,CCCCCCCCCC[C@H]([C@@H]1CC[C@H](O1)[C@@H]2CC[C@H](O2)[C@H](CCCCCCCCCC[C@@H](CC3=CC(OC3=O)C)O)O)O,0,0,0,0,0,0,0,0,0,0,0,0,0,0,0,0,0,0,0,0,0,0,0,0,0,0,0,0,0,0,0,0,0,0,0,0,0,0,0,0,0,0,0,0,0,0,0,0,0,0,0,1,0,0,0,0,0,0,1,0,0,0,0,1,0,0,0,0,0,0,0,0,0,1,0,0,0,1,0,0,0,0,0,0,1,0,0,0,0,0,0,1,1,0,0,0,0,1,0,0,1,0,0,0,0,1,0,0,0,1,0,0,0,0,0,1,1,1,0,1,0,1,0,0,1,0,0,0,1,1,1,0,1,1,0,0,0,0,1,0,1,1,0,0,1,0,0,1,1,0,1,1,0,1,0,1,1,0,1,0,1,1,0,0,0,1,1,0
Chrysanthemumdicarboxylic acid,C/C(=C\C1C(C1(C)C)C(=O)O)/C(=O)O,0,0,0,0,0,0,0,0,0,0,0,0,0,0,0,0,0,0,0,0,0,0,0,1,0,0,0,0,0,0,0,0,0,0,0,0,0,0,0,0,0,0,0,0,0,0,0,0,0,0,0,1,0,0,0,0,0,0,0,0,0,0,0,0,0,0,0,1,0,0,0,0,0,0,0,1,0,1,0,0,0,0,0,0,0,0,0,0,0,0,0,0,0,0,0,0,0,0,0,0,1,0,0,0,0,0,0,0,0,0,0,0,0,1,0,0,0,0,0,0,0,0,0,0,1,0,0,0,0,0,0,0,1,0,0,0,0,1,0,0,1,1,1,0,0,0,0,1,0,0,1,1,0,0,0,1,0,0,1,0,1,1,0,0,0,1,1,0
Hydroprene,CCOC(=O)/C=C(\C)/C=C/CC(C)CCCC(C)C,0,0,0,0,0,0,0,0,0,0,0,0,0,0,0,0,0,0,0,0,0,0,0,0,0,0,0,0,0,0,0,0,0,0,0,0,0,0,0,0,0,0,0,0,0,0,0,0,0,0,0,1,0,0,0,0,0,0,0,0,0,0,0,0,0,0,0,0,0,0,0,0,0,0,0,1,0,1,0,0,0,0,0,0,0,0,0,0,0,0,0,0,0,0,0,0,0,0,0,0,1,0,0,0,0,0,0,0,0,1,1,0,0,0,0,1,1,1,0,1,0,0,0,0,1,0,0,1,0,1,1,0,0,0,0,0,0,0,0,0,0,0,1,0,0,0,0,0,1,0,1,0,0,0,1,1,1,0,1,0,1,1,0,0,0,1,0,0
Vitamin D3,C[C@H](CCCC(C)C)[C@H]1CC[C@@H]\2[C@@]1(CCC/C2=C\C=C/3\C[C@H](CCC3=C)O)C,0,0,0,0,0,0,0,0,0,0,0,0,0,0,0,0,0,0,0,0,0,0,0,0,0,0,0,0,0,0,0,0,0,0,0,1,0,0,0,0,0,0,0,0,0,0,0,0,0,0,0,1,0,0,0,0,0,0,0,0,0,0,0,0,0,0,0,1,0,0,0,0,0,0,0,1,0,1,0,0,0,0,0,0,0,0,0,0,0,0,0,1,0,0,0,0,0,1,0,0,1,0,1,0,0,1,1,0,0,1,0,0,0,1,0,0,1,1,0,1,0,0,0,0,0,0,0,0,1,1,1,0,0,1,0,0,0,0,0,0,1,0,1,0,1,0,1,0,1,0,1,1,0,1,0,0,1,0,1,0,0,1,0,0,1,1,1,0
Cinoxate,CCOCCOC(=O)/C=C/C1=CC=C(C=C1)OC,0,0,0,0,0,0,0,0,0,0,0,0,0,0,0,0,0,0,0,0,0,0,0,0,0,0,0,0,0,0,0,0,0,0,0,0,0,0,0,0,0,0,0,0,0,0,0,0,0,0,0,0,0,0,0,0,0,0,0,0,0,0,0,0,0,0,0,0,0,0,0,0,0,1,0,0,0,0,0,0,0,0,0,0,0,0,0,1,0,0,0,0,0,0,1,0,0,0,0,0,1,0,0,0,0,0,0,0,0,1,1,0,0,0,1,1,0,1,0,1,0,0,0,0,1,0,0,1,1,0,1,0,0,1,0,0,0,0,0,1,0,1,0,0,1,0,0,1,1,0,1,0,0,1,1,1,1,0,1,0,1,1,0,1,1,1,1,0
Dicrotophos,C/C(=C\C(=O)N(C)C)/OP(=O)(OC)OC,0,0,0,0,0,0,0,0,0,0,0,0,0,0,0,0,0,0,0,0,0,0,0,0,0,0,0,0,0,0,1,0,0,0,0,0,0,0,0,0,0,0,0,0,0,0,0,0,0,1,0,0,0,0,0,0,0,0,0,0,0,0,0,0,0,0,0,0,0,0,0,0,0,0,0,1,0,1,0,0,0,0,0,0,0,0,1,1,0,0,1,0,0,1,1,0,0,0,1,0,1,0,0,1,0,0,0,1,0,0,0,1,0,1,0,0,0,0,1,0,0,0,0,1,0,1,0,1,0,0,0,1,0,0,0,0,0,1,0,0,0,1,1,0,0,0,0,1,0,1,1,0,0,1,0,1,0,1,1,1,1,1,1,0,0,1,0,0
"Cyclopropanecarboxylic acid, 3-(3-methoxy-2-methyl-3-oxo-1-propenyl)-2,2-dimethyl-, 2-methyl-4-oxo-3-(2,4-pentadienyl)-2-cyclopenten-1-yl ester, (1R-(1alpha(S*(Z)),3beta(E)))-",CC1=C(C(=O)CC1OC(=O)C2C(C2(C)C)/C=C(\C)/C(=O)OC)C/C=C/C=C,0,0,0,0,0,0,0,0,0,0,0,0,0,0,0,0,0,0,0,0,0,0,0,1,0,0,0,0,0,0,0,0,0,0,0,1,0,0,0,0,0,0,0,0,0,0,0,0,0,0,0,1,0,0,0,0,0,0,0,0,0,0,0,0,0,0,0,1,0,0,0,0,0,0,0,1,0,1,0,0,0,0,0,0,0,0,0,0,0,0,1,0,0,0,1,0,0,1,0,0,1,0,0,0,0,0,0,0,0,1,0,0,0,1,0,0,0,1,0,0,0,0,0,0,1,0,0,1,1,1,1,0,0,1,0,0,0,1,0,0,0,1,1,0,1,0,0,1,0,0,1,1,0,1,0,1,1,0,1,0,1,1,0,0,0,1,1,0
Hydrogen methylarsonate,C[As](=O)(O)[O-],0,0,0,0,1,0,0,0,0,0,0,0,0,0,0,0,0,0,0,0,0,0,0,0,0,0,0,0,0,0,0,0,0,0,0,0,0,0,0,0,0,0,0,0,0,1,0,0,0,1,1,0,0,0,0,0,0,0,0,0,0,0,0,0,0,0,0,0,0,0,1,0,0,0,0,0,0,0,0,0,0,0,0,0,0,0,0,0,0,0,0,0,0,0,1,0,0,0,0,0,0,0,0,1,0,0,0,1,0,0,0,0,0,1,0,0,0,0,0,0,0,0,0,0,0,1,0,0,0,0,0,1,0,0,0,0,0,0,0,0,1,0,0,0,0,0,0,1,0,1,0,0,0,0,0,0,0,0,0,0,1,1,0,0,0,1,0,0
p-Chloromercuribenzenesulfonate,C1=CC(=CC=C1S(=O)(=O)[O-])[Hg]Cl,0,0,0,0,0,0,0,0,0,0,0,0,0,1,0,0,0,0,0,0,0,0,0,0,0,0,0,0,0,0,0,0,1,0,0,0,0,0,0,0,1,1,0,0,0,1,0,0,0,1,1,0,1,0,0,0,1,0,0,1,1,1,1,0,0,1,0,0,1,0,0,0,0,0,1,0,0,0,0,0,0,0,1,0,0,0,0,0,0,1,0,0,0,0,0,0,0,0,0,0,0,0,0,1,1,0,0,1,0,0,0,0,0,1,0,0,0,0,0,0,0,0,0,0,0,1,0,0,0,0,0,1,0,0,0,1,0,1,0,0,0,0,0,0,0,0,0,1,0,1,0,0,0,0,0,0,0,0,0,0,1,0,0,1,1,1,1,0
Miedzian 50,[OH-].[OH-].[OH-].[Cl-].[Cl-].[Cu+2].[Cu+2],0,0,0,0,0,0,0,0,0,0,0,0,0,1,0,0,0,0,0,0,0,0,0,0,0,0,0,0,0,0,0,0,0,0,0,0,0,0,0,0,0,0,0,0,0,1,0,0,0,0,1,0,0,0,0,0,0,0,0,0,0,0,0,0,0,0,0,0,0,0,0,0,0,0,0,0,0,0,0,0,0,0,0,0,0,0,0,0,0,0,0,0,0,0,0,0,0,0,0,0,0,0,0,0,1,0,0,0,0,0,0,0,0,0,0,0,0,0,0,0,0,0,0,0,0,0,0,0,0,0,0,0,1,0,0,1,0,0,0,0,1,0,0,0,0,0,0,1,0,0,0,0,0,0,0,0,0,0,0,0,1,0,0,0,0,1,0,1
Sodium;sulfane,[Na+].S,0,0,0,0,0,0,0,0,0,0,0,0,0,0,0,0,0,0,0,0,0,0,0,0,0,0,0,0,0,0,0,0,0,0,0,0,1,0,0,0,0,0,0,0,0,1,0,0,0,0,1,0,0,0,0,0,0,0,0,0,0,0,0,0,0,0,0,0,0,0,0,0,0,0,0,0,0,0,0,0,0,0,0,0,0,0,0,0,0,1,0,0,0,0,0,0,0,0,0,0,0,0,0,0,0,0,0,0,0,0,0,0,0,0,0,0,0,0,0,0,0,0,0,0,0,0,0,0,0,0,0,0,0,0,0,0,0,0,0,0,0,0,0,0,0,0,0,0,0,0,0,0,0,0,0,0,0,0,0,0,0,0,0,0,0,0,0,1
S-Hydroprene,CCOC(=O)/C=C(\C)/C=C/C[C@@H](C)CCCC(C)C,0,0,0,0,0,0,0,0,0,0,0,0,0,0,0,0,0,0,0,0,0,0,0,0,0,0,0,0,0,0,0,0,0,0,0,0,0,0,0,0,0,0,0,0,0,0,0,0,0,0,0,1,0,0,0,0,0,0,0,0,0,0,0,0,0,0,0,0,0,0,0,0,0,0,0,1,0,1,0,0,0,0,0,0,0,0,0,0,0,0,0,0,0,0,0,0,0,0,0,0,1,0,0,0,0,0,0,0,0,1,1,0,0,0,0,1,1,1,0,1,0,0,0,0,1,0,0,1,0,1,1,0,0,0,0,0,0,0,0,0,0,0,1,0,0,0,0,0,1,0,1,0,0,0,1,1,1,0,1,0,1,1,0,0,0,1,0,0
Tetrachlorvinphos,COP(=O)(OC)O/C(=C\Cl)/C1=CC(=C(C=C1Cl)Cl)Cl,0,0,0,0,0,0,0,0,0,0,0,0,0,0,0,0,0,0,0,0,0,0,0,0,0,0,0,0,0,0,1,0,0,0,0,0,0,0,0,0,0,0,0,0,0,0,0,0,0,1,0,0,0,0,0,0,0,0,0,0,0,0,0,0,0,0,0,0,0,0,0,0,0,0,0,0,0,1,0,0,0,0,0,0,0,0,0,0,1,0,0,0,0,0,1,0,0,0,0,0,1,0,0,1,1,0,0,1,1,0,0,0,0,1,0,0,0,0,0,0,0,0,0,0,0,1,0,1,0,0,0,1,0,0,0,1,0,0,0,0,0,1,0,0,0,1,0,1,0,1,1,1,0,1,0,0,0,0,1,0,1,1,0,1,1,1,1,0
Azadirachtin,C/C=C(\C)/C(=O)O[C@H]1C[C@H]([C@]2(CO[C@@H]3[C@@H]2[C@]14CO[C@@]([C@H]4[C@]([C@@H]3O)(C)[C@@]56[C@@H]7C[C@H]([C@@]5(O6)C)[C@]8(C=CO[C@H]8O7)O)(C(=O)OC)O)C(=O)OC)OC(=O)C,0,0,0,0,0,0,0,0,0,0,0,0,0,0,0,0,0,1,0,0,1,0,0,1,0,0,0,0,0,0,0,0,0,0,0,0,0,0,0,0,0,0,0,0,0,0,0,0,0,0,0,1,0,0,0,0,0,0,1,0,0,0,0,1,0,0,0,1,0,0,0,0,0,1,0,0,0,1,0,0,0,0,0,0,1,0,0,0,0,0,1,1,1,0,1,0,0,1,0,1,1,0,1,0,0,0,1,0,0,1,1,0,0,1,0,0,0,1,0,0,0,1,0,0,1,0,0,1,1,1,1,0,1,1,0,0,0,1,1,1,1,1,1,0,1,0,1,1,0,0,1,1,0,1,1,1,0,0,1,0,1,1,0,0,1,1,1,0
Cinerin I,C/C=C\CC1=C([C@H](CC1=O)OC(=O)[C@@H]2[C@H](C2(C)C)C=C(C)C)C,0,0,0,0,0,0,0,0,0,0,0,0,0,0,0,0,0,0,0,0,0,0,0,1,0,0,0,0,0,0,0,0,0,0,0,0,0,0,0,0,0,0,0,0,0,0,0,0,0,0,0,1,0,0,0,0,0,0,0,0,0,0,0,0,0,0,0,1,0,0,0,0,0,0,0,1,0,1,0,0,0,0,0,0,0,0,0,0,0,0,1,0,0,0,0,0,0,1,0,0,1,0,0,0,0,0,0,0,0,1,0,0,0,1,0,0,0,1,0,0,0,0,0,0,1,0,0,1,1,1,1,0,0,1,0,0,0,1,0,0,0,0,1,0,1,0,0,1,0,0,1,1,0,1,0,1,1,0,1,0,1,1,0,0,0,1,1,0
Pyrethrin II,CC1=C(C(=O)C[C@@H]1OC(=O)[C@@H]2[C@H](C2(C)C)/C=C(\C)/C(=O)OC)C/C=C\C=C,0,0,0,0,0,0,0,0,0,0,0,0,0,0,0,0,0,0,0,0,0,0,0,1,0,0,0,0,0,0,0,0,0,0,0,1,0,0,0,0,0,0,0,0,0,0,0,0,0,0,0,1,0,0,0,0,0,0,0,0,0,0,0,0,0,0,0,1,0,0,0,0,0,0,0,1,0,1,0,0,0,0,0,0,0,0,0,0,0,0,1,0,0,0,1,0,0,1,0,0,1,0,0,0,0,0,0,0,0,1,0,0,0,1,0,0,0,1,0,0,0,0,0,0,1,0,0,1,1,1,1,0,0,1,0,0,0,1,0,0,0,1,1,0,1,0,0,1,0,0,1,1,0,1,0,1,1,0,1,0,1,1,0,0,0,1,1,0
Hexadecenoic Acid,CCCCCCCCCCCCC/C=C/C(=O)O,0,0,0,0,0,0,0,0,0,0,0,0,0,0,0,0,0,0,0,0,0,0,0,0,0,0,0,0,0,0,0,0,0,0,0,0,0,0,0,0,0,0,0,0,0,0,0,0,0,0,0,0,0,0,0,0,0,0,0,0,0,0,0,0,0,0,0,0,0,0,0,0,0,0,0,0,0,0,0,0,0,0,0,0,0,0,0,0,0,0,0,0,1,0,0,0,0,0,0,0,1,0,0,0,0,0,0,0,0,1,0,0,0,0,0,1,1,1,0,1,0,0,0,0,1,0,0,0,0,1,1,0,0,0,0,0,0,0,0,0,1,0,0,0,0,0,0,0,1,0,0,0,0,0,0,1,1,0,1,0,1,1,0,0,0,1,0,0
Nerolidol,CC(=CCC/C(=C/CCC(C)(C=C)O)/C)C,0,0,0,0,0,0,0,0,0,0,0,0,0,0,0,0,0,0,0,0,0,0,0,0,0,0,0,0,0,0,0,0,0,0,0,1,0,0,0,0,0,0,0,0,0,0,0,0,0,0,0,1,0,0,0,0,0,0,0,0,0,0,0,0,0,0,0,1,0,0,0,0,0,0,0,1,0,1,0,0,0,0,0,0,0,0,0,0,0,0,0,1,0,0,0,0,0,0,0,0,1,0,0,0,0,1,0,0,0,1,0,0,0,1,0,0,1,1,0,1,0,0,0,0,0,0,0,0,0,1,1,0,0,1,0,0,0,0,0,0,1,0,1,0,0,0,0,0,1,0,1,0,0,1,0,0,1,0,1,0,0,1,0,0,0,1,0,0
Strychnine sulfate,C1CN2CC3=CCO[C@H]4CC(=O)N5[C@H]6[C@H]4[C@H]3C[C@H]2[C@@]61C7=CC=CC=C75.C1CN2CC3=CCO[C@H]4CC(=O)N5[C@H]6[C@H]4[C@H]3C[C@H]2[C@@]61C7=CC=CC=C75.OS(=O)(=O)O,0,0,0,0,0,0,0,0,0,0,0,0,0,0,0,0,0,0,0,0,1,0,0,0,0,0,0,1,0,0,0,0,0,0,0,0,0,0,0,0,1,1,0,0,1,0,0,0,0,1,0,1,0,0,0,0,1,0,1,1,0,1,1,0,0,0,0,1,1,0,1,0,0,0,1,0,0,1,0,0,0,1,0,0,1,0,1,1,0,1,1,0,0,1,0,0,0,1,1,1,1,1,1,1,0,0,1,1,0,0,1,1,1,1,0,0,0,0,1,1,0,1,1,1,0,1,1,0,1,1,1,1,1,1,0,0,1,1,1,1,1,1,0,1,1,1,1,1,1,1,0,0,0,1,1,1,0,1,1,1,1,0,1,1,1,1,1,1
Cobalt naphthenate,CCC1CCC(C1)CCC(=O)[O-].CCC1CCC(C1)CCC(=O)[O-].[Co+2],0,0,0,0,0,0,0,0,0,0,1,0,0,0,0,0,0,0,0,0,0,0,0,0,0,0,0,0,0,0,0,0,0,0,0,0,0,0,0,0,0,0,0,0,0,1,0,0,0,0,1,0,0,0,0,0,0,0,0,0,0,0,0,0,0,0,0,0,0,0,0,0,0,0,0,0,0,0,0,0,0,0,0,0,0,0,0,0,0,0,0,0,0,0,0,0,0,1,0,0,0,0,0,0,0,0,0,0,0,1,0,0,0,0,0,1,0,1,0,1,0,0,0,0,1,0,0,0,0,1,1,0,0,1,0,0,0,1,0,0,0,1,0,0,0,0,0,1,1,0,1,0,0,0,0,1,1,0,1,0,1,1,0,0,0,1,1,1
4-(para-Sulfophenylazo)-2-mercuriphenol,[H+].C1=CC(=CC=C1N=NC2=C[C-]=C(C=C2)O)S(=O)(=O)[O-].[OH-].[Hg+2],0,0,0,0,0,0,0,0,0,0,0,0,0,1,0,0,0,0,0,0,0,0,0,0,0,0,0,0,0,0,0,0,0,0,0,0,0,0,0,0,1,1,0,0,0,1,0,0,0,1,1,0,1,1,0,0,1,0,0,1,1,1,1,0,0,1,0,0,1,0,0,0,0,0,1,0,0,0,0,0,0,0,1,0,0,0,0,0,0,1,0,0,0,0,0,1,0,0,0,0,0,0,0,1,0,0,0,1,0,0,0,0,0,1,1,0,0,0,0,0,1,0,0,0,0,1,1,0,1,0,0,1,1,0,1,0,1,1,0,0,1,1,0,1,1,0,1,1,0,1,0,0,0,1,0,0,0,1,1,1,1,0,1,1,1,1,1,1
Chlortetracycline,C[C@@]1([C@H]2C[C@H]3[C@@H](C(=O)C(=C([C@]3(C(=O)C2=C(C4=C(C=CC(=C41)Cl)O)O)O)O)C(=O)N)N(C)C)O,0,0,0,0,0,0,0,0,0,0,0,0,0,0,0,0,0,0,0,0,0,0,0,0,0,0,0,1,0,0,0,0,0,0,0,0,0,0,0,0,0,0,0,0,0,0,0,0,0,0,0,1,0,0,1,1,0,0,0,0,0,0,0,0,0,0,0,1,0,0,0,0,0,1,0,1,0,1,0,0,0,0,0,0,0,1,1,1,1,0,1,1,1,1,1,0,1,0,1,0,1,0,1,0,1,0,1,0,1,1,0,1,0,1,1,0,0,1,1,0,0,0,0,1,0,0,0,0,1,0,0,0,1,0,1,1,0,1,0,0,1,1,1,1,1,1,1,1,0,1,1,1,1,1,0,1,0,1,1,1,1,1,1,1,1,1,1,0
Prosulfalin,CCCN(CCC)C1=C(C=C(C=C1[N+](=O)[O-])S(=O)(=O)N=S(C)C)[N+](=O)[O-],0,0,0,0,0,0,0,0,0,0,0,0,0,0,0,0,0,0,0,0,0,0,0,0,0,1,0,0,0,0,0,0,0,1,1,0,0,0,0,0,0,0,0,0,0,0,0,0,0,0,1,0,1,0,0,0,1,1,0,1,1,1,1,0,1,1,0,0,1,0,0,1,1,0,1,1,0,0,0,0,1,1,1,0,0,0,1,1,0,1,0,0,0,0,1,1,0,0,1,0,0,1,0,1,0,0,0,1,0,1,0,0,1,1,0,1,1,0,1,1,1,0,0,1,0,1,0,0,0,1,1,1,0,0,1,0,1,1,0,1,0,1,1,1,0,1,0,1,1,1,1,1,0,0,1,0,1,1,0,1,1,1,1,1,1,1,1,0
Tralocythrin,CC1(C(C1C(=O)OC(C#N)C2=CC(=CC=C2)OC3=CC=CC=C3)C(C(Cl)(Cl)Br)Br)C,0,0,0,0,0,0,0,0,0,0,0,0,0,0,0,0,0,0,0,0,0,0,0,1,0,0,0,0,0,0,0,0,0,0,0,0,0,0,0,0,0,0,1,0,0,0,0,1,0,0,0,0,0,0,0,0,0,0,0,0,0,0,0,0,0,0,0,1,0,0,0,0,0,0,0,1,0,0,0,0,0,0,0,0,0,0,0,0,0,0,0,0,0,0,0,0,1,0,0,0,0,0,0,0,1,0,0,1,1,0,0,0,0,1,1,0,0,0,0,0,0,0,0,0,1,0,1,1,1,0,0,0,0,0,0,1,0,0,0,0,0,0,0,0,1,0,1,1,0,0,1,1,0,1,0,1,0,0,1,0,1,1,1,1,1,1,1,0
"Acetamide, 2-chloro-N-(2,6-diethylphenyl)-N-(methoxymethyl)-, mixt. with 6-chloro-N-ethyl-N'-(1-methylethyl)-1,3,5-triazine-2,4-diamine",CCC1=C(C(=CC=C1)CC)N(COC)C(=O)CCl.CCNC1=NC(=NC(=N1)Cl)NC(C)C,0,0,0,0,0,0,0,0,0,0,0,0,0,0,0,0,0,0,0,0,0,0,0,0,0,0,1,0,0,1,0,0,0,0,0,0,0,0,0,0,0,0,0,0,0,0,0,0,0,0,0,0,0,0,1,0,0,0,0,0,0,0,0,0,0,0,1,0,0,0,0,0,0,0,0,1,0,0,1,0,0,1,0,1,0,0,1,1,1,0,1,0,0,1,1,0,0,0,0,1,0,1,0,0,1,0,0,1,1,0,1,1,1,0,0,1,1,0,1,0,0,1,1,1,0,0,1,1,0,1,1,0,1,1,1,1,1,0,1,1,0,0,1,1,0,1,1,0,0,1,1,1,1,0,1,1,1,1,1,1,1,1,1,1,1,1,1,1
"Sulfamic acid, magnesium salt (2:1)",NS(=O)(=O)[O-].NS(=O)(=O)[O-].[Mg+2],0,0,0,0,0,0,0,0,0,0,0,1,0,0,0,0,0,0,0,0,0,0,0,0,0,0,0,0,0,0,0,0,0,0,1,0,0,0,0,0,1,1,0,0,0,1,0,0,0,1,1,0,0,0,0,0,1,0,0,1,0,1,1,0,0,0,0,0,1,0,1,0,0,0,1,0,0,0,0,0,0,0,0,0,0,1,0,0,0,1,0,0,0,0,0,1,0,0,0,0,0,0,0,1,0,0,0,1,0,0,0,0,0,1,0,0,0,0,1,0,0,0,0,0,0,1,0,0,0,0,0,1,1,0,0,0,0,1,0,0,0,1,0,1,0,0,0,1,0,1,0,0,1,0,0,0,0,1,0,0,1,0,1,0,0,1,0,1
Cacodylate,C[As](=O)(C)[O-],0,0,0,0,1,0,0,0,0,0,0,0,0,0,0,0,0,0,0,0,0,0,0,0,0,0,0,0,0,0,0,0,0,0,0,0,0,0,0,0,0,0,0,0,0,1,0,0,0,0,1,0,0,0,0,0,0,0,0,0,0,0,0,0,0,0,0,0,0,0,0,0,0,0,0,1,0,0,0,0,0,0,0,0,0,0,0,1,0,0,0,0,0,0,1,0,0,0,0,0,0,0,0,1,0,0,0,0,0,0,0,0,0,1,0,0,0,0,0,0,0,0,0,0,0,1,0,0,0,0,0,1,0,0,0,0,0,0,0,0,0,0,0,0,0,0,0,0,0,1,1,0,0,0,0,0,0,0,0,0,1,1,0,0,0,1,0,0
Propisochlor,CCC1=CC=CC(=C1N(COC(C)C)C(=O)CCl)C,0,0,0,0,0,0,0,0,0,0,0,0,0,0,0,0,0,0,0,0,0,0,0,0,0,0,0,0,0,1,0,0,0,0,0,0,0,0,0,0,0,0,0,0,0,0,0,0,0,0,0,0,0,0,0,0,0,0,0,0,0,0,0,0,0,0,0,0,0,0,0,0,0,0,0,1,0,0,0,0,0,0,0,0,0,0,1,0,0,0,1,0,0,1,0,0,0,0,0,0,0,1,0,0,1,0,0,0,0,1,1,1,1,0,0,1,0,1,1,0,0,0,0,1,0,0,0,1,0,1,1,0,0,1,1,1,1,0,0,1,0,0,1,0,0,1,0,0,0,1,1,1,0,1,1,1,1,1,1,1,1,1,1,1,1,1,1,0
Bifenazate,CC(C)OC(=O)NNC1=C(C=CC(=C1)C2=CC=CC=C2)OC,0,0,0,0,0,0,0,0,0,0,0,0,0,0,0,0,0,0,0,0,0,0,0,0,1,0,0,0,0,0,0,0,0,0,0,0,0,0,0,0,0,0,0,0,0,0,0,0,0,0,0,0,0,1,0,0,0,0,0,0,0,0,0,1,0,0,0,0,0,1,1,0,0,0,0,1,0,0,0,0,0,0,0,0,0,0,0,0,0,0,0,0,0,0,1,1,1,0,1,0,0,0,0,0,0,0,0,1,0,0,0,1,0,0,1,0,0,0,1,0,0,0,0,0,1,1,1,1,1,0,0,0,1,0,1,0,1,0,0,0,0,0,1,1,1,1,1,1,0,0,1,1,1,1,0,1,0,1,1,1,1,1,1,1,1,1,1,0
"Isobutyric acid, ammonium salt",CC(C)C(=O)[O-].[NH4+],0,0,0,0,0,0,0,0,0,0,0,0,0,0,0,0,0,0,0,0,0,0,0,0,0,0,0,0,0,0,0,0,0,0,0,0,0,0,0,0,0,0,0,0,0,0,0,0,0,0,1,0,0,0,0,0,0,0,0,0,0,0,0,0,0,0,0,0,0,0,0,0,0,0,0,1,0,0,0,0,0,0,0,0,0,0,0,0,0,0,0,0,0,0,0,0,0,0,0,0,0,0,0,0,0,0,0,0,0,0,0,0,0,0,0,0,0,0,0,0,0,0,0,0,1,0,0,0,0,0,0,0,0,0,0,0,0,0,0,0,0,0,0,0,0,0,0,0,0,0,1,0,1,0,0,1,0,0,1,0,1,1,1,0,0,1,0,1
Endothall,C1C[C@H]2[C@@H]([C@@H]([C@@H]1O2)C(=O)O)C(=O)O,0,0,0,0,0,0,0,0,0,0,0,0,0,0,0,0,0,0,0,0,0,0,0,0,0,0,0,0,0,0,0,0,0,0,0,0,0,0,0,0,0,0,0,0,0,0,0,0,0,0,0,0,0,0,0,0,0,0,1,0,0,0,0,0,0,0,0,0,0,0,0,0,0,0,0,0,0,0,0,0,0,0,0,0,1,0,0,0,0,0,1,0,1,0,0,0,0,1,0,0,0,0,0,0,0,0,1,0,0,0,0,0,0,0,0,0,0,0,0,1,0,0,0,0,1,0,0,0,0,0,0,0,1,1,0,0,0,1,1,0,1,1,0,0,0,0,0,1,1,0,0,1,0,1,0,1,0,0,1,0,1,0,0,0,1,1,1,0
Grandisol,CC(=C)[C@@H]1CC[C@]1(C)CCO,0,0,0,0,0,0,0,0,0,0,0,0,1,0,0,0,0,0,0,0,0,0,0,0,0,0,0,0,0,0,0,0,0,0,0,1,0,0,0,0,0,0,0,0,0,0,0,0,0,0,0,1,0,0,0,0,0,0,0,0,0,0,0,0,0,0,0,1,0,0,0,0,0,0,0,0,0,1,0,0,0,0,0,1,0,0,0,0,0,0,0,0,1,0,0,0,0,0,0,0,1,0,0,0,0,1,0,0,0,1,1,0,0,1,0,0,1,1,0,1,0,0,0,0,0,0,0,0,0,1,1,0,0,1,0,0,0,0,0,0,1,0,0,0,0,0,0,0,1,0,1,1,0,0,1,0,1,0,1,0,0,1,0,0,0,1,1,0
"1-[4-Chloro-2-fluoro-5-(2-propyn-1-yloxy)phenyl]-3,5-dimethyl-4-nitro-1h-pyrazole",CC1=C(C(=NN1C2=CC(=C(C=C2F)Cl)OCC#C)C)[N+](=O)[O-],0,0,0,0,0,0,0,0,0,0,0,0,0,0,0,0,0,0,1,0,0,0,0,0,0,1,0,0,0,0,0,0,0,0,0,0,0,0,0,0,0,0,0,1,0,0,0,0,0,0,1,0,0,1,0,0,0,1,0,0,0,0,0,1,1,0,1,0,0,0,0,1,1,0,0,0,1,0,0,0,1,1,0,0,1,0,0,0,1,0,0,0,0,0,0,1,0,1,1,0,0,0,0,1,1,0,0,0,1,0,1,0,0,0,1,0,0,0,0,0,1,1,1,1,0,1,1,1,1,0,0,1,0,0,1,1,1,0,1,0,0,0,0,1,1,1,0,1,0,1,1,1,0,1,1,0,1,1,1,1,1,1,1,1,1,1,1,0
"Benzoic acid, 2-((((4,5-dihydro-4-methyl-5-oxo-3-propoxy-1H-1,2,4-triazol-1-yl)carbonyl)amino)sulfonyl)-, methyl ester",CCCOC1=NN(C(=O)N1C)C(=O)NS(=O)(=O)C2=CC=CC=C2C(=O)OC,0,0,0,0,0,0,0,0,0,0,0,0,0,0,0,0,0,0,0,0,0,0,0,0,0,0,0,0,0,0,0,0,0,1,1,0,0,0,1,0,0,0,0,0,0,0,0,0,0,0,0,0,1,1,0,0,1,0,0,1,1,1,1,0,0,1,1,0,1,0,1,0,0,0,1,0,1,0,1,0,1,1,1,0,1,0,1,0,0,1,1,0,0,0,1,1,1,1,1,0,0,0,0,1,0,0,0,1,0,1,1,1,0,1,1,1,1,0,1,1,0,1,1,1,1,1,1,1,1,0,0,1,0,1,0,0,0,1,1,0,0,1,1,1,1,1,0,1,1,1,1,1,1,0,1,1,1,1,1,1,1,1,1,1,1,1,1,0
Quizalofop,CC(C(=O)O)OC1=CC=C(C=C1)OC2=CN=C3C=C(C=CC3=N2)Cl,0,0,0,0,0,0,0,0,0,0,0,0,0,0,0,0,0,0,0,0,0,0,0,0,0,0,0,0,0,0,0,0,0,0,0,0,0,0,0,0,0,0,0,0,0,0,0,0,0,0,0,0,0,0,0,0,0,0,0,0,0,0,0,0,0,0,1,0,0,0,0,0,0,1,0,0,0,0,0,0,1,0,0,0,0,0,0,0,1,0,0,0,0,1,0,0,1,0,0,1,0,0,1,0,1,0,1,0,1,0,0,1,0,0,1,0,0,0,1,0,0,1,1,0,1,0,1,1,1,0,0,0,0,0,0,1,0,0,1,0,1,1,0,1,1,0,1,1,0,0,0,0,0,1,0,1,0,1,1,0,1,1,1,1,1,1,1,0
DL-Plus,CCOP(=S)(OCC)OC1=NC(=NC(=C1)C)C(C)C.C1C=CCC2C1C(=O)N(C2=O)SC(Cl)(Cl)Cl.C1(C(C(C(C(C1Cl)Cl)Cl)Cl)Cl)Cl,0,0,0,0,0,0,0,0,0,0,0,0,0,0,0,0,0,0,0,0,0,0,0,0,0,0,0,0,0,0,1,0,0,1,1,0,0,0,0,1,0,0,0,0,0,0,0,0,0,1,0,0,0,0,0,0,0,0,0,0,0,0,0,0,0,1,1,0,1,0,0,0,0,0,1,1,1,0,1,0,0,1,1,0,1,0,0,0,1,1,1,0,0,1,0,1,0,1,1,1,1,0,1,1,1,0,1,1,1,0,1,1,0,1,1,1,0,0,1,0,0,1,1,1,0,1,0,1,1,1,1,1,0,0,0,1,0,1,1,1,0,1,1,1,1,0,1,1,0,1,1,1,0,0,1,1,1,1,1,1,1,1,1,1,1,1,1,1
"trans-2-Butene-1,4-diol",C(/C=C/CO)O,0,0,0,0,0,0,0,0,0,0,0,0,0,0,0,0,0,0,0,0,0,0,0,0,0,0,0,0,0,0,0,0,0,0,0,0,0,0,0,0,0,0,0,0,0,0,0,0,0,0,0,0,0,0,0,0,0,0,0,0,0,0,0,0,0,0,0,0,0,0,0,0,0,0,0,0,0,0,0,0,0,0,0,1,0,0,0,0,0,0,0,0,1,0,0,0,0,0,0,0,1,0,0,0,0,0,0,0,0,0,1,0,0,0,0,0,0,0,0,0,0,0,0,0,0,0,0,0,0,0,1,0,1,0,0,0,0,0,0,1,1,0,0,0,0,0,0,0,0,0,0,0,0,0,1,0,1,0,1,0,1,0,0,0,0,1,0,0
"(2S)-4-[(2R,13R)-2,13-dihydroxy-13-[(5R)-5-[(2R,5R)-5-[(1S)-1-hydroxyundecyl]oxolan-2-yl]oxolan-2-yl]tridecyl]-2-methyl-2H-furan-5-one",CCCCCCCCCC[C@@H]([C@H]1CC[C@@H](O1)[C@H]2CCC(O2)[C@@H](CCCCCCCCCC[C@H](CC3=C[C@@H](OC3=O)C)O)O)O,0,0,0,0,0,0,0,0,0,0,0,0,0,0,0,0,0,0,0,0,0,0,0,0,0,0,0,0,0,0,0,0,0,0,0,0,0,0,0,0,0,0,0,0,0,0,0,0,0,0,0,1,0,0,0,0,0,0,1,0,0,0,0,1,0,0,0,0,0,0,0,0,0,1,0,0,0,1,0,0,0,0,0,0,1,0,0,0,0,0,0,1,1,0,0,0,0,1,0,0,1,0,0,0,0,1,0,0,0,1,0,0,0,0,0,1,1,1,0,1,0,1,0,0,1,0,0,0,1,1,1,0,1,1,0,0,0,0,1,0,1,1,0,0,1,0,0,1,1,0,1,1,0,1,0,1,1,0,1,0,1,1,0,0,0,1,1,0
Mavrik,CC(C)[C@@H](C(=O)OC(C#N)C1=CC(=CC=C1)OC2=CC=CC=C2)NC3=C(C=C(C=C3)C(F)(F)F)Cl,0,0,0,0,0,0,0,0,0,0,0,0,0,0,0,0,0,0,0,0,0,0,0,0,0,0,0,0,0,0,0,0,0,0,0,0,0,0,0,0,0,0,1,1,0,0,0,0,0,0,0,0,0,0,0,0,0,0,0,0,0,0,0,0,0,0,0,0,0,0,0,0,0,0,0,1,0,0,0,0,0,0,0,0,0,0,0,0,1,0,0,0,0,0,0,0,1,0,0,0,0,0,0,0,1,0,0,1,1,0,0,0,0,1,1,0,0,0,0,0,0,0,0,0,1,0,1,1,1,0,0,0,0,0,1,1,1,0,0,0,0,0,0,1,1,1,1,1,0,0,1,1,1,1,0,1,0,1,1,1,1,1,1,1,1,1,1,0
Pyraflufen-ethyl,CCOC(=O)COC1=C(C=C(C(=C1)C2=NN(C(=C2Cl)OC(F)F)C)F)Cl,0,0,0,0,0,0,0,0,0,0,0,0,0,0,0,0,0,0,0,0,0,0,0,0,0,0,0,0,0,0,0,0,0,0,0,0,0,0,0,0,0,0,0,1,0,0,0,0,0,0,0,0,0,1,0,0,0,0,0,0,0,0,0,1,0,0,1,0,0,0,0,0,0,1,0,0,1,0,0,0,0,1,0,0,1,0,0,0,1,0,0,0,0,1,1,1,1,1,1,0,0,0,0,0,1,0,0,1,1,1,1,1,0,0,1,1,0,0,1,0,0,1,1,1,1,1,1,1,1,0,1,0,0,1,0,1,0,0,1,1,0,1,0,1,1,1,0,1,0,1,1,1,0,1,1,1,1,1,1,1,1,1,1,1,1,1,1,0
"trans-(2-methyl-3-phenylphenyl)methyl (1R,3R)-3-(2-chloro-3,3,3-trifluoroprop-1-enyl)-2,2-dimethylcyclopropane-1-carboxylate",CC1=C(C=CC=C1C2=CC=CC=C2)COC(=O)[C@@H]3[C@@H](C3(C)C)C=C(C(F)(F)F)Cl,0,0,0,0,0,0,0,0,0,0,0,0,0,0,0,0,0,0,0,0,0,0,0,1,0,0,0,0,0,0,0,0,0,0,0,0,0,0,0,0,0,0,0,1,0,0,0,0,0,0,0,0,0,0,0,0,0,0,0,0,0,0,0,1,0,0,0,1,0,0,0,0,0,0,0,1,0,1,0,0,0,0,0,0,0,0,0,0,0,0,0,0,0,0,0,0,0,0,0,0,1,0,0,0,1,0,0,1,1,0,1,0,0,1,0,0,0,1,0,0,0,0,0,0,1,0,1,1,0,0,0,0,0,0,0,1,0,0,0,0,0,0,1,0,0,1,1,0,0,0,1,1,0,0,1,1,1,0,1,0,1,1,0,1,1,1,1,0
((N-acryloylamino)phenyl)mercuric chloride,C=CC(=O)NC1=CC=C(C=C1)[Hg]Cl,0,0,0,0,0,0,0,0,0,0,0,0,0,1,0,0,0,0,0,0,0,0,0,0,0,0,0,0,0,0,0,0,1,0,0,1,0,0,0,0,0,0,0,0,0,1,0,0,0,0,0,0,0,0,0,0,0,0,0,0,0,0,0,0,0,0,0,0,0,0,0,0,0,0,0,0,0,0,0,0,0,0,0,0,0,0,0,0,0,0,0,0,0,1,0,0,0,0,0,0,1,0,0,0,1,0,0,0,0,0,0,1,0,0,0,0,0,0,1,0,0,0,0,0,0,1,0,0,0,0,0,0,0,0,1,1,1,0,0,0,0,0,0,0,0,0,0,0,0,0,0,0,1,0,0,1,0,1,0,1,0,0,1,1,1,1,1,0
"2,2,2-Trichloro-N-(pentachlorophenyl)ethanimidoyl chloride",C1(=C(C(=C(C(=C1Cl)Cl)Cl)Cl)Cl)N=C(C(Cl)(Cl)Cl)Cl,0,0,0,0,0,0,0,0,0,0,0,0,0,0,0,0,0,0,0,0,0,0,0,0,0,0,0,0,0,0,0,0,0,0,0,0,0,0,0,0,0,0,0,0,0,0,0,0,0,0,0,0,0,0,0,0,0,0,0,0,0,0,0,0,0,0,0,0,0,0,0,0,0,0,0,0,0,0,0,1,0,0,0,0,0,0,0,0,1,0,0,0,0,0,0,0,0,0,0,0,0,0,0,0,1,0,0,1,1,0,0,0,0,1,0,0,0,0,0,0,1,0,0,0,0,0,0,0,0,0,0,0,0,0,1,1,1,0,0,0,0,0,0,0,0,1,0,0,0,0,0,1,0,0,0,0,0,1,0,1,0,0,1,1,1,0,1,0
"N-(4-chloromercuriphenyl)-4-chloro-3,5-dinitrobenzamide",C1=CC(=CC=C1NC(=O)C2=CC(=C(C(=C2)[N+](=O)[O-])Cl)[N+](=O)[O-])[Hg]Cl,0,0,0,0,0,0,0,0,0,0,0,0,0,1,0,0,0,0,0,0,0,0,0,0,0,1,0,0,0,0,0,0,1,0,0,0,0,0,0,0,0,0,0,0,0,1,0,0,0,0,1,0,0,0,0,0,0,1,0,0,0,0,0,0,1,0,0,0,0,0,0,1,1,0,0,0,0,0,0,0,0,1,0,0,0,0,0,0,1,0,0,0,0,1,0,1,0,0,0,0,0,0,0,1,1,0,0,0,1,0,0,1,0,0,0,0,0,0,1,0,1,0,0,1,0,1,1,0,0,0,0,1,0,0,1,1,1,1,0,0,0,1,0,1,0,1,1,1,0,1,0,1,1,0,0,1,0,1,0,1,1,0,1,1,1,1,1,0
4-(Chloromercurio)benzenesulfonyl fluoride,C1=CC(=CC=C1S(=O)(=O)F)[Hg]Cl,0,0,0,0,0,0,0,0,0,0,0,0,0,1,0,0,0,0,0,0,0,0,0,0,0,0,0,0,0,0,0,0,1,0,0,0,0,0,0,0,0,0,0,1,0,1,0,0,0,0,0,0,1,0,0,0,1,0,0,1,1,1,1,0,0,1,0,0,1,0,0,0,0,0,1,0,0,0,0,0,0,0,1,0,0,0,0,0,0,1,0,0,0,0,0,0,0,0,0,0,0,0,0,1,1,0,0,1,1,0,0,0,0,1,0,0,0,0,0,0,0,0,0,0,0,1,0,0,0,0,0,1,0,0,0,1,0,1,0,0,0,0,0,0,0,0,0,0,0,1,0,0,0,0,0,0,0,0,0,0,1,0,0,1,1,1,1,0
Bromethrin,CC1(C(C1C(=O)OCC2=COC(=C2)CC3=CC=CC=C3)C=C(Br)Br)C,0,0,0,0,0,0,0,0,0,0,0,0,0,0,0,0,0,0,0,0,0,0,1,1,0,0,0,0,0,0,0,0,0,0,0,0,0,0,0,0,0,0,0,0,0,0,0,1,0,0,0,0,0,0,0,0,0,0,1,0,0,0,0,0,0,0,0,1,0,0,0,0,0,0,0,1,0,1,0,0,0,0,0,0,1,0,0,0,0,0,1,0,0,0,0,0,0,1,0,0,1,0,0,0,0,0,0,0,1,0,1,0,0,1,0,0,0,0,0,0,0,0,0,0,1,0,1,1,0,1,0,0,0,1,0,1,0,0,1,0,0,0,0,0,0,0,0,1,0,0,1,1,0,1,1,1,1,0,1,0,1,1,0,1,1,1,1,0
[4-[2-(2-Methoxyethoxy)ethylcarbamoyl]phenyl]mercury;hydrate,COCCOCCNC(=O)C1=CC=C(C=C1)[Hg].O,0,0,0,0,0,0,0,0,0,0,0,0,0,1,0,0,0,0,0,0,0,0,0,0,0,0,0,0,0,0,0,0,0,0,0,0,0,0,0,0,0,0,0,0,0,1,0,0,0,0,0,0,0,0,0,0,0,0,0,0,0,0,0,0,0,0,0,0,0,0,0,0,0,1,0,0,0,0,0,0,0,0,0,1,0,0,0,1,0,0,0,0,1,1,1,0,1,0,0,0,0,1,0,0,0,1,0,0,0,0,1,1,1,0,0,0,1,1,1,1,0,0,0,0,0,0,0,1,0,1,1,0,1,1,0,0,0,0,0,1,1,1,0,0,0,0,0,1,1,0,0,0,1,0,1,1,1,1,1,1,1,1,1,1,1,1,1,1
1-methyl-4-phenyl-2H-pyridine,CN1CC=C(C=C1)C2=CC=CC=C2,0,0,0,0,0,0,0,0,0,0,0,0,0,0,0,0,0,0,0,0,0,0,0,0,0,0,0,0,0,0,0,0,0,0,0,0,0,0,0,0,0,0,0,0,0,0,1,0,0,0,0,1,0,0,0,0,0,0,0,0,0,0,0,1,0,0,0,0,0,0,0,0,0,0,0,0,1,1,0,0,0,0,0,0,0,0,1,1,0,0,0,0,0,0,1,0,0,0,0,1,1,1,0,0,0,0,0,0,0,0,0,0,0,0,0,0,1,0,0,0,0,0,1,1,0,0,0,0,0,0,0,0,0,0,0,0,0,0,1,0,0,0,0,0,0,0,1,0,0,1,0,0,0,0,1,0,0,0,0,1,0,1,1,1,1,0,1,0
"Benzenamine, compd. with 1,3,5-trinitrobenzene (1:1)",C1=CC=C(C=C1)N.C1=C(C=C(C=C1[N+](=O)[O-])[N+](=O)[O-])[N+](=O)[O-],0,0,0,0,0,0,0,0,0,0,0,0,0,0,0,0,0,0,0,0,0,0,0,0,0,1,0,0,0,0,0,0,0,0,0,0,0,0,0,0,0,0,0,0,0,0,0,0,0,0,1,0,0,0,0,0,0,1,0,0,0,0,0,0,1,0,0,0,0,0,0,1,1,0,0,0,0,0,0,0,0,1,0,0,0,1,0,0,0,0,0,0,0,0,0,1,0,0,0,0,0,0,0,1,0,0,0,0,0,0,0,0,0,0,0,0,0,0,0,0,1,0,0,1,0,1,1,0,0,0,0,1,0,0,1,0,1,1,0,0,0,1,0,1,0,0,1,1,0,1,0,0,1,0,0,0,0,1,0,1,1,0,1,1,1,1,1,1
"Carbonic acid, 2,4-dinitro-6-(1-propylpentyl)phenyl methyl ester, mixt. with 2-(1-ethylhexyl)-4,6-dinitrophenyl methyl carbonate",CCCCCC(CC)C1=C(C(=CC(=C1)[N+](=O)[O-])[N+](=O)[O-])OC(=O)OC.CCCCC(CCC)C1=C(C(=CC(=C1)[N+](=O)[O-])[N+](=O)[O-])OC(=O)OC,0,0,0,0,0,0,0,0,0,0,0,0,0,0,0,0,1,0,0,0,0,0,0,0,0,1,0,0,0,0,0,0,0,0,0,0,0,0,0,0,0,0,0,0,0,0,0,0,0,0,1,0,0,0,0,0,0,1,0,0,0,0,0,0,1,0,0,0,0,0,0,1,1,0,0,0,0,0,0,0,0,1,0,0,0,0,0,0,0,0,1,0,0,0,1,1,1,0,0,0,0,0,0,1,0,0,0,1,0,1,0,0,0,0,1,1,1,1,0,1,1,0,0,1,1,1,1,1,1,1,1,1,0,0,1,0,1,1,0,0,0,1,1,1,1,1,1,1,1,1,1,1,0,1,0,1,1,1,1,1,1,1,1,1,1,1,1,1
Merthiolate-iodine-formalin fixative,C[CH2-].C=O.C1=CC=C(C(=C1)C(=O)[O-])[S-].[Na+].II.[Hg+2],0,0,0,0,0,0,0,0,0,0,0,0,0,1,0,0,0,0,0,0,0,0,0,0,0,0,0,0,1,0,0,0,1,0,0,1,1,0,0,0,0,0,0,0,0,1,0,0,0,0,1,0,0,0,0,0,0,0,0,0,1,0,0,0,0,1,0,0,0,0,0,0,0,0,0,0,0,0,0,0,0,0,1,0,0,0,0,0,0,1,0,0,0,0,0,0,0,0,0,0,0,0,0,0,0,0,0,0,0,0,0,0,0,0,0,0,0,0,0,0,0,0,0,0,1,1,0,0,0,0,0,0,0,0,0,1,0,1,0,0,0,0,0,0,0,1,0,1,0,0,0,1,0,0,0,1,0,0,1,0,1,1,0,1,1,1,1,1
"2,4-Dinitrophenyl-beta-alanine hydrazide",C1=CC(=C(C=C1[N+](=O)[O-])[N+](=O)[O-])NCCC(=O)NN,0,0,0,0,0,0,0,0,0,0,0,0,0,0,0,0,0,0,0,0,0,0,0,0,0,1,0,0,0,0,0,0,0,0,0,0,0,0,0,0,0,0,0,0,0,0,0,0,0,0,1,0,0,1,1,0,0,1,0,0,0,0,0,0,1,0,0,0,0,1,1,1,1,0,0,0,0,0,0,0,1,1,0,1,0,1,0,0,0,0,0,1,1,1,0,1,1,0,1,0,0,1,0,1,0,1,0,0,0,0,0,1,1,0,0,0,0,0,1,1,1,0,0,1,0,1,0,0,0,0,0,1,1,1,1,0,1,1,0,0,0,1,0,1,0,1,0,1,1,1,0,1,1,0,1,1,1,1,0,1,1,0,1,1,1,1,1,0
"2,4-Dioxo-3-(alpha-acetonylbenzyl)-dihydro-benzopyran thallium salt",CC(=O)CC(C1=CC=CC=C1)C2=C(C3=CC=CC=C3OC2=O)[O-].[Tl+],0,0,0,0,0,0,0,0,0,0,0,0,0,0,0,0,0,0,0,1,0,0,0,0,0,0,0,0,0,0,0,0,0,0,0,0,0,0,0,0,0,0,0,0,0,1,0,0,0,0,1,0,0,0,0,0,0,0,1,0,0,0,0,0,0,0,0,0,0,0,0,0,0,0,0,0,0,0,0,0,0,0,0,0,0,0,0,0,0,0,1,0,0,0,0,0,0,0,0,1,0,0,1,0,0,0,1,0,0,0,0,0,0,0,1,0,1,0,0,0,0,0,0,0,1,0,1,0,1,0,0,0,0,1,0,0,0,1,1,0,0,1,0,0,1,1,1,1,0,0,0,1,0,1,0,1,1,0,1,0,1,1,0,1,1,1,1,1
Triethanolamine methanearsonate,C[As](=O)(O)O.C(CO)N(CCO)CCO,0,0,0,0,1,0,0,0,0,0,0,0,0,0,0,0,0,0,0,0,0,0,0,0,0,0,0,0,0,0,0,0,0,0,0,0,0,0,0,0,0,0,0,0,1,1,0,0,0,1,0,0,0,0,0,0,0,0,0,0,0,0,0,0,0,0,0,0,0,0,1,0,0,0,0,0,0,0,0,0,0,0,0,1,0,0,1,1,0,0,0,0,1,0,1,0,1,0,0,0,0,1,0,1,0,1,0,1,0,0,1,0,1,1,0,0,0,0,0,1,0,0,0,1,0,1,0,0,0,1,1,1,1,1,0,0,0,0,0,1,1,1,0,0,0,0,0,1,1,1,0,0,0,0,1,0,1,0,1,1,1,1,1,0,0,1,0,1
Methyl (methoxyimino)(2-((((1-(3-(trifluoromethyl)phenyl)ethylidene)amino)oxy)methyl)phenyl)acetate,CC(=NOCC1=CC=CC=C1C(=NOC)C(=O)OC)C2=CC(=CC=C2)C(F)(F)F,0,0,0,0,0,0,0,0,0,0,0,0,0,0,0,0,0,0,0,0,0,0,0,0,0,1,0,0,0,0,0,0,0,0,0,0,0,0,0,0,0,0,0,1,0,0,0,0,0,0,0,0,0,0,0,0,0,0,0,0,0,0,0,0,0,0,0,0,0,0,0,0,1,0,0,0,0,0,0,1,0,0,0,0,0,0,0,0,0,0,1,0,0,0,1,1,1,0,0,0,0,0,0,1,0,0,0,1,1,1,1,0,1,1,0,0,0,0,0,0,1,0,0,0,1,1,1,1,0,0,0,1,0,0,0,1,0,0,0,0,0,1,1,1,0,1,1,1,0,0,1,1,0,0,1,1,1,1,1,0,1,1,1,1,1,1,1,0
Famoxadone,CC1(C(=O)N(C(=O)O1)NC2=CC=CC=C2)C3=CC=C(C=C3)OC4=CC=CC=C4,0,0,0,0,0,0,0,0,0,0,0,0,0,0,0,0,0,0,0,0,0,0,0,0,1,0,0,0,0,0,0,0,0,0,0,0,0,0,0,0,0,0,0,0,0,0,0,0,0,0,0,0,0,1,0,0,0,0,1,0,0,0,0,1,0,0,0,1,0,0,1,0,0,1,0,0,1,0,0,0,0,0,0,0,1,0,0,0,0,0,1,0,0,1,0,1,1,1,1,0,0,0,0,0,0,0,0,1,0,0,0,1,0,1,1,0,0,0,1,0,0,1,1,1,1,1,1,1,1,0,0,0,0,0,1,0,1,1,1,0,0,1,0,1,1,0,1,1,0,1,0,1,1,1,0,1,0,1,1,1,1,1,1,1,1,1,1,0
"Arsenous acid, zinc salt (2:3)",[O-][As]([O-])[O-].[O-][As]([O-])[O-].[Zn+2].[Zn+2].[Zn+2],0,0,0,0,1,0,0,0,0,0,0,0,0,1,0,0,0,0,0,0,0,0,0,0,0,0,0,0,0,0,0,0,0,0,0,0,0,0,0,0,0,0,0,0,0,1,0,0,0,1,1,0,0,0,0,0,0,0,0,0,0,0,0,0,0,0,0,0,0,0,0,0,0,0,0,0,0,0,0,0,0,0,0,0,0,0,0,0,0,0,0,0,0,0,0,0,0,0,0,0,0,0,0,1,0,0,0,1,0,0,0,0,0,0,0,0,0,0,0,0,0,0,0,0,0,1,0,0,0,0,0,1,0,0,0,0,0,0,0,0,0,1,0,0,0,0,0,1,0,1,0,0,0,0,0,0,0,0,0,0,1,0,0,0,0,1,0,1
Boscalid,C1=CC=C(C(=C1)C2=CC=C(C=C2)Cl)NC(=O)C3=C(N=CC=C3)Cl,0,0,0,0,0,0,0,0,0,0,0,0,0,0,0,0,0,0,0,0,0,0,0,0,0,0,0,0,0,0,0,0,0,0,0,0,0,0,0,0,0,0,0,0,0,0,0,0,0,0,0,0,0,0,0,0,0,0,0,0,0,0,0,1,0,0,1,0,0,0,0,0,0,0,0,0,0,0,0,0,0,1,0,0,0,0,0,0,1,0,0,0,0,1,0,0,0,0,1,1,0,0,0,0,1,0,0,0,1,0,0,1,0,0,0,0,0,0,1,0,0,0,1,0,0,0,1,0,0,0,0,0,0,0,1,1,1,0,1,0,0,0,0,1,0,1,1,0,0,0,0,1,1,0,0,1,0,1,0,1,0,0,1,1,1,1,1,0
N-((6-Chloro-3-pyridinyl)methyl)-N'-cyano-N-methylethanimidamide,CC(=NC#N)N(C)CC1=CN=C(C=C1)Cl,0,0,0,0,0,0,0,0,0,0,0,0,0,0,0,0,0,0,0,0,0,0,0,0,0,0,0,0,0,0,0,0,0,0,0,0,0,0,0,1,0,0,1,0,0,0,0,0,0,0,0,0,0,0,0,0,0,0,0,0,0,0,0,0,0,0,1,0,0,0,0,0,0,0,0,0,0,0,1,1,0,1,0,0,0,0,1,1,1,0,0,0,0,0,1,0,0,0,0,1,0,1,0,0,1,0,0,0,1,0,0,0,0,0,0,0,1,1,0,0,1,0,1,1,0,0,0,0,0,0,0,0,0,0,0,1,0,0,1,0,0,0,0,1,0,0,0,0,0,1,1,0,0,0,1,0,1,1,0,1,0,1,1,1,1,0,1,0
"Zinc 2,3,4-trichlorophenate",C1=CC(=C(C(=C1[O-])Cl)Cl)Cl.C1=CC(=C(C(=C1[O-])Cl)Cl)Cl.[Zn+2],0,0,0,0,0,0,0,0,0,0,0,0,0,1,0,0,0,0,0,0,0,0,0,0,0,0,0,0,0,0,0,0,0,0,0,0,0,0,0,0,0,0,0,0,0,1,0,0,0,0,1,0,0,0,0,0,0,0,0,0,0,0,0,0,0,0,0,0,0,0,0,0,0,0,0,0,0,0,0,0,0,0,0,0,0,0,0,0,1,0,0,0,0,0,0,0,0,0,0,0,0,0,0,0,1,0,0,0,1,0,0,0,0,0,1,0,0,0,0,0,0,0,0,0,0,0,1,0,1,0,0,0,0,0,0,1,0,0,0,0,0,0,0,0,1,1,1,0,0,0,0,1,0,1,0,0,0,0,1,0,1,0,0,1,1,1,1,1
1-[(2-Chlorothiazol-5-yl)methyl]-2-methyl-3-nitro-guanidine,CN=C(NCC1=CN=C(S1)Cl)N[N+](=O)[O-],0,0,0,0,0,0,0,0,0,0,0,0,0,0,0,0,0,0,0,0,0,0,0,0,0,1,1,0,0,0,0,0,0,0,0,0,0,1,0,0,0,0,0,0,1,0,0,0,1,0,1,0,0,1,0,0,0,0,0,0,0,0,0,0,1,0,1,0,0,0,1,1,1,0,0,0,0,0,1,1,1,1,1,1,1,0,0,0,1,1,0,1,0,0,1,1,0,1,1,0,0,1,0,1,1,0,0,1,1,1,0,0,0,0,0,0,0,0,1,0,1,1,1,1,0,1,0,0,0,0,0,1,1,0,0,1,0,0,1,0,0,0,0,1,0,0,0,0,0,1,0,0,1,0,1,0,1,1,0,1,1,1,1,1,0,1,1,0
"Chromic acid (H2CrO4), mercury zinc salt",[O-][Cr](=O)(=O)[O-].[Zn+2].[Hg+2],0,0,0,0,0,0,0,0,1,0,0,0,0,1,0,0,0,0,0,0,0,0,0,0,0,0,0,0,0,0,0,0,0,0,0,0,0,0,0,0,0,0,0,0,0,1,0,0,0,1,1,0,0,0,0,0,0,0,0,0,0,0,0,0,0,0,0,0,0,0,0,0,0,0,0,0,0,0,0,0,0,0,0,0,0,0,0,0,0,0,0,0,0,0,0,0,0,0,0,0,0,0,0,1,0,0,0,1,0,0,0,0,0,1,0,0,0,0,0,0,0,0,0,0,0,1,0,0,0,0,0,1,0,0,0,0,0,1,0,0,0,1,0,0,0,0,0,1,0,1,0,0,0,0,0,0,0,0,0,0,1,0,0,0,0,1,0,1
Sodium hydrogen difluoride,F.[F-].[Na+],0,0,0,0,0,0,0,0,0,0,0,0,0,0,0,0,0,0,0,0,0,0,0,0,0,0,0,0,0,0,0,0,0,0,0,0,1,0,0,0,0,0,0,1,0,1,0,0,0,0,1,0,0,0,0,0,0,0,0,0,0,0,0,0,0,0,0,0,0,0,0,0,0,0,0,0,0,0,0,0,0,0,0,0,0,0,0,0,0,0,0,0,0,0,0,0,0,0,0,0,0,0,0,0,0,0,0,0,0,0,0,0,0,0,0,0,0,0,0,0,0,0,0,0,0,0,0,0,0,0,0,0,0,0,0,1,0,0,0,0,0,0,0,0,0,0,0,0,0,0,0,0,0,0,0,0,0,0,0,0,0,0,0,0,0,0,0,1
"Hexachlorohexahydro-endo, exo-dimethanonaphthalene",C1[C@@H]2C=C[C@H]1[C@H]3[C@@H]2[C@@]4(C(=C([C@]3(C4(Cl)Cl)Cl)Cl)Cl)Cl,0,0,0,0,0,0,0,0,0,0,0,0,0,0,0,0,0,0,0,0,0,0,0,0,0,0,0,0,0,0,0,0,0,0,0,0,0,0,0,0,0,0,0,0,0,0,0,0,0,0,0,0,0,0,0,0,0,0,0,0,0,0,0,0,0,0,0,1,0,0,0,0,0,0,0,0,0,1,0,0,0,0,0,0,0,0,0,0,1,0,0,0,0,0,0,0,0,1,0,0,1,0,1,0,1,0,1,0,1,0,0,0,0,1,0,0,0,0,0,0,0,0,0,0,0,0,0,0,0,0,0,0,0,0,0,1,0,0,0,0,0,0,0,0,0,0,1,0,0,0,0,1,0,0,0,0,0,0,0,0,0,0,0,0,1,0,1,0
Sulfamate ion,NS(=O)(=O)[O-],0,0,0,0,0,0,0,0,0,0,0,0,0,0,0,0,0,0,0,0,0,0,0,0,0,0,0,0,0,0,0,0,0,0,1,0,0,0,0,0,1,1,0,0,0,0,0,0,0,1,1,0,0,0,0,0,1,0,0,1,0,1,1,0,0,0,0,0,1,0,1,0,0,0,1,0,0,0,0,0,0,0,0,0,0,1,0,0,0,1,0,0,0,0,0,1,0,0,0,0,0,0,0,1,0,0,0,1,0,0,0,0,0,1,0,0,0,0,1,0,0,0,0,0,0,1,0,0,0,0,0,1,0,0,0,0,0,1,0,0,0,0,0,0,0,0,0,1,0,1,0,0,1,0,0,0,0,1,0,0,1,0,1,0,0,1,0,0
Methyl 3-hydroxy-4-(4-((5-(trifluoromethyl)-2-pyridinyl)oxy)phenoxy)valerate,CC(C(CC(=O)OC)O)OC1=CC=C(C=C1)OC2=NC=C(C=C2)C(F)(F)F,0,0,0,0,0,0,0,0,0,0,0,0,0,0,0,0,0,0,0,0,0,0,0,0,0,0,0,0,0,0,0,0,0,0,0,0,0,0,0,0,0,0,0,1,0,0,0,0,0,0,0,0,0,0,0,0,0,0,0,0,0,0,0,0,0,0,1,0,0,0,0,0,0,1,0,0,0,0,0,0,0,0,0,0,0,0,0,0,0,0,1,0,0,1,1,0,0,0,0,1,0,0,0,0,0,1,0,1,1,0,0,1,0,1,1,0,0,1,1,0,0,0,1,0,1,0,1,1,1,0,0,0,0,1,0,1,0,0,1,0,1,1,0,0,1,0,1,1,0,0,1,0,0,1,0,1,1,1,1,0,1,1,1,1,1,1,1,0
"3-(2,2-Dibromovinyl)-2,2-dimethylcyclopropane-1-carboxylic acid",CC1(C(C1C(=O)O)C=C(Br)Br)C,0,0,0,0,0,0,0,0,0,0,0,0,0,0,0,0,0,0,0,0,0,0,1,1,0,0,0,0,0,0,0,0,0,0,0,0,0,0,0,0,0,0,0,0,0,0,0,1,0,0,0,0,0,0,0,0,0,0,0,0,0,0,0,0,0,0,0,1,0,0,0,0,0,0,0,1,0,1,0,0,0,0,0,0,0,0,0,0,0,0,0,0,0,0,0,0,0,0,0,0,1,0,0,0,0,0,0,0,1,0,0,0,0,1,0,0,0,0,0,0,0,0,0,0,1,0,0,0,0,0,0,0,0,0,0,1,0,0,0,0,1,0,0,0,0,0,0,0,0,0,1,1,0,0,0,1,0,0,1,0,1,1,0,0,0,1,1,0
Acetoarsenite de cuivre [French],CC(=O)[O-].CC(=O)[O-].[O-][As]1O[As](O[As](O1)[O-])[O-].[O-][As]1O[As](O[As](O1)[O-])[O-].[Cu+2].[Cu+2].[Cu+2].[Cu+2],0,0,0,0,1,0,0,0,0,0,0,0,0,1,0,0,0,0,0,0,0,0,0,0,0,0,0,0,0,0,0,0,0,0,0,0,0,0,0,0,0,0,0,0,0,1,0,0,0,1,1,0,0,0,0,0,0,0,1,0,0,0,0,0,0,0,0,0,0,0,0,0,0,0,0,0,0,0,0,0,0,0,0,0,0,0,0,0,0,0,1,0,0,0,0,0,0,0,0,1,0,0,0,1,0,0,0,1,0,0,0,0,0,0,0,0,0,0,0,0,0,1,0,0,1,1,0,0,1,0,0,1,0,0,0,0,0,1,1,0,0,1,0,0,1,0,1,1,0,1,1,0,0,0,0,1,0,0,1,0,1,1,0,0,1,1,1,1
"N,N-Dimethylpiperidinium pentaborate",B(=O)OB1OB2OB(OB(O2)O1)[O-].C[N+]1(CCCCC1)C,0,0,0,0,0,0,0,0,0,0,0,0,0,0,0,0,0,0,0,1,0,0,0,0,0,0,0,0,0,0,0,1,0,0,0,0,0,0,0,0,0,0,0,0,0,1,0,0,0,1,1,0,0,0,0,0,0,0,1,0,0,0,0,0,0,0,0,0,0,0,0,0,0,0,0,1,1,0,0,0,0,0,0,0,0,0,1,1,0,0,1,0,0,0,1,0,0,0,0,1,0,1,1,1,0,0,1,1,0,1,0,0,1,1,0,0,1,1,0,1,0,1,1,1,0,1,0,1,1,1,1,1,0,0,0,0,0,0,1,1,0,1,0,0,1,0,1,1,1,1,1,0,0,0,1,0,0,0,0,1,1,1,1,0,1,1,1,1
"16-Butan-2-yl-10,11,14-trimethyl-13-propan-2-yl-3-prop-2-enyl-4-oxa-1,8,11,14,17-pentazabicyclo[17.3.0]docosane-2,5,9,12,15,18-hexone",CCC(C)C1C(=O)N(C(C(=O)N(C(C(=O)NCCC(=O)OC(C(=O)N2CCCC2C(=O)N1)CC=C)C)C)C(C)C)C,0,0,0,0,0,0,0,0,0,0,0,0,0,0,0,0,0,0,0,0,0,0,0,0,0,0,0,0,0,0,0,0,0,0,0,1,0,0,0,0,0,0,0,0,0,0,0,0,0,0,0,0,0,0,0,0,0,0,1,0,0,0,0,0,0,0,0,0,0,0,0,0,0,1,0,1,1,0,0,0,1,0,0,1,1,0,1,0,0,0,0,1,1,1,1,0,1,1,1,0,1,1,0,0,0,1,1,0,0,1,0,1,1,0,0,1,1,0,1,1,0,1,1,1,1,0,0,0,1,1,1,0,1,1,0,0,0,1,1,1,0,1,1,1,1,0,0,1,1,1,1,1,1,1,1,1,1,1,1,1,1,1,1,0,0,1,1,0
Dnp-peptide,CC[C@H](C)[C@@H](C(=O)N[C@@H](C)C(=O)NCC(=O)N[C@@H](CCC(=O)N)C(=O)N[C@H](CCCN=C(N)N)C(=O)O)NC(=O)CNC(=O)[C@H](CCC(=O)N)NC(=O)[C@@H]1CCCN1C2=C(C=C(C=C2)[N+](=O)[O-])[N+](=O)[O-],0,0,0,0,0,0,0,0,0,0,0,0,0,0,0,0,0,0,0,0,0,0,0,0,0,1,1,0,0,0,0,0,0,0,0,0,0,0,0,0,0,0,0,0,1,0,0,0,0,0,1,0,0,0,0,1,0,1,0,0,0,0,0,1,1,0,0,0,0,0,0,1,1,0,0,0,1,0,1,1,1,1,0,1,1,1,1,0,0,0,0,1,1,1,0,1,1,1,1,0,0,1,0,1,0,1,0,1,0,1,0,1,1,0,0,1,1,0,1,1,1,0,1,1,1,1,0,0,0,1,1,1,1,1,1,0,1,1,1,1,1,1,1,1,0,1,0,1,1,1,1,1,1,0,1,1,1,1,1,1,1,1,1,1,1,1,1,0
Nrdc 157,CC1(C(C1C(=O)OCC2=CC(=CC=C2)OC3=CC=CC=C3)C=C(Br)Br)C,0,0,0,0,0,0,0,0,0,0,0,0,0,0,0,0,0,0,0,0,0,0,1,1,0,0,0,0,0,0,0,0,0,0,0,0,0,0,0,0,0,0,0,0,0,0,0,1,0,0,0,0,0,0,0,0,0,0,0,0,0,0,0,0,0,0,0,1,0,0,0,0,0,0,0,1,0,1,0,0,0,0,0,0,0,0,0,0,0,0,0,0,0,0,0,0,0,0,0,0,1,0,0,0,0,0,0,0,1,0,1,0,0,1,1,0,0,0,0,0,0,0,0,0,1,0,1,1,1,0,0,0,0,0,0,1,0,0,0,0,0,0,0,0,1,0,1,1,0,0,1,1,0,1,1,1,1,0,1,0,1,1,0,1,1,1,1,0
Thiosultap,CN(C)C(CSS(=O)(=O)O)CSS(=O)(=O)O,0,0,0,0,0,0,0,0,0,0,0,0,0,0,0,1,0,0,0,0,0,0,0,0,0,0,0,0,0,0,0,0,0,0,0,0,0,0,0,0,1,1,0,0,0,0,0,0,0,1,0,0,0,0,0,0,1,0,0,1,0,1,1,0,0,0,0,0,1,0,1,0,0,0,1,1,0,0,0,0,0,0,1,0,0,0,1,1,0,1,0,1,0,0,1,0,0,0,0,0,0,0,0,1,0,0,0,1,0,0,0,0,1,1,0,0,0,1,0,0,0,0,0,1,0,1,0,0,0,0,0,1,1,0,0,0,0,1,0,1,1,1,0,0,0,0,0,1,0,1,1,0,0,0,1,0,1,1,0,1,1,1,1,0,0,1,0,0
"2,4-dinitrophenyl-4-O-(4,4'-dimethoxytrityl)butyrate",COC1=CC=C(C=C1)C(C2=CC=CC=C2)(C3=CC=C(C=C3)OC)OCCCC(=O)OC4=C(C=C(C=C4)[N+](=O)[O-])[N+](=O)[O-],0,0,0,0,0,0,0,0,0,0,0,0,0,0,0,0,0,0,0,0,0,0,0,0,0,1,0,0,0,0,0,0,0,0,0,0,0,0,0,0,0,0,0,0,0,0,0,0,0,0,1,0,0,0,0,0,0,1,0,0,0,0,0,0,1,0,0,1,0,0,0,1,1,0,0,0,0,0,0,0,0,1,0,0,0,0,0,0,0,0,1,0,0,0,1,1,1,0,0,0,0,0,0,1,0,0,0,0,0,0,1,0,0,1,1,0,0,0,0,1,1,0,0,1,1,1,1,1,1,0,0,1,0,1,1,0,1,1,0,0,0,1,0,1,1,1,1,1,1,1,1,1,0,1,1,1,1,1,1,1,1,1,1,1,1,1,1,0
Pyroxyfur,C1=COC(=C1)COC2=NC(=CC(=C2)C(Cl)(Cl)Cl)Cl,0,0,0,0,0,0,0,0,0,0,0,0,0,0,0,0,0,0,0,0,0,0,0,0,0,0,0,0,0,0,0,0,0,0,0,0,0,0,0,0,0,0,0,0,0,0,0,0,0,0,0,0,0,0,0,0,0,0,1,0,0,0,0,0,0,0,1,0,0,0,0,0,0,1,0,0,0,0,0,0,0,0,0,0,1,0,0,0,1,0,0,0,0,1,0,0,0,1,0,1,0,0,0,0,1,0,0,1,1,0,1,1,0,1,1,0,0,0,1,0,0,1,1,0,0,0,1,1,1,0,0,0,0,1,0,1,0,0,1,0,0,0,0,0,1,0,0,0,0,0,0,0,0,1,1,0,1,1,1,0,1,0,1,1,1,1,1,0
"3,4-Dinitrophenyl-beta-galactopyranoside",C1=CC(=C(C=C1O[C@H]2[C@@H]([C@H]([C@H]([C@H](O2)CO)O)O)O)[N+](=O)[O-])[N+](=O)[O-],0,0,0,0,0,0,0,0,0,0,0,0,0,0,0,0,0,0,0,0,0,0,0,0,0,1,0,0,0,0,0,0,0,0,0,0,0,0,0,0,0,0,0,0,0,0,0,0,0,0,1,0,0,0,1,1,0,1,1,0,0,0,0,0,1,0,0,0,0,0,0,1,1,1,0,0,0,0,0,0,1,0,0,1,0,0,0,0,0,0,1,1,1,0,0,1,0,0,1,1,0,0,0,1,0,0,0,0,0,0,1,0,0,0,1,0,0,0,0,0,1,0,0,1,1,1,0,1,1,0,0,1,1,1,1,0,1,1,1,0,1,1,0,1,1,1,1,1,0,1,0,1,0,1,1,0,1,1,1,1,1,0,1,1,1,1,1,0
Methanotetramethrin,CC1(CC1C2C(C2(C)C)C(=O)OCN3C(=O)C4=C(C3=O)CCCC4)C,0,0,0,0,0,0,0,0,0,0,0,0,0,0,0,0,0,0,0,0,0,0,0,1,0,0,0,1,0,1,0,0,0,0,0,0,0,0,0,0,0,0,0,0,0,0,0,0,0,0,0,1,0,0,0,0,0,0,0,0,0,0,0,1,0,0,0,1,0,0,0,0,0,0,0,1,1,1,0,0,0,0,0,0,1,0,1,0,0,0,1,0,0,1,0,0,0,1,1,0,1,1,1,0,0,0,1,0,0,1,1,1,0,1,0,0,1,1,1,1,0,0,1,1,1,0,0,1,1,1,1,0,0,0,0,0,0,1,1,0,0,1,1,0,1,0,0,1,1,1,1,1,0,0,1,1,1,1,1,1,1,1,1,0,1,1,1,0
Etoxazole,CCOC1=C(C=CC(=C1)C(C)(C)C)C2COC(=N2)C3=C(C=CC=C3F)F,0,0,0,0,0,0,0,0,0,0,0,0,0,0,0,0,0,0,0,0,0,0,0,0,0,0,0,0,0,0,0,0,0,0,0,0,0,0,0,0,0,0,0,1,0,0,0,0,0,0,0,0,0,0,0,0,0,0,1,0,0,0,0,1,0,0,0,1,0,0,0,0,0,0,0,1,0,0,0,1,0,0,0,0,1,0,0,0,1,0,0,0,0,1,0,0,1,1,1,0,0,0,0,0,0,0,0,0,1,0,1,1,1,1,1,1,0,0,1,0,1,1,1,0,0,0,1,1,1,0,0,0,0,0,0,1,0,0,1,1,0,0,1,0,1,1,1,0,0,0,1,1,0,1,1,0,1,1,1,1,1,1,1,1,1,1,1,0
"2,4-Dinitro-6-tert-butylphenyl methanesulfonate",CC(C)(C)C1=C(C(=CC(=C1)[N+](=O)[O-])[N+](=O)[O-])OS(=O)(=O)C,0,0,0,0,0,0,0,0,0,0,0,0,0,0,0,0,0,0,0,0,0,0,0,0,0,1,0,0,0,0,0,0,0,0,0,0,0,0,0,0,1,1,0,0,0,0,0,0,0,1,1,0,1,0,0,0,1,1,0,1,0,1,1,0,1,0,0,1,1,0,0,1,1,0,1,1,0,0,0,0,0,1,0,0,0,0,0,0,0,1,1,0,0,0,1,1,1,0,0,0,0,0,0,1,0,0,0,1,0,0,0,0,0,1,1,0,0,0,0,0,1,0,0,1,0,1,0,1,1,0,0,1,0,0,1,0,1,1,0,0,0,1,1,1,1,1,0,1,0,1,1,1,0,1,0,0,0,1,1,1,1,1,1,1,1,1,1,0
Urea sulfate,C(=O)(N)N.OS(=O)(=O)O,0,0,0,0,0,0,0,0,0,0,0,0,0,0,0,0,0,0,0,0,0,0,0,0,0,0,0,0,0,0,0,0,0,0,0,0,0,0,1,0,1,1,0,0,1,0,0,0,0,1,0,0,0,0,0,0,1,0,0,1,0,1,1,0,0,0,0,0,1,0,1,0,0,0,1,0,0,0,1,0,0,0,0,0,0,1,0,0,0,1,0,0,0,0,0,0,0,0,0,0,0,0,0,1,0,0,0,1,0,0,0,1,0,1,0,0,0,0,1,0,0,0,0,0,0,1,0,0,0,0,0,1,1,0,0,0,0,1,0,0,1,1,0,1,0,0,0,1,0,1,0,0,1,0,0,1,0,1,0,1,1,0,1,0,0,1,0,1
Diammonium succinate,C(CC(=O)[O-])C(=O)[O-].[NH4+].[NH4+],0,0,0,0,0,0,0,0,0,0,0,0,0,0,0,0,0,0,0,0,0,0,0,0,0,0,0,0,0,0,0,0,0,0,0,0,0,0,0,0,0,0,0,0,0,0,0,0,0,0,1,0,0,0,0,0,0,0,0,0,0,0,0,0,0,0,0,0,0,0,0,0,0,0,0,0,0,0,0,0,0,0,0,0,0,0,0,0,0,0,0,0,0,0,0,0,0,0,0,0,0,0,0,0,0,0,0,0,0,0,0,0,0,0,0,0,0,0,0,1,0,0,0,0,1,0,0,0,0,0,0,0,1,1,0,0,0,1,0,0,0,1,0,1,0,0,0,1,1,0,0,0,1,0,0,1,1,0,1,0,1,0,1,0,0,1,0,1
Thiosultap disodium,CN(C)C(CSS(=O)(=O)[O-])CSS(=O)(=O)[O-].[Na+].[Na+],0,0,0,0,0,0,0,0,0,0,0,0,0,0,0,1,0,0,0,0,0,0,0,0,0,0,0,0,0,0,0,0,0,0,0,0,1,0,0,0,1,1,0,0,0,1,0,0,0,1,1,0,0,0,0,0,1,0,0,1,0,1,1,0,0,0,0,0,1,0,0,0,0,0,1,1,0,0,0,0,0,0,1,0,0,0,1,1,0,1,0,0,0,0,1,0,0,0,0,0,0,0,0,1,0,0,0,1,0,0,0,0,1,1,0,0,0,1,0,0,0,0,0,1,0,1,0,0,0,0,0,1,0,0,0,0,0,1,0,1,0,1,0,0,0,0,0,1,0,1,1,0,0,0,1,0,1,1,0,1,1,1,1,0,0,1,0,1
Bioresmethrin,CC(=C[C@@H]1[C@H](C1(C)C)C(=O)OCC2=COC(=C2)CC3=CC=CC=C3)C,0,0,0,0,0,0,0,0,0,0,0,0,0,0,0,0,0,0,0,0,0,0,0,1,0,0,0,0,0,0,0,0,0,0,0,0,0,0,0,0,0,0,0,0,0,0,0,0,0,0,0,1,0,0,0,0,0,0,1,0,0,0,0,0,0,0,0,1,0,0,0,0,0,0,0,1,0,1,0,0,0,0,0,0,1,0,0,0,0,0,1,0,0,0,0,0,0,1,0,0,1,0,0,0,0,0,0,0,0,0,1,0,0,1,0,0,0,0,0,0,0,0,0,0,1,0,1,1,0,1,0,0,0,1,0,0,0,0,1,0,0,0,1,0,0,0,0,1,0,0,1,1,0,1,1,1,1,0,1,0,1,1,0,1,1,1,1,0
1-Methylcyclopropene,CC1=CC1,0,0,0,0,0,0,0,0,0,0,0,0,0,0,0,0,0,0,0,0,0,0,0,1,0,0,0,0,0,0,0,0,0,0,0,0,0,0,0,0,0,0,0,0,0,0,0,0,0,0,0,1,0,0,0,0,0,0,0,0,0,0,0,0,0,0,0,0,0,0,0,0,0,0,0,0,0,1,0,0,0,0,0,0,0,0,0,0,0,0,0,0,0,0,0,0,0,0,0,0,1,0,0,0,0,0,0,0,0,0,0,0,0,0,0,0,1,1,0,0,0,0,0,0,0,0,0,0,0,0,0,0,0,0,0,0,0,0,0,0,0,0,0,0,0,0,0,0,0,0,0,0,0,0,0,0,0,0,0,0,0,1,0,0,0,0,1,0
D-Camphor,C[C@@]12CC[C@@H](C1(C)C)CC2=O,0,0,0,0,0,0,0,0,0,0,0,0,0,0,0,0,0,0,0,0,0,0,0,0,0,0,0,0,0,0,0,0,0,0,0,0,0,0,0,0,0,0,0,0,0,0,0,0,0,0,0,0,0,0,0,0,0,0,0,0,0,0,0,0,0,0,0,1,0,0,0,0,0,0,0,1,0,0,0,0,0,0,0,0,0,0,0,0,0,0,0,0,0,0,0,0,0,1,0,0,0,0,0,0,0,0,1,0,0,1,0,0,0,1,0,0,1,1,0,1,0,0,0,0,0,0,0,0,1,1,1,0,0,1,0,0,0,0,0,0,0,0,1,0,1,0,0,0,1,0,1,1,0,1,0,1,0,0,0,0,0,1,0,0,1,1,1,0
Copper silicate,[O-][Si](=O)[O-].[Cu+2],0,0,0,0,0,0,0,0,0,0,0,0,0,1,0,0,0,0,0,0,0,1,0,0,0,0,0,0,0,0,0,0,0,0,0,0,0,0,0,0,0,0,0,0,0,1,0,0,0,1,1,0,0,0,0,0,0,0,0,0,0,0,0,0,0,0,0,0,0,0,0,0,0,0,0,0,0,0,0,0,0,0,0,0,0,0,0,0,0,0,0,0,0,0,0,0,0,0,0,0,0,0,0,1,0,0,0,1,0,0,0,0,0,0,0,0,0,0,0,0,0,0,0,0,0,1,0,0,0,0,0,1,0,0,0,0,0,0,0,0,0,0,0,0,0,0,0,1,0,1,0,0,0,0,0,0,0,0,0,0,1,0,0,0,0,1,0,1
Calcium nitrite,N(=O)[O-].N(=O)[O-].[Ca+2],0,0,0,0,0,0,0,0,0,0,0,1,0,0,0,0,0,0,0,0,0,0,0,0,0,1,0,0,0,0,0,0,0,0,0,0,0,0,0,0,0,0,0,0,0,1,0,0,0,0,1,0,0,0,0,0,0,0,0,0,0,0,0,0,1,0,0,0,0,0,0,1,1,0,0,0,0,0,0,0,0,0,0,0,0,0,0,0,0,0,0,0,0,0,0,1,0,0,0,0,0,0,0,1,0,0,0,0,0,0,0,0,0,0,0,0,0,0,0,0,1,0,0,0,0,1,0,0,0,0,0,1,0,0,0,0,0,1,0,0,0,1,0,1,0,0,0,1,0,0,0,0,0,0,0,0,0,0,0,0,1,0,1,0,0,1,0,1
Chloroethylene bisthiocyanate,C(C(SC#N)Cl)SC#N,0,0,0,0,0,0,0,0,0,0,0,0,0,0,0,0,0,0,0,0,0,0,0,0,0,0,0,0,0,0,0,0,0,0,0,0,0,0,0,0,0,0,1,0,0,0,0,0,1,0,0,0,0,0,0,0,0,0,0,0,0,0,0,0,0,0,0,0,0,0,0,0,0,0,0,0,0,0,0,0,0,0,1,0,0,0,0,0,0,1,0,0,0,0,0,0,0,0,0,0,0,0,0,0,1,0,0,0,1,0,0,0,0,0,0,0,0,0,0,0,0,0,0,0,0,0,0,0,0,0,0,0,0,0,0,1,0,0,0,0,0,0,0,1,0,0,0,0,0,0,0,0,0,0,1,0,1,0,0,0,0,0,1,0,0,0,0,0
Nordihydrocapsaicin,CC(C)CCCCCC(=O)NCC1=CC(=C(C=C1)O)OC,0,0,0,0,0,0,0,0,0,0,0,0,0,0,0,0,0,0,0,0,0,0,0,0,0,0,0,0,0,0,0,0,0,0,0,0,0,0,0,0,0,0,0,0,0,0,0,0,0,0,0,0,0,0,0,0,0,0,0,0,0,0,0,0,0,0,0,0,0,0,0,0,0,1,0,1,0,0,0,0,0,0,0,1,0,0,0,0,0,0,0,1,1,1,1,0,0,0,0,0,0,1,0,0,0,1,0,0,0,1,0,1,1,0,1,0,1,1,1,1,0,0,0,0,0,0,0,1,1,1,1,0,1,1,0,0,0,0,0,0,1,0,1,0,1,1,0,1,1,0,1,1,1,1,1,1,1,1,1,1,1,1,1,1,1,1,1,0
Benzyldidecylmethylammonium chloride,CCCCCCCCCC[N+](C)(CCCCCCCCCC)CC1=CC=CC=C1.[Cl-],0,0,0,0,0,0,0,0,0,0,0,0,0,0,0,0,0,0,0,0,0,0,0,0,0,0,0,0,0,0,0,1,0,0,0,0,0,0,0,0,0,0,0,0,0,0,0,0,0,0,1,0,0,0,0,0,0,0,0,0,0,0,0,0,0,0,0,0,0,0,0,0,0,0,0,0,0,0,0,0,0,0,0,0,0,0,1,1,0,0,0,0,0,0,1,0,0,0,0,0,0,1,0,0,1,0,0,0,0,1,0,0,1,1,0,1,1,1,0,1,0,0,0,1,0,0,0,0,0,1,1,0,0,0,0,1,0,0,0,1,0,0,1,0,0,0,0,0,1,1,1,0,0,0,1,0,1,0,0,1,0,1,1,1,1,0,1,1
Potassium hexafluoroarsenate,F[As-](F)(F)(F)(F)F.[K+],0,0,0,0,1,0,0,0,0,0,0,0,0,0,0,0,0,0,0,0,0,0,0,0,0,0,0,0,0,0,0,0,1,0,0,0,1,0,0,0,0,0,0,1,0,1,0,0,0,0,1,0,0,0,0,0,0,0,0,0,0,0,0,0,0,0,0,0,0,0,0,0,0,0,0,0,0,0,0,0,0,0,0,0,0,0,0,0,0,0,0,0,0,0,0,0,0,0,0,0,0,0,0,0,0,0,0,1,1,0,0,0,0,1,0,0,0,0,0,0,0,0,0,0,0,1,0,0,0,0,0,1,0,0,0,1,0,0,0,0,0,0,0,0,0,0,0,0,0,1,0,0,0,0,0,0,0,0,0,0,0,0,0,0,0,0,0,1
Cupric octanoate,CCCCCCCC(=O)[O-].CCCCCCCC(=O)[O-].[Cu+2],0,0,0,0,0,0,0,0,0,0,0,0,0,1,0,0,0,0,0,0,0,0,0,0,0,0,0,0,0,0,0,0,0,0,0,0,0,0,0,0,0,0,0,0,0,1,0,0,0,0,1,0,0,0,0,0,0,0,0,0,0,0,0,0,0,0,0,0,0,0,0,0,0,0,0,0,0,0,0,0,0,0,0,0,0,0,0,0,0,0,0,0,0,0,0,0,0,0,0,0,0,0,0,0,0,0,0,0,0,1,0,0,0,0,0,1,1,1,0,1,0,0,0,0,1,0,0,0,0,1,1,0,0,1,0,0,0,1,0,0,0,1,0,0,0,0,0,1,1,0,1,0,0,0,0,1,1,0,1,0,1,1,0,0,0,1,0,1
Neopybuthrin,CCCCOCCOCCOCC1=CC2=C(C=C1CCC)OCO2.CC1=C(C(=O)CC1OC(=O)C2C(C2(C)C)C=C(C)C)CC=C.CC(=C[C@H]1[C@@](C1(C)C)(C2=COC(=C2)CC3=CC=CC=C3)C(=O)OC)C,0,0,0,0,0,0,0,0,0,0,0,0,0,0,0,0,0,0,0,0,0,0,0,1,0,0,0,0,0,1,0,0,0,0,0,1,0,0,0,0,0,0,0,0,0,0,0,0,0,0,0,1,0,0,0,0,0,0,1,0,0,0,0,1,0,0,0,1,0,0,0,0,0,1,0,1,0,1,0,0,0,0,0,0,1,0,0,1,0,0,1,0,0,0,1,0,0,1,0,0,1,0,1,0,0,0,1,0,0,1,1,0,0,1,1,1,1,1,0,1,0,1,0,0,1,0,1,1,1,1,1,0,0,1,0,0,0,1,1,1,0,1,1,0,1,1,1,1,1,0,1,1,0,1,1,1,1,0,1,0,1,1,0,1,1,1,1,1
Sodium metaborate,B(=O)[O-].[Na+],0,0,0,0,0,0,0,0,0,0,0,0,0,0,0,0,0,0,0,1,0,0,0,0,0,0,0,0,0,0,0,0,0,0,0,0,1,0,0,0,0,0,0,0,0,1,0,0,0,0,1,0,0,0,0,0,0,0,0,0,0,0,0,0,0,0,0,0,0,0,0,0,0,0,0,0,0,0,0,0,0,0,0,0,0,0,0,0,0,0,0,0,0,0,0,0,0,0,0,0,0,0,0,1,0,0,0,0,0,0,0,0,0,0,0,0,0,0,0,0,0,0,0,0,0,1,0,0,0,0,0,1,0,0,0,0,0,0,0,0,0,0,0,0,0,0,0,0,0,0,0,0,0,0,0,0,0,0,0,0,1,0,0,0,0,1,0,1
Carbetamide,CCNC(=O)[C@@H](C)OC(=O)NC1=CC=CC=C1,0,0,0,0,0,0,0,0,0,0,0,0,0,0,0,0,0,0,0,0,0,0,0,0,1,0,0,0,0,0,0,0,0,0,0,0,0,0,0,0,0,0,0,0,0,0,0,0,0,0,0,0,0,0,0,0,0,0,0,0,0,0,0,0,0,0,0,0,0,0,0,0,0,1,0,0,0,0,0,0,0,0,0,1,0,0,0,0,0,0,0,0,0,1,0,0,1,0,0,0,0,1,0,0,0,0,0,1,0,1,0,1,0,0,0,1,0,0,1,0,0,0,0,0,1,0,0,1,0,0,0,0,1,0,1,0,1,1,0,0,0,0,0,1,0,0,0,1,0,0,1,0,1,1,1,1,1,1,1,1,1,1,1,1,1,1,1,0
"2,6-Dichloromercuri-4-nitrophenol",C1=C(C=C(C(=C1[Hg]Cl)O)[Hg]Cl)[N+](=O)[O-],0,0,0,0,0,0,0,0,0,0,0,0,0,1,0,0,0,0,0,0,0,0,0,0,0,1,0,0,0,0,0,0,1,0,0,0,0,0,0,0,0,0,0,0,0,1,0,0,0,0,1,0,0,0,0,0,0,1,0,0,0,0,0,0,1,0,0,0,0,0,0,1,1,0,0,0,0,0,0,0,0,0,0,0,0,0,0,0,0,0,0,0,0,0,0,1,0,0,0,0,0,0,0,1,1,0,0,0,0,0,0,0,0,0,1,0,0,0,0,0,1,0,0,1,0,1,0,0,1,0,0,1,0,0,1,1,1,0,0,0,1,0,0,0,1,1,0,1,0,1,0,1,0,1,0,0,0,1,1,1,1,0,1,1,1,1,1,0
"4H-1,3,2-Benzodioxaphosphorin, 2-phenyl-, 2-oxide",C1C2=CC=CC=C2OP(=O)(O1)C3=CC=CC=C3,0,0,0,0,0,0,0,0,0,0,0,0,0,0,0,0,0,0,0,0,0,0,0,0,0,0,0,0,0,0,1,0,0,0,0,0,0,0,0,0,0,0,0,0,0,0,0,0,0,1,0,0,0,0,0,0,0,0,1,0,0,0,0,1,0,0,0,0,0,0,0,0,0,0,0,0,0,0,0,0,0,0,0,0,0,0,0,0,0,0,1,0,0,0,0,0,0,0,0,1,0,0,1,1,0,0,1,1,0,0,1,0,0,1,1,0,0,0,0,0,0,1,0,0,0,1,1,0,1,0,0,1,0,0,0,0,0,0,1,0,0,0,0,0,1,1,1,1,0,1,0,0,0,1,1,0,0,0,1,0,1,0,0,1,1,1,1,0
4-Aminophenylmercury chloride,C1=CC(=CC=C1N)[Hg]Cl,0,0,0,0,0,0,0,0,0,0,0,0,0,1,0,0,0,0,0,0,0,0,0,0,0,0,0,0,0,0,0,0,1,0,0,0,0,0,0,0,0,0,0,0,0,1,0,0,0,0,0,0,0,0,0,0,0,0,0,0,0,0,0,0,0,0,0,0,0,0,0,0,0,0,0,0,0,0,0,0,0,0,0,0,0,1,0,0,0,0,0,0,0,0,0,0,0,0,0,0,0,0,0,0,1,0,0,0,0,0,0,0,0,0,0,0,0,0,0,0,0,0,0,0,0,1,0,0,0,0,0,0,0,0,1,1,1,0,0,0,0,0,0,0,0,0,0,0,0,0,0,0,1,0,0,0,0,1,0,1,0,0,1,1,1,0,1,0
2-(Decylthio)ethanamine hydrochloride,CCCCCCCCCCSCCN.Cl,0,0,0,0,0,0,0,0,0,0,0,0,0,0,0,0,0,0,0,0,0,0,0,0,0,0,0,0,0,0,0,0,0,0,0,0,0,0,0,0,0,0,0,0,0,0,0,0,0,0,0,0,0,0,0,0,0,0,0,0,0,0,0,0,0,0,0,0,0,0,0,0,0,0,0,0,0,0,0,0,0,0,0,1,0,1,0,1,0,1,0,0,1,0,0,0,0,0,0,0,0,1,0,0,1,1,0,0,0,1,0,0,1,0,0,1,1,1,0,1,0,0,0,0,0,0,0,0,0,1,1,0,1,0,0,1,0,0,0,1,0,0,0,0,0,0,0,0,1,0,0,0,1,0,1,0,1,0,0,1,0,1,1,0,0,0,0,1
"2,2-Bis(4-ethoxyphenyl)-3,3-dimethyloxetane",CCOC1=CC=C(C=C1)C2(C(CO2)(C)C)C3=CC=C(C=C3)OCC,0,0,0,0,0,0,0,0,0,1,0,0,1,0,0,0,0,0,0,0,0,0,0,0,0,0,0,0,0,0,0,0,0,0,0,0,0,0,0,0,0,0,0,0,0,0,0,0,0,0,0,0,0,0,0,0,0,0,1,0,0,0,0,1,0,0,0,1,0,0,0,0,0,0,0,1,0,0,0,0,0,0,0,0,0,0,0,0,0,0,0,0,0,0,0,0,0,0,0,0,0,0,0,0,0,0,0,0,0,0,1,0,0,1,1,1,1,0,0,0,0,0,0,0,0,0,1,1,1,0,0,0,0,0,0,0,0,0,1,1,0,0,1,0,1,0,1,1,0,0,1,1,0,1,1,0,1,0,1,0,1,1,0,1,1,1,1,0
Reslin,CCCCOCCOCCOCC1=CC2=C(C=C1CCC)OCO2.CC(=C[C@@H]1[C@H](C1(C)C)C(=O)OCC2=COC(=C2)CC3=CC=CC=C3)C,0,0,0,0,0,0,0,0,0,0,0,0,0,0,0,0,0,0,0,0,0,0,0,1,0,0,0,0,0,1,0,0,0,0,0,0,0,0,0,0,0,0,0,0,0,0,0,0,0,0,0,1,0,0,0,0,0,0,1,0,0,0,0,0,0,0,0,1,0,0,0,0,0,1,0,1,0,1,0,0,0,0,0,0,1,0,0,1,0,0,1,0,0,0,0,0,0,1,0,0,1,0,1,0,0,0,1,0,0,0,1,0,0,1,1,1,1,1,0,1,0,1,0,0,1,0,1,1,0,1,1,0,0,1,0,0,0,0,1,1,0,1,1,0,0,1,1,1,1,0,1,1,0,1,1,1,1,0,1,0,1,1,0,1,1,1,1,1
Xylachlor,CC1=C(C(=CC=C1)N(C(C)C)C(=O)CCl)C,0,0,0,0,0,0,0,0,0,0,0,0,0,0,0,0,0,0,0,0,0,0,0,0,0,0,0,0,0,0,0,0,0,0,0,0,0,0,0,0,0,0,0,0,0,0,0,0,0,0,0,0,0,0,0,0,0,0,0,0,0,0,0,0,0,0,0,0,0,0,0,0,0,0,0,1,0,0,0,0,0,0,0,0,0,0,1,0,0,0,0,0,0,1,0,0,0,0,0,0,0,0,0,0,1,0,0,0,0,1,0,1,1,0,0,0,0,0,1,0,0,0,0,1,0,0,0,0,0,0,0,0,0,1,1,1,1,0,0,0,0,0,1,0,0,1,0,0,0,1,1,1,0,0,1,1,1,1,0,1,0,1,1,1,1,1,1,0
Terbuchlor,CCCCOCN(C1=C(C=CC=C1C(C)(C)C)C)C(=O)CCl,0,0,0,0,0,0,0,0,0,0,0,0,0,0,0,0,0,0,0,0,0,0,0,0,0,0,0,0,0,1,0,0,0,0,0,0,0,0,0,0,0,0,0,0,0,0,0,0,0,0,0,0,0,0,0,0,0,0,0,0,0,0,0,0,0,0,0,1,0,0,0,0,0,0,0,1,0,0,0,0,0,0,0,0,0,0,1,1,0,0,1,0,0,1,0,0,0,0,0,0,0,1,0,0,1,0,0,0,0,1,1,1,1,1,0,1,1,1,1,1,0,0,0,1,0,0,0,1,0,1,1,0,0,1,1,1,1,0,0,1,0,0,1,0,0,1,0,0,1,1,1,1,0,0,1,1,1,1,1,1,1,1,1,1,1,1,1,0
Imazethapyr-ammonium,CCC1=CC(=C(N=C1)C2=NC(C(=O)N2)(C)C(C)C)C(=O)[O-].[NH4+],0,0,0,0,0,0,0,0,0,0,0,0,0,0,0,0,0,0,0,0,0,0,0,0,0,0,0,0,0,0,0,0,0,0,0,0,0,0,0,1,0,0,0,0,0,0,0,0,0,0,1,0,0,0,0,0,0,0,0,0,0,0,0,1,0,0,1,1,0,0,0,0,0,0,0,1,0,0,1,1,1,0,0,0,1,0,0,0,0,0,0,0,0,1,0,0,1,1,1,1,0,0,0,0,0,0,0,0,0,0,0,1,0,1,0,1,0,0,1,0,1,1,1,0,1,0,0,0,1,0,0,0,1,0,0,0,0,1,1,0,0,0,1,1,1,1,0,1,0,0,1,1,1,0,0,1,1,1,1,1,1,1,1,1,1,1,1,1
Flumezin,CN1C(=O)N(C(=O)CO1)C2=CC=CC(=C2)C(F)(F)F,0,0,0,0,0,0,0,0,0,0,0,0,0,0,1,0,0,0,0,0,0,0,0,0,0,1,0,0,0,0,0,0,0,0,0,0,0,0,1,0,0,0,0,1,0,0,0,0,0,0,0,0,0,0,0,0,0,0,1,0,0,0,0,1,0,0,0,0,0,0,0,0,1,1,0,0,1,0,1,0,0,1,0,0,0,0,1,0,0,0,1,0,0,1,1,1,1,0,1,1,0,0,0,1,0,0,0,1,1,0,1,1,1,1,0,0,0,1,1,0,0,1,1,1,0,1,0,0,1,0,0,0,0,1,1,1,1,1,1,0,0,0,0,1,1,0,1,1,0,1,0,1,0,0,1,1,0,1,1,1,1,1,1,1,1,1,1,0
Dinitropropylphenol,C1=CC=C(C(=C1)CCC([N+](=O)[O-])[N+](=O)[O-])O,0,0,0,0,0,0,0,0,0,0,0,0,0,0,0,0,0,0,0,0,0,0,0,0,0,1,0,0,0,0,0,0,0,0,0,0,0,0,0,1,0,0,0,0,0,0,0,0,0,0,1,0,0,0,0,0,0,1,0,0,0,0,0,0,1,0,0,0,0,0,0,1,1,0,0,0,0,0,1,0,0,0,0,0,0,0,0,0,0,0,1,1,1,0,0,1,1,0,0,0,0,0,0,1,0,0,0,0,0,0,0,0,1,0,1,0,0,0,0,1,1,0,0,1,0,1,0,0,1,0,0,1,0,0,0,0,0,1,0,0,1,1,0,1,1,1,0,1,1,1,0,1,0,1,0,0,1,1,1,1,1,0,1,1,1,1,1,0
Parafluron,CN(C)C(=O)NC1=CC=C(C=C1)C(F)(F)F,0,0,0,0,0,0,0,0,0,0,0,0,0,0,0,0,0,0,0,0,0,0,0,0,0,0,0,0,0,0,0,0,0,0,0,0,0,0,1,0,0,0,0,1,0,0,0,0,0,0,0,0,0,0,0,0,0,0,0,0,0,0,0,0,0,0,0,0,0,0,0,0,0,0,0,1,0,0,1,0,0,0,0,0,0,0,1,1,0,0,0,0,0,0,1,0,0,0,0,0,0,0,0,0,0,0,0,1,1,0,0,1,0,1,0,0,0,0,1,0,0,0,0,1,0,0,0,0,0,0,0,0,0,0,1,1,1,0,0,0,0,0,0,1,0,0,0,0,0,1,1,0,1,0,0,1,0,1,0,1,0,1,1,1,1,1,1,0
Neosaxitoxin,C1CN2C(=N)N([C@H]([C@H]3[C@]2(C1(O)O)NC(=N3)N)COC(=O)N)O,0,0,0,0,0,0,0,0,0,0,0,0,0,0,1,0,0,0,0,0,0,0,0,0,1,1,1,0,0,0,0,0,0,0,0,0,0,0,0,1,0,0,0,0,1,0,0,0,0,0,0,0,0,0,1,1,0,0,0,0,0,0,0,0,0,0,0,0,0,0,1,0,1,0,0,0,1,0,1,1,1,1,0,0,1,1,1,0,0,0,1,1,1,0,0,1,1,1,1,1,0,1,1,1,0,1,1,1,0,0,1,1,1,1,0,0,0,0,1,1,1,1,1,1,1,1,0,1,1,0,0,0,1,1,1,0,0,0,1,1,1,1,0,1,1,0,0,1,1,1,0,1,1,1,1,1,1,1,1,1,1,0,1,0,1,1,1,0
"(1'R,2R,3S,4'S,6S,8'R,12'S,13'S,20'R,21'R,24'S)-2-cyclohexyl-21',24'-dihydroxy-12'-[(2R,4S,5S,6S)-5-[(2S,4S,5S,6S)-5-hydroxy-4-methoxy-6-methyloxan-2-yl]oxy-4-methoxy-6-methyloxan-2-yl]oxy-3,11',13',22'-tetramethylspiro[2,3-dihydropyran-6,6'-3,7,19-trioxatetracyclo[15.6.1.14,8.020,24]pentacosa-10,14,16,22-tetraene]-2'-one",C[C@H]1C=CC=C2CO[C@H]3[C@@]2([C@@H](C=C([C@H]3O)C)C(=O)O[C@H]4C[C@@H](CC=C([C@H]1O[C@H]5C[C@@H]([C@H]([C@@H](O5)C)O[C@H]6C[C@@H]([C@H]([C@@H](O6)C)O)OC)OC)C)O[C@]7(C4)C=C[C@@H]([C@H](O7)C8CCCCC8)C)O,0,0,0,0,0,0,0,0,0,0,0,0,0,0,0,0,0,0,0,0,0,0,0,0,0,0,0,1,0,0,0,0,0,0,0,0,0,0,0,0,0,0,0,0,0,0,0,0,0,0,0,1,0,0,1,0,0,0,1,0,0,0,0,1,0,0,0,1,0,0,0,0,0,1,0,0,0,1,0,0,0,0,0,0,1,0,0,0,0,0,1,1,1,0,1,0,0,1,0,1,1,0,1,0,0,0,1,0,0,1,1,0,0,1,0,0,0,1,0,1,0,1,0,0,1,0,0,1,1,1,1,0,1,1,0,0,0,0,1,0,1,1,1,0,1,0,1,1,1,0,1,1,0,1,1,1,0,0,1,0,1,1,0,0,1,1,1,0
25-cyclohexyl-5-O-demethyl-25-de(1-methylpropyl)avermectin A1a,C[C@H]1/C=C\C=C2CO[C@H]3[C@@]2([C@@H](C=C([C@H]3O)C)C(=O)O[C@H]4C[C@@H](C/C=C(\[C@H]1O[C@H]5C[C@@H]([C@H]([C@@H](O5)C)O[C@H]6C[C@@H]([C@H]([C@@H](O6)C)O)OC)OC)/C)O[C@]7(C4)C=C[C@@H]([C@H](O7)C8CCCCC8)C)O,0,0,0,0,0,0,0,0,0,0,0,0,0,0,0,0,0,0,0,0,0,0,0,0,0,0,0,1,0,0,0,0,0,0,0,0,0,0,0,0,0,0,0,0,0,0,0,0,0,0,0,1,0,0,1,0,0,0,1,0,0,0,0,1,0,0,0,1,0,0,0,0,0,1,0,0,0,1,0,0,0,0,0,0,1,0,0,0,0,0,1,1,1,0,1,0,0,1,0,1,1,0,1,0,0,0,1,0,0,1,1,0,0,1,0,0,0,1,0,1,0,1,0,0,1,0,0,1,1,1,1,0,1,1,0,0,0,0,1,0,1,1,1,0,1,0,1,1,1,0,1,1,0,1,1,1,0,0,1,0,1,1,0,0,1,1,1,0
Abamectin,CC[C@H](C)[C@@H]1[C@H](C=C[C@@]2(O1)C[C@@H]3C[C@H](O2)C/C=C(/[C@H]([C@H](/C=C/C=C/4\CO[C@H]5[C@@]4([C@@H](C=C([C@H]5O)C)C(=O)O3)O)C)O[C@H]6C[C@@H]([C@H]([C@@H](O6)C)O[C@H]7C[C@@H]([C@H]([C@@H](O7)C)O)OC)OC)\C)C.C[C@H]1/C=C/C=C/2\CO[C@H]3[C@@]2([C@@H](C=C([C@H]3O)C)C(=O)O[C@H]4C[C@@H](C/C=C(/[C@H]1O[C@H]5C[C@@H]([C@H]([C@@H](O5)C)O[C@H]6C[C@@H]([C@H]([C@@H](O6)C)O)OC)OC)\C)O[C@]7(C4)C=C[C@@H]([C@H](O7)C(C)C)C)O,0,0,0,0,0,0,0,0,0,0,0,0,0,0,0,0,0,0,0,0,0,0,0,0,0,0,0,1,0,0,0,0,0,0,0,0,0,0,0,0,0,0,0,0,0,0,0,0,0,0,0,1,0,0,1,0,0,0,1,0,0,0,0,0,0,0,0,1,0,0,0,0,0,1,0,1,0,1,0,0,0,0,0,0,1,0,0,0,0,0,1,1,1,0,1,0,0,1,0,1,1,0,1,0,0,0,1,0,0,1,1,0,0,1,0,1,1,1,0,0,0,1,0,0,1,0,0,1,1,1,0,0,1,1,0,0,0,1,1,1,1,1,1,0,1,0,1,1,0,0,1,1,0,1,1,1,1,0,1,0,1,1,0,0,1,1,1,1
Rolliniastatin-1,CCCCCCCCCC[C@@H]([C@H]1CC[C@H](O1)[C@@H]2CC[C@@H](O2)[C@@H](CCCCCCCCCC[C@H](CC3=C[C@@H](OC3=O)C)O)O)O,0,0,0,0,0,0,0,0,0,0,0,0,0,0,0,0,0,0,0,0,0,0,0,0,0,0,0,0,0,0,0,0,0,0,0,0,0,0,0,0,0,0,0,0,0,0,0,0,0,0,0,1,0,0,0,0,0,0,1,0,0,0,0,1,0,0,0,0,0,0,0,0,0,1,0,0,0,1,0,0,0,0,0,0,1,0,0,0,0,0,0,1,1,0,0,0,0,1,0,0,1,0,0,0,0,1,0,0,0,1,0,0,0,0,0,1,1,1,0,1,0,1,0,0,1,0,0,0,1,1,1,0,1,1,0,0,0,0,1,0,1,1,0,0,1,0,0,1,1,0,1,1,0,1,0,1,1,0,1,0,1,1,0,0,0,1,1,0
C22H19Br4NO3,CC1(C(C1C(=O)OC(C#N)C2=CC(=CC=C2)OC3=CC=CC=C3)C(C(Br)(Br)Br)Br)C,0,0,0,0,0,0,0,0,0,0,0,0,0,0,0,0,0,0,0,0,0,0,0,1,0,0,0,0,0,0,0,0,0,0,0,0,0,0,0,0,0,0,1,0,0,0,0,1,0,0,0,0,0,0,0,0,0,0,0,0,0,0,0,0,0,0,0,1,0,0,0,0,0,0,0,1,0,0,0,0,0,0,0,0,0,0,0,0,0,0,0,0,0,0,0,0,1,0,0,0,0,0,0,0,0,0,0,1,1,0,0,0,0,1,1,0,0,0,0,0,0,0,0,0,1,0,1,1,1,0,0,0,0,0,0,1,0,0,0,0,0,0,0,0,1,0,1,1,0,0,1,1,0,1,0,1,0,0,1,0,1,1,1,1,1,1,1,0
Avermectin A1a,CC[C@H](C)[C@@H]1[C@H](C=C[C@@]2(O1)C[C@@H]3C[C@H](O2)C/C=C(/[C@H]([C@H](/C=C/C=C/4\CO[C@H]5[C@@]4([C@@H](C=C([C@H]5OC)C)C(=O)O3)O)C)O[C@H]6C[C@@H]([C@H]([C@@H](O6)C)O[C@H]7C[C@@H]([C@H]([C@@H](O7)C)O)OC)OC)\C)C,0,0,0,0,0,0,0,0,0,0,0,0,0,0,0,0,0,0,0,0,0,0,0,0,0,0,0,1,0,0,0,0,0,0,0,0,0,0,0,0,0,0,0,0,0,0,0,0,0,0,0,1,0,0,0,0,0,0,1,0,0,0,0,0,0,0,0,1,0,0,0,0,0,1,0,0,0,1,0,0,0,0,0,0,1,0,0,0,0,0,1,1,1,0,1,0,0,1,0,1,1,0,1,0,0,0,1,0,0,1,1,0,0,1,0,1,1,1,0,0,0,1,0,0,1,0,0,1,1,1,0,0,1,1,0,0,0,0,1,0,1,1,1,0,1,0,1,1,0,0,1,1,0,1,1,1,1,0,1,0,1,1,0,0,1,1,1,0
Doramectin,C[C@H]1/C=C/C=C/2\CO[C@H]3[C@@]2([C@@H](C=C([C@H]3O)C)C(=O)O[C@H]4C[C@@H](C/C=C(/[C@H]1O[C@H]5C[C@@H]([C@H]([C@@H](O5)C)O[C@H]6C[C@@H]([C@H]([C@@H](O6)C)O)OC)OC)\C)O[C@]7(C4)C=C[C@@H]([C@H](O7)C8CCCCC8)C)O,0,0,0,0,0,0,0,0,0,0,0,0,0,0,0,0,0,0,0,0,0,0,0,0,0,0,0,1,0,0,0,0,0,0,0,0,0,0,0,0,0,0,0,0,0,0,0,0,0,0,0,1,0,0,1,0,0,0,1,0,0,0,0,1,0,0,0,1,0,0,0,0,0,1,0,0,0,1,0,0,0,0,0,0,1,0,0,0,0,0,1,1,1,0,1,0,0,1,0,1,1,0,1,0,0,0,1,0,0,1,1,0,0,1,0,0,0,1,0,1,0,1,0,0,1,0,0,1,1,1,1,0,1,1,0,0,0,0,1,0,1,1,1,0,1,0,1,1,1,0,1,1,0,1,1,1,0,0,1,0,1,1,0,0,1,1,1,0
Ivermectin CRS,CC[C@H](C)[C@@H]1[C@H](CC[C@@]2(O1)C[C@@H]3C[C@H](O2)C/C=C(/[C@H]([C@H](/C=C/C=C/4\CO[C@H]5[C@@]4([C@@H](C=C([C@H]5O)C)C(=O)O3)O)C)O[C@H]6C[C@@H]([C@H]([C@@H](O6)C)O[C@H]7C[C@@H]([C@H]([C@@H](O7)C)O)OC)OC)\C)C.C[C@H]1CC[C@]2(C[C@@H]3C[C@H](O2)C/C=C(/[C@H]([C@H](/C=C/C=C/4\CO[C@H]5[C@@]4([C@@H](C=C([C@H]5O)C)C(=O)O3)O)C)O[C@H]6C[C@@H]([C@H]([C@@H](O6)C)O[C@H]7C[C@@H]([C@H]([C@@H](O7)C)O)OC)OC)\C)O[C@@H]1C(C)C,0,0,0,0,0,0,0,0,0,0,0,0,0,0,0,0,0,0,0,0,0,0,0,0,0,0,0,1,0,0,0,0,0,0,0,0,0,0,0,0,0,0,0,0,0,0,0,0,0,0,0,1,0,0,1,0,0,0,1,0,0,0,0,0,0,0,0,1,0,0,0,0,0,1,0,1,0,1,0,0,0,0,0,0,1,0,0,0,0,0,1,1,1,0,1,0,0,1,0,1,1,0,1,0,0,0,1,0,0,1,1,0,0,1,0,1,1,1,0,1,0,1,0,0,1,0,0,1,1,1,1,0,1,1,0,0,0,1,1,1,1,1,1,0,1,0,1,1,1,0,1,1,0,1,1,1,1,0,1,0,1,1,0,0,1,1,1,1
Prallethrin,CC1=C(C(=O)CC1OC(=O)C2C(C2(C)C)C=C(C)C)CC#C,0,0,0,0,0,0,0,0,0,0,0,0,0,0,0,0,0,0,1,0,0,0,0,1,0,0,0,0,0,0,0,0,0,0,0,0,0,0,0,0,0,0,0,0,0,0,0,0,0,0,0,1,0,0,0,0,0,0,0,0,0,0,0,0,0,0,0,1,0,0,0,0,0,0,0,1,0,1,0,0,0,0,0,0,0,0,0,0,0,0,1,0,0,0,0,0,0,1,0,0,1,0,0,0,0,0,0,0,0,1,0,0,0,1,0,0,0,1,0,0,0,0,0,0,1,0,0,1,1,1,1,0,0,1,0,0,0,1,0,0,0,0,1,0,1,0,0,1,0,0,1,1,0,1,0,1,1,0,1,0,1,1,0,0,0,1,1,0
Rel-Squamocin-H,CCCCCCCCCC[C@H]([C@H]1CC[C@@H](O1)[C@H]2CC[C@@H](O2)[C@@H](CCCCCCCCCC[C@H](CC3=C[C@@H](OC3=O)C)O)O)O,0,0,0,0,0,0,0,0,0,0,0,0,0,0,0,0,0,0,0,0,0,0,0,0,0,0,0,0,0,0,0,0,0,0,0,0,0,0,0,0,0,0,0,0,0,0,0,0,0,0,0,1,0,0,0,0,0,0,1,0,0,0,0,1,0,0,0,0,0,0,0,0,0,1,0,0,0,1,0,0,0,0,0,0,1,0,0,0,0,0,0,1,1,0,0,0,0,1,0,0,1,0,0,0,0,1,0,0,0,1,0,0,0,0,0,1,1,1,0,1,0,1,0,0,1,0,0,0,1,1,1,0,1,1,0,0,0,0,1,0,1,1,0,0,1,0,0,1,1,0,1,1,0,1,0,1,1,0,1,0,1,1,0,0,0,1,1,0
Npc113961,C1=C(C=C(C(=C1O)O)O)C(=O)OC2=CC(=CC(=C2O)O)C(=O)OC[C@H]3[C@@H]([C@H]([C@@H]([C@H](O3)OC(=O)C4=CC(=C(C(=C4)OC(=O)C5=CC(=C(C(=C5)O)O)O)O)O)OC(=O)C6=CC(=C(C(=C6)OC(=O)C7=CC(=C(C(=C7)O)O)O)O)O)OC(=O)C8=CC(=C(C(=C8)OC(=O)C9=CC(=C(C(=C9)O)O)O)O)O)OC(=O)C1=CC(=C(C(=C1)OC(=O)C1=CC(=C(C(=C1)O)O)O)O)O,0,0,0,0,0,0,0,0,0,0,0,0,0,0,0,0,0,0,0,0,0,0,0,0,0,0,0,0,0,0,0,0,0,0,0,0,0,0,0,0,0,0,0,0,0,0,0,0,0,0,0,0,0,0,1,1,0,0,1,0,0,0,0,0,0,0,0,0,0,0,0,0,0,1,0,0,0,0,0,0,0,0,0,0,0,0,0,0,0,0,1,0,0,0,0,0,0,0,0,1,0,0,0,0,0,0,0,0,0,0,1,0,0,0,1,0,0,0,0,0,0,0,0,0,1,0,1,1,1,0,0,0,1,1,0,0,0,1,1,0,1,1,0,0,1,1,1,1,0,0,0,1,0,1,1,1,1,0,1,0,1,0,0,1,1,1,1,0
"(1R,4S,5'S,6R,6'R,8R,10Z,13R,14Z,20R,21R,24S)-21,24-dihydroxy-5',11,13,22-tetramethyl-6'-propan-2-ylspiro[3,7,19-trioxatetracyclo[15.6.1.14,8.020,24]pentacosa-10,14,16,22-tetraene-6,2'-oxane]-2-one",C[C@H]1CC[C@]2(C[C@@H]3C[C@H](O2)C/C=C(\C[C@H](/C=C\C=C4CO[C@H]5[C@@]4([C@@H](C=C([C@H]5O)C)C(=O)O3)O)C)/C)O[C@@H]1C(C)C,0,0,0,0,0,0,0,0,0,0,0,0,0,0,0,0,0,0,0,0,0,0,0,0,0,0,0,1,0,0,0,0,0,0,0,0,0,0,0,0,0,0,0,0,0,0,0,0,0,0,0,1,0,0,1,0,0,0,1,0,0,0,0,0,0,0,0,1,0,0,0,0,0,1,0,1,0,1,0,0,0,0,0,0,1,0,0,0,0,0,1,1,1,0,0,0,0,1,0,1,1,0,1,0,0,0,1,0,0,1,1,0,0,1,0,0,1,1,0,1,0,1,0,0,1,0,0,0,1,1,1,0,1,1,0,0,0,0,1,0,1,1,1,0,1,0,1,1,1,0,1,1,0,1,1,1,0,0,1,0,1,1,0,0,1,1,1,0
Ethylenebisdithiocarbamic acid,C(CNC(=S)S)NC(=S)S,0,0,0,0,0,0,0,0,0,0,0,0,0,0,0,0,0,0,0,0,0,0,0,0,0,0,0,0,0,0,0,0,0,0,0,0,0,0,0,0,0,0,0,0,1,0,0,0,1,0,0,0,0,0,0,1,0,0,0,0,0,0,0,0,0,0,0,0,0,0,0,0,0,0,1,0,0,0,0,0,1,0,1,1,0,0,0,0,0,1,0,1,1,0,0,0,0,0,0,0,0,1,0,0,0,1,0,1,0,0,0,0,1,0,0,0,0,0,0,1,0,0,0,0,0,0,0,0,0,0,0,0,1,0,0,0,0,0,0,1,0,0,0,1,0,0,0,0,1,0,0,0,1,0,1,0,1,1,0,1,0,0,1,0,0,0,0,0
Zinc Oxide,[O-2].[Zn+2],0,0,0,0,0,0,0,0,0,0,0,0,0,1,0,0,0,0,0,0,0,0,0,0,0,0,0,0,0,0,0,0,0,0,0,0,0,0,0,0,0,0,0,0,0,1,0,0,0,0,1,0,0,0,0,0,0,0,0,0,0,0,0,0,0,0,0,0,0,0,0,0,0,0,0,0,0,0,0,0,0,0,0,0,0,0,0,0,0,0,0,0,0,0,0,0,0,0,0,0,0,0,0,0,0,0,0,0,0,0,0,0,0,0,0,0,0,0,0,0,0,0,0,0,0,0,0,0,0,0,0,0,0,0,0,0,0,0,0,0,0,0,0,0,0,0,0,0,0,0,0,0,0,0,0,0,0,0,0,0,0,0,0,0,0,1,0,1
Nabam,C(CNC(=S)[S-])NC(=S)[S-].[Na+].[Na+],0,0,0,0,0,0,0,0,0,0,0,0,0,0,0,0,0,0,0,0,0,0,0,0,0,0,0,0,0,0,0,0,0,0,0,0,1,0,0,0,0,0,0,0,0,1,0,0,1,0,1,0,0,0,0,1,0,0,0,0,0,0,0,0,0,0,0,0,0,0,0,0,0,0,1,0,0,0,0,0,1,0,1,1,0,0,0,0,0,1,0,0,0,0,0,0,0,0,0,0,0,1,0,0,0,1,0,1,0,0,0,0,1,0,0,0,0,0,0,1,0,0,0,0,0,0,0,0,0,0,0,0,1,0,0,0,0,0,0,1,0,0,0,1,0,0,0,0,1,0,0,0,1,0,1,0,1,1,0,1,0,0,1,0,0,0,0,1
Azoxystrobin,CO/C=C(\C1=CC=CC=C1OC2=NC=NC(=C2)OC3=CC=CC=C3C#N)/C(=O)OC,0,0,0,0,0,0,0,0,0,0,0,0,0,0,0,0,0,0,0,0,0,0,0,0,0,0,0,0,0,0,0,0,0,0,0,0,0,0,0,0,0,0,1,0,0,0,0,0,0,0,0,1,0,0,0,0,0,0,0,0,0,0,0,0,0,0,1,0,0,0,0,0,0,0,0,0,0,1,1,0,0,1,0,0,0,0,0,0,0,0,1,0,0,1,1,0,0,0,1,1,1,0,0,0,0,0,0,0,0,0,0,1,0,0,1,0,0,0,1,0,0,1,1,0,1,0,1,1,1,0,0,0,0,0,0,0,0,0,1,0,0,1,0,1,1,1,1,1,0,0,1,1,0,1,0,1,0,1,1,0,1,1,1,1,1,1,1,0
Diiodomethyl p-chlorophenyl sulfone,C1=CC(=CC=C1S(=O)(=O)C(I)I)Cl,0,0,0,0,0,0,0,0,0,0,0,0,0,0,0,0,0,0,0,0,0,0,0,0,0,0,0,0,1,0,0,0,0,0,0,0,0,0,0,0,0,0,0,0,0,0,0,0,0,0,0,0,1,0,0,0,1,0,0,1,1,1,1,0,0,1,0,0,1,0,0,0,0,0,1,0,0,0,0,0,0,0,1,0,0,0,0,0,1,1,0,0,0,0,0,0,0,0,0,0,0,0,0,1,1,0,0,1,1,0,0,0,0,1,0,0,0,0,0,0,0,0,0,0,0,1,0,0,0,0,0,1,0,0,0,1,0,1,0,0,0,0,0,0,0,0,0,0,0,1,0,0,0,0,0,0,0,0,0,0,1,0,0,1,1,1,1,0
Anisuron,CN(C)C(=O)N(C1=CC(=C(C=C1)Cl)Cl)C(=O)C2=CC=C(C=C2)OC,0,0,0,0,0,0,0,0,0,0,0,0,0,0,0,0,0,0,0,0,0,0,0,0,0,0,0,0,0,0,0,0,0,0,0,0,0,0,1,0,0,0,0,0,0,0,0,0,0,0,0,0,0,0,0,0,0,0,0,0,0,0,0,0,0,0,0,0,0,0,0,0,0,0,0,1,0,0,1,0,0,0,0,0,0,0,1,1,1,0,1,0,0,1,1,0,0,0,1,0,0,0,0,0,1,0,0,1,1,0,0,1,0,0,1,0,0,0,1,0,0,0,0,1,0,0,1,1,1,0,0,0,0,0,1,1,1,1,0,0,0,0,1,1,1,1,1,1,0,1,1,1,0,1,0,1,0,1,1,1,1,1,1,1,1,1,1,0
"2,4,5-Trichlorophenylacetic acid",C1=C(C(=CC(=C1Cl)Cl)Cl)CC(=O)O,0,0,0,0,0,0,0,0,0,0,0,0,0,0,0,0,0,0,0,0,0,0,0,0,0,0,0,0,0,0,0,0,0,0,0,0,0,0,0,0,0,0,0,0,0,0,0,0,0,0,0,0,0,0,0,0,0,0,0,0,0,0,0,0,0,0,0,0,0,0,0,0,0,0,0,0,0,0,0,0,0,0,0,0,0,0,0,0,1,0,0,0,0,0,0,0,0,0,0,0,0,0,0,0,1,1,0,0,1,0,0,0,0,0,0,0,0,0,0,0,0,0,0,0,1,0,0,0,0,0,0,0,0,1,0,1,0,0,0,0,1,0,0,0,0,1,0,0,0,0,0,1,0,0,0,1,1,0,1,0,1,0,0,1,1,1,1,0
Zinc-ethylenebis(dithiocarbamate),C(CNC(=S)[S-])NC(=S)[S-].[Zn+2],0,0,0,0,0,0,0,0,0,0,0,0,0,1,0,0,0,0,0,0,0,0,0,0,0,0,0,0,0,0,0,0,0,0,0,0,0,0,0,0,0,0,0,0,0,1,0,0,1,0,1,0,0,0,0,1,0,0,0,0,0,0,0,0,0,0,0,0,0,0,0,0,0,0,1,0,0,0,0,0,1,0,1,1,0,0,0,0,0,1,0,0,0,0,0,0,0,0,0,0,0,1,0,0,0,1,0,1,0,0,0,0,1,0,0,0,0,0,0,1,0,0,0,0,0,0,0,0,0,0,0,0,1,0,0,0,0,0,0,1,0,0,0,1,0,0,0,0,1,0,0,0,1,0,1,0,1,1,0,1,0,0,1,0,0,0,0,1
Aziprotryne,CC(C)NC1=NC(=NC(=N1)SC)N=[N+]=[N-],0,0,0,0,0,0,0,0,0,0,0,0,0,0,0,0,0,0,0,0,0,0,0,0,0,0,1,0,0,0,0,0,0,0,0,0,0,0,0,0,0,0,0,0,0,0,0,0,1,0,1,0,0,1,0,0,0,0,0,0,1,0,0,0,0,1,1,0,0,0,0,1,0,0,0,1,0,0,1,0,1,1,1,0,0,0,0,0,0,1,0,0,0,0,1,1,0,0,0,1,0,0,0,0,0,0,0,1,0,0,0,0,0,0,0,0,0,0,0,0,1,1,1,0,0,1,0,0,0,0,0,1,0,0,1,0,1,0,1,0,0,0,1,1,0,0,0,0,0,0,1,0,1,0,0,0,0,1,0,1,0,1,1,1,1,0,1,0
Ammonium aluminum sulfate,[NH4+].[O-]S(=O)(=O)[O-].[O-]S(=O)(=O)[O-].[Al+3],0,0,0,0,0,0,0,0,0,0,0,0,0,0,0,0,0,0,0,1,0,0,0,0,0,0,0,0,0,0,0,0,0,0,0,0,0,0,0,0,1,1,0,0,0,1,0,0,0,1,1,0,0,0,0,0,1,0,0,1,0,1,1,0,0,0,0,0,1,0,0,0,0,0,1,0,0,0,0,0,0,0,0,0,0,0,0,0,0,1,0,0,0,0,0,0,0,0,0,0,0,0,0,1,0,0,0,1,0,0,0,0,0,1,0,0,0,0,0,0,0,0,0,0,0,1,0,0,0,0,0,1,0,0,0,0,0,1,0,0,0,1,0,0,0,0,0,1,0,1,0,0,1,0,0,0,0,0,0,0,1,0,1,0,0,1,0,1
"Benzamide, 3,5-dichloro-N-(3,4-dichlorophenyl)-2-[methyl(methylsulfonyl)amino]-",CN(C1=C(C=C(C=C1Cl)Cl)C(=O)NC2=CC(=C(C=C2)Cl)Cl)S(=O)(=O)C,0,0,0,0,0,0,0,0,0,0,0,0,0,0,0,0,0,0,0,0,0,0,0,0,0,0,0,0,0,0,0,0,0,1,1,0,0,0,0,0,0,0,0,0,0,0,0,0,0,0,0,0,1,0,0,0,1,0,0,1,0,1,1,0,0,0,0,0,1,0,0,0,0,0,1,0,0,0,0,0,0,1,1,0,0,0,0,0,1,1,0,0,0,1,1,1,0,0,1,0,0,0,0,1,1,0,0,1,1,0,0,1,0,1,0,0,0,0,1,0,0,0,0,1,0,1,1,0,0,0,0,1,0,0,1,1,1,1,0,0,0,0,0,1,0,1,1,1,0,1,1,1,1,0,0,1,0,1,0,1,1,1,1,1,1,1,1,0
Sodium 5-nitroguaiacolate,COC1=C(C=C(C=C1)[N+](=O)[O-])[O-].[Na+],0,0,0,0,0,0,0,0,0,0,0,0,0,0,0,0,0,0,0,0,0,0,0,0,0,1,0,0,0,0,0,0,0,0,0,0,1,0,0,0,0,0,0,0,0,1,0,0,0,0,1,0,0,0,0,0,0,1,0,0,0,0,0,0,1,0,0,0,0,0,0,1,1,1,0,0,0,0,0,0,0,0,0,0,0,0,0,0,0,0,0,0,0,0,1,1,0,0,1,0,0,0,0,1,0,0,0,0,0,0,0,0,0,0,1,0,0,0,0,0,1,0,0,1,0,1,0,1,1,0,0,1,0,0,1,0,1,0,0,0,0,1,0,0,1,1,0,1,0,1,0,1,0,1,0,0,0,1,1,1,1,1,1,1,1,1,1,1
Mancozeb,C(CNC(=S)[S-])NC(=S)[S-].C(CNC(=S)[S-])NC(=S)[S-].[Mn+2].[Zn+2],0,0,0,0,0,0,0,0,1,0,0,0,0,1,0,0,0,0,0,0,0,0,0,0,0,0,0,0,0,0,0,0,0,0,0,0,0,0,0,0,0,0,0,0,0,1,0,0,1,0,1,0,0,0,0,1,0,0,0,0,0,0,0,0,0,0,0,0,0,0,0,0,0,0,1,0,0,0,0,0,1,0,1,1,0,0,0,0,0,1,0,0,0,0,0,0,0,0,0,0,0,1,0,0,0,1,0,1,0,0,0,0,1,0,0,0,0,0,0,1,0,0,0,0,0,0,0,0,0,0,0,0,1,0,0,0,0,0,0,1,0,0,0,1,0,0,0,0,1,0,0,0,1,0,1,0,1,1,0,1,0,0,1,0,0,0,0,1
Diafenthiuron,CC(C)C1=CC(=CC(=C1NC(=S)NC(C)(C)C)C(C)C)OC2=CC=CC=C2,0,0,0,0,0,0,0,0,0,0,0,0,0,0,0,0,0,0,0,0,0,0,0,0,0,0,0,0,0,0,0,0,0,0,0,0,0,0,0,0,0,0,0,0,1,0,0,0,1,0,0,0,0,0,0,0,0,0,0,0,0,0,0,0,0,0,0,1,0,0,0,0,0,0,1,1,0,0,1,0,0,0,1,0,0,0,0,0,0,1,0,0,0,0,0,0,0,0,0,0,0,0,0,0,0,0,0,1,0,0,0,0,0,1,1,0,0,0,0,0,0,0,0,0,0,0,1,1,1,0,0,0,1,0,1,0,1,0,0,0,0,0,1,1,1,1,1,0,0,0,1,1,1,1,0,0,0,1,1,1,0,1,1,1,1,1,1,0
Potassium Oleate,CCCCCCCC/C=C\CCCCCCCC(=O)[O-].[K+],0,0,0,0,0,0,0,0,0,0,0,0,0,0,0,0,0,0,0,0,0,0,0,0,0,0,0,0,0,0,0,0,0,0,0,0,1,0,0,0,0,0,0,0,0,1,0,0,0,0,1,0,0,0,0,0,0,0,0,0,0,0,0,0,0,0,0,0,0,0,0,0,0,0,0,0,0,0,0,0,0,0,0,0,0,0,0,0,0,0,0,0,0,0,0,0,0,0,0,0,1,0,0,0,0,0,0,0,0,1,0,0,0,0,0,1,1,1,0,1,0,0,0,0,1,0,0,0,0,1,1,0,0,1,0,0,0,0,0,0,0,0,0,0,0,0,0,0,1,0,0,0,0,0,0,1,1,0,1,0,1,1,0,0,0,1,0,1
Sodium chloroacetate,C(C(=O)[O-])Cl.[Na+],0,0,0,0,0,0,0,0,0,0,0,0,0,0,0,0,0,0,0,0,0,0,0,0,0,0,0,0,0,0,0,0,0,0,0,0,1,0,0,0,0,0,0,0,0,1,0,0,0,0,1,0,0,0,0,0,0,0,0,0,0,0,0,0,0,0,0,0,0,0,0,0,0,0,0,0,0,0,0,0,0,0,0,0,0,0,0,0,0,0,0,0,0,0,0,0,0,0,0,0,0,0,0,0,1,0,0,0,0,0,0,0,0,0,0,0,0,0,0,0,0,0,0,0,1,0,0,0,0,0,0,0,0,1,0,1,0,0,0,0,0,0,0,0,0,0,0,0,0,0,0,0,0,0,1,1,1,0,1,0,1,0,0,0,0,1,0,1
Sodium Bisulfite,OS(=O)[O-].[Na+],0,0,0,0,0,0,0,0,0,0,0,0,0,0,0,0,0,0,0,0,0,0,0,0,0,0,0,0,0,0,0,0,0,0,0,0,1,0,0,0,1,1,0,0,0,1,0,0,0,1,1,0,0,0,0,0,1,0,0,1,0,1,1,0,0,0,0,0,1,0,1,0,0,0,1,0,0,0,0,0,0,0,0,0,0,0,0,0,0,1,0,0,0,0,0,0,0,0,0,0,0,0,0,1,0,0,0,1,0,0,0,0,0,0,0,0,0,0,0,0,0,0,0,0,0,1,0,0,0,0,0,1,0,0,0,0,0,0,0,0,1,0,0,0,0,0,0,1,0,1,0,0,0,0,0,0,0,0,0,0,1,0,0,0,0,1,0,1
Lithium hypochlorite,[Li+].[O-]Cl,0,0,0,0,0,0,0,0,0,0,0,0,0,0,0,0,0,0,0,0,0,0,0,0,0,0,0,0,0,0,0,0,1,0,0,0,1,0,0,0,0,0,0,0,0,1,0,0,0,0,1,0,0,0,0,0,0,0,0,0,0,0,0,0,0,0,0,0,0,0,0,0,0,0,0,0,0,0,0,0,0,0,0,0,0,0,0,0,0,0,0,0,0,0,0,0,0,0,0,0,0,0,0,1,1,0,0,0,0,0,0,0,0,0,0,0,0,0,0,0,0,0,0,0,0,1,0,0,0,0,0,0,0,0,0,1,0,0,0,0,0,0,0,0,0,0,0,0,0,0,0,0,0,0,0,0,0,0,0,0,0,0,0,0,0,1,0,1
"Phenol, 4-(1,1-dimethylethyl)-, sodium salt (1:1)",CC(C)(C)C1=CC=C(C=C1)[O-].[Na+],0,0,0,0,0,0,0,0,0,0,0,0,0,0,0,0,0,0,0,0,0,0,0,0,0,0,0,0,0,0,0,0,0,0,0,0,1,0,0,0,0,0,0,0,0,1,0,0,0,0,1,0,0,0,0,0,0,0,0,0,0,0,0,0,0,0,0,1,0,0,0,0,0,0,0,1,0,0,0,0,0,0,0,0,0,0,0,0,0,0,0,0,0,0,0,0,0,0,0,0,0,0,0,0,0,0,0,0,0,0,0,0,0,1,1,0,0,0,0,0,0,0,0,0,0,0,0,0,1,0,0,0,0,0,0,0,0,0,0,0,0,0,1,0,1,0,0,0,0,0,1,0,0,1,0,0,0,0,1,0,0,1,0,1,1,1,1,1
"2(1H)-Pyridinone, 3,5,6-trichloro-, sodium salt (1:1)",C1=C(C(=O)[N-]C(=C1Cl)Cl)Cl.[Na+],0,0,0,0,0,0,0,0,0,0,0,0,0,0,0,0,0,0,0,0,0,0,0,0,0,0,0,0,0,0,0,0,0,0,0,0,1,0,0,0,0,0,0,0,0,1,0,0,0,0,1,0,0,0,0,0,0,0,0,0,0,0,0,0,0,0,1,0,0,0,0,0,0,0,0,0,0,0,0,0,0,0,0,0,0,0,0,0,1,0,0,0,0,1,0,0,0,0,0,1,0,0,0,0,1,0,0,0,1,0,0,1,0,0,1,0,0,0,1,0,0,0,1,0,0,0,0,0,1,0,0,0,0,0,0,1,0,0,1,0,0,0,0,0,1,1,0,0,0,0,0,1,0,0,0,1,0,1,0,0,0,0,1,1,1,1,1,1
"2,4-DB-sodium",C1=CC(=C(C=C1Cl)Cl)OCCCC(=O)[O-].[Na+],0,0,0,0,0,0,0,0,0,0,0,0,0,0,0,0,0,0,0,0,0,0,0,0,0,0,0,0,0,0,0,0,0,0,0,0,1,0,0,0,0,0,0,0,0,1,0,0,0,0,1,0,0,0,0,0,0,0,0,0,0,0,0,0,0,0,0,0,0,0,0,0,0,0,0,0,0,0,0,0,0,0,0,0,0,0,0,0,1,0,0,0,0,0,0,0,0,0,0,0,0,0,0,0,1,0,0,0,1,0,1,0,0,0,1,0,0,0,0,1,0,0,0,0,1,0,0,1,1,0,0,0,0,1,0,1,0,0,0,0,0,0,0,0,1,1,0,1,1,0,0,1,0,1,1,1,1,0,1,0,1,0,0,1,1,1,1,1
Sodium 1-naphthaleneacetate,C1=CC=C2C(=C1)C=CC=C2CC(=O)[O-].[Na+],0,0,0,0,0,0,0,0,0,0,0,0,0,0,0,0,0,0,0,0,0,0,0,0,0,0,0,0,0,0,0,0,0,0,0,0,1,0,0,0,0,0,0,0,0,1,0,0,0,0,1,0,0,0,0,0,0,0,0,0,0,0,0,0,0,0,0,0,0,0,0,0,0,0,0,0,0,0,0,0,0,0,0,0,0,0,0,0,0,0,0,0,0,0,0,0,0,0,0,0,0,0,1,0,0,0,1,0,0,0,0,0,0,0,0,0,0,0,0,0,0,0,0,0,1,0,1,0,0,0,0,0,0,1,0,0,0,0,0,0,0,0,0,0,0,0,1,0,0,0,0,0,0,0,0,1,1,0,1,0,1,0,0,1,1,1,1,1
Sodium 2-carboxylatophenyl--mercury--water (1/1/1/1),C1=CC=C(C(=C1)C(=O)[O-])[Hg].O.[Na+],0,0,0,0,0,0,0,0,0,0,0,0,0,1,0,0,0,0,0,0,0,0,0,0,0,0,0,0,0,0,0,0,0,0,0,0,1,0,0,0,0,0,0,0,0,1,0,0,0,0,1,0,0,0,0,0,0,0,0,0,0,0,0,0,0,0,0,0,0,0,0,0,0,0,0,0,0,0,0,0,0,0,0,0,0,0,0,0,0,0,0,0,0,0,0,0,0,0,0,0,0,0,0,0,0,0,0,0,0,0,0,0,0,0,0,0,0,0,0,0,0,0,0,0,1,0,0,0,0,0,0,0,0,0,0,0,0,0,0,0,1,0,0,0,0,1,0,1,0,0,0,1,0,0,0,1,0,0,1,0,1,0,0,1,1,1,1,1
Warfarin Potassium,CC(=O)CC(C1=CC=CC=C1)C2=C(C3=CC=CC=C3OC2=O)[O-].[K+],0,0,0,0,0,0,0,0,0,0,0,0,0,0,0,0,0,0,0,0,0,0,0,0,0,0,0,0,0,0,0,0,0,0,0,0,1,0,0,0,0,0,0,0,0,1,0,0,0,0,1,0,0,0,0,0,0,0,1,0,0,0,0,0,0,0,0,0,0,0,0,0,0,0,0,0,0,0,0,0,0,0,0,0,0,0,0,0,0,0,1,0,0,0,0,0,0,0,0,1,0,0,1,0,0,0,1,0,0,0,0,0,0,0,1,0,1,0,0,0,0,0,0,0,1,0,1,0,1,0,0,0,0,1,0,0,0,1,1,0,0,1,0,0,1,1,1,1,0,0,0,1,0,1,0,1,1,0,1,0,1,1,0,1,1,1,1,1
Potassium 4-chloro-2-cyclopentylphenolate,C1CCC(C1)C2=C(C=CC(=C2)Cl)[O-].[K+],0,0,0,0,0,0,0,0,0,0,0,0,0,0,0,0,0,0,0,0,0,0,0,0,0,0,0,0,0,0,0,0,0,0,0,0,1,0,0,0,0,0,0,0,0,1,0,0,0,0,1,0,0,0,0,0,0,0,0,0,0,0,0,1,0,0,0,0,0,0,0,0,0,0,0,0,0,0,0,0,0,0,0,0,0,0,0,0,1,0,0,0,0,0,0,0,0,1,0,0,0,0,0,0,1,0,0,0,1,0,0,0,0,0,1,0,0,0,0,1,0,0,0,0,0,0,0,0,1,0,1,0,0,0,0,1,0,0,0,0,0,0,0,0,1,1,0,0,1,0,0,1,0,1,0,0,0,0,1,0,0,0,0,1,1,1,1,1
5-Chloro-2-biphenylol potassium salt,C1=CC=C(C=C1)C2=C(C=CC(=C2)Cl)[O-].[K+],0,0,0,0,0,0,0,0,0,0,0,0,0,0,0,0,0,0,0,0,0,0,0,0,0,0,0,0,0,0,0,0,0,0,0,0,1,0,0,0,0,0,0,0,0,1,0,0,0,0,1,0,0,0,0,0,0,0,0,0,0,0,0,1,0,0,0,0,0,0,0,0,0,0,0,0,0,0,0,0,0,0,0,0,0,0,0,0,1,0,0,0,0,0,0,0,0,0,0,0,0,0,0,0,1,0,0,0,1,0,0,0,0,0,1,0,0,0,0,0,0,0,0,0,0,0,1,0,1,0,0,0,0,0,0,1,0,0,0,0,0,0,0,0,1,1,1,0,0,0,0,1,0,1,0,0,0,0,1,0,0,0,0,1,1,1,1,1
Sodium di(monoethanolamine) phosphate,C(COP(=O)([O-])OCCN)N.[Na+],0,0,0,0,0,0,0,0,0,0,0,0,0,0,0,0,0,0,0,0,0,0,0,0,0,0,0,0,0,0,1,0,0,0,0,0,1,0,0,0,0,0,0,0,0,1,0,0,0,1,1,0,0,0,0,0,0,0,0,0,0,0,0,0,0,0,0,0,0,0,0,0,0,0,0,0,0,0,0,0,0,0,0,1,0,1,0,0,0,0,0,0,0,0,0,0,1,0,0,0,0,1,0,1,0,1,0,1,0,0,1,0,1,1,0,0,0,0,0,1,0,0,0,0,0,1,0,1,0,1,0,1,1,1,0,0,0,0,0,1,0,1,0,1,0,0,0,1,1,1,0,0,1,0,1,0,1,0,1,1,1,0,1,0,0,1,0,1
Sodium hydrogen oxalate,C(=O)(C(=O)[O-])O.[Na+],0,0,0,0,0,0,0,0,0,0,0,0,0,0,0,0,0,0,0,0,0,0,0,0,0,0,0,0,0,0,0,0,0,0,0,0,1,0,0,0,0,0,0,0,0,1,0,0,0,0,1,0,0,0,0,0,0,0,0,0,0,0,0,0,0,0,0,0,0,0,0,0,0,1,0,0,0,0,0,0,0,0,0,0,0,0,0,0,0,0,0,0,0,0,0,0,0,0,0,0,0,0,0,0,0,0,0,0,0,0,0,0,0,0,0,0,0,0,0,0,0,0,0,0,1,0,0,0,0,0,0,0,0,0,0,0,0,1,0,0,1,1,0,0,0,0,0,1,0,0,0,0,0,0,0,1,0,0,1,0,1,0,0,0,0,1,0,1
Pyrithione Sodium,C1=CC(=S)N(C=C1)[O-].[Na+],0,0,0,0,0,0,0,0,0,0,0,0,0,0,1,0,0,0,0,0,0,0,0,0,0,1,0,0,0,0,0,0,0,0,0,0,1,0,0,0,0,0,0,0,0,1,0,0,1,0,1,0,0,0,0,0,0,0,0,0,1,0,0,0,0,1,1,0,0,0,0,0,1,0,1,0,1,0,0,0,0,0,1,0,0,0,0,0,0,1,0,0,0,0,0,1,0,0,0,1,0,0,0,1,0,0,0,0,0,0,0,0,0,0,1,0,0,0,0,0,0,0,1,1,0,1,0,0,1,0,0,0,0,0,0,0,0,0,1,0,0,0,0,0,1,1,0,0,0,1,0,1,0,0,0,0,0,1,0,0,0,0,1,1,1,1,1,1
Sodium Thiosalicylate,C1=CC=C(C(=C1)C(=O)[O-])S.[Na+],0,0,0,0,0,0,0,0,0,0,0,0,0,0,0,0,0,0,0,0,0,0,0,0,0,0,0,0,0,0,0,0,0,0,0,0,1,0,0,0,0,0,0,0,0,1,0,0,0,0,1,0,0,0,0,0,0,0,0,0,1,0,0,0,0,1,0,0,0,0,0,0,0,0,0,0,0,0,0,0,0,0,1,0,0,0,0,0,0,1,0,0,0,0,0,0,0,0,0,0,0,0,0,0,0,0,0,0,0,0,0,0,0,0,0,0,0,0,0,0,0,0,0,0,1,0,0,0,0,0,0,0,0,0,0,0,0,0,0,0,0,0,0,0,0,1,0,0,0,0,0,1,0,0,0,1,0,0,1,0,1,0,0,1,1,1,1,1
"thiosulfuric acid (h2s2o3), potassium salt",OS(=O)(=S)[O-].[K+],0,0,0,0,0,0,0,0,0,0,0,0,0,0,0,0,0,0,0,0,0,0,0,0,0,0,0,0,0,0,0,0,0,0,0,0,1,0,0,0,1,1,0,0,0,1,0,0,0,1,1,0,0,0,0,0,1,0,0,1,0,1,1,0,0,0,0,0,1,0,1,0,0,0,1,0,0,0,0,0,0,0,1,0,0,0,0,0,0,1,0,0,0,0,0,0,0,0,0,0,0,0,0,1,0,0,0,1,0,0,0,0,0,1,0,0,0,0,0,0,0,0,0,0,0,1,0,0,0,0,0,1,0,0,0,0,0,0,0,0,1,0,0,0,0,0,0,1,0,1,0,0,0,0,0,0,0,0,0,0,1,0,0,0,0,1,0,1
Coumafuryl sodium,CC(=O)CC(C1=CC=CO1)C2=C(C3=CC=CC=C3OC2=O)[O-].[Na+],0,0,0,0,0,0,0,0,0,0,0,0,0,0,0,0,0,0,0,0,0,0,0,0,0,0,0,0,0,0,0,0,0,0,0,0,1,0,0,0,0,0,0,0,0,1,0,0,0,0,1,0,0,0,0,0,0,0,1,0,0,0,0,0,0,0,0,0,0,0,0,0,0,0,0,0,0,0,0,0,0,0,0,0,1,0,0,0,0,0,1,0,0,0,0,0,0,1,0,1,0,0,1,0,0,0,1,0,0,0,0,0,0,0,1,0,1,0,0,0,0,1,0,0,1,0,1,0,1,0,0,0,0,1,0,0,0,1,1,0,0,1,0,0,1,1,1,1,0,0,0,1,0,1,0,1,1,0,1,0,1,1,0,1,1,1,1,1
Sodium 4-chloro-2-cyclopentylphenate,C1CCC(C1)C2=C(C=CC(=C2)Cl)[O-].[Na+],0,0,0,0,0,0,0,0,0,0,0,0,0,0,0,0,0,0,0,0,0,0,0,0,0,0,0,0,0,0,0,0,0,0,0,0,1,0,0,0,0,0,0,0,0,1,0,0,0,0,1,0,0,0,0,0,0,0,0,0,0,0,0,1,0,0,0,0,0,0,0,0,0,0,0,0,0,0,0,0,0,0,0,0,0,0,0,0,1,0,0,0,0,0,0,0,0,1,0,0,0,0,0,0,1,0,0,0,1,0,0,0,0,0,1,0,0,0,0,1,0,0,0,0,0,0,0,0,1,0,1,0,0,0,0,1,0,0,0,0,0,0,0,0,1,1,0,0,1,0,0,1,0,1,0,0,0,0,1,0,0,0,0,1,1,1,1,1
"Bromacil, sodium salt",CCC(C)N1C(=O)C(=C(N=C1[O-])C)Br.[Na+],0,0,0,0,0,0,0,0,0,0,0,0,0,0,0,0,0,0,0,0,0,0,0,0,0,0,0,0,0,0,0,0,0,0,0,0,1,0,1,0,0,0,0,0,0,1,0,1,0,0,1,0,0,0,0,0,0,0,0,0,0,0,0,0,0,0,1,0,0,0,0,0,0,0,0,0,1,0,1,0,0,1,0,0,0,0,1,0,1,0,1,0,0,1,0,0,0,0,1,1,0,0,0,0,0,0,0,1,1,0,0,1,1,0,1,1,1,0,1,0,0,1,1,1,0,0,0,0,1,0,0,0,0,0,0,1,0,0,1,0,0,0,1,1,1,1,0,0,0,1,1,1,0,0,0,1,1,1,1,1,1,1,1,1,1,1,1,1
Potassium peroxymonosulfate,OOS(=O)(=O)[O-].[K+],0,0,0,0,0,0,0,0,0,0,0,0,0,0,0,0,0,0,0,0,0,0,0,0,0,0,0,0,0,0,0,0,0,0,0,0,1,0,0,0,1,1,0,0,0,1,0,0,0,1,1,0,0,0,0,0,1,0,0,1,0,1,1,0,0,0,0,0,1,0,1,0,0,1,1,0,0,0,0,0,0,0,0,0,0,0,0,0,0,1,0,0,0,0,0,0,0,0,0,0,0,0,0,1,0,0,0,1,0,0,0,0,0,1,0,0,0,0,0,0,0,0,0,0,0,1,0,1,0,0,0,1,0,0,0,0,0,1,0,0,1,1,0,0,0,0,0,1,0,1,0,0,0,0,0,0,0,0,0,0,1,0,0,0,0,1,0,1
"Benzenesulfonic acid, dimethyl-, potassium salt (1:1)",CC1=C(C(=CC=C1)S(=O)(=O)[O-])C.[K+],0,0,0,0,0,0,0,0,0,0,0,0,0,0,0,0,0,0,0,0,0,0,0,0,0,0,0,0,0,0,0,0,0,0,0,0,1,0,0,0,1,1,0,0,0,1,0,0,0,1,1,0,1,0,0,0,1,0,0,1,1,1,1,0,0,1,0,0,1,0,0,0,0,0,1,0,0,0,0,0,0,0,1,0,0,0,0,0,0,1,0,0,0,0,0,0,0,0,0,0,0,0,0,1,0,0,0,1,0,0,0,0,0,1,0,0,0,0,0,0,0,0,0,0,0,1,0,0,0,0,0,1,0,0,0,0,0,1,0,0,0,0,0,0,0,1,0,1,0,1,1,1,0,0,0,0,0,0,0,0,1,1,0,1,1,1,1,1
Troclosene potassium,C1(=NC(=O)N(C(=O)N1Cl)Cl)[O-].[K+],0,0,0,0,0,0,0,0,0,0,0,0,0,0,0,0,0,0,0,0,0,0,0,0,0,0,0,0,0,0,0,0,1,0,0,0,1,0,1,0,0,0,0,0,0,1,0,0,0,0,1,0,0,0,0,0,0,0,0,0,0,0,0,0,0,0,1,0,0,0,0,0,0,0,0,0,1,0,1,0,0,1,0,0,0,0,0,0,1,0,1,0,0,0,0,1,0,0,1,1,0,0,0,0,1,0,0,1,1,0,0,1,0,0,1,0,0,0,1,0,0,1,1,1,0,1,0,0,1,0,0,1,0,0,0,1,0,1,1,0,0,0,0,1,1,1,0,1,0,1,0,1,0,0,0,1,0,1,1,0,1,0,1,1,1,1,1,1
Potassium p-tert-butylphenolate,CC(C)(C)C1=CC=C(C=C1)[O-].[K+],0,0,0,0,0,0,0,0,0,0,0,0,0,0,0,0,0,0,0,0,0,0,0,0,0,0,0,0,0,0,0,0,0,0,0,0,1,0,0,0,0,0,0,0,0,1,0,0,0,0,1,0,0,0,0,0,0,0,0,0,0,0,0,0,0,0,0,1,0,0,0,0,0,0,0,1,0,0,0,0,0,0,0,0,0,0,0,0,0,0,0,0,0,0,0,0,0,0,0,0,0,0,0,0,0,0,0,0,0,0,0,0,0,1,1,0,0,0,0,0,0,0,0,0,0,0,0,0,1,0,0,0,0,0,0,0,0,0,0,0,0,0,1,0,1,0,0,0,0,0,1,0,0,1,0,0,0,0,1,0,0,1,0,1,1,1,1,1
Fenridazon potassium,CC1=CC(=O)C(=NN1C2=CC=C(C=C2)Cl)C(=O)[O-].[K+],0,0,0,0,0,0,0,0,0,0,0,0,0,0,0,0,0,0,0,0,0,0,0,0,0,0,0,0,0,0,0,0,0,0,0,0,1,0,0,0,0,0,0,0,0,1,0,0,0,0,1,0,0,1,0,0,0,0,0,0,0,0,0,1,0,0,1,0,0,0,0,0,0,0,0,0,1,0,0,0,0,0,0,0,0,0,0,0,1,0,1,0,0,0,0,1,1,0,1,1,0,0,0,0,1,0,0,0,1,0,0,0,0,0,1,0,0,0,0,0,0,1,1,1,1,1,1,0,1,0,0,0,0,0,1,1,1,1,1,0,0,0,0,1,1,1,1,1,0,1,0,1,0,1,0,1,0,1,1,1,1,1,1,1,1,1,1,1
Sodium Nitrite,N(=O)[O-].[Na+],0,0,0,0,0,0,0,0,0,0,0,0,0,0,0,0,0,0,0,0,0,0,0,0,0,1,0,0,0,0,0,0,0,0,0,0,1,0,0,0,0,0,0,0,0,1,0,0,0,0,1,0,0,0,0,0,0,0,0,0,0,0,0,0,1,0,0,0,0,0,0,1,1,0,0,0,0,0,0,0,0,0,0,0,0,0,0,0,0,0,0,0,0,0,0,1,0,0,0,0,0,0,0,1,0,0,0,0,0,0,0,0,0,0,0,0,0,0,0,0,1,0,0,0,0,1,0,0,0,0,0,1,0,0,0,0,0,0,0,0,0,0,0,0,0,0,0,0,0,0,0,0,0,0,0,0,0,0,0,0,1,0,1,0,0,1,0,1
Sodium Chlorite,[O-]Cl=O.[Na+],0,0,0,0,0,0,0,0,0,0,0,0,0,0,0,0,0,0,0,0,0,0,0,0,0,0,0,0,0,0,0,0,1,0,0,0,1,0,0,0,0,0,0,0,0,1,0,0,0,0,1,0,0,0,0,0,0,0,0,0,0,0,0,0,0,0,0,0,0,0,0,0,0,0,0,0,0,0,0,0,0,0,0,0,0,0,0,0,0,0,0,0,0,0,0,0,0,0,0,0,0,0,0,1,1,0,0,0,0,0,0,0,0,0,0,0,0,0,0,0,0,0,0,0,0,1,0,0,0,0,0,1,0,0,0,1,0,0,0,0,0,0,0,0,0,0,0,0,0,0,0,0,0,0,0,0,0,0,0,0,1,0,0,0,0,1,0,1
Sodium Lauroyl Sarcosinate,CCCCCCCCCCCC(=O)N(C)CC(=O)[O-].[Na+],0,0,0,0,0,0,0,0,0,0,0,0,0,0,0,0,0,0,0,0,0,0,0,0,0,0,0,0,0,0,0,0,0,0,0,0,1,0,0,0,0,0,0,0,0,1,0,0,0,0,1,0,0,0,0,0,0,0,0,0,0,0,0,0,0,0,0,0,0,0,0,0,0,0,0,0,0,0,0,0,0,0,0,0,0,0,1,1,0,0,0,0,0,1,1,0,1,0,0,0,0,1,0,0,0,0,0,0,0,1,0,1,1,0,0,1,1,1,1,1,0,0,0,1,1,0,0,0,0,1,1,0,0,1,0,0,0,1,0,0,0,0,0,0,0,0,0,1,1,1,1,0,0,0,1,1,1,1,1,1,1,1,1,0,0,1,0,1
Sulcofuron-sodium,C1=CC(=C(C=C1NC(=O)NC2=C(C=CC(=C2)Cl)OC3=C(C=C(C=C3)Cl)S(=O)(=O)[O-])Cl)Cl.[Na+],0,0,0,0,0,0,0,0,0,0,0,0,0,0,0,0,0,0,0,0,0,0,0,0,0,0,0,0,0,0,0,0,0,0,0,0,1,0,1,0,1,1,0,0,1,1,0,0,0,1,1,0,1,0,0,0,1,0,0,1,1,1,1,0,0,1,0,0,1,0,0,0,0,0,1,0,0,0,1,0,0,0,1,0,0,0,0,0,1,1,1,0,0,0,0,0,1,0,0,0,0,0,0,1,1,0,0,1,1,0,0,1,0,1,1,0,0,0,1,0,0,0,0,0,0,1,1,1,1,0,0,1,1,0,1,1,1,1,0,0,0,1,0,1,1,1,1,1,0,1,0,1,1,1,0,1,0,1,1,1,1,0,1,1,1,1,1,1
"2,2'-methylenebis(3,4,6-trichlorophenol) monosodium salt",C1=C(C(=C(C(=C1Cl)Cl)CC2=C(C(=CC(=C2Cl)Cl)Cl)[O-])O)Cl.[Na+],0,0,0,0,0,0,0,0,0,0,0,0,0,0,0,0,0,0,0,0,0,0,0,0,0,0,0,0,0,0,0,0,0,0,0,0,1,0,0,0,0,0,0,0,0,1,0,0,0,0,1,0,0,0,0,0,0,0,0,0,0,0,0,0,0,0,0,0,0,0,0,0,0,0,0,0,0,0,0,0,0,0,0,0,0,0,0,0,1,0,0,1,0,0,0,0,0,0,0,0,0,0,0,0,1,0,0,0,1,0,0,0,0,0,1,0,0,0,0,0,0,0,0,0,0,0,1,0,1,0,0,0,0,0,0,1,0,0,0,0,1,0,0,0,1,1,1,0,0,0,0,1,0,1,0,0,1,0,1,0,1,0,0,1,1,1,1,1
3-Chloro-2-biphenylol potassium salt,C1=CC=C(C=C1)C2=C(C(=CC=C2)Cl)[O-].[K+],0,0,0,0,0,0,0,0,0,0,0,0,0,0,0,0,0,0,0,0,0,0,0,0,0,0,0,0,0,0,0,0,0,0,0,0,1,0,0,0,0,0,0,0,0,1,0,0,0,0,1,0,0,0,0,0,0,0,0,0,0,0,0,1,0,0,0,0,0,0,0,0,0,0,0,0,0,0,0,0,0,0,0,0,0,0,0,0,1,0,0,0,0,0,0,0,0,0,0,0,0,0,0,0,1,0,0,0,1,0,0,0,0,0,1,0,0,0,0,0,0,0,0,0,0,0,1,0,1,0,0,0,0,0,0,1,0,0,0,0,0,0,0,0,1,1,1,0,0,0,0,1,0,1,0,0,0,0,1,0,0,0,0,1,1,1,1,1
Pindone sodium salt,CC(C)(C)C(=O)[C-]1C(=O)C2=CC=CC=C2C1=O.[Na+],0,0,0,0,0,0,0,0,0,0,0,0,0,0,0,0,0,0,0,0,0,0,0,0,0,0,0,0,0,0,0,0,0,0,0,0,1,0,0,0,0,0,0,0,0,1,0,0,0,0,1,0,0,0,0,0,0,0,0,0,0,0,0,0,0,0,0,1,0,0,0,0,0,0,0,1,0,0,0,0,0,0,0,0,0,0,0,0,0,0,1,0,0,0,0,0,0,1,0,0,0,0,1,0,0,0,1,0,0,0,0,0,0,1,0,0,0,0,0,0,0,0,0,0,0,0,0,0,1,0,0,0,0,0,0,0,0,1,0,0,0,0,1,0,1,1,0,1,0,0,1,1,0,1,0,1,0,0,0,0,1,1,0,1,1,1,1,1
Diphacinone-sodium,C1=CC=C(C=C1)C(C2=CC=CC=C2)C(=O)[C-]3C(=O)C4=CC=CC=C4C3=O.[Na+],0,0,0,0,0,0,0,0,0,0,0,0,0,0,0,0,0,0,0,0,0,0,0,0,0,0,0,0,0,0,0,0,0,0,0,0,1,0,0,0,0,0,0,0,0,1,0,0,0,0,1,0,0,0,0,0,0,0,0,0,0,0,0,0,0,0,0,0,0,0,0,0,0,0,0,0,0,0,0,0,0,0,0,0,0,0,0,0,0,0,1,0,0,0,0,0,0,1,0,0,0,0,1,0,0,0,1,0,0,0,0,0,0,0,0,0,0,0,0,0,0,0,0,0,0,0,1,0,1,0,0,0,0,0,0,0,0,1,0,0,0,0,0,0,1,1,1,1,0,0,0,1,0,1,0,1,0,0,0,0,1,0,0,1,1,1,1,1
Cloprop-sodium,CC(C(=O)[O-])OC1=CC(=CC=C1)Cl.[Na+],0,0,0,0,0,0,0,0,0,0,0,0,0,0,0,0,0,0,0,0,0,0,0,0,0,0,0,0,0,0,0,0,0,0,0,0,1,0,0,0,0,0,0,0,0,1,0,0,0,0,1,0,0,0,0,0,0,0,0,0,0,0,0,0,0,0,0,0,0,0,0,0,0,1,0,0,0,0,0,0,0,0,0,0,0,0,0,0,1,0,0,0,0,0,0,0,0,0,0,0,0,0,0,0,1,0,0,0,1,0,0,0,0,0,1,0,0,0,0,0,0,0,0,0,1,0,0,1,1,0,0,0,0,0,0,1,0,0,0,0,0,0,0,0,1,0,0,1,0,0,0,0,0,1,0,1,0,0,1,0,1,1,0,1,1,1,1,1
Imazaquin sodium salt,CC(C)C1(C(=O)NC(=N1)C2=NC3=CC=CC=C3C=C2C(=O)[O-])C.[Na+],0,0,0,0,0,0,0,0,0,0,0,0,0,0,0,0,0,0,0,0,0,0,0,0,0,0,0,0,0,0,0,0,0,0,0,0,1,0,0,1,0,0,0,0,0,1,0,0,0,0,1,0,0,0,0,0,0,0,0,0,0,0,0,1,0,0,1,1,0,0,0,0,0,0,0,1,0,0,1,1,1,0,0,0,1,0,0,0,0,0,0,0,0,1,0,0,1,1,1,1,0,0,1,0,0,0,1,0,0,0,0,1,0,1,0,0,0,0,1,0,1,1,1,0,1,0,1,0,1,0,0,0,0,0,0,0,0,1,1,0,0,0,1,1,1,1,1,1,0,0,1,1,1,0,0,1,0,1,1,1,1,1,1,1,1,1,1,1
"Ethanesulfonic acid, 2-(methyl(9Z)-9-octadecen-1-ylamino)-, sodium salt (1:1)",CCCCCCCC/C=C\CCCCCCCCN(C)CCS(=O)(=O)[O-].[Na+],0,0,0,0,0,0,0,0,0,0,0,0,0,0,0,0,0,0,0,0,0,0,0,0,0,0,0,0,0,0,0,0,0,0,0,0,1,0,0,0,1,1,0,0,0,1,0,0,0,1,1,0,1,0,0,0,1,0,0,1,0,1,1,0,0,0,0,0,1,0,0,0,0,0,1,0,0,0,0,0,0,0,0,0,0,0,1,1,0,1,0,0,0,0,1,0,0,0,1,0,1,1,0,1,0,0,0,1,0,1,0,0,1,1,0,1,1,1,0,1,0,0,0,1,0,1,0,0,0,1,1,1,0,1,0,0,0,1,0,1,0,0,0,0,0,0,0,1,1,1,1,0,0,0,1,0,1,0,0,1,1,1,1,0,0,1,0,1
Sodium Hypochlorite,[O-]Cl.[Na+],0,0,0,0,0,0,0,0,0,0,0,0,0,0,0,0,0,0,0,0,0,0,0,0,0,0,0,0,0,0,0,0,1,0,0,0,1,0,0,0,0,0,0,0,0,1,0,0,0,0,1,0,0,0,0,0,0,0,0,0,0,0,0,0,0,0,0,0,0,0,0,0,0,0,0,0,0,0,0,0,0,0,0,0,0,0,0,0,0,0,0,0,0,0,0,0,0,0,0,0,0,0,0,1,1,0,0,0,0,0,0,0,0,0,0,0,0,0,0,0,0,0,0,0,0,1,0,0,0,0,0,0,0,0,0,1,0,0,0,0,0,0,0,0,0,0,0,0,0,0,0,0,0,0,0,0,0,0,0,0,0,0,0,0,0,1,0,1
"MERCURY, (p-CARBOXYPHENYL)HYDROXY-, SODIUM SALT",C1=CC(=CC=C1C(=O)[O-])[Hg].O.[Na+],0,0,0,0,0,0,0,0,0,0,0,0,0,1,0,0,0,0,0,0,0,0,0,0,0,0,0,0,0,0,0,0,0,0,0,0,1,0,0,0,0,0,0,0,0,1,0,0,0,0,1,0,0,0,0,0,0,0,0,0,0,0,0,0,0,0,0,0,0,0,0,0,0,0,0,0,0,0,0,0,0,0,0,0,0,0,0,0,0,0,0,0,0,0,0,0,0,0,0,0,0,0,0,0,0,0,0,0,0,0,0,0,0,0,0,0,0,0,0,0,0,0,0,0,1,0,0,0,0,0,0,0,0,0,0,0,0,0,0,0,1,0,0,0,0,0,0,1,0,0,0,0,0,0,0,1,0,0,1,0,1,0,0,1,1,1,1,1
Sodium Xylenesulfonate,CC1=C(C=C(C=C1)S(=O)(=O)[O-])C.[Na+],0,0,0,0,0,0,0,0,0,0,0,0,0,0,0,0,0,0,0,0,0,0,0,0,0,0,0,0,0,0,0,0,0,0,0,0,1,0,0,0,1,1,0,0,0,1,0,0,0,1,1,0,1,0,0,0,1,0,0,1,1,1,1,0,0,1,0,0,1,0,0,0,0,0,1,0,0,0,0,0,0,0,1,0,0,0,0,0,0,1,0,0,0,0,0,0,0,0,0,0,0,0,0,1,0,0,0,1,0,0,0,0,0,1,0,0,0,0,0,0,0,0,0,0,0,1,0,0,0,0,0,1,0,0,0,0,0,1,0,0,0,0,0,0,0,1,0,1,0,1,1,1,0,0,0,0,0,0,0,0,1,1,0,1,1,1,1,1
Clorophene sodium,C1=CC=C(C=C1)CC2=C(C=CC(=C2)Cl)[O-].[Na+],0,0,0,0,0,0,0,0,0,0,0,0,0,0,0,0,0,0,0,0,0,0,0,0,0,0,0,0,0,0,0,0,0,0,0,0,1,0,0,0,0,0,0,0,0,1,0,0,0,0,1,0,0,0,0,0,0,0,0,0,0,0,0,0,0,0,0,0,0,0,0,0,0,0,0,0,0,0,0,0,0,0,0,0,0,0,0,0,1,0,0,0,0,0,0,0,0,0,0,0,0,0,0,0,1,0,0,0,1,0,0,0,0,0,1,0,0,0,0,0,0,0,0,0,0,0,1,0,1,0,0,0,0,0,0,1,0,0,0,0,0,0,0,0,1,1,1,0,0,0,0,1,0,1,0,0,1,0,1,0,0,0,0,1,1,1,1,1
Potassium pentachlorophenolate,C1(=C(C(=C(C(=C1Cl)Cl)Cl)Cl)Cl)[O-].[K+],0,0,0,0,0,0,0,0,0,0,0,0,0,0,0,0,0,0,0,0,0,0,0,0,0,0,0,0,0,0,0,0,0,0,0,0,1,0,0,0,0,0,0,0,0,1,0,0,0,0,1,0,0,0,0,0,0,0,0,0,0,0,0,0,0,0,0,0,0,0,0,0,0,0,0,0,0,0,0,0,0,0,0,0,0,0,0,0,1,0,0,0,0,0,0,0,0,0,0,0,0,0,0,0,1,0,0,0,1,0,0,0,0,0,1,0,0,0,0,0,0,0,0,0,0,0,0,0,1,0,0,0,0,0,0,1,0,0,0,0,0,0,0,0,1,1,0,0,0,0,0,1,0,1,0,0,0,0,1,0,0,0,0,1,1,1,1,1
Potassim 2-chloro-4-phenylphenate,C1=CC=C(C=C1)C2=CC(=C(C=C2)[O-])Cl.[K+],0,0,0,0,0,0,0,0,0,0,0,0,0,0,0,0,0,0,0,0,0,0,0,0,0,0,0,0,0,0,0,0,0,0,0,0,1,0,0,0,0,0,0,0,0,1,0,0,0,0,1,0,0,0,0,0,0,0,0,0,0,0,0,1,0,0,0,0,0,0,0,0,0,0,0,0,0,0,0,0,0,0,0,0,0,0,0,0,1,0,0,0,0,0,0,0,0,0,0,0,0,0,0,0,1,0,0,0,1,0,0,0,0,0,1,0,0,0,0,0,0,0,0,0,0,0,1,0,1,0,0,0,0,0,0,1,0,0,0,0,0,0,0,0,1,1,1,0,0,0,0,1,0,1,0,0,0,0,1,0,0,0,0,1,1,1,1,1
"Potassium (2,4-dichlorophenoxy)acetate",C1=CC(=C(C=C1Cl)Cl)OCC(=O)[O-].[K+],0,0,0,0,0,0,0,0,0,0,0,0,0,0,0,0,0,0,0,0,0,0,0,0,0,0,0,0,0,0,0,0,0,0,0,0,1,0,0,0,0,0,0,0,0,1,0,0,0,0,1,0,0,0,0,0,0,0,0,0,0,0,0,0,0,0,0,0,0,0,0,0,0,1,0,0,0,0,0,0,0,0,0,0,0,0,0,0,1,0,0,0,0,0,0,0,0,0,0,0,0,0,0,0,1,0,0,0,1,0,1,0,0,0,1,0,0,0,0,0,0,0,0,0,1,0,0,1,1,0,0,0,0,1,0,1,0,0,0,0,0,0,0,0,1,1,0,1,0,0,0,1,0,1,1,1,1,0,1,0,1,0,0,1,1,1,1,1
Monosodium arsenate,O[As](=O)(O)[O-].[Na+],0,0,0,0,1,0,0,0,0,0,0,0,0,0,0,0,0,0,0,0,0,0,0,0,0,0,0,0,0,0,0,0,0,0,0,0,1,0,0,0,0,0,0,0,1,1,0,0,0,1,1,0,0,0,0,0,0,0,0,0,0,0,0,0,0,0,0,0,0,0,1,0,0,0,0,0,0,0,0,0,0,0,0,0,0,0,0,0,0,0,0,0,0,0,0,0,0,0,0,0,0,0,0,1,0,0,0,1,0,0,0,0,0,1,0,0,0,0,0,0,0,0,0,0,0,1,0,0,0,0,0,1,1,0,0,0,0,0,0,0,1,1,0,0,0,0,0,1,0,1,0,0,0,0,0,0,0,0,0,0,1,0,0,0,0,1,0,1
Propylparaben Sodium,CCCOC(=O)C1=CC=C(C=C1)[O-].[Na+],0,0,0,0,0,0,0,0,0,0,0,0,0,0,0,0,0,0,0,0,0,0,0,0,0,0,0,0,0,0,0,0,0,0,0,0,1,0,0,0,0,0,0,0,0,1,0,0,0,0,1,0,0,0,0,0,0,0,0,0,0,0,0,0,0,0,0,0,0,0,0,0,0,0,0,0,0,0,0,0,0,0,0,0,0,0,0,0,0,0,0,0,0,0,0,0,0,0,0,0,0,0,0,0,0,0,0,0,0,0,1,0,0,0,1,1,1,0,0,1,0,0,0,0,1,0,0,1,1,0,0,0,0,1,0,0,0,0,0,0,0,0,0,0,1,0,0,1,1,0,0,0,0,1,1,1,1,0,1,0,1,1,0,1,1,1,1,1
Sodium p-chloro-m-cresol,CC1=C(C=CC(=C1)[O-])Cl.[Na+],0,0,0,0,0,0,0,0,0,0,0,0,0,0,0,0,0,0,0,0,0,0,0,0,0,0,0,0,0,0,0,0,0,0,0,0,1,0,0,0,0,0,0,0,0,1,0,0,0,0,1,0,0,0,0,0,0,0,0,0,0,0,0,0,0,0,0,0,0,0,0,0,0,0,0,0,0,0,0,0,0,0,0,0,0,0,0,0,1,0,0,0,0,0,0,0,0,0,0,0,0,0,0,0,1,0,0,0,1,0,0,0,0,0,1,0,0,0,0,0,0,0,0,0,0,0,0,0,1,0,0,0,0,0,0,1,0,0,0,0,0,0,0,0,1,1,0,0,0,0,0,1,0,1,0,0,0,0,1,0,0,1,0,1,1,1,1,1
"2-biphenylol, 5-chloro-, sodium salt",C1=CC=C(C=C1)C2=C(C=CC(=C2)Cl)[O-].[Na+],0,0,0,0,0,0,0,0,0,0,0,0,0,0,0,0,0,0,0,0,0,0,0,0,0,0,0,0,0,0,0,0,0,0,0,0,1,0,0,0,0,0,0,0,0,1,0,0,0,0,1,0,0,0,0,0,0,0,0,0,0,0,0,1,0,0,0,0,0,0,0,0,0,0,0,0,0,0,0,0,0,0,0,0,0,0,0,0,1,0,0,0,0,0,0,0,0,0,0,0,0,0,0,0,1,0,0,0,1,0,0,0,0,0,1,0,0,0,0,0,0,0,0,0,0,0,1,0,1,0,0,0,0,0,0,1,0,0,0,0,0,0,0,0,1,1,1,0,0,0,0,1,0,1,0,0,0,0,1,0,0,0,0,1,1,1,1,1
"3-amino-2,5-dichlorobenzoic acid sodium salt",C1=C(C=C(C(=C1C(=O)[O-])Cl)N)Cl.[Na+],0,0,0,0,0,0,0,0,0,0,0,0,0,0,0,0,0,0,0,0,0,0,0,0,0,0,0,0,0,0,0,0,0,0,0,0,1,0,0,0,0,0,0,0,0,1,0,0,0,0,1,0,0,0,0,0,0,0,0,0,0,0,0,0,0,0,0,0,0,0,0,0,0,0,0,0,0,0,0,0,0,0,0,0,0,1,0,0,1,0,0,0,0,0,0,0,0,0,0,0,0,0,0,0,1,0,0,0,1,0,0,0,0,0,0,0,0,0,0,0,0,0,0,0,1,0,0,0,0,0,0,0,0,0,1,1,1,0,0,0,0,0,0,0,0,1,0,0,0,0,0,1,1,0,0,1,0,1,1,1,1,0,1,1,1,1,1,1
EDTA monosodium salt,C(CN(CC(=O)O)CC(=O)[O-])N(CC(=O)O)CC(=O)O.[Na+],0,0,0,0,0,0,0,0,0,0,0,0,0,0,0,0,0,0,0,0,0,0,0,0,0,0,0,0,0,0,0,0,0,0,0,0,1,0,0,0,0,0,0,0,0,1,0,0,0,0,1,0,0,0,0,0,0,0,0,0,0,0,0,0,0,0,0,0,0,0,0,0,0,0,0,0,0,0,0,0,1,0,0,0,0,0,1,1,0,0,0,0,1,0,0,0,1,0,0,0,0,1,0,0,0,1,0,0,0,0,0,0,1,0,0,0,0,0,0,1,0,0,0,1,1,0,0,0,0,0,1,0,1,1,0,0,0,1,0,1,1,1,0,1,0,0,0,1,1,1,0,0,0,0,1,1,1,0,1,1,1,0,1,0,0,1,0,1
Otimerate Sodium,CC[Hg]SC1=NC2=C(O1)C=CC(=C2)C(=O)[O-].[Na+],0,0,0,0,0,0,0,0,0,0,0,0,0,1,0,0,0,0,0,0,0,0,0,0,0,0,0,0,0,0,0,0,0,0,0,0,1,0,0,0,0,0,0,0,0,1,0,0,1,0,1,0,0,0,0,0,0,0,1,0,1,0,0,0,0,1,1,0,1,0,0,0,0,0,0,0,0,0,0,0,0,0,1,0,1,0,0,0,0,1,0,0,0,0,0,0,1,1,0,0,0,0,1,0,0,0,1,1,0,0,0,1,0,0,0,1,0,0,1,0,0,1,1,0,1,1,1,0,0,0,0,0,0,0,0,0,0,0,1,0,0,0,0,0,0,0,0,1,0,0,0,0,0,1,1,1,1,1,1,0,1,1,1,1,1,1,1,1
Chwastox D,CC1=C(C=CC(=C1)Cl)OCC(=O)[O-].COC1=C(C=CC(=C1C(=O)O)Cl)Cl.[Na+],0,0,0,0,0,0,0,0,0,0,0,0,0,0,0,0,0,0,0,0,0,0,0,0,0,0,0,0,0,0,0,0,0,0,0,0,1,0,0,0,0,0,0,0,0,1,0,0,0,0,1,0,0,0,0,0,0,0,0,0,0,0,0,0,0,0,0,0,0,0,0,0,0,1,0,0,0,0,0,0,0,0,0,0,0,0,0,0,1,0,1,0,0,0,1,0,0,0,0,0,0,0,0,0,1,0,0,0,1,1,1,0,0,0,1,0,0,0,0,0,0,0,0,0,1,0,1,1,1,0,0,0,0,1,0,1,0,1,0,0,1,1,0,0,1,1,1,1,0,0,1,1,0,1,1,1,1,0,1,0,1,1,0,1,1,1,1,1
"Lauric acid, potassium salt",CCCCCCCCCCCC(=O)[O-].[K+],0,0,0,0,0,0,0,0,0,0,0,0,0,0,0,0,0,0,0,0,0,0,0,0,0,0,0,0,0,0,0,0,0,0,0,0,1,0,0,0,0,0,0,0,0,1,0,0,0,0,1,0,0,0,0,0,0,0,0,0,0,0,0,0,0,0,0,0,0,0,0,0,0,0,0,0,0,0,0,0,0,0,0,0,0,0,0,0,0,0,0,0,0,0,0,0,0,0,0,0,0,0,0,0,0,0,0,0,0,1,0,0,0,0,0,1,1,1,0,1,0,0,0,0,1,0,0,0,0,1,1,0,0,1,0,0,0,0,0,0,0,0,0,0,0,0,0,0,1,0,0,0,0,0,0,1,1,0,1,0,1,1,0,0,0,1,0,1
"2,4,5-T-sodium",C1=C(C(=CC(=C1Cl)Cl)Cl)OCC(=O)[O-].[Na+],0,0,0,0,0,0,0,0,0,0,0,0,0,0,0,0,0,0,0,0,0,0,0,0,0,0,0,0,0,0,0,0,0,0,0,0,1,0,0,0,0,0,0,0,0,1,0,0,0,0,1,0,0,0,0,0,0,0,0,0,0,0,0,0,0,0,0,0,0,0,0,0,0,1,0,0,0,0,0,0,0,0,0,0,0,0,0,0,1,0,0,0,0,0,0,0,0,0,0,0,0,0,0,0,1,0,0,0,1,0,1,0,0,0,1,0,0,0,0,0,0,0,0,0,1,0,0,1,1,0,0,0,0,1,0,1,0,0,0,0,0,0,0,0,1,1,0,1,0,0,0,1,0,1,1,1,1,0,1,0,1,0,0,1,1,1,1,1
Sodium Dehydroacetate,CC1=CC(=O)[C-](C(=O)O1)C(=O)C.[Na+],0,0,0,0,0,0,0,0,0,0,0,0,0,0,0,0,0,0,0,0,0,0,0,0,0,0,0,0,0,0,0,0,0,0,0,0,1,0,0,0,0,0,0,0,0,1,0,0,0,0,1,0,0,0,0,0,0,0,1,0,0,0,0,0,0,0,0,0,0,0,0,0,0,0,0,0,0,0,0,0,0,0,0,0,0,0,0,0,0,0,1,0,0,0,0,0,0,0,0,1,0,0,0,0,0,0,0,0,0,0,0,0,0,0,1,0,0,0,0,0,0,0,0,0,1,0,0,0,1,0,0,0,0,0,0,0,0,1,1,0,0,1,0,0,1,1,0,1,0,0,1,1,0,1,0,1,0,0,0,0,1,1,0,1,1,1,1,1
Potassium 2-mercaptobenzothiazole,C1=CC=C2C(=C1)N=C(S2)[S-].[K+],0,0,0,0,0,0,0,0,0,0,0,0,0,0,0,0,0,0,0,0,0,0,0,0,0,0,0,0,0,0,0,0,0,0,0,0,1,1,0,0,0,0,0,0,0,1,0,0,1,0,1,0,0,0,0,0,0,0,0,0,1,0,0,0,0,1,1,0,0,0,0,0,0,0,0,0,0,0,0,0,0,0,1,0,1,0,0,0,0,1,0,0,0,0,0,0,0,1,0,0,0,0,1,0,0,0,1,1,0,0,0,0,0,0,0,0,0,0,0,0,0,1,1,0,0,0,1,0,0,0,0,0,0,0,0,0,0,0,1,0,0,0,0,0,0,0,0,0,0,0,0,0,0,0,0,0,0,1,0,0,0,0,1,1,1,0,1,1
"Potassium 2,4,5-trichlorophenolate",C1=C(C(=CC(=C1Cl)Cl)Cl)[O-].[K+],0,0,0,0,0,0,0,0,0,0,0,0,0,0,0,0,0,0,0,0,0,0,0,0,0,0,0,0,0,0,0,0,0,0,0,0,1,0,0,0,0,0,0,0,0,1,0,0,0,0,1,0,0,0,0,0,0,0,0,0,0,0,0,0,0,0,0,0,0,0,0,0,0,0,0,0,0,0,0,0,0,0,0,0,0,0,0,0,1,0,0,0,0,0,0,0,0,0,0,0,0,0,0,0,1,0,0,0,1,0,0,0,0,0,1,0,0,0,0,0,0,0,0,0,0,0,0,0,1,0,0,0,0,0,0,1,0,0,0,0,0,0,0,0,1,1,0,0,0,0,0,1,0,1,0,0,0,0,1,0,0,0,0,1,1,1,1,1
Dodecylguanidine terephthalate,CCCCCCCCCCCCN=C(N)N.CCCCCCCCCCCCN=C(N)N.C1=CC(=CC=C1C(=O)O)C(=O)O,0,0,0,0,0,0,0,0,0,0,0,0,0,0,0,0,0,0,0,0,0,0,0,0,0,0,1,0,0,0,0,0,0,0,0,0,0,0,0,0,0,0,0,0,1,0,0,0,0,0,0,0,0,0,0,0,0,0,0,0,0,0,0,0,0,0,0,0,0,0,0,0,0,0,0,0,0,0,1,1,0,0,0,0,0,1,0,0,0,0,0,1,1,0,0,0,0,0,0,0,0,1,0,0,0,0,0,1,0,1,0,0,1,0,0,1,1,1,0,1,1,0,0,0,1,0,0,0,0,1,1,0,1,0,0,0,0,1,0,1,1,1,0,1,0,0,0,1,1,0,1,0,1,0,1,1,1,1,1,1,1,1,1,1,1,1,1,1
Lithium (perfluorooctane)sulfonate,[Li+].C(C(C(C(C(F)(F)S(=O)(=O)[O-])(F)F)(F)F)(F)F)(C(C(C(F)(F)F)(F)F)(F)F)(F)F,0,0,0,0,0,0,0,0,0,0,0,0,0,0,0,0,0,0,0,0,0,0,0,0,0,0,0,0,0,0,0,0,0,0,0,0,1,0,0,0,1,1,0,1,0,1,0,0,0,1,1,0,1,0,0,0,1,0,0,1,0,1,1,0,0,0,0,0,1,0,0,0,0,0,1,0,0,0,0,0,0,0,1,0,0,0,0,0,0,1,0,0,0,0,0,0,0,0,0,0,0,0,0,1,0,0,0,1,1,0,0,0,0,1,0,0,0,0,0,0,0,0,0,0,0,1,0,0,0,0,0,1,0,0,0,1,0,1,0,0,0,0,0,0,0,0,0,1,0,1,0,0,0,0,0,0,0,0,0,0,1,0,0,0,0,1,0,1
Sodium 2-chlorophenolate,C1=CC=C(C(=C1)[O-])Cl.[Na+],0,0,0,0,0,0,0,0,0,0,0,0,0,0,0,0,0,0,0,0,0,0,0,0,0,0,0,0,0,0,0,0,0,0,0,0,1,0,0,0,0,0,0,0,0,1,0,0,0,0,1,0,0,0,0,0,0,0,0,0,0,0,0,0,0,0,0,0,0,0,0,0,0,0,0,0,0,0,0,0,0,0,0,0,0,0,0,0,1,0,0,0,0,0,0,0,0,0,0,0,0,0,0,0,1,0,0,0,1,0,0,0,0,0,1,0,0,0,0,0,0,0,0,0,0,0,0,0,1,0,0,0,0,0,0,1,0,0,0,0,0,0,0,0,1,1,0,0,0,0,0,1,0,1,0,0,0,0,1,0,0,0,0,1,1,1,1,1
Fenoprop-potassium,CC(C(=O)[O-])OC1=CC(=C(C=C1Cl)Cl)Cl.[K+],0,0,0,0,0,0,0,0,0,0,0,0,0,0,0,0,0,0,0,0,0,0,0,0,0,0,0,0,0,0,0,0,0,0,0,0,1,0,0,0,0,0,0,0,0,1,0,0,0,0,1,0,0,0,0,0,0,0,0,0,0,0,0,0,0,0,0,0,0,0,0,0,0,1,0,0,0,0,0,0,0,0,0,0,0,0,0,0,1,0,0,0,0,0,0,0,0,0,0,0,0,0,0,0,1,0,0,0,1,0,0,0,0,0,1,0,0,0,0,0,0,0,0,0,1,0,0,1,1,0,0,0,0,0,0,1,0,0,0,0,0,0,0,0,1,1,0,1,0,0,0,1,0,1,0,1,0,0,1,0,1,1,0,1,1,1,1,1
"Sodium 2,4,5-trichlorophenoxyethyl sulfate",C1=C(C(=CC(=C1Cl)Cl)Cl)OCCOS(=O)(=O)[O-].[Na+],0,0,0,0,0,0,0,0,0,0,0,0,0,0,0,0,0,0,0,0,0,0,0,0,0,0,0,0,0,0,0,0,0,0,0,0,1,0,0,0,1,1,0,0,0,1,0,0,0,1,1,0,0,0,0,0,1,0,0,1,0,1,1,0,0,0,0,0,1,0,0,0,0,1,1,0,0,0,0,0,0,0,0,0,0,0,0,0,1,1,0,0,0,0,0,0,0,0,0,0,0,0,0,1,1,0,0,1,1,0,1,0,0,1,1,0,0,0,0,1,0,0,0,0,0,1,0,1,1,0,0,1,0,1,0,1,0,1,0,1,0,1,0,0,1,1,0,1,1,1,0,1,0,1,1,0,1,0,1,0,1,0,0,1,1,1,1,1
Chlorfenac-sodium,C1=CC(=C(C(=C1Cl)CC(=O)[O-])Cl)Cl.[Na+],0,0,0,0,0,0,0,0,0,0,0,0,0,0,0,0,0,0,0,0,0,0,0,0,0,0,0,0,0,0,0,0,0,0,0,0,1,0,0,0,0,0,0,0,0,1,0,0,0,0,1,0,0,0,0,0,0,0,0,0,0,0,0,0,0,0,0,0,0,0,0,0,0,0,0,0,0,0,0,0,0,0,0,0,0,0,0,0,1,0,0,0,0,0,0,0,0,0,0,0,0,0,0,0,1,0,0,0,1,0,0,0,0,0,0,0,0,0,0,0,0,0,0,0,1,0,0,0,0,0,0,0,0,1,0,1,0,0,0,0,0,0,0,0,0,1,0,0,0,0,0,1,0,0,0,1,1,0,1,0,1,0,0,1,1,1,1,1
Potassium Sorbate,C/C=C/C=C/C(=O)[O-].[K+],0,0,0,0,0,0,0,0,0,0,0,0,0,0,0,0,0,0,0,0,0,0,0,0,0,0,0,0,0,0,0,0,0,0,0,0,1,0,0,0,0,0,0,0,0,1,0,0,0,0,1,0,0,0,0,0,0,0,0,0,0,0,0,0,0,0,0,0,0,0,0,0,0,0,0,0,0,0,0,0,0,0,0,0,0,0,0,0,0,0,0,0,0,0,0,0,0,0,0,0,1,0,0,0,0,0,0,0,0,0,0,0,0,0,0,0,0,0,0,0,0,0,0,0,1,0,0,0,0,0,0,0,0,0,0,0,0,0,0,0,0,0,0,0,0,0,0,0,0,0,0,0,0,0,0,1,0,0,1,0,1,1,0,0,0,1,0,1
"Sodium 2,4,6-trichlorophenoxide",C1=C(C=C(C(=C1Cl)[O-])Cl)Cl.[Na+],0,0,0,0,0,0,0,0,0,0,0,0,0,0,0,0,0,0,0,0,0,0,0,0,0,0,0,0,0,0,0,0,0,0,0,0,1,0,0,0,0,0,0,0,0,1,0,0,0,0,1,0,0,0,0,0,0,0,0,0,0,0,0,0,0,0,0,0,0,0,0,0,0,0,0,0,0,0,0,0,0,0,0,0,0,0,0,0,1,0,0,0,0,0,0,0,0,0,0,0,0,0,0,0,1,0,0,0,1,0,0,0,0,0,1,0,0,0,0,0,0,0,0,0,0,0,0,0,1,0,0,0,0,0,0,1,0,0,0,0,0,0,0,0,1,1,0,0,0,0,0,1,0,1,0,0,0,0,1,0,0,0,0,1,1,1,1,1
Sodium Trichloroacetate,C(=O)(C(Cl)(Cl)Cl)[O-].[Na+],0,0,0,0,0,0,0,0,0,0,0,0,0,0,0,0,0,0,0,0,0,0,0,0,0,0,0,0,0,0,0,0,0,0,0,0,1,0,0,0,0,0,0,0,0,1,0,0,0,0,1,0,0,0,0,0,0,0,0,0,0,0,0,0,0,0,0,0,0,0,0,0,0,0,0,0,0,0,0,0,0,0,0,0,0,0,0,0,0,0,0,0,0,0,0,0,0,0,0,0,0,0,0,0,1,0,0,1,1,0,0,0,0,1,0,0,0,0,0,0,0,0,0,0,1,0,0,0,0,0,0,0,0,0,0,1,0,0,0,0,0,0,0,0,0,0,0,0,0,0,0,0,0,0,0,1,0,0,1,0,1,0,0,0,0,1,0,1
Clorophene potassium,C1=CC=C(C=C1)CC2=C(C=CC(=C2)Cl)[O-].[K+],0,0,0,0,0,0,0,0,0,0,0,0,0,0,0,0,0,0,0,0,0,0,0,0,0,0,0,0,0,0,0,0,0,0,0,0,1,0,0,0,0,0,0,0,0,1,0,0,0,0,1,0,0,0,0,0,0,0,0,0,0,0,0,0,0,0,0,0,0,0,0,0,0,0,0,0,0,0,0,0,0,0,0,0,0,0,0,0,1,0,0,0,0,0,0,0,0,0,0,0,0,0,0,0,1,0,0,0,1,0,0,0,0,0,1,0,0,0,0,0,0,0,0,0,0,0,1,0,1,0,0,0,0,0,0,1,0,0,0,0,0,0,0,0,1,1,1,0,0,0,0,1,0,1,0,0,1,0,1,0,0,0,0,1,1,1,1,1
Bispyribac-sodium,COC1=CC(=NC(=N1)OC2=C(C(=CC=C2)OC3=NC(=CC(=N3)OC)OC)C(=O)[O-])OC.[Na+],0,0,0,0,0,0,0,0,0,0,0,0,0,0,0,0,0,0,0,0,0,0,0,0,0,0,0,0,0,0,0,0,0,0,0,0,1,0,1,0,0,0,0,0,0,1,0,0,0,0,1,0,0,0,0,0,0,0,0,0,0,0,0,0,0,0,1,0,0,0,0,0,0,0,0,0,0,0,1,0,0,1,0,0,0,0,0,0,0,0,1,0,0,1,1,0,0,0,1,1,0,0,0,0,0,0,0,1,0,0,0,1,0,0,1,0,0,0,1,0,0,1,1,0,1,0,1,1,1,0,0,0,0,0,0,0,0,0,1,0,0,1,1,1,1,1,1,1,0,0,1,1,0,1,0,1,0,1,1,0,1,1,1,1,1,1,1,1
Mecoprop-potassium,CC1=C(C=CC(=C1)Cl)OC(C)C(=O)[O-].[K+],0,0,0,0,0,0,0,0,0,0,0,0,0,0,0,0,0,0,0,0,0,0,0,0,0,0,0,0,0,0,0,0,0,0,0,0,1,0,0,0,0,0,0,0,0,1,0,0,0,0,1,0,0,0,0,0,0,0,0,0,0,0,0,0,0,0,0,0,0,0,0,0,0,1,0,0,0,0,0,0,0,0,0,0,0,0,0,0,1,0,0,0,0,0,0,0,0,0,0,0,0,0,0,0,1,0,0,0,1,0,0,0,0,0,1,0,0,0,0,0,0,0,0,0,1,0,0,1,1,0,0,0,0,0,0,1,0,0,0,0,0,0,0,0,1,1,0,1,0,0,1,1,0,1,0,1,0,0,1,0,1,1,0,1,1,1,1,1
Potassium Myristate,CCCCCCCCCCCCCC(=O)[O-].[K+],0,0,0,0,0,0,0,0,0,0,0,0,0,0,0,0,0,0,0,0,0,0,0,0,0,0,0,0,0,0,0,0,0,0,0,0,1,0,0,0,0,0,0,0,0,1,0,0,0,0,1,0,0,0,0,0,0,0,0,0,0,0,0,0,0,0,0,0,0,0,0,0,0,0,0,0,0,0,0,0,0,0,0,0,0,0,0,0,0,0,0,0,0,0,0,0,0,0,0,0,0,0,0,0,0,0,0,0,0,1,0,0,0,0,0,1,1,1,0,1,0,0,0,0,1,0,0,0,0,1,1,0,0,1,0,0,0,0,0,0,0,0,0,0,0,0,0,0,1,0,0,0,0,0,0,1,1,0,1,0,1,1,0,0,0,1,0,1
Naptalam sodium,C1=CC=C2C(=C1)C=CC=C2NC(=O)C3=CC=CC=C3C(=O)[O-].[Na+],0,0,0,0,0,0,0,0,0,0,0,0,0,0,0,0,0,0,0,0,0,0,0,0,0,0,0,0,0,0,0,0,0,0,0,0,1,0,0,0,0,0,0,0,0,1,0,0,0,0,1,0,0,0,0,0,0,0,0,0,0,0,0,0,0,0,0,0,0,0,0,0,0,0,0,0,0,0,0,0,0,0,0,0,0,0,0,0,0,0,0,0,0,1,0,0,0,0,0,0,0,0,1,0,0,0,1,0,0,0,0,1,0,0,0,0,0,0,1,0,0,0,0,0,1,0,1,0,0,0,0,0,0,0,1,0,1,1,0,0,0,0,0,0,0,1,1,1,0,0,0,1,1,0,0,1,0,1,1,1,1,0,1,1,1,1,1,1
Disul-sodium,C1=CC(=C(C=C1Cl)Cl)OCCOS(=O)(=O)[O-].[Na+],0,0,0,0,0,0,0,0,0,0,0,0,0,0,0,0,0,0,0,0,0,0,0,0,0,0,0,0,0,0,0,0,0,0,0,0,1,0,0,0,1,1,0,0,0,1,0,0,0,1,1,0,0,0,0,0,1,0,0,1,0,1,1,0,0,0,0,0,1,0,0,0,0,1,1,0,0,0,0,0,0,0,0,0,0,0,0,0,1,1,0,0,0,0,0,0,0,0,0,0,0,0,0,1,1,0,0,1,1,0,1,0,0,1,1,0,0,0,0,1,0,0,0,0,0,1,0,1,1,0,0,1,0,1,0,1,0,1,0,1,0,1,0,0,1,1,0,1,1,1,0,1,0,1,1,0,1,0,1,0,1,0,0,1,1,1,1,1
Disodium octaborate tetrahydrate,B(=O)OB1OB2OB(OB(OB(O2)OB(O1)OB=O)[O-])[O-].O.O.O.O.[Na+].[Na+],0,0,0,0,0,0,0,0,0,0,0,0,0,0,0,0,0,0,0,1,0,0,0,0,0,0,0,0,0,0,0,0,0,0,0,0,1,0,0,0,0,0,0,0,0,1,0,0,0,1,1,0,0,0,0,0,0,0,1,0,0,0,0,0,0,0,0,0,0,0,0,0,0,0,0,0,0,0,0,0,0,0,0,0,0,0,0,0,0,0,1,0,0,0,0,0,0,0,0,0,0,0,1,1,0,0,1,1,0,0,0,0,0,0,0,0,0,0,0,0,0,1,0,0,0,1,0,1,1,0,0,1,1,0,0,0,0,1,1,0,1,1,0,0,1,0,0,1,0,1,0,0,0,0,0,0,0,0,0,0,1,0,0,0,0,1,1,1
Trinexapac-ethyl,CCOC(=O)C1CC(=O)C(=C(C2CC2)O)C(=O)C1,0,0,0,0,0,0,0,0,0,0,0,0,0,0,0,0,0,0,0,0,0,0,0,1,0,0,0,0,0,0,0,0,0,0,0,0,0,0,0,0,0,0,0,0,0,0,0,0,0,0,0,1,0,0,0,0,0,0,0,0,0,0,0,0,0,0,0,0,0,0,0,0,0,0,0,0,0,1,0,0,0,0,0,0,0,0,0,0,0,0,1,1,1,0,0,0,0,0,0,0,1,0,0,0,0,0,0,0,0,0,1,0,0,0,0,1,0,0,0,0,0,0,0,0,1,0,0,1,1,1,0,0,0,1,0,0,0,1,0,0,1,1,0,0,1,0,0,1,1,0,0,1,0,1,1,1,1,0,1,0,1,1,0,0,1,1,1,0
Flumioxazin,C#CCN1C(=O)COC2=CC(=C(C=C21)N3C(=O)C4=C(C3=O)CCCC4)F,0,0,0,0,0,0,0,0,0,0,0,0,0,0,0,0,0,0,1,0,0,0,0,0,0,0,0,1,0,0,0,0,0,0,0,0,0,0,0,0,0,0,0,1,0,0,0,0,0,0,0,1,0,0,0,0,0,0,1,0,0,0,0,1,0,0,0,0,0,0,0,0,0,1,0,0,1,1,0,0,0,1,0,0,1,0,1,0,1,0,1,0,0,1,0,0,1,1,0,1,1,1,1,0,0,0,1,0,1,0,1,1,1,0,1,0,0,0,1,1,0,1,1,1,0,0,0,0,1,1,1,0,0,1,1,1,1,1,1,1,0,1,0,1,1,1,1,1,1,1,0,1,0,1,1,1,1,1,1,1,1,0,1,1,1,1,1,0
"Benzaldehyde, pentachloro-, oxime",C(=NO)C1=C(C(=C(C(=C1Cl)Cl)Cl)Cl)Cl,0,0,0,0,0,0,0,0,0,0,0,0,0,0,0,0,0,0,0,0,0,0,0,0,0,1,0,0,0,0,0,0,0,0,0,0,0,0,0,0,0,0,0,0,0,0,0,0,0,0,0,0,0,0,0,0,0,0,0,0,0,0,0,0,0,0,0,0,0,0,1,0,1,0,0,0,0,0,0,1,0,0,0,0,0,0,0,0,1,0,0,0,0,0,0,1,0,0,0,0,0,0,0,1,1,0,0,0,1,0,0,0,0,0,0,0,0,0,0,0,1,0,0,0,0,1,0,0,0,0,0,0,0,0,0,1,0,0,0,0,1,0,0,0,0,1,0,0,0,0,0,1,0,0,0,0,0,0,0,0,0,0,1,1,1,1,1,0
Alpha-Cypermethrin,CC1([C@H]([C@H]1C(=O)O[C@H](C#N)C2=CC(=CC=C2)OC3=CC=CC=C3)C=C(Cl)Cl)C,0,0,0,0,0,0,0,0,0,0,0,0,0,0,0,0,0,0,0,0,0,0,1,1,0,0,0,0,0,0,0,0,0,0,0,0,0,0,0,0,0,0,1,0,0,0,0,0,0,0,0,0,0,0,0,0,0,0,0,0,0,0,0,0,0,0,0,1,0,0,0,0,0,0,0,1,0,1,0,0,0,0,0,0,0,0,0,0,0,0,0,0,0,0,0,0,1,0,0,0,1,0,0,0,1,0,0,0,1,0,0,0,0,1,1,0,0,0,0,0,0,0,0,0,1,0,1,1,1,0,0,0,0,0,0,1,0,0,0,0,0,0,0,0,1,0,1,1,0,0,1,1,0,1,0,1,0,0,1,0,1,1,1,1,1,1,1,0
Fenpropimorph,C[C@@H]1CN(C[C@@H](O1)C)CC(C)CC2=CC=C(C=C2)C(C)(C)C,0,0,0,0,0,0,0,0,0,0,0,0,0,0,0,0,0,0,0,0,0,0,0,0,0,0,0,0,0,0,0,0,0,0,0,0,0,0,0,0,0,0,0,0,0,0,0,0,0,0,0,0,0,0,0,0,0,0,1,0,0,0,0,0,0,0,0,1,0,0,0,0,0,0,0,1,1,0,0,0,0,0,0,0,0,0,1,1,0,0,0,0,0,0,0,0,1,0,0,1,0,1,0,0,0,0,0,0,0,1,0,0,0,1,0,0,1,0,0,0,0,1,1,1,0,0,0,0,0,1,0,0,0,1,0,0,0,0,1,1,0,0,1,0,0,0,1,0,0,1,1,0,0,1,1,0,1,0,1,1,0,1,1,1,1,1,1,0
Novaluron,C1=CC(=C(C(=C1)F)C(=O)NC(=O)NC2=CC(=C(C=C2)OC(C(OC(F)(F)F)F)(F)F)Cl)F,0,0,0,0,0,0,0,0,0,0,0,0,0,0,0,0,0,0,0,0,0,0,0,0,0,0,0,0,0,0,0,0,0,0,0,0,0,0,1,0,0,0,0,1,1,0,0,0,0,0,0,0,0,0,0,0,0,0,0,0,0,0,0,0,0,0,0,0,0,0,0,0,0,1,0,0,0,0,1,0,0,0,0,0,0,0,0,0,1,0,1,0,0,1,0,0,0,0,1,0,0,0,0,0,1,0,0,1,1,0,0,1,0,1,1,0,0,0,1,0,0,0,0,0,0,0,1,1,1,0,0,0,1,0,1,1,1,1,0,0,0,1,0,1,1,1,1,1,0,0,0,1,1,1,0,1,0,1,1,1,1,0,1,1,1,1,1,0
N-(3-Chlorophenyl)benzamide,C1=CC=C(C=C1)C(=O)NC2=CC(=CC=C2)Cl,0,0,0,0,0,0,0,0,0,0,0,0,0,0,0,0,0,0,0,0,0,0,0,0,0,0,0,0,0,0,0,0,0,0,0,0,0,0,0,0,0,0,0,0,0,0,0,0,0,0,0,0,0,0,0,0,0,0,0,0,0,0,0,0,0,0,0,0,0,0,0,0,0,0,0,0,0,0,0,0,0,0,0,0,0,0,0,0,1,0,0,0,0,1,0,0,0,0,0,0,0,0,0,0,1,0,0,0,1,0,0,1,0,0,0,0,0,0,1,0,0,0,0,0,0,0,1,0,0,0,0,0,0,0,1,1,1,0,0,0,0,0,0,0,0,0,1,0,0,0,0,0,1,0,0,1,0,1,0,1,0,0,1,1,1,1,1,0
Canthin-6-One,C1=CC=C2C(=C1)C3=C4N2C(=O)C=CC4=NC=C3,0,0,0,0,0,0,0,0,0,0,0,0,0,0,0,0,0,0,0,0,0,0,0,0,0,0,0,0,0,0,0,0,0,0,0,0,0,0,0,0,0,0,0,0,0,0,0,0,0,0,0,0,0,0,0,0,0,0,0,0,0,0,0,0,0,0,1,0,0,0,0,0,0,0,0,0,0,0,0,0,1,0,0,0,1,0,1,0,0,0,0,0,0,1,0,0,0,1,0,1,0,0,1,0,0,0,1,0,0,0,0,1,0,0,1,0,0,0,1,0,0,1,1,1,0,0,1,0,1,0,0,0,0,0,0,0,0,0,1,0,0,0,0,1,1,0,1,0,0,1,0,0,0,0,0,1,0,1,0,0,0,0,1,1,1,1,1,0
"3,5-Dinitro-4-hydroxyphenacetic acid",C1=C(C=C(C(=C1[N+](=O)[O-])O)[N+](=O)[O-])CC(=O)O,0,0,0,0,0,0,0,0,0,0,0,0,0,0,0,0,0,0,0,0,0,0,0,0,0,1,0,0,0,0,0,0,0,0,0,0,0,0,0,0,0,0,0,0,0,0,0,0,0,0,1,0,0,0,0,0,0,1,0,0,0,0,0,0,1,0,0,0,0,0,0,1,1,0,0,0,0,0,0,0,0,1,0,0,0,0,0,0,0,0,1,0,0,0,0,1,1,0,0,0,0,0,0,1,0,1,0,0,0,0,0,0,0,0,1,0,0,0,0,0,1,0,0,1,1,1,0,0,1,0,0,1,1,1,1,0,1,1,0,0,1,1,0,1,1,1,0,1,0,1,0,1,0,1,0,1,1,1,1,1,1,0,1,1,1,1,1,0
Nornicotine,C1C[C@H](NC1)C2=CN=CC=C2,0,0,0,0,0,0,0,0,0,0,0,0,0,0,0,0,0,0,0,0,0,0,0,0,0,0,0,0,0,0,0,0,0,0,0,0,0,0,0,0,0,0,0,0,0,0,0,0,0,0,0,0,0,0,0,0,0,0,0,0,0,0,0,1,0,0,1,0,0,0,0,0,0,0,0,0,0,0,0,0,0,1,0,1,1,0,0,0,0,0,0,1,1,0,0,0,0,1,0,1,0,1,0,0,0,1,0,0,0,0,0,0,1,0,0,0,0,0,0,1,0,1,1,0,0,0,0,0,0,0,1,0,0,0,0,0,0,0,1,0,0,0,0,1,0,0,0,0,1,0,0,0,1,0,1,0,0,1,0,1,0,0,1,1,1,0,1,0
Bioban P-1487,CCC(CN1CCOCC1)[N+](=O)[O-].CCC(CN1CCOCC1)(CN2CCOCC2)[N+](=O)[O-],0,0,0,0,0,0,0,0,0,0,0,0,0,0,0,0,0,0,0,0,0,0,0,0,0,1,0,0,0,0,0,0,0,0,0,0,0,0,0,0,0,0,0,0,0,0,0,0,0,0,1,0,0,0,0,0,0,1,1,0,0,0,0,0,1,0,0,1,0,0,0,1,1,0,0,0,1,0,0,0,1,1,0,0,0,0,1,1,0,0,0,0,0,0,0,1,1,0,1,1,0,1,0,1,0,0,0,0,0,0,1,0,1,1,0,1,0,1,0,1,1,1,1,1,0,1,0,0,0,1,1,1,0,1,0,0,0,1,1,1,0,1,0,1,0,0,1,1,1,1,1,0,0,0,1,0,1,1,1,1,1,1,1,0,1,1,1,1
Permethric acid,CC1(C(C1C(=O)O)C=C(Cl)Cl)C,0,0,0,0,0,0,0,0,0,0,0,0,0,0,0,0,0,0,0,0,0,0,1,1,0,0,0,0,0,0,0,0,0,0,0,0,0,0,0,0,0,0,0,0,0,0,0,0,0,0,0,0,0,0,0,0,0,0,0,0,0,0,0,0,0,0,0,1,0,0,0,0,0,0,0,1,0,1,0,0,0,0,0,0,0,0,0,0,0,0,0,0,0,0,0,0,0,0,0,0,1,0,0,0,1,0,0,0,1,0,0,0,0,1,0,0,0,0,0,0,0,0,0,0,1,0,0,0,0,0,0,0,0,0,0,1,0,0,0,0,1,0,0,0,0,0,0,0,0,0,1,1,0,0,0,1,0,0,1,0,1,1,0,0,0,1,1,0
Fenpropidin,CC(CC1=CC=C(C=C1)C(C)(C)C)CN2CCCCC2,0,0,0,0,0,0,0,0,0,0,0,0,0,0,0,0,0,0,0,0,0,0,0,0,0,0,0,0,0,0,0,0,0,0,0,0,0,0,0,0,0,0,0,0,0,0,0,0,0,0,0,0,0,0,0,0,0,0,0,0,0,0,0,0,0,0,0,1,0,0,0,0,0,0,0,1,1,0,0,0,0,0,0,0,0,0,1,1,0,0,0,0,0,0,0,0,0,0,0,1,0,1,0,0,0,0,0,0,0,1,0,0,1,1,0,0,1,0,0,1,0,0,1,1,0,0,0,0,0,1,1,0,0,0,0,0,0,0,1,1,0,0,1,0,0,0,1,0,1,1,1,0,0,0,1,0,1,0,0,1,0,1,1,1,1,0,1,0
Pyrazosulfuron-ethyl,CCOC(=O)C1=C(N(N=C1)C)S(=O)(=O)NC(=O)NC2=NC(=CC(=N2)OC)OC,0,0,0,0,0,0,0,0,0,0,0,0,0,0,0,0,0,0,0,0,0,0,0,0,0,0,1,0,0,0,0,0,0,1,1,0,0,0,1,0,0,0,0,0,1,0,0,0,1,0,0,0,1,1,0,0,1,0,0,1,1,1,1,0,0,1,1,0,1,0,1,0,0,0,1,0,1,0,1,0,1,1,1,0,1,0,0,0,0,1,1,0,0,1,1,1,1,1,1,1,0,0,0,1,0,0,0,1,0,0,1,1,0,1,1,1,0,0,1,0,0,1,1,1,1,1,1,1,1,0,0,1,1,0,1,0,1,1,1,0,0,1,1,1,1,1,0,1,0,1,1,1,1,0,1,1,1,1,1,1,1,1,1,1,1,1,1,0
Fosthiazate,CCC(C)SP(=O)(N1CCSC1=O)OCC,0,0,0,0,0,0,0,0,0,0,0,0,0,0,0,0,0,0,0,0,0,0,0,0,0,0,0,0,0,0,1,0,0,0,0,0,0,1,0,0,0,0,0,0,0,0,0,0,1,0,0,0,0,0,0,0,0,0,0,0,0,0,0,0,0,0,0,0,1,0,0,0,0,0,0,0,1,0,0,0,0,0,1,0,1,0,0,0,0,1,1,0,0,0,0,1,0,1,0,0,0,1,0,1,0,0,0,1,0,0,1,1,1,1,0,1,1,0,1,1,0,1,1,1,0,1,0,1,1,1,0,1,0,0,0,0,0,1,1,1,0,0,1,0,1,0,0,1,1,1,1,1,0,0,1,1,1,1,1,1,1,1,1,0,0,1,1,0
Imazapic,CC1=CC(=C(N=C1)C2=NC(C(=O)N2)(C)C(C)C)C(=O)O,0,0,0,0,0,0,0,0,0,0,0,0,0,0,0,0,0,0,0,0,0,0,0,0,0,0,0,0,0,0,0,0,0,0,0,0,0,0,0,1,0,0,0,0,0,0,0,0,0,0,0,0,0,0,0,0,0,0,0,0,0,0,0,1,0,0,1,1,0,0,0,0,0,0,0,1,0,0,1,1,1,0,0,0,1,0,0,0,0,0,0,0,0,1,0,0,1,1,1,1,0,0,0,0,0,0,0,0,0,0,0,1,0,1,0,0,0,0,1,0,1,1,1,0,1,0,0,0,1,0,0,0,1,0,0,0,0,1,1,0,1,0,1,1,1,1,0,1,0,0,1,1,1,0,0,1,0,1,1,1,1,1,1,1,1,1,1,0
Chlorfenapyr,CCOCN1C(=C(C(=C1C(F)(F)F)Br)C#N)C2=CC=C(C=C2)Cl,0,0,0,0,0,0,0,0,0,0,0,0,0,0,0,0,0,0,0,0,0,0,0,0,0,0,0,0,0,1,0,0,0,0,0,0,0,0,0,0,0,0,1,1,0,0,0,1,0,0,0,0,0,0,0,0,0,0,0,0,0,0,0,1,0,0,1,0,0,0,0,0,0,0,0,0,1,0,0,0,0,1,0,0,1,0,1,1,1,0,0,0,0,0,0,0,0,1,0,0,0,1,0,0,1,0,0,1,1,0,1,1,0,1,0,1,0,1,1,0,0,0,1,1,0,0,1,1,0,0,0,0,0,0,0,1,0,0,1,1,0,0,0,1,0,1,0,0,0,1,0,1,0,0,1,0,1,1,1,1,0,1,1,1,1,1,1,0
"Cyclopropanecarboxylic acid, 3-(2-carboxy-1-propenyl)-2,2-dimethyl-",CC(=CC1C(C1(C)C)C(=O)O)C(=O)O,0,0,0,0,0,0,0,0,0,0,0,0,0,0,0,0,0,0,0,0,0,0,0,1,0,0,0,0,0,0,0,0,0,0,0,0,0,0,0,0,0,0,0,0,0,0,0,0,0,0,0,1,0,0,0,0,0,0,0,0,0,0,0,0,0,0,0,1,0,0,0,0,0,0,0,1,0,1,0,0,0,0,0,0,0,0,0,0,0,0,0,0,0,0,0,0,0,0,0,0,1,0,0,0,0,0,0,0,0,0,0,0,0,1,0,0,0,0,0,0,0,0,0,0,1,0,0,0,0,0,0,0,1,0,0,0,0,1,0,0,1,1,1,0,0,0,0,1,0,0,1,1,0,0,0,1,0,0,1,0,1,1,0,0,0,1,1,0
Fluthiacet-methyl,COC(=O)CSC1=C(C=C(C(=C1)N=C2N3CCCCN3C(=O)S2)F)Cl,0,0,0,0,0,0,0,0,0,0,0,0,0,0,0,0,0,0,0,0,0,0,0,0,0,0,0,0,0,0,0,0,0,0,0,0,0,1,0,0,0,0,0,1,0,0,0,0,1,0,0,0,0,1,0,0,0,0,0,0,1,0,0,0,0,1,1,0,0,0,0,0,0,0,0,0,0,0,1,1,1,1,1,0,1,0,0,0,1,1,0,0,0,0,1,1,1,1,1,1,0,1,1,0,1,0,1,1,1,0,0,1,1,0,1,0,0,1,1,1,1,1,1,1,1,1,1,1,1,1,1,0,0,1,1,1,1,1,1,1,0,0,0,1,1,1,1,1,1,1,0,1,0,0,1,1,1,1,1,1,1,1,1,1,1,1,1,0
"Silane, (2-chloroethyl)methylbis(phenylmethoxy)-",C[Si](CCCl)(OCC1=CC=CC=C1)OCC2=CC=CC=C2,0,0,0,0,0,0,0,0,0,0,0,0,0,0,0,0,0,0,0,0,0,1,0,0,0,0,0,0,0,0,0,0,0,0,0,0,0,0,0,0,0,0,0,0,0,0,0,0,0,0,0,0,0,0,0,0,0,0,0,0,0,0,0,0,0,0,0,0,0,0,0,0,0,0,0,0,0,0,0,0,0,0,0,0,0,0,0,1,0,0,0,0,0,0,1,0,0,0,0,0,0,0,0,1,1,0,0,0,0,0,1,0,0,1,0,0,1,1,0,1,0,0,0,0,0,1,1,1,0,1,1,1,0,1,0,1,0,0,0,1,0,0,0,0,0,0,1,0,1,1,0,0,0,0,1,0,1,0,1,0,1,1,0,1,1,1,1,0
Phenisopham,CCN(C1=CC=CC=C1)C(=O)OC2=CC=CC(=C2)NC(=O)OC(C)C,0,0,0,0,0,0,0,0,0,0,0,0,0,0,0,0,0,0,0,0,0,0,0,0,1,0,0,0,0,0,0,0,0,0,0,0,0,0,0,0,0,0,0,0,0,0,0,0,0,0,0,0,0,0,0,0,0,0,0,0,0,0,0,0,0,0,0,0,0,0,0,0,0,0,0,1,0,0,0,0,0,0,0,0,0,0,1,0,0,0,0,0,0,0,0,0,0,0,1,0,0,1,0,0,0,0,0,1,0,0,0,1,0,0,1,1,0,0,1,0,0,0,0,1,1,0,1,1,1,0,0,0,0,0,1,0,1,1,0,0,0,1,1,1,1,0,1,1,0,1,1,0,1,1,1,1,1,1,1,1,1,1,1,1,1,1,1,0
"4-(3-(4-(1,1-Dimethylethyl)phenyl)-2-methylpropyl)-2,6-dimethylmorpholine",CC1CN(CC(O1)C)CC(C)CC2=CC=C(C=C2)C(C)(C)C,0,0,0,0,0,0,0,0,0,0,0,0,0,0,0,0,0,0,0,0,0,0,0,0,0,0,0,0,0,0,0,0,0,0,0,0,0,0,0,0,0,0,0,0,0,0,0,0,0,0,0,0,0,0,0,0,0,0,1,0,0,0,0,0,0,0,0,1,0,0,0,0,0,0,0,1,1,0,0,0,0,0,0,0,0,0,1,1,0,0,0,0,0,0,0,0,1,0,0,1,0,1,0,0,0,0,0,0,0,1,0,0,0,1,0,0,1,0,0,0,0,1,1,1,0,0,0,0,0,1,0,0,0,1,0,0,0,0,1,1,0,0,1,0,0,0,1,0,0,1,1,0,0,1,1,0,1,0,1,1,0,1,1,1,1,1,1,0
Flumetsulam,CC1=NC2=NC(=NN2C=C1)S(=O)(=O)NC3=C(C=CC=C3F)F,0,0,0,0,0,0,0,0,0,0,0,0,0,0,0,0,0,0,0,0,0,0,0,0,0,0,1,0,0,0,0,0,0,1,1,0,0,0,0,0,0,0,0,1,0,0,0,0,1,0,0,0,1,1,0,0,1,0,0,1,1,1,1,0,0,1,1,0,1,0,1,0,0,0,1,0,0,0,1,0,1,1,1,0,1,0,0,0,1,1,0,0,0,0,0,1,1,1,1,1,0,0,1,1,0,0,1,1,1,0,0,0,0,1,0,0,0,0,1,0,0,1,1,1,0,1,1,0,0,0,0,1,0,0,1,1,1,1,1,0,0,0,0,1,0,1,1,0,0,1,0,1,1,0,0,0,0,1,0,1,1,1,1,1,1,1,1,0
Tebutam,CC(C)N(CC1=CC=CC=C1)C(=O)C(C)(C)C,0,0,0,0,0,0,0,0,0,0,0,0,0,0,0,0,0,0,0,0,0,0,0,0,0,0,0,0,0,0,0,0,0,0,0,0,0,0,0,0,0,0,0,0,0,0,0,0,0,0,0,0,0,0,0,0,0,0,0,0,0,0,0,0,0,0,0,1,0,0,0,0,0,0,0,1,0,0,0,0,0,0,0,0,0,0,1,0,0,0,0,0,0,1,0,0,0,0,0,0,0,1,0,0,0,0,0,0,0,1,0,1,0,1,0,0,0,1,1,0,0,0,0,1,0,0,0,0,0,0,0,0,0,0,0,0,0,0,0,0,0,0,1,0,0,0,0,0,0,1,1,0,0,0,1,1,1,1,0,1,0,1,1,1,1,1,1,0
2-Cyclohexylcyclohexanol,C1CCC(CC1)C2CCCCC2O,0,0,0,0,0,0,0,0,0,0,0,0,0,0,0,0,0,0,0,0,0,0,0,0,0,0,0,0,0,0,0,0,0,0,0,0,0,0,0,0,0,0,0,0,0,0,0,0,0,0,0,0,0,0,0,0,0,0,0,0,0,0,0,1,0,0,0,0,0,0,0,0,0,0,0,0,0,0,0,0,0,0,0,0,0,0,0,0,0,0,0,1,1,0,0,0,0,0,0,0,0,0,0,0,0,1,0,0,0,0,0,0,0,0,0,0,0,0,0,1,0,0,0,0,0,0,0,0,1,1,1,0,0,1,0,0,0,0,0,0,1,0,0,0,1,0,1,0,1,0,0,1,0,1,0,0,0,0,1,0,0,0,0,0,1,1,1,0
