name,SMILES,herb,PC1,PC2,PC3,PC4,PC5
alorac,C(=C(C(=O)O)Cl)(C(=O)C(Cl)(Cl)Cl)Cl,1,-1.6428108934315548,-5.234796847108176,1.6041089642153217,-0.1049389147809123,0.9816275874070384
amidochlor,CCC1=C(C(=CC=C1)CC)N(CNC(=O)C)C(=O)CCl,1,-2.040401118184515,-0.09966088041817282,0.32199933541065706,-2.604115730613815,1.088853163395517
bentranil,C1=CC=C(C=C1)C2=NC3=CC=CC=C3C(=O)O2,1,-1.1104041518492493,0.16179663106558276,-0.11406731077503043,0.5549080458159351,-0.46035854821846744
benzadox,C1=CC=C(C=C1)C(=O)NOCC(=O)O,1,-1.9210026693220352,-0.03166121028097391,-0.7505198706797993,-1.0331693805452262,-0.12854075095016682
benzipram,CC1=CC(=CC(=C1)C(=O)N(CC2=CC=CC=C2)C(C)C)C,1,-1.7291747842517973,-1.0956304363804235,-0.2971331100942091,-0.48984111433761895,-0.9897609987237322
benzofluor,CCSC1=CC(=C(C=C1)NS(=O)(=O)C)C(F)(F)F,1,-4.337418444561913,5.459255279039855,-5.883344499549528,-1.724076075978335,-0.3265404092200942
benzoylprop,CC(C(=O)O)N(C1=CC(=C(C=C1)Cl)Cl)C(=O)C2=CC=CC=C2,1,-2.8123214704690906,-0.11056956354530946,-1.0368940731321532,0.4093327393848745,-3.298418574663098
buthidazole,CC(C)(C)C1=NN=C(S1)N2C(CN(C2=O)C)O,1,0.6085421557376719,5.52267451455576,-0.17385700107789526,0.03479727604622638,2.300170766953241
cambendichlor,COC1=C(C=CC(=C1C(=O)OCCN(CCOC(=O)C2=C(C(=CC(=C2)Cl)Cl)OC)C3=CC=CC=C3)Cl)Cl,1,-1.3211974139619724,3.0823252283171416,3.7809762124099278,0.9988479941033199,-2.8950927629162058
carboxazole,CC(C)(C)C1=CC(=NO1)NC(=O)OC,1,-1.2153881790041619,2.9448329415494676,-1.3651554033227442,0.5569618870204448,-0.8855812518770053
chlorflurazole,C1=CC(=C(C2=C1NC(=N2)C(F)(F)F)Cl)Cl,1,-3.050428849057683,0.7941083934620766,-0.46958682772356725,-0.24843189257128637,-1.9626782610854163
chlorflurenol,C1=CC=C2C(=C1)C3=C(C2(C(=O)O)O)C=C(C=C3)Cl,1,-0.8658930043483188,-1.5612050498559336,2.795175383210969,1.4800355552025501,-3.027875880933882
chloroacetic acid,C(C(=O)O)Cl,1,-2.2406661356049256,-5.39078522281515,0.8839863074335134,-2.427736571980014,-0.5279758464035752
chloropon,C(C(C(=O)O)(Cl)Cl)Cl,1,-2.1787053434492827,-5.122480022475133,0.7639978233405491,-2.1252070550756983,0.11364906204374041
cisanilide,CC1CCC(N1C(=O)NC2=CC=CC=C2)C,1,-1.4629120062010235,1.2357282363018256,0.3269807721251989,-0.7482722472415884,0.9366385689500564
clacyfos,CC(OC(=O)COC1=C(C=C(C=C1)Cl)Cl)P(=O)(OC)OC,1,-1.654824389441246,-1.568114389905606,0.2868900065803171,0.24622963853340799,-3.5536310507446016
cliodinate,CC(=O)OC1=C(C(=NC=C1I)Cl)I,1,-2.3047645488534254,-0.9300365013389942,-0.6255400603729557,1.9318276463841921,-2.2695911158266506
CPMF,CN(C)C(=NC1=CC(=C(C=C1)Cl)Cl)Cl,1,-3.33593333793979,-1.265833995109326,-1.2694699981526532,-1.909089934282931,-2.3822673490760495
credazine,CC1=CC=CC=C1OC2=NN=CC=C2,1,-2.6512812671949875,0.8001666509653985,-1.317525393739937,0.3299411061600041,-1.5416308045146678
cycluron,CN(C)C(=O)NC1CCCCCCC1,1,-1.044248877141668,-1.385276495548573,0.720832273697775,-2.566364066266842,1.6274759938562426
cyprazole,CC(C)(CCl)C1=NN=C(S1)NC(=O)C2CC2,1,-2.143466147327032,1.9095607876141574,-0.7586586705445145,-0.5070451795170079,2.319193481326144
cypromid,C1CC1C(=O)NC2=CC(=C(C=C2)Cl)Cl,1,-2.6464789104668562,-1.8655090191683725,-0.004993679696737809,-0.9628604884727734,-3.1229767031200333
dazomet,CN1CN(C(=S)SC1)C,1,-1.7473586744929923,0.22222488223100187,-0.586482692139927,-2.9967162780058003,3.9841608448626413
dichloralurea,C(C(Cl)(Cl)Cl)(NC(=O)NC(C(Cl)(Cl)Cl)O)O,1,-1.6876235821561514,-1.4452899843804659,-1.0620698682460357,-1.59067950973041,-0.5354725518613561
dichlormate,CNC(=O)OCC1=CC(=C(C=C1)Cl)Cl,1,-2.0816334567823738,-2.1893510421235223,0.5546392723384296,1.2854273739537758,-2.583643100519941
difenopenten,CC(C=CC(=O)O)OC1=CC=C(C=C1)OC2=CC=C(C=C2)C(F)(F)F,1,-1.8854495271518876,-2.998212801447084,0.10453909534714956,3.7004431126363317,-4.970617766523296
disul,C1=CC(=C(C=C1Cl)Cl)OCCOS(=O)(=O)O,1,-2.101282361378564,0.17765868922226866,-1.8932461875831268,-0.28610914926502456,-0.9634479206165579
erbon,CC(C(=O)OCCOC1=CC(=C(C=C1Cl)Cl)Cl)(Cl)Cl,1,-1.592022652230188,-2.202746016924379,1.2956573839405743,0.6409614474810291,-2.219612075846624
EXD,CCOC(=S)SSC(=S)OCC,1,-2.3116426051179917,-4.00946416646328,-0.22058247792203273,-3.671903890527815,0.8705022557849046
fenteracol,C1=C(C(=CC(=C1Cl)Cl)Cl)OCCO,1,-2.085837353809044,-3.456370992496951,0.932537564601816,-0.16621525422764372,-2.577338093534385
flamprop,CC(C(=O)O)N(C1=CC(=C(C=C1)F)Cl)C(=O)C2=CC=CC=C2,1,-2.8021992003465814,0.21626020227934734,-0.9170975248047023,1.1038993482144572,-2.743364506537261
flumezin,CN1C(=O)N(C(=O)CO1)C2=CC=CC(=C2)C(F)(F)F,1,-0.08478443492432619,5.400570995345903,-0.908595311318147,1.173928047698666,-0.3856039591697573
fluoromidine,C1=C(C=NC2=C1NC(=N2)C(F)(F)F)Cl,1,-2.571693162030315,1.049678995476343,-0.9267284774736796,-0.22167422932821138,-1.8710106604019179
haloxydine,C1(=C(NC(=C(C1=O)Cl)F)F)Cl,1,-2.6164349818947423,-1.7519110319076703,-0.2791151213148219,0.21739651397110088,-0.42488456707707384
herbimycin,CC1CC(C(C(C=C(C(C(C=CC=C(C(=O)NC2=CC(=O)C=C(C1OC)C2=O)C)OC)OC(=O)N)C)C)OC)OC,1,10.453571036493285,3.393162577614322,2.6847557054801263,2.8664446215670845,3.5456715707187367
hexachloroacetone,C(=O)(C(Cl)(Cl)Cl)C(Cl)(Cl)Cl,1,-2.100677462763707,-5.279966768531953,-0.06987377890745011,-2.5743505678683025,-1.1317511989592635
isocarbamid,CC(C)CNC(=O)N1CCNC1=O,1,-0.9052291984661334,2.470210069870925,0.11058414844029765,-1.6047310286312306,4.723899009375523
isonoruron,CN(C)C(=O)NC1CCC2C1C3CCC2C3,1,-0.5196586607802021,-0.6907027076159828,1.7719168739717908,-2.6574317424873226,2.544450926757481
karbutilate,CC(C)(C)NC(=O)OC1=CC=CC(=C1)NC(=O)N(C)C,1,-2.8252286839034664,2.803908371867092,0.1402863825606488,-0.13555329968468544,-4.318905499764448
lancotrione,CS(=O)(=O)C1=C(C(=C(C=C1)C(=O)C2C(=O)CCCC2=O)Cl)OCCC3OCCO3,1,0.7882535419768179,5.7039203625383745,-1.69892425413085,1.7831966405642672,3.621138432485031
MCPA-thioethyl,CCSC(=O)COC1=C(C=C(C=C1)Cl)C,1,-1.5461839754626765,-2.6016176465960674,0.5825793882738479,-0.08261501891162248,-1.8678080683668374
metam,CNC(=S)S,1,-2.9836117280419137,-3.623098057369987,-1.2082878305523495,-4.566829811931967,0.23979301446502305
methazole,CN1C(=O)N(OC1=O)C2=CC(=C(C=C2)Cl)Cl,1,-2.121168022312384,4.3577720343094,-2.0947370081800702,1.0511319614283703,-1.0395485947570067
methoxyphenone,CC1=CC(=CC=C1)C(=O)C2=CC(=C(C=C2)OC)C,1,-1.5700557675792124,-1.488340669831907,-0.021826551258143926,0.6668067253588874,-3.3453954404062975
methyl isothiocyanate,CN=C=S,1,-2.8284469856766457,-4.572916644134503,-0.512351813300708,-3.4829753566629575,0.17981204645348647
noruron,CN(C)C(=O)NC1CC2CC1C3C2CCC3,1,-0.2824030764176499,-0.9426047820972439,2.028128927750023,-2.9378336379537933,1.3092378787073187
o-dichlorobenzene,C1=CC=C(C(=C1)Cl)Cl,1,-3.0128181972984294,-4.237544559106214,-0.2609594592035066,-1.969509047959871,-2.6672193647103066
pentachlorophenol,C1(=C(C(=C(C(=C1Cl)Cl)Cl)Cl)Cl)O,1,-2.604490384300134,-4.301959920228156,-0.16684662841020717,-1.632137777482894,-2.199850175460294
phenobenzuron,CN(C)C(=O)N(C1=CC(=C(C=C1)Cl)Cl)C(=O)C2=CC=CC=C2,1,-3.450655836962127,1.4756346430571303,-1.6253091829603006,0.38428965521330644,-2.785660408971177
proxan,CC(C)OC(=S)S,1,-2.2510112647967073,-4.777443440309809,-0.41103648028306616,-2.944508996643844,-0.5173592190792197
pydanon,C1C(=O)NNC(=O)C1(CC(=O)O)O,1,1.2590559046018592,0.6983375411955619,0.4722117147905336,-0.8713509686779805,2.103815747027584
pyriclor,C1=C(C(=O)C(=C(N1)Cl)Cl)Cl,1,-1.937869297691201,-1.8827219588510036,-1.0398479903803113,-1.0833791419913155,-1.6106629892611324
quinonamid,C1=CC=C2C(=C1)C(=O)C(=C(C2=O)Cl)NC(=O)C(Cl)Cl,1,-2.287493060144352,-0.03206496240535028,-0.47511254106400785,1.4622503690955206,-2.3516863899182106
sulfallate,CCN(CC)C(=S)SCC(=C)Cl,1,-2.5243131189447503,-3.9917670776792984,0.4959560421589548,-4.1733946343916895,1.715327040291922
sulglycapin,CNS(=O)(=O)OCC(=O)N1CCCCCC1,1,-1.464601857936795,3.8771340466352506,-0.38175338024505595,-2.5693681603809444,3.8861736253534507
tavron,C1=CC(=CC=C1C2=NSC(=N2)N)Cl,1,-3.6126032200843254,1.7177509737498955,-3.2293251246860906,-1.4968467258957023,-0.9372299772484654
terbucarb,CC1=CC(=C(C(=C1)C(C)(C)C)OC(=O)NC)C(C)(C)C,1,-1.9584052637071099,0.00046883651788331033,-1.234448244220512,1.4172336856564718,-2.210040637879623
thidiazuron,C1=CC=C(C=C1)NC(=O)NC2=CN=NS2,1,-3.8812612038089522,4.568652513693634,-4.157855129873495,-1.1071409182075325,-0.02522510899594298
trihydroxytriazine,C1(=O)NC(=O)NC(=O)N1,1,-2.0214197944554573,0.1580839720125559,-1.390404583920923,-1.01578931871714,0.0759754816711389
trimeturon,CN(C)C(=NC1=CC=C(C=C1)Cl)OC,1,-2.7786196411508572,-0.792972418455921,-1.0928893511647886,-1.2412424052071915,-1.303729442722893
tripropindan,CCC(=O)C1=C(C2=C(C=C1C(C)C)C(CC2)(C)C)C,1,2.1679921951930337,-3.2628314293318876,1.8082612283451882,0.5934074797850358,1.2142789417654711
tritac,CC(COCC1=C(C=CC(=C1Cl)Cl)Cl)O,1,-1.398306460158833,-4.025342187016125,1.4591664035913678,-0.8763658195625621,-0.31445042522955013
aclonifen,C1=CC=C(C=C1)OC2=C(C(=C(C=C2)[N+](=O)[O-])N)Cl,1,-4.005670363349307,-0.11644259141127394,-2.3665128431545335,-0.45652133369850506,-4.1600113706595065
amitrole,C1=NNC(=N1)N,1,-2.683381066866621,0.25824939275875364,-2.6943444358095046,-3.3458776866313023,0.26070278845200334
asulam,COC(=O)NS(=O)(=O)C1=CC=C(C=C1)N,1,-2.997952779684561,5.511512343366502,-5.494514203516539,-1.7691205730581534,0.8017602711990779
bilanafos,CC(C(=O)NC(C)C(=O)O)NC(=O)C(CCP(=O)(C)O)N,1,-1.4075180492669088,-1.5191117265651013,0.8812031356432047,-4.445306795814714,4.289460463070136
cinmethylin,CC1=CC=CC=C1COC2CC3(CCC2(O3)C)C(C)C,1,3.3019665606639523,-1.1505308643396117,2.8485677658303055,2.28087185387421,1.5587156898944108
clomazone,CC1(CON(C1=O)CC2=CC=CC=C2Cl)C,1,-0.496201778233269,1.8594414819758478,1.676917784691319,1.6235390639902725,0.8010552330463659
cyclopyrimorate,CC1=C(C(=CC=C1)C2CC2)OC3=NN=C(C=C3OC(=O)N4CCOCC4)Cl,1,-1.3135723915222852,5.7960710642357585,2.051665409636992,2.966860975913641,0.3122169500763289
diflufenzopyr,CC(=NNC(=O)NC1=CC(=CC(=C1)F)F)C2=C(C=CC=N2)C(=O)O,1,-3.4280435367215127,6.624923803843425,-3.7574847992726723,2.33670901121117,-0.5044191985367928
endothal,C1CC2C(C(C1O2)C(=O)O)C(=O)O,1,1.0685232388816852,-4.105815059004031,2.0830794836715167,-0.3220195429854842,2.9150606463212885
glufosinate,CP(=O)(CCC(C(=O)O)N)O,1,-1.5545821016315298,-2.5345816178381404,0.8008659525204828,-4.586455147403728,3.5034126165219104
glyphosate,C(C(=O)O)NCP(=O)(O)O,1,-2.5272891478004977,-2.745535603843256,0.10923603169708916,-4.645793208161548,2.347664566493222
methiozolin,CC1=C(SC=C1)C2=NOC(C2)(C)COCC3=C(C=CC=C3F)F,1,0.7239508910343893,2.6834563742717354,3.264536889598727,2.43494231049182,0.1846688960511807
naptalam,C1=CC=C2C(=C1)C=CC=C2NC(=O)C3=CC=CC=C3C(=O)O,1,-2.4919917057618073,1.1222007360140809,0.14960676548556237,0.32521218787489575,-2.2342759510261683
bromobutide,CC(C)(C)C(C(=O)NC(C)(C)C1=CC=CC=C1)Br,1,-2.222218321804331,-1.8381620118069661,-0.3027596265780637,0.9703091939215408,-1.745182082680451
cumyluron,CC(C)(C1=CC=CC=C1)NC(=O)NCC2=CC=CC=C2Cl,1,-2.9646712092563043,1.2052077437389985,-0.8917406077962404,-0.008517343345696777,-2.80739358664202
daimuron,CC1=CC=C(C=C1)NC(=O)NC(C)(C)C2=CC=CC=C2,1,-2.4832027850804566,1.017222744968764,-2.4147645473083874,-0.5080189350668668,-2.625436082198112
difenzoquat,CN1C(=CC(=[N+]1C)C2=CC=CC=C2)C3=CC=CC=C3,1,-2.257618139823876,-0.13942966735522008,-0.7674413093995535,-1.3027440029188735,-0.05883574953273475
diphenamid,CN(C)C(=O)C(C1=CC=CC=C1)C2=CC=CC=C2,1,-2.4560639300161955,-1.492699676698284,0.13617546010390527,-0.7628222545352359,-2.210046949237509
etobenzanid,CCOCOC1=CC=C(C=C1)C(=O)NC2=C(C(=CC=C2)Cl)Cl,1,-2.6574752112019975,0.47847849734587194,0.6604532669927501,1.4471805269744986,-4.233326796570825
flamprop-M,CC(C(=O)O)N(C1=CC(=C(C=C1)F)Cl)C(=O)C2=CC=CC=C2,1,-2.8021992003465814,0.21626020227934734,-0.9170975248047023,1.1038993482144572,-2.743364506537261
fosamine,CCOP(=O)(C(=O)N)O,1,-1.804175964895283,-1.8541133921909796,0.01769847636457795,-3.124371538131575,1.7681862795341163
mefluidide,CC1=CC(=C(C=C1NC(=O)C)NS(=O)(=O)C(F)(F)F)C,1,-2.9444293802697312,5.414734933074622,-5.482978384320741,0.16164296681802343,-0.4014654541030026
methyldymron,CC(C)(C1=CC=CC=C1)NC(=O)N(C)C2=CC=CC=C2,1,-3.185786180998971,0.3816200094488775,-1.3353375063475126,-0.4787660292210799,-2.2889427389540766
monalide,CCCC(C)(C)C(=O)NC1=CC=C(C=C1)Cl,1,-1.2549423557730663,-1.2643881985669188,-0.3067903113265923,-1.0979392439393536,0.003895663962769573
naproanilide,CC(C(=O)NC1=CC=CC=C1)OC2=CC3=CC=CC=C3C=C2,1,-1.6403246388928059,0.12468837105618039,0.47941890970470885,0.7618635700440529,-4.441189040255651
napropamide,CCN(CC)C(=O)C(C)OC1=CC=CC2=CC=CC=C21,1,-1.19118723975188,-0.6749572900425841,0.8695213043199483,-0.569637892118817,-0.18661731736001164
oxaziclomefone,CC1=C(C(=O)N(CO1)C(C)(C)C2=CC(=CC(=C2)Cl)Cl)C3=CC=CC=C3,1,-0.6376818688787961,2.7434297993345784,2.1379995913824352,2.651150295584732,-1.3681223233042057
pelargonic acid,CCCCCCCCC(=O)O,1,-0.8275114062509801,-6.172642898827683,2.6034500610286146,-3.3810762110789088,3.693442029470989
perfluidone,CC1=C(C=CC(=C1)S(=O)(=O)C2=CC=CC=C2)NS(=O)(=O)C(F)(F)F,1,-3.7219629481500314,5.262638805935922,-5.763477611625776,0.032508365099497866,-1.3156451864411551
pyributicarb,CC(C)(C)C1=CC(=CC=C1)OC(=S)N(C)C2=NC(=CC=C2)OC,1,-2.6990689771173697,4.425774654858253,-3.2611303342449287,1.1909994727745727,-2.764167032525937
quinoclamine,C1=CC=C2C(=C1)C(=O)C(=C(C2=O)Cl)N,1,-2.0916252026965876,-1.3954125218584568,-0.20284434679211222,0.4214803302885255,-1.9050239960752573
tebutam,CC(C)N(CC1=CC=CC=C1)C(=O)C(C)(C)C,1,-1.8393741322720223,-0.6846611410158269,1.1528548417332802,-1.0035616342418978,-0.9800163358912382
2_3_6-TBA,C1=CC(=C(C(=C1Cl)C(=O)O)Cl)Cl,1,-2.7026354799389694,-3.1946515250805674,0.24654692634168968,-0.877882622343391,-3.071373963981127
2_4_5-TB,C1=C(C(=CC(=C1Cl)Cl)Cl)OCCCC(=O)O,1,-1.6588250334926353,-3.329337950002196,1.2211163491789279,-0.1256401073106366,-1.8046911965515464
2_4-DEB,C1=CC=C(C=C1)C(=O)OCCOC2=C(C=C(C=C2)Cl)Cl,1,-2.139258926133859,-2.27370136676953,1.0442679305806384,1.3840235680985564,-3.8903712860750237
3_4-DA,C1=CC(=C(C=C1CC=O)O)O,1,-1.6534344382411637,-3.4594463562708806,1.0578101987563813,-0.540099070874546,-0.3233007608601261
3_4-DB,C1=CC(=C(C=C1OCCCC(=O)O)Cl)Cl,1,-1.6472933162039298,-3.791545697961421,1.390976201797773,0.4956905158101016,-1.6159177454580342
3_4-DP,CC1=C(C=C(C=C1)O)C,1,-1.7124437030846464,-3.172611517828043,-0.1273425231104268,-0.4746269245515083,-0.8408162043801766
4-CPA,C1=CC(=CC=C1OCC(=O)O)Cl,1,-1.599392571465773,-3.4531716080513006,0.6501407626543858,0.35489716015653394,-2.444228907952798
4-CPB,C1=CC(=CC=C1OCCCC(=O)O)Cl,1,-1.2599773688740297,-4.019930615030782,1.3177254813042958,0.09272029983488467,-1.3202506570836277
4-CPP,CC(C(=O)O)OC1=CC=C(C=C1)Cl,1,-1.648996009879451,-3.369195507519739,0.5921104230454194,0.7140699381678398,-4.4500032225537405
ametridione,CCSC1=NC(=O)N(C(=O)N1N)CC(C)(C)C,1,-1.6900714466277444,6.137281286081051,-2.7404428329527515,-0.33288509025688917,2.966175153704846
amibuzin,CC(C)(C)C1=NN=C(N(C1=O)C)N(C)C,1,-2.048049607247421,4.258512920518266,-2.487186722260537,-0.5026580972507284,0.15555134356899844
amiprofos-methyl,CC1=CC(=C(C=C1)OP(=S)(NC(C)C)OC)[N+](=O)[O-],1,-2.918543951091988,3.609803941447403,-1.586897049517052,-3.846425175069842,-1.823063627208002
amiprophos,CCOP(=S)(NC(C)C)OC1=C(C=C(C=C1)C)[N+](=O)[O-],1,-2.6472259150012065,3.2670563658346565,-1.1162466823523587,-4.3135307800810585,-0.9651869458853889
anisuron,CN(C)C(=O)N(C1=CC(=C(C=C1)Cl)Cl)C(=O)C2=CC=C(C=C2)OC,1,-2.982809409636577,2.529058062139746,-1.8178256332263816,1.7776033698791032,-3.302564080845431
BCPC,CCC(C)OC(=O)NC1=CC(=CC=C1)Cl,1,-1.2546453186311834,-0.4748737422739905,1.3138011011248938,-1.2259735260355518,-3.2264943161125723
bencarbazone,CCS(=O)(=O)NC1=CC(=C(C=C1C(=S)N)F)N2C(=O)N(C(=N2)C(F)(F)F)C,1,-2.1349182350714697,13.775172192068462,-4.59403482496524,2.028590128333176,2.983493623555428
benzfendizone,CCC1=CC(=C(C=C1)COC2=CC=C(C=C2)N3C(=O)C=C(N(C3=O)C)C(F)(F)F)OC(C)C(=O)OC,1,0.13936140482868029,6.712306762959706,-0.9366168828268232,5.910951311491528,-2.028722854064882
bispyribac,COC1=CC(=NC(=N1)OC2=C(C(=CC=C2)OC3=NC(=CC(=N3)OC)OC)C(=O)O)OC,1,-2.2294989256359896,4.869015061202017,-2.8861280623059624,2.6603927114556862,-1.8813435346903202
bromobonil,C1CC(OC1)COC(=O)OC2=C(C=C(C=C2Br)C#N)Br,1,0.7133137327210404,-1.8222563332565411,4.5419242044891845,3.7871804611202813,-1.4520990610740614
buthiuron,CCCCS(=O)(=O)C1=NN=C(S1)N(C)C(=O)NC,1,-3.1567120006557374,7.542263983793005,-3.960307870552949,-0.9986002228991486,4.538401308496663
carbasulam,COC(=O)NC1=CC=C(C=C1)S(=O)(=O)NC(=O)OC,1,-2.998220064348363,5.879207361520796,-5.64629357763197,-1.4187439467753375,0.3286701387055786
CDEA,CCCCC(CC)CP(=O)(CC(CC)CCCC)OCC,1,-0.8326751399576111,-5.489903746759744,1.6296181008215267,-4.50161015792236,4.3715075067060765
CEPC,C1=CC(=CC(=C1)Cl)NC(=O)OCCCl,1,-2.2225882213956414,-1.4998445578905824,0.45743771477119965,-0.6447409946074121,-2.513022771374966
chlorazifop,CC(C(=O)O)OC1=CC=C(C=C1)OC2=C(C=C(C=N2)Cl)Cl,1,-1.9510248342833794,0.07243470056140058,-0.21419498694229439,2.9115420985688862,-4.981100220517675
chloreturon,CCOC1=C(C=C(C=C1)NC(=O)N(C)C)Cl,1,-3.200032617502546,1.0911395352774371,-1.126109003883131,-0.06086090094793764,-3.9098547420250256
chlornidine,CC1=CC(=C(C(=C1)[N+](=O)[O-])N(CCCl)CCCl)[N+](=O)[O-],1,-3.352988661622834,0.6805825888508082,-1.7477233741727403,-4.722613737155448,1.492770201256416
chloroxynil,C1=C(C=C(C(=C1Cl)O)Cl)C#N,1,-2.8227500752891674,-4.3846588962133675,0.19510011402018881,0.44264365622602764,-3.7946242550395697
cloprop,CC(C(=O)O)OC1=CC(=CC=C1)Cl,1,-2.1067965637843615,-3.382144931242667,0.7167777454335074,1.1430431467898077,-5.017618391964514
CPPC,CC(CCl)OC(=O)NC1=CC(=CC=C1)Cl,1,-1.8041243311399051,-1.4592025539304392,0.008955050293090981,-0.539008366984136,-2.8373754966117524
cyanatryn,CCNC1=NC(=NC(=N1)SC)NC(C)(C)C#N,1,-2.903374504861028,2.5742634307095327,-2.899860368694923,-3.400312424661732,0.08923601630773033
di-allate,CC(C)N(C(C)C)C(=O)SCC(=CCl)Cl,1,-2.35568193735412,-3.260048369194922,0.1253979465589958,-1.5904311522857295,0.20445044422373518
dichlorprop-P,CC(C(=O)O)OC1=C(C=C(C=C1)Cl)Cl,1,-1.7556756805130849,-3.072934005072181,0.3575196968802695,0.6627673739529437,-4.949113573034027
diethamquat,CCN(CC)C(=O)C[N+]1=CC=C(C=C1)C2=CC=[N+](C=C2)CC(=O)N(CC)CC,1,-1.212368846232482,0.4909349147868531,0.34173637757059977,-2.2640388736723094,2.1634841822182134
dimethenamid-P,CC1=CSC(=C1N(C(C)COC)C(=O)CCl)C,1,-1.7163281686699752,0.44190346815692966,0.46442857915898283,-1.7491705960262722,2.25382236720654
dimexano,COC(=S)SSC(=S)OC,1,-2.6056848196301745,-3.81051788833797,-0.9677292079709344,-3.522997620023566,0.09906280144407018
dimidazon,COC1=C(C(=O)N(N=C1)C2=CC=CC=C2)OC,1,-0.478238452130885,4.214113509968317,-1.1083864592857673,1.411900549065655,-1.4713681622566153
dinofenate,CCC(C)C1=C(C(=CC(=C1)[N+](=O)[O-])[N+](=O)[O-])OC(=O)OC2=C(C=C(C=C2)[N+](=O)[O-])[N+](=O)[O-],1,-2.3731056468800036,2.256595019137831,-1.86070086713669,-2.1091363869230255,-1.4470276640102497
dinoprop,CC1=C(C(=C(C=C1[N+](=O)[O-])[N+](=O)[O-])O)C(C)C,1,-2.038212487372786,0.283464461186754,-1.9544826855514066,-1.266557593158367,0.7179684373133646
dipropalin,CCCN(CCC)C1=C(C=C(C=C1[N+](=O)[O-])C)[N+](=O)[O-],1,-2.5491137798819166,0.4577261397243178,-1.5527411840069922,-5.209256490364217,3.1286745179215623
epronaz,CCCN(CC)C(=O)N1C=NC(=N1)S(=O)(=O)CCC,1,-2.672213595360137,6.317296440102694,-2.8203764298681393,-2.4190217838991335,5.989071377654708
erlujixiancaoan,CCCC(C)C(=O)NC1=CC(=C(C=C1)Cl)Cl,1,-2.0400382961783543,-1.298332906273957,1.523935924439059,-1.6066732586801151,-2.1964756344227343
ethachlor,CCC1=CC=CC=C1N(COCC)C(=O)CCl,1,-1.6541432418800734,-1.2624338199605776,1.1220262076436898,-1.9756908060809317,-0.07419598714612245
ethiolate,CCN(CC)C(=O)SCC,1,-2.5974110025320525,-3.2138472834995007,0.4014397953623198,-4.436200126816282,1.8707420283628058
ethoxyfen,CC(C(=O)O)OC(=O)C1=C(C=CC(=C1)OC2=C(C=C(C=C2)C(F)(F)F)Cl)Cl,1,-2.4634336071427594,-0.9207278678944121,-0.7715506558204046,3.333963070832665,-7.773003538508865
etnipromid,CCCCCCOC(=O)C(C)OC1=C(C=CC(=C1)OC2=CC=C(C=C2)Br)[N+](=O)[O-],1,-0.341033871664756,-0.9391459987434402,0.2917501664336783,1.7734831811734522,-0.9369595063181926
fenasulam,CC1=C(C=CC(=C1)Cl)OCC(=O)NC2=CC=C(C=C2)S(=O)(=O)NC(=O)OC,1,-2.407999875611222,7.935164053527792,-5.305757424992859,0.4537494545167307,-1.1678395888865538
fenoxaprop-P,CC(C(=O)O)OC1=CC=C(C=C1)OC2=NC3=C(O2)C=C(C=C3)Cl,1,-0.8783276283754073,0.008038893878168049,0.27313203726911806,3.6057128549211384,-4.658980498114523
fluazifop-P,CC(C(=O)O)OC1=CC=C(C=C1)OC2=NC=C(C=C2)C(F)(F)F,1,-2.094118629202346,0.6697273252358114,-0.8259659774207283,2.960916868764593,-6.006950910780583
fluazolate,CC(C)OC(=O)C1=C(C=C(C(=C1)C2=NN(C(=C2Br)C(F)(F)F)C)F)Cl,1,-2.6674891998721595,4.735766663301676,-1.3154871217912314,4.496778076370364,-0.84131103851893
flufenican,C1=CC=C(C=C1)NC(=O)C2=C(N=CC=C2)OC3=CC=CC(=C3)C(F)(F)F,1,-3.4086759288478055,3.373186389211369,-2.292104595551581,3.290531729009458,-5.835348421546829
flufenpyr,CC1=C(C=NN(C1=O)C2=CC(=C(C=C2F)Cl)OCC(=O)O)C(F)(F)F,1,-1.1779697904178028,4.916763003831256,-1.1206373301900494,3.375399296685646,-2.520096604704706
flupropacil,CC(C)OC(=O)C1=C(C=CC(=C1)N2C(=O)C=C(N(C2=O)C)C(F)(F)F)Cl,1,-1.1829960931478172,6.491899743416954,-1.2994180967975355,3.9201143622623076,-2.0976843169962587
fucaojing,CC(C)NC1=NC(=NC(=N1)SC(F)F)NC(C)C,1,-2.399402690740302,1.5477343973233317,-2.980467210982182,-2.9518920780224622,0.06070388337663862
furyloxyfen,C1COCC1OC2=C(C=CC(=C2)OC3=C(C=C(C=C3)C(F)(F)F)Cl)[N+](=O)[O-],1,-2.088114958108003,2.3508367119994156,-1.800537487057367,2.1547930645817366,-3.340198688550414
glufosinate-P,CP(=O)(CCC(C(=O)O)N)O,1,-1.5545821016315298,-2.5345816178381404,0.8008659525204828,-4.586455147403728,3.5034126165219104
halosafen,CCS(=O)(=O)NC(=O)C1=C(C=CC(=C1)OC2=C(C=C(C=C2Cl)C(F)(F)F)F)[N+](=O)[O-],1,-3.0627986471379858,8.48863846020465,-6.078477243157458,1.5764131137142356,-3.9723847118946782
haloxyfop-P,CC(C(=O)O)OC1=CC=C(C=C1)OC2=C(C=C(C=N2)C(F)(F)F)Cl,1,-2.428795919880124,0.8757347051993898,-0.7875486280796272,3.5755774727130976,-6.638922278236646
huangcaoling,CN(C(=O)CNCP(=O)(O)O)S(=O)(=O)C,1,-2.663713457382003,3.5655985432513027,-3.189269546424811,-4.473257627104158,4.142368756783428
iodobonil,C=CCOC(=O)OC1=C(C=C(C=C1I)C#N)I,1,-1.037345809931466,-3.211966627745757,1.9548895335387462,2.4990789935734425,-2.9975867312019737
iofensulfuron,CC1=NC(=NC(=N1)OC)NC(=O)NS(=O)(=O)C2=CC=CC=C2I,1,-3.384874606026945,16.821393952388785,-10.556050267920309,3.4745657122754774,0.7723418850865433
iprymidam,CC(C)NC1=CC(=NC(=N1)N)Cl,1,-2.0628199282208857,1.9093172291854332,-1.311305141674369,-3.361264730405953,-1.9999853688305564
isopolinate,CC(C)SC(=O)N1CCCCCC1,1,-1.7266972541128938,-0.8489434540925971,1.3143825796239978,-3.487783610828526,3.1484439536017557
isoxachlortole,CS(=O)(=O)C1=C(C=CC(=C1)Cl)C(=O)C2=C(ON=C2)C3CC3,1,-2.212503056362123,5.337041799990324,-2.6766321886781053,2.8653157158915503,-0.9710334747007364
ketospiradox,CC1=CC(=C(C2=C1S(=O)(=O)CCC23OCCO3)C)C(=C4C(=O)CCCC4=O)[O-],1,2.2135050068698687,2.903949701223106,0.3348015155701089,4.312558824726668,4.493318033301242
mecoprop-P,CC1=C(C=CC(=C1)Cl)OC(C)C(=O)O,1,-1.517320739871831,-2.87773158702928,0.6157519717491851,0.580168581204205,-4.797603368822149
mesoprazine,CC(C)NC1=NC(=NC(=N1)NCCCOC)Cl,1,-1.5976123824760173,1.558548476744618,-0.8690852601497261,-3.8494756822870486,1.598761578428735
metflurazon,CN(C)C1=C(C(=O)N(N=C1)C2=CC=CC(=C2)C(F)(F)F)Cl,1,-2.5045333470003928,4.926631305603588,-2.870063963627031,1.4204482157269562,-3.479054064174217
methalpropalin,CCCN(CC(=C)C)C1=C(C=C(C=C1[N+](=O)[O-])C(F)(F)F)[N+](=O)[O-],1,-2.54781042423978,0.8128628135877686,-1.7101226556862497,-2.939857724456241,2.748931628579184
methiobencarb,CCN(CC)C(=O)SCC1=CC=C(C=C1)OC,1,-1.7290771897316666,-0.978531071003392,0.1983895091107567,-0.8747196803740119,0.40046973175249434
methiuron,CC1=CC(=CC=C1)NC(=S)N(C)C,1,-3.504917943705781,-0.5988080887960237,-1.5675939212037517,-3.1690685661443645,-1.5680692211007063
methometon,COCCCNC1=NC(=NC(=N1)OC)NCCCOC,1,-1.540105086585072,3.8015340787151657,-1.9359440584200729,-2.0658025924301016,2.4097712014057295
monisouron,CC(C)(C)C1=CC(=NO1)NC(=O)NC,1,-1.5605883837409649,3.732072564051705,-2.074783528618898,0.29126538079861325,-0.30043012664366836
monosulfuron,CC1=NC(=NC=C1)NC(=O)NS(=O)(=O)C2=CC=CC=C2C(=O)O,1,-3.521252110555521,14.305086490450002,-9.438515600456423,1.0588900522567284,1.3219978779739352
napropamide-M,CCN(CC)C(=O)C(C)OC1=CC=CC2=CC=CC=C21,1,-1.19118723975188,-0.6749572900425841,0.8695213043199483,-0.569637892118817,-0.18661731736001164
nipyraclofen,C1=C(C=C(C(=C1Cl)N2C(=C(C=N2)[N+](=O)[O-])N)Cl)C(F)(F)F,1,-3.9270200704332474,3.896725949763461,-4.155857950971196,-0.9618084107221888,-1.6546192041188017
nitrofluorfen,C1=CC(=CC=C1[N+](=O)[O-])OC2=C(C=C(C=C2)C(F)(F)F)Cl,1,-3.8839057029689306,-0.1595198381628148,-2.8230695826801973,0.6112521334228123,-6.3243037215531706
oxapyrazon,C1=CC=C(C=C1)N2C(=O)C(=C(C=N2)NC(=O)C(=O)O)Br,1,-1.19106188275179,4.372389941545428,-1.387706588302097,1.6112683602784095,-0.5886585106122911
phenmedipham-ethyl,CCOC(=O)NC1=CC(=CC=C1)OC(=O)NC2=CC=CC(=C2)C,1,-1.3974214515263956,0.5642915621353431,-0.36146675056833,0.4287630621826974,-3.1669345379506937
profluazol,C1C(CN2C1C(=O)N(C2=O)C3=C(C=C(C(=C3)NS(=O)(=O)CCl)Cl)F)F,1,-1.5266969176818341,11.853836677175941,-0.2758680590924803,1.0923860662674683,2.9815116371418653
propaquizafop,CC(C(=O)OCCON=C(C)C)OC1=CC=C(C=C1)OC2=CN=C3C=C(C=CC3=N2)Cl,1,-0.27637705897210674,3.0373525555376504,-0.07824496933547224,3.989062554764258,-2.91408281069335
prosulfalin,CCCN(CCC)C1=C(C=C(C=C1[N+](=O)[O-])S(=O)(=O)N=S(C)C)[N+](=O)[O-],1,-3.4556133486257665,5.629102513274267,-4.6552563764772374,-5.04962574723305,5.417929106859796
pyribambenz-propyl,CCCOC(=O)C1=CC=C(C=C1)NCC2=CC=CC=C2OC3=NC(=CC(=N3)OC)OC,1,-2.029538187813146,6.945609193225583,-1.334755083989399,1.6404579503106427,-0.9949774691161413
pyridafol,C1=CC=C(C=C1)C2=NNC(=CC2=O)Cl,1,-2.36218348964806,0.6344798434937187,-1.5604652887142978,0.6530651603719612,-2.2443354974083203
quizalofop-P,CC(C(=O)O)OC1=CC=C(C=C1)OC2=CN=C3C=C(C=CC3=N2)Cl,1,-1.803415455564106,1.7786170095297587,-0.05508107222325431,3.1859490024826895,-5.676318558022163
simeton,CCNC1=NC(=NC(=N1)OC)NCC,1,-2.3473482788021545,3.7942736468541747,-3.2945819341949387,-2.3216152198076916,0.7433844030708868
S-metolachlor,CCC1=CC=CC(=C1N(C(C)COC)C(=O)CCl)C,1,-1.9417120145170428,-0.3115022053046557,0.8239348832774321,-1.736671727169184,0.5494671504063852
terbuchlor,CCCCOCN(C1=C(C=CC=C1C(C)(C)C)C)C(=O)CCl,1,-1.6656686578009128,-0.6106626028588344,1.618489764394497,-1.4836102441776342,1.392216754753597
tetrafluron,CN(C)C(=O)NC1=CC(=CC=C1)OC(C(F)F)(F)F,1,-3.347862183099061,2.0825536523207635,-0.937511221644886,1.0262214199570472,-4.703745863278923
thidiazimin,CC1(CC2=NSC(=NC3=CC4=C(C=C3F)OCC(=O)N4CC#C)N2C1)C,1,2.23123460876665,9.35000375195408,0.43767182047963044,4.671101427809264,2.217799798540999
tioclorim,CSC1=C(N=C(N=C1Cl)N)N,1,-3.364287315560696,1.913485351263226,-3.0942624598887845,-3.498876126299742,-0.8396357313210708
tricamba,COC1=C(C(=C(C=C1Cl)Cl)Cl)C(=O)O,1,-2.0279250712332733,-1.8045262031969589,0.2901184353386391,0.796608354518989,-3.1433394133970904
trifop,CC(C(=O)O)OC1=CC=C(C=C1)OC2=CC=C(C=C2)C(F)(F)F,1,-1.8052704943349756,-2.140961567683099,0.07677041423906933,2.4888515820564794,-5.799174951630582
trifopsime,CC(C(=O)ON=C(C)C)OC1=CC=C(C=C1)OC2=CC=C(C=C2)C(F)(F)F,1,-1.57697215088618,-0.7065110529260072,-0.6991902142926887,3.2635411157627985,-4.025005081361694
xylachlor,CC1=C(C(=CC=C1)N(C(C)C)C(=O)CCl)C,1,-2.3224107090402843,-1.2113299819401493,-0.19759536388227214,-1.603208521889598,-1.0260964305376514
amicarbazone,CC(C)C1=NN(C(=O)N1N)C(=O)NC(C)(C)C,1,-2.0962044269028097,5.731530033183414,-3.2788483998075018,-0.3437955860182355,1.0886930538715942
aminopyralid,C1=C(C(=C(N=C1Cl)C(=O)O)Cl)N,1,-2.4551976088513032,-0.6402023096568294,-1.346031157751221,-0.5934363078779903,-1.9096382628999236
atraton,CCNC1=NC(=NC(=N1)OC)NC(C)C,1,-2.1116337336736923,4.227156339381044,-3.2589563395537287,-2.806360261558644,0.6763509778052107
atrazine,CCNC1=NC(=NC(=N1)Cl)NC(C)C,1,-2.6522902201583407,0.8575596951253368,-2.2990030871008456,-4.520800768433607,-0.01577443178477862
azafenidin,C#CCOC1=C(C=C(C(=C1)N2C(=O)N3CCCCC3=N2)Cl)Cl,1,-1.4188280581778983,6.2826552172379255,0.28702782807041055,2.65263295218064,-0.34657852902758174
azimsulfuron,CN1C(=C(C=N1)C2=NN(N=N2)C)S(=O)(=O)NC(=O)NC3=NC(=CC(=N3)OC)OC,1,-2.5723364698715794,20.187001583308575,-8.547187594562704,2.4886843333473667,2.20564535545834
bensulfuron,COC1=CC(=NC(=N1)NC(=O)NS(=O)(=O)CC2=CC=CC=C2C(=O)O)OC,1,-2.636998919842267,15.585418832710316,-7.4806667127440365,2.326402385222271,1.639799203707697
bentazone,CC(C)N1C(=O)C2=CC=CC=C2NS1(=O)=O,1,-2.4940933862598693,6.107450836458633,-2.4931761766304703,0.45199488045760555,0.7395539026252812
benzthiazuron,CNC(=O)NC1=NC2=CC=CC=C2S1,1,-3.0136219503744175,3.767763822970405,-3.0564815622767165,-1.0232807343873627,-0.3057637233121243
butamifos,CCC(C)NP(=S)(OCC)OC1=C(C=CC(=C1)C)[N+](=O)[O-],1,-2.577523391883788,2.602692275213323,-3.1090892992156034,-3.0881778656878245,0.4877202227857915
butylate,CCSC(=O)N(CC(C)C)CC(C)C,1,-1.8641532485726622,-3.392643157425955,0.5071615850361318,-4.336082707663593,2.4383672816963236
chlomethoxyfen,COC1=C(C=CC(=C1)OC2=C(C=C(C=C2)Cl)Cl)[N+](=O)[O-],1,-3.554513838960969,0.683862724219242,-2.2335084208372233,0.028144948920614116,-5.471209893916293
chloramben,C1=C(C=C(C(=C1C(=O)O)Cl)N)Cl,1,-2.522070107816976,-1.9739523592973154,-0.8227119921497291,-1.0631446732022618,-2.1700827385116552
chlorbufam,CC(C#C)OC(=O)NC1=CC(=CC=C1)Cl,1,-2.4718022631669245,-1.0641095494436028,-0.5908287681537339,0.602776684367396,-4.590740772669654
chlornitrofen,C1=CC(=CC=C1[N+](=O)[O-])OC2=C(C=C(C=C2Cl)Cl)Cl,1,-2.910976453678609,-1.110115860971411,-2.2251333716118764,-0.18366736738315825,-4.381162594364727
chlorprocarb,CCC(CCl)NC(=O)OC1=CC=CC(=C1)NC(=O)OC,1,-1.8383591857568649,0.6516217501280539,-0.08785796420936251,0.6645010193443411,-2.0850587584020026
cycloxydim,CCCC(=NOCC)C1=C(CC(CC1=O)C2CCCSC2)O,1,1.8422994294860913,-1.3999232638802537,3.112211250531396,2.1379950290664453,7.34796202937248
diclofop,CC(C(=O)O)OC1=CC=C(C=C1)OC2=C(C=C(C=C2)Cl)Cl,1,-2.266437533899033,-2.637025943600465,0.3602571815603939,2.170863619000251,-6.551862510040719
difenoxuron,CN(C)C(=O)NC1=CC=C(C=C1)OC2=CC=C(C=C2)OC,1,-2.8855338481911703,1.0143746040868686,-1.5784827155859444,0.7105031886965604,-3.6629314978093324
diflufenican,C1=CC(=CC(=C1)OC2=C(C=CC=N2)C(=O)NC3=C(C=C(C=C3)F)F)C(F)(F)F,1,-2.60684508825245,3.9965324543112337,-2.678939437442294,4.256069714061623,-6.603918447514691
dinosam,CCCC(C)C1=C(C(=CC(=C1)[N+](=O)[O-])[N+](=O)[O-])O,1,-2.306964085960352,0.3290374084361916,-1.6339817406422046,-2.4835058419488063,1.4852316894642417
dipropetryn,CCSC1=NC(=NC(=N1)NC(C)C)NC(C)C,1,-2.1025266949306927,1.4457103747376907,-2.7583355862093337,-4.366071165083943,0.923127546589426
dithiopyr,CC(C)CC1=C(C(=NC(=C1C(=O)SC)C(F)(F)F)C(F)F)C(=O)SC,1,-2.4776940320743175,0.3653656531788705,-1.1694224870675993,0.8680131994191557,0.40303240118875655
diuron,CN(C)C(=O)NC1=CC(=C(C=C1)Cl)Cl,1,-3.845267793037766,0.02903824870937228,-1.5644574489630683,-1.3870208766845205,-3.9970832840979345
fenthiaprop,CC(C(=O)O)OC1=CC=C(C=C1)OC2=NC3=C(S2)C=C(C=C3)Cl,1,-2.016230195121446,1.649129584643479,0.8637559324586029,1.8041270804598353,-5.066005517355939
fentrazamide,CCN(C1CCCCC1)C(=O)N2C(=O)N(N=N2)C3=CC=CC=C3Cl,1,-1.300345731111893,5.972760946488762,0.6641285276554447,1.3418521166319803,1.404236017913775
flucarbazone,CN1C(=NN(C1=O)C(=O)NS(=O)(=O)C2=CC=CC=C2OC(F)(F)F)OC,1,-3.4050457281667414,15.28029613017302,-8.368975860457182,3.443632889508248,1.831529906791912
flufenacet,CC(C)N(C1=CC=C(C=C1)F)C(=O)COC2=NN=C(S2)C(F)(F)F,1,-1.7431952012204883,5.417882579823426,-0.7712535933614322,-0.283056070028097,-1.400378792741036
halosulfuron,CN1C(=C(C(=N1)Cl)C(=O)O)S(=O)(=O)NC(=O)NC2=NC(=CC(=N2)OC)OC,1,-3.6304030107871363,18.5396876297883,-10.437522979332996,3.4608498833006487,1.1611770226940274
imazaquin,CC(C)C1(C(=O)NC(=N1)C2=NC3=CC=CC=C3C=C2C(=O)O)C,1,-1.0159089129585908,4.916781817708656,-0.787028121569913,4.061992911911547,-0.26227811166671916
isocil,CC1=C(C(=O)N(C(=O)N1)C(C)C)Br,1,-1.0358449651416715,1.6023151538771658,-1.1440330800780865,0.7856685191239879,1.0006052795316396
isoxaben,CCC(C)(CC)C1=NOC(=C1)NC(=O)C2=C(C=CC=C2OC)OC,1,-1.3877939506046308,5.197647481675051,-0.8494862628237556,1.5625516543168532,-0.12366560785909081
lenacil,C1CCC(CC1)N2C(=O)C3=C(CCC3)NC2=O,1,-0.03875789735235105,2.5039277068485224,0.6974495966118881,-0.8971017761344089,3.7768393835516285
MCPB,CC1=C(C=CC(=C1)Cl)OCCCC(=O)O,1,-1.4350043860617325,-3.0296055929366816,1.253924268927555,0.2942197384336544,-2.0158017210949666
monolinuron,CN(C(=O)NC1=CC=C(C=C1)Cl)OC,1,-3.028908503523131,0.4706236152196294,-2.0457256311058214,-0.7330920773637608,-3.303099867383375
monuron,CN(C)C(=O)NC1=CC=C(C=C1)Cl,1,-3.3703153795940644,-0.5184450805933242,-1.727797327401086,-1.7196286271624825,-3.206927350539215
oxadiazon,CC(C)OC1=C(C=C(C(=C1)N2C(=O)OC(=N2)C(C)(C)C)Cl)Cl,1,-1.110000272984937,5.233861650161197,0.13178463268380405,2.8123355110829356,-3.0759979122236247
pebulate,CCCCN(CC)C(=O)SCCC,1,-2.2273448052027596,-3.250765713118351,1.2109327784747803,-4.9360595760749755,4.076656521902085
pendimethalin,CCC(CC)NC1=C(C=C(C(=C1[N+](=O)[O-])C)C)[N+](=O)[O-],1,-2.8976492259116475,0.8695597439562744,-2.7618500567611126,-3.7209442474319587,0.6791919513330411
profoxydim,CCCC(=NOCC(C)OC1=CC=C(C=C1)Cl)C2=C(CC(CC2=O)C3CCCSC3)O,1,1.9103943568820023,-0.6857976048278239,2.798016202548738,3.8200094874845454,5.137293861368355
propachlor,CC(C)N(C1=CC=CC=C1)C(=O)CCl,1,-2.79732139105617,-1.441415697251338,-0.02010272660246825,-2.0586379863135327,-0.9212746148657751
prosulfuron,CC1=NC(=NC(=N1)OC)NC(=O)NS(=O)(=O)C2=CC=CC=C2CCC(F)(F)F,1,-3.8152151601505846,17.27314313173292,-10.540261235270638,3.4264297080673747,2.067400233065942
prynachlor,CC(C#C)N(C1=CC=CC=C1)C(=O)CCl,1,-2.9268286522797777,-2.028547787410744,0.5256915068868397,-0.781571205948715,-1.532480515344813
pyraflufen,CN1C(=C(C(=N1)C2=CC(=C(C=C2F)Cl)OCC(=O)O)Cl)OC(F)F,1,-2.6495051274970582,6.360435272328787,-1.6439622891865384,4.1882059434238945,-0.9243800211737213
pyribenzoxim,COC1=CC(=NC(=N1)OC2=C(C(=CC=C2)OC3=NC(=CC(=N3)OC)OC)C(=O)ON=C(C4=CC=CC=C4)C5=CC=CC=C5)OC,1,-2.4839580351051107,6.455090749121457,-3.2121126816757157,2.9650546767667025,-1.6980330144368634
pyrimisulfan,COCC1=C(C(=CC=C1)C(C2=NC(=CC(=N2)OC)OC)O)NS(=O)(=O)C(F)F,1,-2.2138527914254915,12.190314292960442,-6.988063293187256,2.329313376105643,0.9275861198259433
pyroxasulfone,CC1(CC(=NO1)S(=O)(=O)CC2=C(N(N=C2C(F)(F)F)C)OC(F)F)C,1,-0.9053567115994015,10.35133503410995,-1.3934751305631654,4.450846339423854,3.8727166797539874
pyroxsulam,COC1=CC(=NC2=NC(=NN12)NS(=O)(=O)C3=C(C=CN=C3OC)C(F)(F)F)OC,1,-2.116586944558222,16.041184188400035,-9.386957875284962,3.1402552768505343,0.41172900372401744
quinclorac,C1=CC(=C(C2=NC=C(C=C21)Cl)C(=O)O)Cl,1,-2.383653528094269,-0.8867272799823314,-1.167810986696582,0.6084178910267023,-3.3731961381909894
simazine,CCNC1=NC(=NC(=N1)Cl)NCC,1,-2.968991216248389,0.3413007419558936,-2.3588038754678697,-4.088912722182014,-0.019060202923215232
TCA,C(=O)(C(Cl)(Cl)Cl)O,1,-2.487325072623945,-4.87985540760616,0.22181049886669466,-1.7727609160675102,-0.8285229769214804
tefuryltrione,CS(=O)(=O)C1=C(C(=C(C=C1)C(=O)C2C(=O)CCCC2=O)Cl)COCC3CCCO3,1,0.982255921242028,4.637729913390254,-0.5928061298313911,2.393499164406033,4.233783904188839
tembotrione,CS(=O)(=O)C1=C(C(=C(C=C1)C(=O)C2C(=O)CCCC2=O)Cl)COCC(F)(F)F,1,-1.1180445581437337,4.7131686270407345,-2.4930228175426086,2.1720802578150105,2.608551273637841
thifensulfuron,CC1=NC(=NC(=N1)OC)NC(=O)NS(=O)(=O)C2=C(SC=C2)C(=O)O,1,-2.9413142520851165,16.78633933641985,-10.70064428627692,3.3427909708165378,1.7432066074708898
tritosulfuron,COC1=NC(=NC(=N1)NC(=O)NS(=O)(=O)C2=CC=CC=C2C(F)(F)F)C(F)(F)F,1,-3.793429191722952,16.988230164508607,-10.51743898657512,2.8939346156874217,0.745883515342304
cyperquat,C[N+]1=CC=C(C=C1)C2=CC=CC=C2,1,-2.30081165293561,-2.2206347244382205,-0.2688338654364835,-1.7815525102864807,-1.445581758613456
paraquat,C[N+]1=CC=C(C=C1)C2=CC=[N+](C=C2)C,1,-2.1085223629629284,-1.8093842418668713,-0.48144801665927633,-2.1356404456130895,-0.8727884415427211
2_4_5-T,CC(C)CCCCCOC(=O)COC1=CC(=C(C=C1Cl)Cl)Cl,1,-0.34345577770689023,-3.721873087513193,2.3834233097782933,0.7529545697571496,0.3769411419972394
2_4-D, CCCCOC(=O)COC1=C(C=C(C=C1)Cl)Cl,1,-1.4355699316475052,-3.675616167464606,2.107648320953237,0.8228291014101924,-1.0730694469260196
2_4-DB,CC(C)CCCCCOC(=O)CCCOC1=C(C=C(C=C1)Cl)Cl,1,-0.5897930366903117,-4.478253035934905,2.4060576683497183,0.9366769525380432,0.4150739094068719
acetochlor,CCC1=CC=CC(=C1N(COCC)C(=O)CCl)C,1,-2.156634186241555,-1.1906820989543174,1.4581469298006815,-1.7815543647654242,0.31607664581954475
acifluorfen,C1=CC(=C(C=C1C(F)(F)F)Cl)OC2=CC(=C(C=C2)[N+](=O)[O-])C(=O)O,1,-3.764921517279033,1.7170612898458713,-3.14949711912484,1.5274097023990307,-6.346686893429876
alachlor,CCC1=C(C(=CC=C1)CC)N(COC)C(=O)CCl,1,-2.2162225182184003,-0.5521718263363401,1.074184504683769,-2.1959730320931286,0.4407226791430237
allidochlor,C=CCN(CC=C)C(=O)CCl,1,-2.2714033855315083,-4.652033930569008,1.352379282290835,-3.181252546199095,1.8766673538577299
alloxydim,CCCC(=NOCC=C)C1=C(C(C(CC1=O)(C)C)C(=O)OC)O,1,2.5803040711717657,-1.559036167884451,2.699213407154995,5.239216287598881,5.646814853179557
ametryn,CCNC1=NC(=NC(=N1)SC)NC(C)C,1,-2.558039217043144,2.6007732851457983,-2.6224236071284457,-5.782604544295153,1.3409732536042316
amidosulfuron,CN(S(=O)(=O)C)S(=O)(=O)NC(=O)NC1=NC(=CC(=N1)OC)OC,1,-3.8369521547901266,13.639328241886227,-9.125537938238391,1.399779693889372,1.1075629387652182
aminocyclopyrachlor,C1CC1C2=NC(=C(C(=N2)N)Cl)C(=O)O,1,-2.3353242419112843,0.4252777223707571,-0.8371814997905608,0.9140192389062523,-1.450832589536745
anilofos,CC(C)N(C1=CC=C(C=C1)Cl)C(=O)CSP(=S)(OC)OC,1,-2.5789896132245613,0.5483474109008818,-1.6438489938360863,-1.9232118329874999,-0.36173367951583113
aziprotryne,CC(C)NC1=NC(=NC(=N1)SC)N=[N+]=[N-],1,-3.183161079655975,2.8321485063544936,-2.9191876610513945,-5.152274472973504,2.2746084808688236
barban,C1=CC(=CC(=C1)Cl)NC(=O)OCC#CCCl,1,-2.5346125639598873,-1.9855090904495547,0.5063049182484941,-0.28115199579422323,-3.1423703566604733
beflubutamid,CCC(C(=O)NCC1=CC=CC=C1)OC2=CC(=C(C=C2)F)C(F)(F)F,1,-1.950621648720597,1.3458181669666418,0.2666872040147067,2.2487661415619415,-2.581629956374912
benazolin,C1=CC2=C(C(=C1)Cl)N(C(=O)S2)CC(=O)O,1,-1.6417053314654695,2.6426457671015187,0.7293583605618043,1.003825823843122,0.7630397889002015
benfluralin,CCCCN(CC)C1=C(C=C(C=C1[N+](=O)[O-])C(F)(F)F)[N+](=O)[O-],1,-3.041803458144921,1.0842674719963448,-1.6011040499004823,-3.796442660882843,2.6078446521895535
benfuresate,CCS(=O)(=O)OC1=CC2=C(C=C1)OCC2(C)C,1,0.06437408879661122,1.5613501825486367,-1.456011309673335,1.657652421214214,1.5706520097111614
bensulide,CC(C)OP(=S)(OC(C)C)SCCNS(=O)(=O)C1=CC=CC=C1,1,-2.9726724277734546,4.71780652944406,-4.368216922038683,-2.5333827088095013,3.7514288578923223
benzobicyclon,CS(=O)(=O)C1=CC(=C(C=C1)C(=O)C2=C(C3CCC(C3)C2=O)SC4=CC=CC=C4)Cl,1,-0.4724701769024412,3.555257714544634,-0.60240593957097,1.8989821366427893,1.3426736877606587
benzofenap,CC1=CC=C(C=C1)C(=O)COC2=C(C(=NN2C)C)C(=O)C3=C(C(=C(C=C3)Cl)C)Cl,1,-0.9253303730879124,5.850208444878223,-1.8999503521185692,2.7941665595525738,-1.0564015792391768
bicyclopyrone,COCCOCC1=C(C=CC(=N1)C(F)(F)F)C(=C2C(=O)C3CCC(C3)C2=O)O,1,2.059126979219321,2.9193612337419172,3.1010880901356046,4.227725465963393,1.6682349761510327
bifenox,COC(=O)C1=C(C=CC(=C1)OC2=C(C=C(C=C2)Cl)Cl)[N+](=O)[O-],1,-3.651834299009839,1.3617160885578068,-2.3952877608309833,0.5300185871361093,-5.717501128646255
bromacil,CCC(C)N1C(=O)C(=C(NC1=O)C)Br,1,-0.2830035644081873,2.252846758843096,-0.3252298148970638,0.12209072396501354,2.1988723697960477
bromofenoxim,C1=CC(=C(C=C1[N+](=O)[O-])[N+](=O)[O-])ON=CC2=CC(=C(C(=C2)Br)O)Br,1,-2.718797468151982,0.7313971893636401,-1.8721292705341332,0.8846985934828855,-1.0135790894472279
bromoxynil,C1=C(C=C(C(=C1Br)O)Br)C#N,1,-2.5655327927072533,-4.201327237087467,0.9010032764952023,1.5303789692571121,-1.928761873972168
brompyrazon,C1=CC=C(C=C1)N2C(=O)C(=C(C=N2)N)Br,1,-2.3095493010881922,2.7702960473779568,-1.6937897425106079,0.21941240256181369,-0.710370020617023
butachlor,CCCCOCN(C1=C(C=CC=C1CC)CC)C(=O)CCl,1,-1.9398715377508526,-1.5243579194116668,2.039045980576768,-2.4428282354431508,1.6857719748874047
butafenacil,CC(C)(C(=O)OCC=C)OC(=O)C1=C(C=CC(=C1)N2C(=O)C=C(N(C2=O)C)C(F)(F)F)Cl,1,0.45695138927248313,6.676010137412772,-0.09416823478577728,5.378218691346019,-1.08716706114243
butenachlor,CCC1=C(C(=CC=C1)CC)N(COCC=CC)C(=O)CCl,1,-2.030060668834048,-1.7486429628384914,2.184986361771494,-1.144238108407478,1.5896978618400543
butralin,CCC(C)NC1=C(C=C(C=C1[N+](=O)[O-])C(C)(C)C)[N+](=O)[O-],1,-2.025257343462738,1.0830525433812697,-3.013417162101884,-3.1482923029334873,0.0965958377483064
butroxydim,CCCC(=O)C1=C(C=C(C(=C1C)C2CC(=C(C(=O)C2)C(=NOCC)CC)O)C)C,1,1.4138642241669814,-1.12659020604922,2.662627167100742,3.328569601652755,5.88696827160241
buturon,CC(C#C)N(C)C(=O)NC1=CC=C(C=C1)Cl,1,-3.212892242177399,-0.52790904277239,-1.7522404060849772,-0.751769445267521,-3.9286474016626007
cafenstrole,CCN(CC)C(=O)N1C=NC(=N1)S(=O)(=O)C2=C(C=C(C=C2C)C)C,1,-3.3440553670481274,7.6584813827754346,-3.6226816016034666,-1.5834285572425093,2.7887805224114275
carbetamide,CCNC(=O)C(C)OC(=O)NC1=CC=CC=C1,1,-1.8554431088648642,-0.12062728820842664,-0.22180257205990142,-0.8684111815014035,-1.6880270565137336
carfentrazone,CC1=NN(C(=O)N1C(F)F)C2=C(C=C(C(=C2)CC(C(=O)O)Cl)Cl)F,1,-1.8478208003852943,6.3396861267386475,-2.3243657284793224,2.7006111897270784,-0.8435963720902303
chloranocryl,CC(=C)C(=O)NC1=CC(=C(C=C1)Cl)Cl,1,-1.7399099517269527,-2.190940901653778,-0.6012740857267832,-0.3684523003544983,-3.1871552695260443
chlorazine,CCN(CC)C1=NC(=NC(=N1)Cl)N(CC)CC,1,-2.1979670062253143,0.08189623475140709,-1.69225910895839,-4.015502727737234,0.23343963119693908
chlorbromuron,CN(C(=O)NC1=CC(=C(C=C1)Br)Cl)OC,1,-3.3369571468572996,1.0968787756095957,-0.9800950833599507,1.619190737883598,-2.984859293067887
chlorfenac,C1=CC(=C(C(=C1Cl)CC(=O)O)Cl)Cl,1,-2.673641314428305,-4.316002757235014,0.556321431081703,-1.1723486194432198,-2.1131181691040237
chlorfenprop,C1=CC(=CC=C1CC(C(=O)O)Cl)Cl,1,-2.042527228443427,-4.664880307806577,0.6059808916462168,-0.9553918993175748,-1.7818156844114916
chloridazon,C1=CC=C(C=C1)N2C(=O)C(=C(C=N2)N)Cl,1,-2.3122272180493586,3.1450869295632886,-1.210007160277839,-0.4458701260425785,-2.0406603208421337
chlorimuron,COC1=CC(=NC(=N1)NC(=O)NS(=O)(=O)C2=CC=CC=C2C(=O)O)Cl,1,-4.262155192934846,17.00730138679073,-10.48634863981908,2.748918044758388,-0.4576687133046069
chlorotoluron,CC1=C(C=C(C=C1)NC(=O)N(C)C)Cl,1,-3.598629567918558,0.5327900325880494,-1.5691805638138123,-1.3005326326174533,-3.170624163664643
chloroxuron,CN(C)C(=O)NC1=CC=C(C=C1)OC2=CC=C(C=C2)Cl,1,-3.076953636276112,0.26457603866117907,-1.6275294541182774,0.7236865418700666,-4.864528792948979
chlorphthalim,C1CCC2=C(C1)C(=O)N(C2=O)C3=CC=C(C=C3)Cl,1,0.7206002518709657,0.5610313822702302,2.3308406400904653,0.7681258469550564,-0.10668703852250132
chlorpropham,CC(C)OC(=O)NC1=CC(=CC=C1)Cl,1,-2.0631697584618105,-1.4287907101297632,-0.6068213402404821,-0.15454676864427194,-3.989939191661818
chlorsulfuron,CC1=NC(=NC(=N1)OC)NC(=O)NS(=O)(=O)C2=CC=CC=C2Cl,1,-4.197741840417365,16.702994650254457,-10.981478616087177,2.99670958385836,0.6486948884456198
chlorthal,C1(=C(C(=C(C(=C1Cl)Cl)C(=O)O)Cl)Cl)C(=O)O,1,-2.3732658854171644,-3.5646405540052672,-0.15421311964422696,-1.077923482532358,-1.7927750484691432
chlorthiamid,C1=CC(=C(C(=C1)Cl)C(=S)N)Cl,1,-3.617789202289398,-2.814948133285742,-1.3695999377112882,-2.6007373377129634,-2.553283063764666
cinidon-ethyl,CCOC(=O)C(=CC1=C(C=CC(=C1)N2C(=O)C3=C(C2=O)CCCC3)Cl)Cl,1,1.6554125990370827,2.1982462549116195,3.2666532124290626,2.9389077764153786,0.8879182963625252
cinosulfuron,COCCOC1=CC=CC=C1S(=O)(=O)NC(=O)NC2=NC(=NC(=N2)OC)OC,1,-2.7901572436039337,16.128529215765273,-9.155006879630452,2.3435122881117856,2.9732317197143936
clethodim,CCC(=NOCC=CCl)C1=C(CC(CC1=O)CC(C)SCC)O,1,0.9982336080068924,-2.0412534430016533,2.5716098602602995,3.2989677417719534,5.4980237953580335
clodinafop,CC(C(=O)O)OC1=CC=C(C=C1)OC2=C(C=C(C=N2)Cl)F,1,-2.0179060692059125,0.43667729922888815,-0.23004953187420757,3.447959598840475,-5.2015139249084354
clofop,CC(C(=O)O)OC1=CC=C(C=C1)OC2=CC=C(C=C2)Cl,1,-1.6270692819233745,-3.099372219587148,0.5847287509304077,1.9565705806068576,-5.517949370942384
clomeprop,CC1=C(C=CC(=C1Cl)OC(C)C(=O)NC2=CC=CC=C2)Cl,1,-2.1713613765907374,0.26537715510792614,0.2802285450256322,1.8255957197806472,-5.863286668622093
cloproxydim,CCCC(=NOCC=CCl)C1=C(CC(CC1=O)CC(C)SCC)O,1,1.1527836874035684,-2.238671408415791,2.975163303742457,2.982330107455086,6.762390352408017
clopyralid,C1=CC(=NC(=C1Cl)C(=O)O)Cl,1,-2.871348808088105,-1.8444556582241503,-0.9297759853437791,-0.458157079080547,-2.983291648296784
cloransulam,CCOC1=NC(=CC2=NC(=NN21)S(=O)(=O)NC3=C(C=CC=C3Cl)C(=O)O)F,1,-2.936608507163016,15.443394125905941,-6.47238384879892,3.5600116335541485,-0.09268270142283395
cyanazine,CCNC1=NC(=NC(=N1)Cl)NC(C)(C)C#N,1,-2.9976255079762253,0.8310498406890706,-2.5764398486673223,-2.138508648800187,-1.267511669081279
cycloate,CCN(C1CCCCC1)C(=O)SCC,1,-1.4111094825655885,-2.344366573761476,1.0182527237677357,-3.4657111236854528,2.4510762303907443
cyclosulfamuron,COC1=CC(=NC(=N1)NC(=O)NS(=O)(=O)NC2=CC=CC=C2C(=O)C3CC3)OC,1,-2.293779169955248,14.253104645894247,-7.7377469202711975,3.387979185541992,1.256115064746378
cyhalofop,CC(C(=O)O)OC1=CC=C(C=C1)OC2=C(C=C(C=C2)C#N)F,1,-2.2326774358600106,-2.065540694687062,1.1176859303250046,3.744495881353378,-6.475980792673828
cyprazine,CC(C)NC1=NC(=NC(=N1)NC2CC2)Cl,1,-2.122123223073162,0.2874564258883362,-1.4832901638396525,-3.46906242918237,0.04240589624407976
dalapon,CC(C(=O)O)(Cl)Cl,1,-2.402630750897312,-4.513515508656101,0.07349122308268541,-1.6534757597213432,-0.8832778788672762
delachlor,CC1=C(C(=CC=C1)C)N(COCC(C)C)C(=O)CCl,1,-2.1167013828494614,-0.7083122707119837,0.8628753459246932,-1.6641614669992562,0.7296360689940037
desmedipham,CCOC(=O)NC1=CC(=CC=C1)OC(=O)NC2=CC=CC=C2,1,-1.4244918267230608,0.43022984178215107,-0.2512487982057907,0.6569468726774674,-3.3199570621748014
desmetryn,CC(C)NC1=NC(=NC(=N1)NC)SC,1,-2.603161599287059,2.368177177021668,-2.869950867627973,-4.537055006621223,0.043388692916790365
dicamba,COC1=C(C=CC(=C1C(=O)O)Cl)Cl,1,-2.0944059112062017,-2.170723195505182,-0.3268511410316074,0.9051982451299663,-3.6494357137073443
dichlobenil,C1=CC(=C(C(=C1)Cl)C#N)Cl,1,-3.2745712534762696,-4.387275088421548,-0.1547225609109433,-0.7594625133726599,-3.60489239927271
dichlorprop,CC(C(=O)O)OC1=C(C=C(C=C1)Cl)Cl,1,-1.7556756805130849,-3.072934005072181,0.3575196968802695,0.6627673739529437,-4.949113573034027
diclosulam,CCOC1=NC(=CC2=NC(=NN21)S(=O)(=O)NC3=C(C=CC=C3Cl)Cl)F,1,-3.5502837102237095,13.052156943027157,-7.334358134868959,3.0923221088979354,0.1859598438468433
diethatyl,CCC1=C(C(=CC=C1)CC)N(CC(=O)O)C(=O)CCl,1,-2.5396140297248087,-0.5113279086241644,0.9416492832816094,-1.917422999626399,0.9937446835685866
dimefuron,CC(C)(C)C1=NN(C(=O)O1)C2=C(C=C(C=C2)NC(=O)N(C)C)Cl,1,-2.4239007649387005,7.21048809723018,-0.541641547106723,2.1979961566861284,-3.7833649189033545
dimepiperate,CC(C)(C1=CC=CC=C1)SC(=O)N2CCCCC2,1,-1.3313090452069158,0.05227135958521561,0.35887348445708045,-1.4157211767998428,1.0485842811271333
dimethachlor,CC1=C(C(=CC=C1)C)N(CCOC)C(=O)CCl,1,-1.8238853992241582,-0.6870494311157856,1.1823513964567713,-2.1411846596610418,0.9169513964692529
dimethametryn,CCNC1=NC(=NC(=N1)SC)NC(C)C(C)C,1,-2.2893963253953116,2.5886373481472575,-3.2427781279302232,-5.2011526647407695,1.1522687125244722
dimethenamid,CC1=CSC(=C1N(C(C)COC)C(=O)CCl)C,1,-1.7163281686699752,0.44190346815692966,0.46442857915898283,-1.7491705960262722,2.25382236720654
dinitramine,CCN(CC)C1=C(C=C(C(=C1[N+](=O)[O-])N)C(F)(F)F)[N+](=O)[O-],1,-3.388947560624693,1.501838822663011,-3.1770676321922284,-3.4734671184599604,-0.39801527568030337
dinoseb,CCC(C)C1=C(C(=CC(=C1)[N+](=O)[O-])[N+](=O)[O-])O,1,-2.1940640802309566,0.5269072844273879,-2.314435639925058,-2.8398480352107858,0.41537017929505254
dinoterb,CC(C)(C)C1=C(C(=CC(=C1)[N+](=O)[O-])[N+](=O)[O-])O,1,-2.9136685744863176,1.1311988384703857,-2.636622018477759,-1.0936760236792054,-0.9182563349436655
DMPA,COC1=C(C=C(C=C1)C[C@@H](C(=O)[O-])[NH3+])OC,1,-1.5875630250676496,-0.8968617385379895,2.1757541958297537,-0.13941355235951833,-1.020650654461856
DNOC,CC1=CC(=CC(=C1O)[N+](=O)[O-])[N+](=O)[O-],1,-2.99276427544379,-0.36395214366487183,-2.148246660085058,-2.176579856439262,-0.7625416791567353
eglinazine,CCNC1=NC(=NC(=N1)Cl)NCC(=O)O,1,-2.6267034046010322,0.841325252100608,-1.3876384641870887,-3.123877114956173,0.18758761709219954
EPTC,CCCN(CCC)C(=O)SCC,1,-2.290714232253851,-3.1759107203603825,0.9601619979352026,-4.906447818874648,3.3161458154776184
esprocarb,CCN(C(C)C(C)C)C(=O)SCC1=CC=CC=C1,1,-1.9717552199252781,-1.878881933851751,0.28009746841403377,-1.3166570637982271,0.44230098852593785
ethalfluralin,CCN(CC(=C)C)C1=C(C=C(C=C1[N+](=O)[O-])C(F)(F)F)[N+](=O)[O-],1,-2.863859392838554,0.560277417762858,-1.8325056774840909,-2.6644421625726253,1.6061248316845826
ethametsulfuron,CCOC1=NC(=NC(=N1)NC(=O)NS(=O)(=O)C2=CC=CC=C2C(=O)O)NC,1,-3.5529074316990314,17.318958164868114,-10.49670009084833,2.04515822187513,0.9502545132943108
ethidimuron,CCS(=O)(=O)C1=NN=C(S1)N(C)C(=O)NC,1,-3.4437280001800503,8.275415443701592,-4.223978556353439,-1.37197988087941,3.05989792656244
ethiozin,CCSC1=NN=C(C(=O)N1N)C(C)(C)C,1,-2.5501431169919373,5.03887296686425,-3.1867494603274205,-1.3847921812660828,0.9903114068986532
ethofumesate,CCOC1C(C2=C(O1)C=CC(=C2)OS(=O)(=O)C)(C)C,1,0.1036463716581377,1.8301223760342824,-1.1851666306007689,2.545532120522224,3.6827097754286346
ethoxysulfuron,CCOC1=CC=CC=C1OS(=O)(=O)NC(=O)NC2=NC(=CC(=N2)OC)OC,1,-2.977862864978358,13.363994969331051,-7.973259604522152,1.4093504569475217,1.0438954598774526
etinofen,CCOCC1=C(C(=CC(=C1)[N+](=O)[O-])[N+](=O)[O-])O,1,-2.4591517908819225,0.4435358151144008,-1.3070102679968136,-1.2695063727851301,0.10750321202031646
fenoprop,CC(C(=O)O)OC1=CC(=C(C=C1Cl)Cl)Cl,1,-1.6081139112779261,-2.819902921669383,0.492876040226925,0.395514762318695,-4.508155754974424
fenoxaprop,CC(C(=O)O)OC1=CC=C(C=C1)OC2=NC3=C(O2)C=C(C=C3)Cl,1,-0.8783276283754073,0.008038893878168049,0.27313203726911806,3.6057128549211384,-4.658980498114523
fenoxasulfone,CCOC1=C(C=C(C(=C1)Cl)CS(=O)(=O)C2=NOC(C2)(C)C)Cl,1,-1.312862173026341,6.668883766088985,-0.028507477644262758,2.3294190656925795,1.6233016723075138
fenquinotrione,COC1=CC=C(C=C1)N2C3=C(C(=CC=C3)Cl)N=C(C2=O)C(=O)C4C(=O)CCCC4=O,1,-0.28709508642468407,4.4808593757687305,0.44835605644171156,4.731162979709573,0.3507494793194631
fenuron,CN(C)C(=O)NC1=CC=CC=C1,1,-3.3999925148179804,-0.33651665553066834,-1.3533244320021984,-1.8152251894706624,-2.3092606514325777
flazasulfuron,COC1=CC(=NC(=N1)NC(=O)NS(=O)(=O)C2=C(C=CC=N2)C(F)(F)F)OC,1,-3.8211851795755596,17.304104858132437,-10.891429386053856,4.201274609056755,-0.3001169078183756
florasulam,COC1=NC=C(C2=NC(=NN21)S(=O)(=O)NC3=C(C=CC=C3F)F)F,1,-3.592444069968892,13.769967078636686,-8.10327409831777,2.7633020623562863,0.17436505451456497
florpyrauxifen,COC1=C(C=CC(=C1F)C2=NC(=C(C(=C2F)N)Cl)C(=O)O)Cl,1,-2.345411844762728,2.2571208018294255,-0.3759164867644155,2.1809727605292406,-3.4581478879820824
fluazifop,CC(C(=O)O)OC1=CC=C(C=C1)OC2=NC=C(C=C2)C(F)(F)F,1,-2.094118629202346,0.6697273252358114,-0.8259659774207283,2.960916868764593,-6.006950910780583
flucetosulfuron,CC(C(C1=C(C=CC=N1)S(=O)(=O)NC(=O)NC2=NC(=CC(=N2)OC)OC)OC(=O)COC)F,1,-3.294731517568002,18.56996326454823,-10.825061214514161,3.926800917477213,1.7777190546449824
fluchloralin,CCCN(CCCl)C1=C(C=C(C=C1[N+](=O)[O-])C(F)(F)F)[N+](=O)[O-],1,-3.0940893852479068,1.3489633031841402,-2.0250672193635086,-4.205764832432225,1.5360670148863527
flumetsulam,CC1=NC2=NC(=NN2C=C1)S(=O)(=O)NC3=C(C=CC=C3F)F,1,-3.201184378401691,11.926795380289581,-7.6740687671968395,1.7919117317636306,1.1087820271771285
flumiclorac,C1CCC2=C(C1)C(=O)N(C2=O)C3=CC(=C(C=C3F)Cl)OCC(=O)O,1,1.0854171842728784,2.815802862871844,3.590463448214816,3.5677286113334077,-0.4388071817213665
flumioxazin,C#CCN1C(=O)COC2=CC(=C(C=C21)N3C(=O)C4=C(C3=O)CCCC4)F,1,3.6684322977586374,5.087598009113661,3.510328243657391,4.654589373451062,1.3936364270270465
flumipropyn,CC(C#C)OC1=C(C=C(C(=C1)N2C(=O)C3=C(C2=O)CCCC3)F)Cl,1,0.5463653850628258,3.297881414692617,2.5858902890917297,4.075427115189052,-1.4853010363379282
fluometuron,CN(C)C(=O)NC1=CC=CC(=C1)C(F)(F)F,1,-3.6320087726199066,0.9661665160310636,-1.9152105012044576,-0.7266859186526727,-3.959820470128685
fluorodifen,C1=CC(=CC=C1[N+](=O)[O-])OC2=C(C=C(C=C2)C(F)(F)F)[N+](=O)[O-],1,-3.595466886321577,0.8436709261393741,-2.9615630849007286,0.1715891816289755,-4.785082717488092
fluoroglycofen,C1=CC(=C(C=C1C(F)(F)F)Cl)OC2=CC(=C(C=C2)[N+](=O)[O-])C(=O)OCC(=O)O,1,-3.213534422049989,2.2864833400051565,-0.42958556959544963,1.7998845139531323,-7.066214952433522
fluoronitrofen,C1=CC(=CC=C1[N+](=O)[O-])OC2=C(C=C(C=C2Cl)Cl)F,1,-3.0560244341519196,-0.49933617642263783,-2.4191500097907555,0.46601554051609445,-4.857962888197371
fluothiuron,CN(C)C(=O)NC1=CC(=C(C=C1)SC(F)(F)Cl)Cl,1,-4.227277775776267,1.7956847919200956,-2.4636696501906363,-0.43915245052279406,-3.8619136814970023
flupoxam,C1=CC=C(C=C1)C2=NC(=NN2C3=CC(=C(C=C3)Cl)COCC(C(F)(F)F)(F)F)C(=O)N,1,-2.324368135289783,5.972707320366574,-2.0045655106902287,4.4974119889960305,-2.2110103964444616
flupropanate,C(C(C(=O)O)(F)F)(F)F,1,-2.065370742312791,-3.940154741163322,0.9520101094449178,-1.4128594010462798,-0.9246351082584571
flupyrsulfuron,COC1=CC(=NC(=N1)NC(=O)NS(=O)(=O)C2=C(C=CC(=N2)C(F)(F)F)C(=O)O)OC,1,-3.552542330588199,16.905770031185895,-10.712409440889385,3.3429295758542823,-0.1403426149859857
fluridone,CN1C=C(C(=O)C(=C1)C2=CC(=CC=C2)C(F)(F)F)C3=CC=CC=C3,1,-2.6952153452730143,1.075660028778753,-0.8451699255548655,1.7645944461956262,-2.745197121693166
flurochloridone,C1C(C(C(=O)N1C2=CC=CC(=C2)C(F)(F)F)Cl)CCl,1,-2.009531467407413,1.2580217273433378,0.8443740099533174,0.6218294911022466,-1.262101227902788
fluroxypyr,C(C(=O)O)OC1=NC(=C(C(=C1Cl)N)Cl)F,1,-1.7699704586928173,0.7843873404606274,-0.8262645418968249,1.125800735564782,-1.799212516083222
flurtamone,CNC1=C(C(=O)C(O1)C2=CC=CC=C2)C3=CC(=CC=C3)C(F)(F)F,1,0.38669238258265204,1.0247637730245445,0.3328196768165135,3.77251742542622,-1.9242681834947344
fluthiacet,C1CCN2C(=O)SC(=NC3=CC(=C(C=C3F)Cl)SCC(=O)O)N2C1,1,-1.736761241970732,7.222428780374114,-1.6372389322249576,1.1064754045024727,4.6852607270750175
fomesafen,CS(=O)(=O)NC(=O)C1=C(C=CC(=C1)OC2=C(C=C(C=C2)C(F)(F)F)Cl)[N+](=O)[O-],1,-4.757995088443778,8.077957624755651,-7.041433644932795,1.5754555186420198,-5.516738667088793
foramsulfuron,CN(C)C(=O)C1=C(C=C(C=C1)NC=O)S(=O)(=O)NC(=O)NC2=NC(=CC(=N2)OC)OC,1,-4.094629901918419,17.959792717430552,-9.616005539837001,2.6292624630827977,1.137613657762941
halauxifen,COC1=C(C=CC(=C1F)C2=NC(=C(C(=C2)N)Cl)C(=O)O)Cl,1,-1.4101192249666006,1.843375551029738,-1.3302533362741307,1.3457445559284988,-3.6050497887988806
haloxyfop,CC(C(=O)O)OC1=CC=C(C=C1)OC2=C(C=C(C=N2)C(F)(F)F)Cl,1,-2.428795919880124,0.8757347051993898,-0.7875486280796272,3.5755774727130976,-6.638922278236646
hexazinone,CN1C(=NC(=O)N(C1=O)C2CCCCC2)N(C)C,1,-1.20558286403704,4.23916557544258,-0.7985602364281582,-0.25913184418220186,3.076962434898922
imazamethabenz,CC1=CC(=C(C=C1)C(=O)OC)C2=NC(C(=O)N2)(C)C(C)C.CC1=CC(=C(C=C1)C2=NC(C(=O)N2)(C)C(C)C)C(=O)OC,1,-0.31499867320072394,5.383092469763536,0.4456752711479684,3.8077238147090164,0.10173074577498785
imazamox,CC(C)C1(C(=O)NC(=N1)C2=C(C=C(C=N2)COC)C(=O)O)C,1,-0.4834810004886487,5.53699205289379,0.243471559889459,4.377478505718769,0.18379997267030063
imazapic,CC1=CC(=C(N=C1)C2=NC(C(=O)N2)(C)C(C)C)C(=O)O,1,-0.589054979402863,4.478948680925794,-1.0628338842943603,3.9168099881741862,0.2960983794744303
imazapyr,CC(C)C1(C(=O)NC(=N1)C2=C(C=CC=N2)C(=O)O)C,1,-0.8053173625346521,4.983977145082582,-1.2939922626775464,3.4544483479432997,-0.47079414957654087
imazethapyr,CCC1=CC(=C(N=C1)C2=NC(C(=O)N2)(C)C(C)C)C(=O)O,1,-1.0913930925854447,4.7585850901749405,-0.5029520967344091,3.393419426472841,0.39825468956073873
imazosulfuron,COC1=CC(=NC(=N1)NC(=O)NS(=O)(=O)C2=C(N=C3N2C=CC=C3)Cl)OC,1,-3.504448755786677,19.06745060269603,-10.13735125033623,4.240597162839694,1.6710991929520003
indanofan,CCC1(C(=O)C2=CC=CC=C2C1=O)CC3(CO3)C4=CC(=CC=C4)Cl,1,-0.033271464651538206,-1.2174994291314944,3.9677322640361945,2.8666816520548886,-1.15425221954242
indaziflam,CC1CC2=C(C1NC3=NC(=NC(=N3)N)C(C)F)C=C(C=C2)C,1,-0.3710500158179127,3.176677290970377,-2.0012359345780837,-0.2103024851260657,0.7710061083015588
iodosulfuron,CC1=NC(=NC(=N1)OC)NC(=O)NS(=O)(=O)C2=C(C=CC(=C2)I)C(=O)O,1,-3.5701510450229454,18.165080853648025,-11.875479394030757,4.066905435593357,0.9364424032894176
ioxynil,C1=C(C=C(C(=C1I)O)I)C#N,1,-2.748731739956339,-3.8843062050799024,-0.07478367895185918,0.6038257269858224,-3.2376463406035842
ipazine,CCN(CC)C1=NC(=NC(=N1)NC(C)C)Cl,1,-2.1001400529445076,0.976807214716271,-1.9502125774782715,-4.87933164922085,0.4229048902116701
ipfencarbazone,CC(C)N(C1=C(C=C(C=C1)F)F)C(=O)N2C=NN(C2=O)C3=C(C=C(C=C3)Cl)Cl,1,-2.5694934201536874,6.768165795362951,-1.8051440730855763,2.142451993651402,-2.553587754393248
isomethiozin,CC(C)C=NN1C(=O)C(=NN=C1SC)C(C)(C)C,1,-2.1970159520112773,5.3057421214287475,-1.8915837120448658,-1.1546484998667856,0.7908191508141714
isopropalin,CCCN(CCC)C1=C(C=C(C=C1[N+](=O)[O-])C(C)C)[N+](=O)[O-],1,-2.0825677485823744,0.6622858114456857,-1.884828111939018,-4.576450970330035,2.714038565372842
isoproturon,CC(C)C1=CC=C(C=C1)NC(=O)N(C)C,1,-2.741372041573146,-0.5931280275871064,-1.6221542890465321,-1.782595620636624,-2.5069843399247245
isouron,CC(C)(C)C1=CC(=NO1)NC(=O)N(C)C,1,-1.9584996157316734,3.1687475065382795,-1.5693627067503602,-0.45657180459659136,-0.8538858980910641
isoxaflutole,CS(=O)(=O)C1=C(C=CC(=C1)C(F)(F)F)C(=O)C2=C(ON=C2)C3CC3,1,-2.022806348360474,6.078062003562134,-3.113645724243128,3.396611477106021,-0.9918789753977505
isoxapyrifop,CC(C(=O)N1CCCO1)OC2=CC=C(C=C2)OC3=C(C=C(C=N3)Cl)Cl,1,-0.7186975987563631,3.2618566669439675,0.2590022611633342,3.9613296168085808,-0.5271830060888539
lactofen,CCOC(=O)C(C)OC(=O)C1=C(C=CC(=C1)OC2=C(C=C(C=C2)C(F)(F)F)Cl)[N+](=O)[O-],1,-2.473236622639778,1.967583783594547,-2.3480258629843274,1.6066626636016346,-7.01398977564509
linuron,CN(C(=O)NC1=CC(=C(C=C1)Cl)Cl)OC,1,-3.5038609169668318,1.0181069445223263,-1.8823857526678045,-0.40048432688579877,-4.093255800942095
MCPA,CC1=C(C=CC(=C1)Cl)OCC(=O)O,1,-1.7441591705555433,-2.7067298367484183,0.8664382033494994,0.7029021117349467,-2.7886929410802637
mecoprop,CC1=C(C=CC(=C1)Cl)OC(C)C(=O)O,1,-1.517320739871831,-2.87773158702928,0.6157519717491851,0.580168581204205,-4.797603368822149
medinoterb,CC1=C(C=C(C(=C1[N+](=O)[O-])O)C(C)(C)C)[N+](=O)[O-],1,-2.782564613021842,0.9439554682394562,-2.5755739076755075,-0.7987066395817354,-1.3375032727781948
mefenacet,CN(C1=CC=CC=C1)C(=O)COC2=NC3=CC=CC=C3S2,1,-2.148347233577484,4.239597342625297,0.4158992240176172,-0.7928596808858097,-0.7314340803932773
mesosulfuron,COC1=CC(=NC(=N1)NC(=O)NS(=O)(=O)C2=C(C=CC(=C2)CNS(=O)(=O)C)C(=O)O)OC,1,-3.410730287720519,18.64070986058412,-8.721094831566894,2.4012602635800273,1.4344539466279878
mesotrione,CS(=O)(=O)C1=CC(=C(C=C1)C(=O)C2C(=O)CCCC2=O)[N+](=O)[O-],1,-2.4310635191995122,4.817136930635195,-3.626624353049102,-1.2130147576902595,3.311183123750955
metamifop,CC(C(=O)N(C)C1=CC=CC=C1F)OC2=CC=C(C=C2)OC3=NC4=C(O3)C=C(C=C4)Cl,1,-1.4800041141396667,2.4556236885950873,-0.3368432002328358,5.633672776891169,-4.416020261896642
metamitron,CC1=NN=C(C(=O)N1N)C2=CC=CC=C2,1,-2.05424554439029,4.151243370633521,-2.6503163424509113,-0.07215735534223976,-0.56884053129612
metazachlor,CC1=C(C(=CC=C1)C)N(CN2C=CC=N2)C(=O)CCl,1,-2.8812738311575283,2.7558880667843098,-0.42201697177426084,-1.2699989986525286,1.9394246259132832
metazosulfuron,CC1CON=C(O1)C2=C(N(N=C2Cl)C)S(=O)(=O)NC(=O)NC3=NC(=CC(=N3)OC)OC,1,-1.5482133031418606,20.137698088714608,-8.46948625866899,5.567940631532044,4.669364021389975
methabenzthiazuron,CNC(=O)N(C)C1=NC2=CC=CC=C2S1,1,-3.1800158386663147,3.5132422282432665,-2.2995130978812974,-1.0132769023299613,0.14286708511046786
methoprotryne,CC(C)NC1=NC(=NC(=N1)NCCCOC)SC,1,-1.5608732409154504,3.146268276627849,-1.1562378233739536,-5.127154919395273,2.9256914752943453
metobenzuron,CC1(CC(OC2=C1C=CC(=C2)OC3=CC=C(C=C3)NC(=O)N(C)OC)(C)OC)C,1,-0.6425049235595186,2.7996308522840163,-0.8770725304727033,4.899544639542124,-3.540071579586547
metobromuron,CN(C(=O)NC1=CC=C(C=C1)Br)OC,1,-3.1625554382323697,0.37413802789409734,-1.3966792692015504,0.18109856738971006,-1.8629756217396374
metolachlor,CCC1=CC=CC(=C1N(C(C)COC)C(=O)CCl)C,1,-1.9417120145170428,-0.3115022053046557,0.8239348832774321,-1.736671727169184,0.5494671504063852
metosulam,CC1=C(C(=C(C=C1)Cl)NS(=O)(=O)C2=NN3C(=CC(=NC3=N2)OC)OC)Cl,1,-2.6283622219703417,14.53374270645448,-8.453130032653078,2.7880049466001284,-0.016557312412631694
metoxuron,CN(C)C(=O)NC1=CC(=C(C=C1)OC)Cl,1,-3.2186834082631424,1.4201572671768028,-1.015646517217911,0.05387989916208192,-4.40316711967073
metribuzin,CC(C)(C)C1=NN=C(N(C1=O)N)SC,1,-2.8463421427695375,5.783560442423081,-3.404546196829002,-1.560646057757203,0.3067886528794373
metsulfuron,CC1=NC(=NC(=N1)OC)NC(=O)NS(=O)(=O)C2=CC=CC=C2C(=O)O,1,-3.8240498924149966,18.013000888134737,-11.05798437677656,3.122087259299054,1.2502374926431776
molinate,CCSC(=O)N1CCCCCC1,1,-1.9059578422750325,-0.8635194054253498,1.2393018779885334,-4.062252852357376,3.394184962846829
neburon,CCCCN(C)C(=O)NC1=CC(=C(C=C1)Cl)Cl,1,-2.7322046705931826,-0.07040241743683645,-0.04211055986332839,-2.420541599519189,-0.5062020973624412
nicosulfuron,CN(C)C(=O)C1=C(N=CC=C1)S(=O)(=O)NC(=O)NC2=NC(=CC(=N2)OC)OC,1,-3.7268984986633216,18.20469937670524,-10.641629243171435,3.0790060145364624,0.6574053036931821
nitralin,CCCN(CCC)C1=C(C=C(C=C1[N+](=O)[O-])S(=O)(=O)C)[N+](=O)[O-],1,-3.2620049593331344,4.4092424701388,-4.108295345036191,-4.95106713978966,4.358626442521685
nitrofen,C1=CC(=CC=C1[N+](=O)[O-])OC2=C(C=C(C=C2)Cl)Cl,1,-3.8826849963794516,-1.2649124148335416,-2.0979641963282845,-0.2422530219485439,-5.329764033400262
norflurazon,CNC1=C(C(=O)N(N=C1)C2=CC=CC(=C2)C(F)(F)F)Cl,1,-2.4253261448496826,4.751028738637488,-2.8758264044156183,2.0122008932741093,-3.5087633995979908
orbencarb,CCN(CC)C(=O)SCC1=CC=CC=C1Cl,1,-2.61265735755201,-1.5798935549494695,-0.15148790890993794,-2.476104103887882,-0.5353066266642614
orthosulfamuron,CN(C)C(=O)C1=CC=CC=C1NS(=O)(=O)NC(=O)NC2=NC(=CC(=N2)OC)OC,1,-3.1416185617282872,15.717559536424247,-9.113382993636122,2.5905383102342894,0.36995114833159676
oryzalin,CCCN(CCC)C1=C(C=C(C=C1[N+](=O)[O-])S(=O)(=O)N)[N+](=O)[O-],1,-3.688246573265852,5.670374949907614,-4.96700520487289,-4.894919936527467,4.893325380969437
oxadiargyl,CC(C)(C)C1=NN(C(=O)O1)C2=CC(=C(C=C2Cl)Cl)OCC#C,1,-1.1646729839602374,5.712582606954715,0.46792939261430844,3.528310397843792,-3.2708389738176438
oxasulfuron,CC1=CC(=NC(=N1)NC(=O)NS(=O)(=O)C2=CC=CC=C2C(=O)OC3COC3)C,1,-2.5527778310190485,16.09912562679818,-8.17412180734323,3.1643768992122085,2.9465060324794354
oxyfluorfen,CCOC1=C(C=CC(=C1)OC2=C(C=C(C=C2)C(F)(F)F)Cl)[N+](=O)[O-],1,-3.532066300576353,1.2235119085235815,-2.918059156989231,0.6673198118397048,-5.937705808626108
parafluron,CN(C)C(=O)NC1=CC=C(C=C1)C(F)(F)F,1,-3.484241321255768,0.3193306567540169,-2.12180495637791,-1.1479701926454842,-3.469339486487276
penoxsulam,COC1=CN=C(N2C1=NC(=N2)NS(=O)(=O)C3=C(C=CC=C3OCC(F)F)C(F)(F)F)OC,1,-2.3689784687767697,15.621340506146229,-7.452369751915122,3.8108843312473795,-0.3192307608311867
pentanochlor,CCCC(C)C(=O)NC1=CC(=C(C=C1)C)Cl,1,-1.7934000710591451,-0.7945811223952794,1.519212809588314,-1.5201850146130476,-1.3700165139894425
pentoxazone,CC(=C1C(=O)N(C(=O)O1)C2=CC(=C(C=C2F)Cl)OC3CCCC3)C,1,0.783199938006097,4.278909094227913,2.714768115580092,4.466127171550395,1.6436899120382933
pethoxamid,CCOCCN(C(=O)CCl)C(=C(C)C)C1=CC=CC=C1,1,-0.21490385407944565,-2.0848180654894573,1.7243118600914793,-0.6478453830390603,1.080138598571793
phenisopham,CCN(C1=CC=CC=C1)C(=O)OC2=CC=CC(=C2)NC(=O)OC(C)C,1,-2.1710593314792908,1.3700869799938322,-0.5088886406319945,0.2522545570013493,-2.966029693488591
phenmedipham,CC1=CC(=CC=C1)NC(=O)OC2=CC=CC(=C2)NC(=O)OC,1,-1.7483987517923685,0.8126903228268627,-1.247681998547445,0.5620407597537854,-3.722763089282189
picloram,C1(=C(C(=NC(=C1Cl)Cl)C(=O)O)Cl)N,1,-2.5806081547408883,-0.7018071078504922,-1.4824538127923628,-0.8630618966093796,-1.881724981823267
picolinafen,C1=CC(=CC(=C1)OC2=CC=CC(=N2)C(=O)NC3=CC=C(C=C3)F)C(F)(F)F,1,-3.0252575210989887,2.1939797524895503,-2.4673107450604697,2.914689473522974,-5.74357546375728
pinoxaden,CCC1=CC(=CC(=C1C2=C(N3CCOCCN3C2=O)OC(=O)C(C)(C)C)CC)C,1,0.9470907203527639,4.372035929435017,1.6299804306070926,1.9119905564801023,3.3353321572173495
piperophos,CCCOP(=S)(OCCC)SCC(=O)N1CCCCC1C,1,-0.04558084536482465,1.594104736607934,2.7346103252023646,-3.3182660943538695,4.029215065149607
pretilachlor,CCCOCCN(C1=C(C=CC=C1CC)CC)C(=O)CCl,1,-2.262886080257397,-0.7517351269567245,1.4993420598565486,-1.8525825649894065,0.9979993666350123
primisulfuron,C1=CC=C(C(=C1)C(=O)O)S(=O)(=O)NC(=O)NC2=NC(=CC(=N2)OC(F)F)OC(F)F,1,-4.433410629624066,16.79621166730617,-10.434122344160345,3.0436161347978805,-0.5258435376232464
procyazine,CC(C)(C#N)NC1=NC(=NC(=N1)NC2CC2)Cl,1,-2.4674585108910483,0.2609465714520697,-1.7607269254061313,-1.0867703095489514,-1.2093313410524218
prodiamine,CCCN(CCC)C1=C(C=C(C(=C1[N+](=O)[O-])N)C(F)(F)F)[N+](=O)[O-],1,-2.711842363471785,1.503950247636317,-2.6104094106460125,-4.073276569388796,1.5873771828472563
profluralin,CCCN(CC1CC1)C2=C(C=C(C=C2[N+](=O)[O-])C(F)(F)F)[N+](=O)[O-],1,-2.498622319848967,1.6220382091998748,-0.5626591908655253,-3.897595921511235,1.6172271741270738
proglinazine,CC(C)NC1=NC(=NC(=N1)NCC(=O)O)Cl,1,-2.3178032415506102,1.0154323468705164,-1.154837253321061,-3.0175842542308544,-0.12043653487055007
prometon,CC(C)NC1=NC(=NC(=N1)OC)NC(C)C,1,-2.1111782027856103,3.643236868061298,-3.297201762324429,-1.8669575272180743,-0.37106049156571064
prometryn,CC(C)NC1=NC(=NC(=N1)SC)NC(C)C,1,-2.557583686155061,2.0168538138260543,-2.660669029899148,-4.843201809954581,0.2935617842333096
propanil,CCC(=O)NC1=CC(=C(C=C1)Cl)Cl,1,-2.2795110625579293,-1.4771972778546487,-0.5680657941422491,-1.8970728811212476,-2.5917207493592374
propazine,CC(C)NC1=NC(=NC(=N1)Cl)NC(C)C,1,-2.6518346892702582,0.2736402238055932,-2.3372485098715456,-3.5813980340930347,-1.0631859011556988
propham,CC(C)OC(=O)NC1=CC=CC=C1,1,-1.9486814840152604,-1.5187262324226742,-0.5412172317255114,-0.49435788664853714,-2.7211401595539675
propisochlor,CCC1=CC=CC(=C1N(COC(C)C)C(=O)CCl)C,1,-1.8977614973995218,-1.04969205348941,1.3864150047457104,-1.327887619192414,0.49968356103260664
propoxycarbazone,CCCOC1=NN(C(=O)N1C)C(=O)NS(=O)(=O)C2=CC=CC=C2C(=O)OC,1,-2.6549871427729133,16.00234152777238,-6.665933948973619,2.3029210540883462,4.635679829917279
propyrisulfuron,CCCC1=NN2C(=NC(=C2S(=O)(=O)NC(=O)NC3=NC(=CC(=N3)OC)OC)Cl)C=C1,1,-3.027795396032715,18.92140666432664,-9.823308978055376,4.467065611479096,2.278824019890643
propyzamide,CC(C)(C#C)NC(=O)C1=CC(=CC(=C1)Cl)Cl,1,-2.4885377732148872,-1.5907877913348851,-1.2600127539079173,-0.4310188012884362,-3.106830615148411
prosulfocarb,CCCN(CCC)C(=O)SCC1=CC=CC=C1,1,-1.9788363836758842,-2.234406439987782,1.0113966095291007,-2.6951899700871236,2.1762262439714473
pyraclonil,CN(CC#C)C1=C(C=NN1C2=NN3CCCCC3=C2Cl)C#N,1,-2.068458711222337,5.453553122547531,0.28344412426982873,0.07121449730603792,0.8235795909678899
pyrasulfotole,CC1=C(C(=O)N(N1)C)C(=O)C2=C(C=C(C=C2)C(F)(F)F)S(=O)(=O)C,1,-1.9522209292246364,9.388093675815087,-5.474424336815413,2.6603276726445104,0.3488943582975596
pyrazolynate,CC1=CC=C(C=C1)S(=O)(=O)OC2=C(C(=NN2C)C)C(=O)C3=C(C=C(C=C3)Cl)Cl,1,-2.7504784244025293,9.039896898183617,-5.468648023702384,1.3934061239435567,0.2937889328927542
pyrazosulfuron,CN1C(=C(C=N1)C(=O)O)S(=O)(=O)NC(=O)NC2=NC(=CC(=N2)OC)OC,1,-2.6704480956046566,18.487258720473125,-10.221633518294272,3.0461033377946247,2.1597086848385767
pyrazoxyfen,CC1=NN(C(=C1C(=O)C2=C(C=C(C=C2)Cl)Cl)OCC(=O)C3=CC=CC=C3)C,1,-1.0400977023388178,5.354477104341716,-1.5094914749885804,2.9849913548703007,-0.6509406349954553
pyridate,CCCCCCCCSC(=O)OC1=CC(=NN=C1C2=CC=CC=C2)Cl,1,-2.1725711355241812,1.6435471947975906,-0.16219149921803874,0.7694717638961632,1.1592130537051595
pyriftalid,CC1C2=C(C(=CC=C2)SC3=NC(=CC(=N3)OC)OC)C(=O)O1,1,-0.46729198573840497,5.508028113931224,-2.2258856328456624,2.9682460866899874,1.2339451394888228
pyriminobac,CC(=NOC)C1=C(C(=CC=C1)OC2=NC(=CC(=N2)OC)OC)C(=O)O,1,-2.2561370403868195,6.7319453035232995,-2.567704036236127,2.8317935769636433,-1.6591388177865565
pyrithiobac,COC1=CC(=NC(=N1)SC2=C(C(=CC=C2)Cl)C(=O)O)OC,1,-2.895704929499593,4.9756907112873865,-3.419958236559398,2.1043907557567794,-2.279668263613614
quinmerac,CC1=CC2=C(C(=C(C=C2)Cl)C(=O)O)N=C1,1,-2.075102452206513,-0.732916397400564,-1.2405009454948719,0.5731927330116939,-3.418759940428725
quizalofop,CC(C(=O)O)OC1=CC=C(C=C1)OC2=CN=C3C=C(C=CC3=N2)Cl,1,-1.803415455564106,1.7786170095297587,-0.05508107222325431,3.1859490024826895,-5.676318558022163
rimsulfuron,CCS(=O)(=O)C1=C(N=CC=C1)S(=O)(=O)NC(=O)NC2=NC(=CC(=N2)OC)OC,1,-2.6454445620723255,17.849245224998946,-10.115884035786102,2.675103034132539,1.768277435278277
saflufenacil,CC(C)N(C)S(=O)(=O)NC(=O)C1=CC(=C(C=C1Cl)F)N2C(=O)C=C(N(C2=O)C)C(F)(F)F,1,-2.6439465965787043,10.56478577611764,-5.09937385409315,3.6014049357389455,-0.6906663037779499
sebuthylazine,CCC(C)NC1=NC(=NC(=N1)NCC)Cl,1,-2.464116829436296,0.9273524612931324,-2.650359773943419,-4.469817167665116,0.4425729622157639
secbumeton,CCC(C)NC1=NC(=NC(=N1)NCC)OC,1,-1.9234603429516464,4.296949105548837,-3.6103130263963035,-2.7553766607901533,1.134698371805752
sethoxydim,CCCC(=NOCC)C1=C(CC(CC1=O)CC(C)SCC)O,1,1.4595188548934466,-2.2715450570569344,2.9513381250881356,2.187067533166935,6.695765897974276
siduron,CC1CCCCC1NC(=O)NC2=CC=CC=C2,1,0.12145613033931711,0.1458205405356695,-0.22753539326941918,-1.340767609498991,0.633547215380578
simetryn,CCNC1=NC(=NC(=N1)SC)NCC,1,-2.7937537621716055,2.1678905926189302,-2.6580492017696558,-5.297859502544202,1.408006678869908
sulcotrione,CS(=O)(=O)C1=CC(=C(C=C1)C(=O)C2C(=O)CCCC2=O)Cl,1,-1.9687313014739485,2.882736119903332,-2.479920306564656,0.3102011706001378,1.964744668802986
sulfentrazone,CC1=NN(C(=O)N1C(F)F)C2=C(C=C(C(=C2)NS(=O)(=O)C)Cl)Cl,1,-3.4878555161425164,11.660164319601417,-6.5333970550893286,2.3106006257761993,-0.3173021166308347
sulfometuron,CC1=CC(=NC(=N1)NC(=O)NS(=O)(=O)C2=CC=CC=C2C(=O)O)C,1,-3.9685771734256328,14.905753510457664,-9.797419668518415,1.1360385321282007,0.8023962815553948
sulfosulfuron,CCS(=O)(=O)C1=C(N2C=CC=CC2=N1)S(=O)(=O)NC(=O)NC3=NC(=CC(=N3)OC)OC,1,-2.7623851840767486,20.01975578579753,-8.901962423388294,4.400751393456946,3.5764793137687705
swep,COC(=O)NC1=CC(=C(C=C1)Cl)Cl,1,-3.0898801489973766,-0.9140920385313291,-1.029358170725208,-0.6455374017979583,-4.088287695642049
tebuthiuron,CC(C)(C)C1=NN=C(S1)N(C)C(=O)NC,1,-3.2468849045061674,4.028513341808498,-1.7555768348881082,-1.583393608061691,-0.06820707822283532
tepraloxydim,CCC(=NOCC=CCl)C1=C(CC(CC1=O)C2CCOCC2)O,1,1.5013506240692345,-1.2541917978617503,2.6166395023650892,2.735618161187754,5.784813794890378
terbacil,CC1=C(C(=O)N(C(=O)N1)C(C)(C)C)Cl,1,-2.0218289726308147,2.143407914688097,-1.3234753855152734,0.16937059143868052,0.17627014293375226
terbumeton,CCNC1=NC(=NC(=N1)OC)NC(C)(C)C,1,-2.365529426948594,4.233899244326018,-3.587909364916344,-1.586061186043475,-0.004861166068524164
terbuthylazine,CCNC1=NC(=NC(=N1)Cl)NC(C)(C)C,1,-2.9061859134332426,0.864302600070313,-2.627956112463458,-3.300501692918438,-0.6969865756585139
terbutryn,CCNC1=NC(=NC(=N1)SC)NC(C)(C)C,1,-2.8119349103180444,2.607516190090775,-2.951376632491058,-4.562305468779985,0.659761109730497
thenylchlor,CC1=C(C(=CC=C1)C)N(CC2=C(C=CS2)OC)C(=O)CCl,1,-0.7777624175380816,1.6954997961304565,0.0022173817012268626,-0.45187698686054895,-0.4801675188554054
thiazafluron,CNC(=O)N(C)C1=NN=C(S1)C(F)(F)F,1,-3.6470541306009587,3.6652887144140642,-3.147270455898758,-1.0749851644799124,-0.16920434453732647
thiazopyr,CC(C)CC1=C(C(=NC(=C1C(=O)OC)C(F)F)C(F)(F)F)C2=NCCS2,1,-1.3633422087351472,3.3935769796432846,-0.5635456419171609,1.7785747267601721,2.9301564147395465
thiencarbazone,CC1=C(C(=CS1)C(=O)O)S(=O)(=O)NC(=O)N2C(=O)N(C(=N2)OC)C,1,-2.9765213130111476,15.09024115528657,-7.504125628532173,2.739328830075845,4.485435326754661
thiobencarb,CCN(CC)C(=O)SCC1=CC=C(C=C1)Cl,1,-2.235156674773686,-2.4148181220711864,0.09149881179449323,-2.197781233218653,-0.04866342984978465
tiocarbazil,CCC(C)N(C(C)CC)C(=O)SCC1=CC=CC=C1,1,-1.4346825534662373,-1.8252197196198965,0.49954563386235123,-1.2835132956727913,1.7125957951752717
tolpyralate,CCN1C(=C(C=N1)C(=O)C2=C(C(=C(C=C2)S(=O)(=O)C)OCCOC)C)OC(C)OC(=O)OC,1,-1.4216249259680178,11.42803642518261,-2.18055584456658,0.9570915419716595,3.4534394606656384
topramezone,CC1=C(C=CC(=C1C2=NOCC2)S(=O)(=O)C)C(=O)C3=CNN(C3=O)C,1,-1.2850732153802427,11.30455506691328,-3.743432656597539,2.7207271124588837,3.738834835791132
tralkoxydim, CC/C(=N\\OCC)/C1=C(CC(CC1=O)C2=C(C=C(C=C2C)C)C)O,1,0.8021156745373325,-1.3057130095954432,2.1127394033917666,2.8387234302375317,3.928481984996939
triafamone,CN(C1=C(C=CC=C1F)C(=O)C2=NC(=NC(=N2)OC)OC)S(=O)(=O)C(F)F,1,-3.175066972756902,11.976836094828853,-6.150190290617261,2.542722899981661,0.2905390738578794
tri-allate,CC(C)N(C(C)C)C(=O)SCC(=C(Cl)Cl)Cl,1,-2.401405980665889,-2.9494820015291903,0.12850819349888593,-1.604758611589301,-0.4798319219101124
triasulfuron,CC1=NC(=NC(=N1)OC)NC(=O)NS(=O)(=O)C2=CC=CC=C2OCCCl,1,-3.2299898656951345,17.27888097234235,-10.327894521420284,3.566746100823759,2.1666296800034117
triaziflam,CC1=CC(=CC(=C1)OCC(C)NC2=NC(=NC(=N2)N)C(C)(C)F)C,1,-1.8173269397681455,3.7014433222996876,-2.5968748407130007,-0.3109990449192939,-1.142536110298902
tribenuron,CC1=NC(=NC(=N1)OC)N(C)C(=O)NS(=O)(=O)C2=CC=CC=C2C(=O)O,1,-3.3384985626466355,15.501806327387234,-9.087091022813423,2.3677285925954457,1.0283312563799527
triclopyr,C1=C(C(=NC(=C1Cl)Cl)OCC(=O)O)Cl,1,-2.0648750944523573,-1.0300394466011458,0.2425819971481547,1.004437336173739,-1.9435151790591958
tridiphane,C1C(O1)(CC(Cl)(Cl)Cl)C2=CC(=CC(=C2)Cl)Cl,1,-1.3163496456252304,-4.634509119643308,1.5136679238418413,0.6971047050983535,-0.7094695836799183
trietazine,CCNC1=NC(=NC(=N1)Cl)N(CC)CC,1,-2.5163416323062764,0.9739312272666879,-2.4220725293809235,-4.902117197042972,0.7448397779760816
trifloxysulfuron,COC1=CC(=NC(=N1)NC(=O)NS(=O)(=O)C2=C(C=CC=N2)OCC(F)(F)F)OC,1,-3.5582388374002663,18.139956653013563,-9.58356078419478,3.7420502903178265,-0.2637762399230709
trifludimoxazin,CN1C(=O)N(C(=O)N(C1=S)C)C2=CC3=C(C=C2F)OC(C(=O)N3CC#C)(F)F,1,-0.39762789362864015,7.861673342128918,0.1617720035088414,5.090761373010874,1.3477786071628923
trifluralin,CCCN(CCC)C1=C(C=C(C=C1[N+](=O)[O-])C(F)(F)F)[N+](=O)[O-],1,-2.940841162109899,1.0711554381796011,-2.1061350556473735,-4.22148043796831,1.7654870894367691
triflusulfuron,CC1=C(C(=CC=C1)C(=O)O)S(=O)(=O)NC(=O)NC2=NC(=NC(=N2)OCC(F)(F)F)N(C)C,1,-3.634329510608668,19.552453902012783,-9.099176290027616,2.75285112204382,0.4056112792463869
vernolate,CCCCCC1C(O1)CC=CCCCCCCCC(=O)[O-],1,0.66040139249371,-8.360852936980178,4.151616231186013,-2.1916500316401533,7.474546417655652
diquat,C1C[N+]2=CC=CC=C2C3=CC=CC=[N+]31,1,-2.3492365815031238,-1.4897689213596428,0.4799009654017506,-2.521363037322521,1.6252928893517213
morfamquat,CC1COCC(N1C(=O)C[N+]2=CC=C(C=C2)C3=CC=[N+](C=C3)CC(=O)N4C(COCC4C)C)C,1,-0.38654489000770326,1.9378338863056497,1.265766954355355,-0.5377196655530871,2.2939333364306997
trifluralin,CCCN(CCC)C1=C(C=C(C=C1[N+](=O)[O-])C(F)(F)F)[N+](=O)[O-],1,-2.940841162109899,1.0711554381796011,-2.1061350556473735,-4.22148043796831,1.7654870894367691
triflusulfuron,CC1=C(C(=CC=C1)C(=O)O)S(=O)(=O)NC(=O)NC2=NC(=NC(=N2)OCC(F)(F)F)N(C)C,1,-3.634329510608668,19.552453902012783,-9.099176290027616,2.75285112204382,0.4056112792463869
vernolate,CCCCCC1C(O1)CC=CCCCCCCCC(=O)[O-],1,0.66040139249371,-8.360852936980178,4.151616231186013,-2.1916500316401533,7.474546417655652
diquat,C1C[N+]2=CC=CC=C2C3=CC=CC=[N+]31,1,-2.3492365815031238,-1.4897689213596428,0.4799009654017506,-2.521363037322521,1.6252928893517213
morfamquat,CC1COCC(N1C(=O)C[N+]2=CC=C(C=C2)C3=CC=[N+](C=C3)CC(=O)N4C(COCC4C)C)C,1,-0.38654489000770326,1.9378338863056497,1.265766954355355,-0.5377196655530871,2.2939333364306997
"cis-N-(1,1,2,2-Tetrachloroethylthio)-4-cyclohexene-1,2-dicarboximide",C1C=CC[C@H]2[C@@H]1C(=O)N(C2=O)SC(C(Cl)Cl)(Cl)Cl,0,-0.8785308774756425,2.435626620260542,1.124536113011577,-0.7125346223648276,0.28228737467675913
Aldrin,C1[C@@H]2C=C[C@H]1[C@H]3[C@@H]2[C@]4(C(=C([C@@]3(C4(Cl)Cl)Cl)Cl)Cl)Cl,0,-0.48556502786408373,-5.790325447642204,1.6612531291223431,-1.0239366721874978,-2.587795015539065
2-[1-[[[(2E)-3-chloro-2-propen-1-yl]oxy]imino]propyl]-5-[2-(ethylthio)propyl]-3-hydroxy-2-cyclohexen-1-one,CC/C(=N\OC/C=C/Cl)/C1=C(CC(CC1=O)CC(C)SCC)O,0,0.9982336080068924,-2.0412534430016533,2.5716098602602995,3.2989677417719534,5.4980237953580335
Bioallethrin,CC1=C(C(=O)CC1OC(=O)[C@@H]2[C@H](C2(C)C)C=C(C)C)CC=C,0,2.4770887888634663,-6.323935927741164,6.72933660560623,15.94916491609233,1.1287646676374599
Fenaminosulf,CN(C)C1=CC=C(C=C1)N=NS(=O)(=O)[O-].[Na+],0,-2.567567252613859,1.90160373171243,-4.206137305229648,-3.628801167352555,0.2475344045923114
Warfarin Sodium,CC(=O)CC(C1=CC=CC=C1)C2=C(C3=CC=CC=C3OC2=O)[O-].[Na+],0,-0.11145712720563941,-2.372433337942287,2.373070730167151,2.136635304637144,0.4108011530316355
Flusilazole,C[Si](CN1C=NC=N1)(C2=CC=C(C=C2)F)C3=CC=C(C=C3)F,0,-3.0653403781851583,1.2650049207384741,-1.3098223725462153,-1.0073054681155431,0.03398122579476965
Glyphosate,C(C(=O)O)NCP(=O)(O)O,0,-2.5272891478004977,-2.745535603843256,0.10923603169708916,-4.645793208161548,2.347664566493222
cis-Chlorfenvinphos,CCOP(=O)(OCC)O/C(=C\Cl)/C1=C(C=C(C=C1)Cl)Cl,0,-2.2293945583258252,-3.0782125224076116,-0.07379250255468174,-0.39677104261073537,-1.7109184265389912
"3,5-Dioxa-6-aza-4-phosphaoct-6-ene-8-nitrile, 4-ethoxy-7-phenyl-, 4-sulfide",CCOP(=S)(OCC)O/N=C(\C#N)/C1=CC=CC=C1,0,-2.7574994548489635,-0.9781736983007444,-0.32909092999155914,-0.3623027909331728,1.3064656772093768
Imidacloprid,C1CN(/C(=N/[N+](=O)[O-])/N1)CC2=CN=C(C=C2)Cl,0,-2.67954875914844,3.8116457751142403,-0.9828731792249498,-1.3985661122746704,5.186231146229016
(E)-Methomyl,C/C(=N\OC(=O)NC)/SC,0,-2.2077561077168504,-1.0617072459522339,-1.5241987164229476,-1.7444921208101882,0.7821354010383396
Alpha-Naphthylthiourea,C1=CC=C2C(=C1)C=CC=C2NC(=S)N,0,-2.702721717895913,-0.13932364523045299,-2.119637934362997,-2.249851688440407,-1.0299565567275384
Carbendazim,COC(=O)NC1=NC2=CC=CC=C2N1,0,-2.3082039939927075,3.3262027072693097,-1.726380139535637,0.6582064535417428,1.0570740235503597
Sodium Fluoroacetate,C(C(=O)[O-])F.[Na+],0,-2.2390143742120645,-5.854710179582117,0.37706810726561774,-3.3537814241746235,-0.41403658457183307
Amitraz,CC1=CC(=C(C=C1)N=CN(C)C=NC2=C(C=C(C=C2)C)C)C,0,-2.261505343259583,-0.33972298941496704,-0.004640856819849069,-2.0583530004713344,-0.5251186108111159
Permethrin,CC1(C(C1C(=O)OCC2=CC(=CC=C2)OC3=CC=CC=C3)C=C(Cl)Cl)C,0,-0.7789591690720861,-5.6867976382478735,4.522545782386662,13.670731578955314,-7.832480349240748
N-Ethyl-o-crotonotoluidide,CCN(C1=CC=CC=C1C)C(=O)/C=C/C,0,-2.4400815014116466,-1.3213168837103653,0.7031590024882303,-0.9404891680851014,0.45927800370788585
Bentazone-sodium,CC(C)N1C(=O)C2=CC=CC=C2[N-]S1(=O)=O.[Na+],0,-1.8530277331575864,4.699761836341401,-2.3755206424324773,-0.8656163313547435,0.2831480474372579
Phenylmercuric Acetate,CC(=O)O[Hg]C1=CC=CC=C1,0,-1.9150371828528463,-4.118938216864769,0.8475736163354352,-1.8872052813407527,-1.7220418757392968
Bis(tributyltin) oxide,CCCC[Sn](CCCC)(CCCC)O[Sn](CCCC)(CCCC)CCCC,0,-1.7408648724642042,-5.503622029015307,1.3960462936956024,-4.774433127064025,3.416151454601658
Thimerosal,CC[Hg]SC1=CC=CC=C1C(=O)[O-].[Na+],0,-2.0516339090590034,-2.620700921962695,-0.6523211238175461,-3.0027703856139123,-0.6588250658063124
Thiophanate,CCOC(=O)NC(=S)NC1=CC=CC=C1NC(=S)NC(=O)OCC,0,-1.8183372387652308,2.1303571888936705,-1.081583129898944,-1.2098785222189288,-0.11378051237562609
Sodium pentachlorophenolate,C1(=C(C(=C(C(=C1Cl)Cl)Cl)Cl)Cl)[O-].[Na+],0,-2.7507749913697204,-5.19514435352727,-0.34103470537116765,-2.380818752888761,-2.5791619406231683
Pentachlorophenol,C1(=C(C(=C(C(=C1Cl)Cl)Cl)Cl)Cl)O,0,-2.604490384300134,-4.301959920228156,-0.16684662841020717,-1.632137777482894,-2.199850175460294
Cypermethrin,CC1(C(C1C(=O)OC(C#N)C2=CC(=CC=C2)OC3=CC=CC=C3)C=C(Cl)Cl)C,0,-1.0193676738675705,-5.90756675711125,3.67573220193935,16.17546979070795,-12.477398439499545
Quintozene,C1(=C(C(=C(C(=C1Cl)Cl)Cl)Cl)Cl)[N+](=O)[O-],0,-3.1385881051682953,-2.377969891751354,-2.056506733753295,-3.6423436849584987,-1.77640097436888
cis-Mevinphos,C/C(=C\C(=O)OC)/OP(=O)(OC)OC,0,-0.7946818769070669,-3.8817908084726365,-0.12311392528495718,-0.591695148433192,-0.21974743221725504
Metam-sodium,CNC(=S)[S-].[Na+],0,-2.7271655201653036,-4.343475726217825,-0.6246793236897689,-5.215745962148859,0.11692422753708051
Monocrotophos,C/C(=C\C(=O)NC)/OP(=O)(OC)OC,0,-1.4994596186361295,-2.0126223499354006,-0.6763702690195245,-0.8667721706462607,0.08563272217397465
Endrin,C1[C@@H]2[C@@H]3[C@H]([C@H]1[C@H]4[C@@H]2O4)[C@@]5(C(=C([C@]3(C5(Cl)Cl)Cl)Cl)Cl)Cl,0,0.5112392548879428,-4.827080752464636,3.9379029992444985,0.48419401463937106,-2.1005676028613567
"Phosphoric acid, (7-chloro-bicyclo(3.2.0)hepta-2,6-dien-6-yl) dimethyl ester",COP(=O)(OC)OC1=C([C@H]2[C@@H]1CC=C2)Cl,0,-0.14181504929134506,-1.1434385473569824,0.863980662429103,-0.6544047245355792,-0.2943292367200943
Thiobencarb,CCN(CC)C(=O)SCC1=CC=C(C=C1)Cl,0,-2.235156674773686,-2.4148181220711864,0.09149881179449323,-2.197781233218653,-0.04866342984978465
Glufosinate-Ammonium,CP(=O)(CCC(C(=O)[O-])N)O.[NH4+],0,-1.422351719903063,-3.26138934115916,0.3709336104154922,-5.361012303516233,3.9791076483712406
Warfarin,CC(=O)CC(C1=CC=CC=C1)C2=C(C3=CC=CC=C3OC2=O)O,0,0.07623379919079713,-2.348442727448668,1.7428700331033773,2.8918604594501254,1.220065648720962
Pyraclostrobin,COC(=O)N(C1=CC=CC=C1COC2=NN(C=C2)C3=CC=C(C=C3)Cl)OC,0,-0.6134465057965055,5.777688991332355,-1.504809853401604,2.1914099139806127,-2.4777041614867286
Tricyclohexylzinnhydroxid [German],C1CCC(CC1)[Sn](C2CCCCC2)C3CCCCC3.O,0,-1.2188682916945646,-5.547155422388197,0.8920106314600131,-3.443949914779472,0.45145328442621596
f-16(Pesticide),C1=CC(=C(C=C1NC2=NC=NC=N2)S(=O)(=O)O)/C=C/C3=C(C=C(C=C3)NC4=NC=NC=N4)S(=O)(=O)O,0,-3.821750727400505,5.6154621909090165,-5.337496713108038,-0.3100658342761093,0.9047301821172037
Pyrethrin I,CC1=C(C(=O)C[C@@H]1OC(=O)[C@@H]2[C@H](C2(C)C)C=C(C)C)C/C=C\C=C,0,2.413709661137803,-7.141461705642653,7.504240201962299,17.323963672625325,1.5587194638896174
Cyhalothrin,CC1(C(C1C(=O)OC(C#N)C2=CC(=CC=C2)OC3=CC=CC=C3)/C=C(/C(F)(F)F)\Cl)C,0,-1.2781795697209977,-5.366233871961272,3.3228899367386733,17.108476500885043,-13.39900397334091
Bifenthrin,CC1=C(C=CC=C1C2=CC=CC=C2)COC(=O)[C@@H]3[C@@H](C3(C)C)/C=C(/C(F)(F)F)\Cl,0,-1.0179245253467781,-4.462203402906371,3.7948602726846743,13.277233980124928,-7.840339771619027
Thiophanate-Methyl,COC(=O)NC(=S)NC1=CC=CC=C1NC(=S)NC(=O)OC,0,-2.28566481924554,1.8762928539022763,-1.7801452351827904,-1.1775826893890522,-1.008681321125476
Picloram-potassium,C1(=C(C(=NC(=C1Cl)Cl)C(=O)[O-])Cl)N.[K+],0,-2.3587165541541575,-1.6989494619892542,-1.6632381661427649,-2.0269809149302542,-2.196153060652463
Brodifacoum,C1C(CC2=CC=CC=C2C1C3=C(C4=CC=CC=C4OC3=O)O)C5=CC=C(C=C5)C6=CC=C(C=C6)Br,0,0.9992791544215749,-2.3118146340032784,3.332614717617477,5.447564109986515,3.9762716580390527
Sodium Chlorate,[O-]Cl(=O)=O.[Na+],0,-2.930296799513385,-5.707899509948969,-0.7323550053692562,-4.813496439209781,-0.48290626896903394
Disulfoton,CCOP(=S)(OCC)SCCSCC,0,-1.732713904687151,-3.8319688256264044,0.29044286381431095,-4.651694457987986,3.9816609625587245
Methyl Parathion,COP(=S)(OC)OC1=CC=C(C=C1)[N+](=O)[O-],0,-3.3008960047290343,-0.014560883707058376,-2.5722748293329936,-2.1478475305978204,-0.5509735314449983
Dinoseb,CCC(C)C1=C(C(=CC(=C1)[N+](=O)[O-])[N+](=O)[O-])O,0,-2.1940640802309566,0.5269072844273879,-2.314435639925058,-2.8398480352107858,0.41537017929505254
Tribufos,CCCCSP(=O)(SCCCC)SCCCC,0,-2.2059300951910426,-4.584396750761628,0.37907165298084783,-4.786301284578633,3.6213948968794707
Trichlorfon,COP(=O)(C(C(Cl)(Cl)Cl)O)OC,0,-1.810270117661312,-3.6654892435684583,0.5185689489273676,-1.8124538552704386,-0.5425450847531796
Thiometon,CCSCCSP(=S)(OC)OC,0,-1.8080688388698953,-3.4898619052894655,-0.19117190781262589,-4.74680377818827,3.295999110661765
lambda-Cyhalothrin,CC1([C@@H]([C@@H]1C(=O)O[C@@H](C#N)C2=CC(=CC=C2)OC3=CC=CC=C3)/C=C(/C(F)(F)F)\Cl)C,0,-1.2781795697209977,-5.366233871961272,3.3228899367386733,17.108476500885043,-13.39900397334091
Uniconazole,CC(C)(C)C(/C(=C\C1=CC=C(C=C1)Cl)/N2C=NC=N2)O,0,-1.5256494941423815,0.4798328958991187,-1.2556340170167795,0.6246726366277258,-0.7230356024146642
Fentin acetate,CC(=O)O[Sn](C1=CC=CC=C1)(C2=CC=CC=C2)C3=CC=CC=C3,0,-1.868648280850938,-3.7016632958973186,0.09654736380147179,-0.8359650840275911,-1.3335676297084655
Phenylmercuric Nitrate,C1=CC=C(C=C1)[Hg]O[N+](=O)[O-],0,-2.412324395094809,-2.6276226975709887,-1.1160090015538775,-3.954558772034961,-1.153543595942519
(Acetato-kappaO)(2-methoxyethyl)mercury,CC(=O)O[Hg]CCOC,0,-0.4812230893512251,-4.538582761492466,1.2250560725045476,-2.2278451440756797,1.1338235964795214
Triasulfuron,CC1=NC(=NC(=N1)OC)NC(=O)NS(=O)(=O)C2=CC=CC=C2OCCCl,0,-3.2299898656951345,17.27888097234235,-10.327894521420284,3.566746100823759,2.1666296800034117
Matox,CC1(CN=C(NC1)NN=C(/C=C/C2=CC=C(C=C2)C(F)(F)F)/C=C/C3=CC=C(C=C3)C(F)(F)F)C,0,-0.8833357485142864,2.8196242610142175,-0.6239832342814247,0.4418345248017763,1.1673480904996127
Emamectin benzoate [ISO],CC[C@H](C)[C@@H]1[C@H](C=C[C@@]2(O1)C[C@@H]3C[C@H](O2)C/C=C(/[C@H]([C@H](/C=C/C=C/4\CO[C@H]5[C@@]4([C@@H](C=C([C@H]5O)C)C(=O)O3)O)C)O[C@H]6C[C@@H]([C@H]([C@@H](O6)C)O[C@H]7C[C@@H]([C@H]([C@@H](O7)C)[NH2+]C)OC)OC)\C)C.C1=CC=C(C=C1)C(=O)[O-],0,42.64697086597987,0.7379288307360002,-5.8243846721869925,-2.468291707774178,-5.788170555153951
Bromadiolone,C1=CC=C(C=C1)C(CC(C2=CC=C(C=C2)C3=CC=C(C=C3)Br)O)C4=C(C5=CC=CC=C5OC4=O)O,0,0.35088714713862773,-2.8906152966754557,2.2401579381491694,3.766110751977208,1.7150860888733221
(+-)-Coumachlor,CC(=O)CC(C1=CC=C(C=C1)Cl)C2=C(C3=CC=CC=C3OC2=O)O,0,0.06350765190176474,-2.449200149943487,1.5362276097673637,3.2364655294067077,0.2408764658892408
FB7 (pesticide),C(C[Hg])Cl.C1(C(C(C(C(C1Cl)Cl)Cl)Cl)Cl)Cl,0,-2.347448570336391,-5.530646496249427,1.0517949236306,-2.5710322120205666,0.08459310472741084
Anabasine,C1CCN[C@@H](C1)C2=CN=CC=C2,0,-1.3698634665232625,-0.8069416276126167,0.8840206400477504,-1.7256801344947255,3.9453406059310634
Imiprothrin,CC(=CC1C(C1(C)C)C(=O)OCN2C(=O)CN(C2=O)CC#C)C,0,1.6415147477593146,0.8537415284440283,5.078188948305863,11.567290263373188,0.07247907431989156
Methiocarb,CC1=CC(=CC(=C1SC)C)OC(=O)NC,0,-2.1690228639622324,-0.17450652444275297,-0.9296170851583745,-0.6543044520505634,-1.4533646563079499
Prochloraz,CCCN(CCOC1=C(C=C(C=C1Cl)Cl)Cl)C(=O)N2C=CN=C2,0,-1.3934392584645539,3.327115980768265,0.5672595792570106,-0.6973387479685176,1.002552743469765
Phosmet,COP(=S)(OC)SCN1C(=O)C2=CC=CC=C2C1=O,0,-1.1635931561760526,2.903527835127768,-0.009451878811838546,-1.149052477966783,1.0073302401116282
Imazalil sulfate,C=CCOC(CN1C=CN=C1)C2=C(C=C(C=C2)Cl)Cl.OS(=O)(=O)O,0,-1.6191288674002473,3.7516178810755663,-3.372376050810215,-0.286136861449763,1.125971078891349
Aluminium phosphide (AlP),[Al]#P,0,-2.7381864878932576,-5.861317252674935,-0.046714433287105825,-3.8998804673760383,-0.5236794894099858
Fenitrothion,CC1=C(C=CC(=C1)OP(=S)(OC)OC)[N+](=O)[O-],0,-3.1843582266658856,0.6568517545562593,-2.683233225605677,-1.6689245249354474,-0.3016087988146076
Triclopyr,C1=C(C(=NC(=C1Cl)Cl)OCC(=O)O)Cl,0,-2.0648750944523573,-1.0300394466011458,0.2425819971481547,1.004437336173739,-1.9435151790591958
Triflumuron,C1=CC=C(C(=C1)C(=O)NC(=O)NC2=CC=C(C=C2)OC(F)(F)F)Cl,0,-2.681370277647362,3.545060798587329,-2.2260383971907607,2.0301341794645253,-4.525637151023859
S-Bioallethrin,CC1=C(C(=O)C[C@@H]1OC(=O)[C@@H]2[C@H](C2(C)C)C=C(C)C)CC=C,0,2.4770887888634663,-6.323935927741164,6.72933660560623,15.94916491609233,1.1287646676374599
Imazaquin,CC(C)C1(C(=O)NC(=N1)C2=NC3=CC=CC=C3C=C2C(=O)O)C,0,-1.0159089129585908,4.916781817708656,-0.787028121569913,4.061992911911547,-0.26227811166671916
Maneb,C(CNC(=S)[S-])NC(=S)[S-].[Mn+2],0,-2.9846462476195597,-3.677797627161379,0.46544943714795944,-7.321156860831325,2.3859657348464562
cis-Phosphamidon,CCN(CC)C(=O)/C(=C(\C)/OP(=O)(OC)OC)/Cl,0,-1.954345670022596,-1.8191400595769047,0.3648331102659528,-1.8184351676303228,0.46841658245320333
Monosodium methanearsonate,C[As](=O)(O)[O-].[Na+],0,-2.442336436669563,-5.041138532598767,-1.0271109387102975,-4.716324111411576,-0.26522552280008654
"2,4-D-sodium",C1=CC(=C(C=C1Cl)Cl)OCC(=O)[O-].[Na+],0,-2.2261876095737887,-4.198448223950366,0.3140169001061851,-0.46263039751223717,-3.7961820650970175
MCPB-sodium,CC1=C(C=CC(=C1)Cl)OCCCC(=O)[O-].[Na+],0,-1.8905240416335798,-4.1935645357664395,0.8121411431313106,-0.9710728599564847,-2.223217232061876
SODIUM o-PHENYLPHENOL,C1=CC=C(C=C1)C2=CC=CC=C2[O-].[Na+],0,-2.584754187688738,-4.2470540304256215,-0.12219242246008857,-1.3918649230324656,-2.8568189697123803
Monopotassium methyldithiocarbamate,CNC(=S)[S-].[K+],0,-2.9686825485938395,-4.3460189233465245,-0.5675622699690305,-5.21079266390906,0.12530687552536884
Azinphos-Methyl,COP(=S)(OC)SCN1C(=O)C2=CC=CC=C2N=N1,0,-2.003966024011628,5.738031331561082,-0.9639644692079345,0.11518769705404241,3.952691654941309
Parathion,CCOP(=S)(OCC)OC1=CC=C(C=C1)[N+](=O)[O-],0,-3.0916158530476228,-0.34930644157451474,-1.9745042174127503,-2.512445075276463,0.1250837130802554
Dichlobenil,C1=CC(=C(C(=C1)Cl)C#N)Cl,0,-3.2745712534762696,-4.387275088421548,-0.1547225609109433,-0.7594625133726599,-3.60489239927271
Dichlorvos,COP(=O)(OC)OC=C(Cl)Cl,0,-1.8616783008216566,-4.733947042628106,0.5570248961252425,-0.21183129884620602,-0.44231789435912544
Methoxychlor,COC1=CC=C(C=C1)C(C2=CC=C(C=C2)OC)C(Cl)(Cl)Cl,0,-2.2868888412433384,-3.0192371334329478,-0.2357274261861865,0.943264534621986,-3.451900272460211
Fenthion,CC1=C(C=CC(=C1)OP(=S)(OC)OC)SC,0,-2.156317195109941,0.46096197440257514,0.009496702828273824,-1.1338239493382476,-0.7074394840456909
Piperonyl Butoxide,CCCCOCCOCCOCC1=CC2=C(C=C1CCC)OCO2,0,0.606786540575704,-3.3020560040528273,3.753290334868447,3.6660290724653914,2.680403864836975
Naled,COP(=O)(OC)OC(C(Cl)(Cl)Br)Br,0,-2.0048971794533887,-3.6598326322174533,-0.4843687616047645,-1.2769919900155184,0.011555456571002322
Propoxur,CC(C)OC1=CC=CC=C1OC(=O)NC,0,-1.4648504598864296,-0.8570156306436583,-0.6142677784372493,0.5549561661617216,-2.2186575116573444
Simazine,CCNC1=NC(=NC(=N1)Cl)NCC,0,-2.968991216248389,0.3413007419558936,-2.3588038754678697,-4.088912722182014,-0.019060202923215232
Temephos,COP(=S)(OC)OC1=CC=C(C=C1)SC2=CC=C(C=C2)OP(=S)(OC)OC,0,-2.6007847638533503,-0.7021052860772121,-1.838437698744215,-1.2068044697452989,0.10942814730432147
Myclobutanil,CCCCC(CN1C=NC=N1)(C#N)C2=CC=C(C=C2)Cl,0,-2.119093328117187,-0.7512832481140574,0.3024608656649063,-0.7377290527176588,1.1797076174789318
Phenothrin,CC(=CC1C(C1(C)C)C(=O)OCC2=CC(=CC=C2)OC3=CC=CC=C3)C,0,-0.03068556360994537,-5.649479001131234,4.678803439307515,14.070909716102923,-6.33646364700555
Dimethrin,CC1=CC(=C(C=C1)COC(=O)C2C(C2(C)C)C=C(C)C)C,0,0.2742803797493115,-5.232227677480484,3.9693683233015293,10.744760791414606,-4.020751677107328
"(1,1'-Biphenyl)-2-ol",C1=CC=C(C=C1)C2=CC=CC=C2O,0,-2.3150126359857026,-3.1695010680076625,0.23388699692854742,-0.20951954254500393,-1.4582447091414954
Allethrins,CC1=C(C(=O)CC1OC(=O)C2C(C2(C)C)C=C(C)C)CC=C,0,2.4770887888634663,-6.323935927741164,6.72933660560623,15.94916491609233,1.1287646676374599
"2-Methyl-4,6-dinitrophenol",CC1=CC(=CC(=C1O)[N+](=O)[O-])[N+](=O)[O-],0,-2.99276427544379,-0.36395214366487183,-2.148246660085058,-2.176579856439262,-0.7625416791567353
Chlorfenvinphos,CCOP(=O)(OCC)OC(=CCl)C1=C(C=C(C=C1)Cl)Cl,0,-2.2293945583258252,-3.0782125224076116,-0.07379250255468174,-0.39677104261073537,-1.7109184265389912
Chlorothalonil,C(#N)C1=C(C(=C(C(=C1Cl)Cl)Cl)C#N)Cl,0,-2.720779121014303,-4.62935362887016,-0.5884315983018431,-1.796102826181272,-3.1247786447396884
"Imazaquin, monoammonium salt",CC(C)C1(C(=O)NC(=N1)C2=NC3=CC=CC=C3C=C2C(=O)O)C.N,0,-1.0739275900425755,4.844626452972971,-0.8542207808782125,3.826840548654399,-0.25799925221707387
Cyperquat chloride,C[N+]1=CC=C(C=C1)C2=CC=CC=C2.[Cl-],0,-2.444990682038784,-2.2376881813719907,-0.3419456463469268,-1.757721482015801,-1.5744310012424794
Flutriafol,C1=CC=C(C(=C1)C(CN2C=NC=N2)(C3=CC=C(C=C3)F)O)F,0,-2.977254638842293,2.724824904384823,-1.2026514024501784,0.5945567859048496,-0.731030140207249
Quinclorac,C1=CC(=C(C2=NC=C(C=C21)Cl)C(=O)O)Cl,0,-2.383653528094269,-0.8867272799823314,-1.167810986696582,0.6084178910267023,-3.3731961381909894
Cyfluthrin,CC1(C(C1C(=O)OC(C#N)C2=CC(=C(C=C2)F)OC3=CC=CC=C3)C=C(Cl)Cl)C,0,-0.9509263127049976,-5.112659716874901,3.280058102954676,16.25158862735748,-12.496723031309081
Methoxyfenozide,CC1=CC(=CC(=C1)C(=O)N(C(C)(C)C)NC(=O)C2=C(C(=CC=C2)OC)C)C,0,-2.019001477251468,3.2300688101778596,-1.1797980810964315,1.2676855920352033,-2.1433197729244493
Dimethenamid,CC1=CSC(=C1N(C(C)COC)C(=O)CCl)C,0,-1.7163281686699752,0.44190346815692966,0.46442857915898283,-1.7491705960262722,2.25382236720654
Tetramethrin,CC(=CC1C(C1(C)C)C(=O)OCN2C(=O)C3=C(C2=O)CCCC3)C,0,2.0031658739189298,-1.3361223916661686,6.31914306993166,11.098671649157051,-0.25711449687238824
Carfentrazone-ethyl,CCOC(=O)C(CC1=CC(=C(C=C1Cl)F)N2C(=O)N(C(=N2)C)C(F)F)Cl,0,-1.4479129807618722,6.836481870367845,-1.9031747590318913,3.211506416311843,-0.4879072833357521
Flurochloridone,C1C(C(C(=O)N1C2=CC=CC(=C2)C(F)(F)F)Cl)CCl,0,-2.009531467407413,1.2580217273433378,0.8443740099533174,0.6218294911022466,-1.262101227902788
Hexaflumuron,C1=CC(=C(C(=C1)F)C(=O)NC(=O)NC2=CC(=C(C(=C2)Cl)OC(C(F)F)(F)F)Cl)F,0,-2.969403076129173,3.798583157827372,-1.847227669501577,3.1134210461526255,-4.650352764825075
Isocarbophos,CC(C)OC(=O)C1=CC=CC=C1OP(=S)(N)OC,0,-1.8550961265575465,1.5180108992009116,-1.173984843260808,0.29411007839909187,-0.3592376927801587
Nuarimol,C1=CC=C(C(=C1)C(C2=CC=C(C=C2)F)(C3=CN=CN=C3)O)Cl,0,-3.0484885124201604,0.14587799547629882,-1.7033755369576797,1.0807354511679004,-3.7020933857893623
Fonofos,CCOP(=S)(CC)SC1=CC=CC=C1,0,-2.4973559823764777,-2.453185723461846,-0.3716965600265117,-3.1670360428034923,2.2506257558881426
Niclosamide ethanolamine salt,C1=CC(=C(C=C1[N+](=O)[O-])Cl)NC(=O)C2=C(C=CC(=C2)Cl)O.C(CO)N,0,-2.9668167962413565,2.4553791026075995,-1.6448350722518075,-1.327458813158347,-1.1146357952312576
Ethylmercuric phosphate,CC[Hg+].OP(=O)(O)[O-],0,-2.497403316391796,-4.530080783079733,-0.4178386289714932,-4.383225606547537,1.2678674545130557
Lufenuron,C1=CC(=C(C(=C1)F)C(=O)NC(=O)NC2=CC(=C(C=C2Cl)OC(C(C(F)(F)F)F)(F)F)Cl)F,0,-3.0562980984020207,3.5023287095049893,-2.1975375757191387,5.024004949052538,-5.490333144304069
Ametryn,CCNC1=NC(=NC(=N1)SC)NC(C)C,0,-2.558039217043144,2.6007732851457983,-2.6224236071284457,-5.782604544295153,1.3409732536042316
Daminozide,CN(C)NC(=O)CCC(=O)O,0,-2.108829460642136,-1.6072572667602039,0.47261628958678653,-3.0026142715531465,2.7314392129355456
Nitrofen,C1=CC(=CC=C1[N+](=O)[O-])OC2=C(C=C(C=C2)Cl)Cl,0,-3.8826849963794516,-1.2649124148335416,-2.0979641963282845,-0.2422530219485439,-5.329764033400262
Aminocarb,CC1=C(C=CC(=C1)OC(=O)NC)N(C)C,0,-2.280715859483727,0.16858696211915666,-0.9046246994565609,0.06069921644948424,-2.3071524408360635
Methidathion,COC1=NN(C(=O)S1)CSP(=S)(OC)OC,0,-1.847802580873192,5.088969498365036,-0.8189189933738346,-1.434429145742352,3.482672745845664
"Phosphoric acid, 2-chloro-1-(2,4,5-trichlorophenyl)ethenyl dimethyl ester",COP(=O)(OC)OC(=CCl)C1=CC(=C(C=C1Cl)Cl)Cl,0,-2.506547788662385,-2.8685067215040383,-0.615755942170464,0.1361705566884314,-2.7634743540464535
Picloram,C1(=C(C(=NC(=C1Cl)Cl)C(=O)O)Cl)N,0,-2.5806081547408883,-0.7018071078504922,-1.4824538127923628,-0.8630618966093796,-1.881724981823267
Ethyl p-nitrophenyl benzenethiophosphonate,CCOP(=S)(C1=CC=CC=C1)OC2=CC=C(C=C2)[N+](=O)[O-],0,-3.0377921818529603,0.05943722170903274,-2.297096395454684,-2.231677467163123,-0.6680171048063904
Molinate,CCSC(=O)N1CCCCCC1,0,-1.9059578422750325,-0.8635194054253498,1.2393018779885334,-4.062252852357376,3.394184962846829
Chlorophacinone,C1=CC=C(C=C1)C(C2=CC=C(C=C2)Cl)C(=O)C3C(=O)C4=CC=CC=C4C3=O,0,-1.272060288259844,-2.5556034477792595,0.24136468588151877,1.8761389890482467,-3.6870204079856985
Phenthoate,CCOC(=O)C(C1=CC=CC=C1)SP(=S)(OC)OC,0,-1.287695111552992,-1.8614311882322518,-0.5859515234794456,-1.2951080320277555,-0.36903131810386386
Chinomethionat,CC1=CC2=C(C=C1)N=C3C(=N2)SC(=O)S3,0,-1.0240345808908125,0.5547958440378884,-1.5694086946353425,-0.4125797785157733,-0.9835166183118994
Formothion,CN(C=O)C(=O)CSP(=S)(OC)OC,0,-2.3613407497952594,-0.9149885519733963,-0.36215357731376036,-2.59014789634814,2.681098880246068
Isoprocarb,CC(C)C1=CC=CC=C1OC(=O)NC,0,-1.477198098053566,-1.1455896459959805,-0.8047388947495437,0.1948746724172755,-2.0308118012827028
Chlordimeform,CC1=C(C=CC(=C1)Cl)N=CN(C)C,0,-2.6963129307287392,-1.197454192153906,0.39511218229628925,-2.3211063709148796,-2.0378433688693947
Metasystox,CCSCCOP(=S)(OC)OC.CCSCCSP(=O)(OC)OC,0,-0.936400058400682,-3.8387342735305734,0.5637916578046435,-3.4079727809738105,4.835318003409695
Phenmedipham,CC1=CC(=CC=C1)NC(=O)OC2=CC=CC(=C2)NC(=O)OC,0,-1.7483987517923685,0.8126903228268627,-1.247681998547445,0.5620407597537854,-3.722763089282189
Carboxin,CC1=C(SCCO1)C(=O)NC2=CC=CC=C2,0,-0.6852381961808067,0.8724530297030558,0.029130655001200455,1.1817135399476637,0.983211745724263
"1,3-Dichloropropene",C(C=CCl)Cl,0,-2.48834150673585,-5.951113068741692,0.34726764040772146,-2.9080858847669306,-0.28274148906551266
"3,5,6-Trichloro-2-pyridinol",C1=C(C(=O)NC(=C1Cl)Cl)Cl,0,-2.4268884232312993,-0.8236377673205451,-1.1115960660491362,-0.24279111819061738,-1.2204818316883075
Thallous sulfate,[O-]S(=O)(=O)[O-].[Tl+].[Tl+],0,-3.0366001792577872,-2.507304721366598,-2.4519703658783087,-4.612276457471375,0.8993822900787811
Maleic Hydrazide,C1=CC(=O)NNC1=O,0,-2.372576255079708,-0.07640105741884785,-1.0809044350237949,-0.7831253645167096,-0.16338945036210653
Terbuthylazine,CCNC1=NC(=NC(=N1)Cl)NC(C)(C)C,0,-2.9061859134332426,0.864302600070313,-2.627956112463458,-3.300501692918438,-0.6969865756585139
Ammonium sulfamate,[NH4+].NS(=O)(=O)[O-],0,-3.351205026697271,-0.31647308422369325,-3.4961785948572897,-4.784658789678255,1.427645091187666
Demeton,CCOP(=O)(OCC)SCCSCC.CCOP(=S)(OCC)OCCSCC,0,-1.0019501198054794,-4.198692807847431,0.5414735894542813,-4.011549767691369,5.183742727858808
Kadethrin,CC1([C@H]([C@H]1C(=O)OCC2=COC(=C2)CC3=CC=CC=C3)/C=C/4\CCSC4=O)C,0,1.0565444807282725,-4.037974048609844,7.137086961836959,17.424452365534474,-3.55295408219073
Chlortoluron,CC1=C(C=C(C=C1)NC(=O)N(C)C)Cl,0,-3.598629567918558,0.5327900325880494,-1.5691805638138123,-1.3005326326174533,-3.170624163664643
Benomyl,CCCCNC(=O)N1C2=CC=CC=C2N=C1NC(=O)OC,0,-1.5391616030732909,5.340733553439813,-0.945010654224645,-0.8013555473275957,3.1505467313781677
Oryzalin,CCCN(CCC)C1=C(C=C(C=C1[N+](=O)[O-])S(=O)(=O)N)[N+](=O)[O-],0,-3.688246573265852,5.670374949907614,-4.96700520487289,-4.894919936527467,4.893325380969437
Leptophos,COP(=S)(C1=CC=CC=C1)OC2=CC(=C(C=C2Cl)Br)Cl,0,-2.8189109250969064,-1.2543177777134733,-1.1166683394230752,-0.15750863806702764,-1.8877974593484739
Cyanazine,CCNC1=NC(=NC(=N1)Cl)NC(C)(C)C#N,0,-2.9976255079762253,0.8310498406890706,-2.5764398486673223,-2.138508648800187,-1.267511669081279
Pirimicarb,CC1=C(N=C(N=C1OC(=O)N(C)C)N(C)C)C,0,-1.7751671137200058,2.812030470750174,-1.6621857189255616,-0.27570517129703187,0.6290928950854601
Butachlor,CCCCOCN(C1=C(C=CC=C1CC)CC)C(=O)CCl,0,-1.9398715377508526,-1.5243579194116668,2.039045980576768,-2.4428282354431508,1.6857719748874047
Isofenphos,CCOP(=S)(NC(C)C)OC1=CC=CC=C1C(=O)OC(C)C,0,-1.9170076195866659,2.2791831957747513,-0.34627073820600557,-1.0424987535542896,-0.2492501334328504
Ethofumesate,CCOC1C(C2=C(O1)C=CC(=C2)OS(=O)(=O)C)(C)C,0,0.1036463716581377,1.8301223760342824,-1.1851666306007689,2.545532120522224,3.6827097754286346
Fenamiphos,CCOP(=O)(NC(C)C)OC1=CC(=C(C=C1)SC)C,0,-0.8440822409102158,2.153423011174186,0.32534525575911527,-1.8984459832085014,-0.64531677607418
Metribuzin,CC(C)(C)C1=NN=C(N(C1=O)N)SC,0,-2.8463421427695375,5.783560442423081,-3.404546196829002,-1.560646057757203,0.3067886528794373
Norflurazon,CNC1=C(C(=O)N(N=C1)C2=CC=CC(=C2)C(F)(F)F)Cl,0,-2.4253261448496826,4.751028738637488,-2.8758264044156183,2.0122008932741093,-3.5087633995979908
Iprodione,CC(C)NC(=O)N1CC(=O)N(C1=O)C2=CC(=CC(=C2)Cl)Cl,0,0.28230085048726766,4.294180557311571,-0.33612143055270793,-0.07064831689987977,-0.47463243240561415
Pirimiphos-methyl,CCN(CC)C1=NC(=CC(=N1)OP(=S)(OC)OC)C,0,-1.8849434147691173,4.328618720121616,-3.1968073458173727,-2.8090926239046454,2.05415693636843
Roundup,CC(C)N.C(C(=O)O)NCP(=O)(O)O,0,-2.4248753545294575,-2.1337783635389496,-0.10838245842194155,-4.7319600763380265,2.8462778033541922
Imazalil,C=CCOC(CN1C=CN=C1)C2=C(C=C(C=C2)Cl)Cl,0,-1.267704355010906,-0.3394746532285849,-0.5995013634905199,-0.03590732542935064,-0.395834714753898
Pendimethalin,CCC(CC)NC1=C(C=C(C(=C1[N+](=O)[O-])C)C)[N+](=O)[O-],0,-2.8976492259116475,0.8695597439562744,-2.7618500567611126,-3.7209442474319587,0.6791919513330411
Profenofos,CCCSP(=O)(OCC)OC1=C(C=C(C=C1)Br)Cl,0,-2.5784112209686247,-2.4599860992081073,0.14913980696486712,-0.618518464957362,0.6970005516761759
Triadimefon,CC(C)(C)C(=O)C(N1C=NC=N1)OC2=CC=C(C=C2)Cl,0,-2.306364337283018,3.308014376506675,-1.8102915010939005,2.259071110732459,-2.7114664867792975
Hexazinone,CN1C(=NC(=O)N(C1=O)C2CCCCC2)N(C)C,0,-1.20558286403704,4.23916557544258,-0.7985602364281582,-0.25913184418220186,3.076962434898922
Deltamethrin,CC1([C@H]([C@H]1C(=O)O[C@H](C#N)C2=CC(=CC=C2)OC3=CC=CC=C3)C=C(Br)Br)C,0,-1.2247526307366177,-5.519345962884432,3.6871847385103975,17.306470815943605,-11.809571992222574
Pyrinuron,C1=CC(=CN=C1)CNC(=O)NC2=CC=C(C=C2)[N+](=O)[O-],0,-3.586933199826776,3.1939311346493295,-2.451907597758996,-1.6602164666178638,-0.5459576431512313
Vinclozolin,CC1(C(=O)N(C(=O)O1)C2=CC(=CC(=C2)Cl)Cl)C=C,0,0.4637645852143479,1.6119613101485664,1.4909908602913444,2.492634622463922,-1.3297730818626552
Triadimenol,CC(C)(C)C(C(N1C=NC=N1)OC2=CC=C(C=C2)Cl)O,0,-2.3577002710798283,2.4539848468979706,-1.6472185971737547,1.5057257214195094,-2.6475581952375076
Acifluorfen sodium,C1=CC(=C(C=C1C(F)(F)F)Cl)OC2=CC(=C(C=C2)[N+](=O)[O-])C(=O)[O-].[Na+],0,-3.732474968219138,0.5736173499648707,-3.0623878745408657,0.6494458250408387,-6.794059916445203
cis-Permethrin,CC1([C@H]([C@H]1C(=O)OCC2=CC(=CC=C2)OC3=CC=CC=C3)C=C(Cl)Cl)C,0,-0.7789591690720861,-5.6867976382478735,4.522545782386662,13.670731578955314,-7.832480349240748
Triclopyr triethylamine,CCN(CC)CC.C1=C(C(=NC(=C1Cl)Cl)OCC(=O)O)Cl,0,-2.019730198961579,0.12782982923652564,0.6247422286800207,0.08378759246681794,-0.49741029797389186
Fluridone,CN1C=C(C(=O)C(=C1)C2=CC(=CC=C2)C(F)(F)F)C3=CC=CC=C3,0,-2.6952153452730143,1.075660028778753,-0.8451699255548655,1.7645944461956262,-2.745197121693166
Lactofen,CCOC(=O)C(C)OC(=O)C1=C(C=CC(=C1)OC2=C(C=C(C=C2)C(F)(F)F)Cl)[N+](=O)[O-],0,-2.473236622639778,1.967583783594547,-2.3480258629843274,1.6066626636016346,-7.01398977564509
Metalaxyl,CC1=C(C(=CC=C1)C)N(C(C)C(=O)OC)C(=O)COC,0,-1.3347196692348766,0.46845438879896867,0.464324007707866,-0.6587978007222774,0.12823849938305704
Fenarimol,C1=CC=C(C(=C1)C(C2=CC=C(C=C2)Cl)(C3=CN=CN=C3)O)Cl,0,-2.596628583608895,-0.4692758604065351,-1.538857997623385,0.6829709572961818,-3.576921629763648
Fenpropathrin,CC1(C(C1(C)C)C(=O)OC(C#N)C2=CC(=CC=C2)OC3=CC=CC=C3)C,0,-1.2047255685856295,-3.2136927448294874,3.3767823147516967,9.581383129330787,-10.369276371564213
Sodium arsenate,[O-][As](=O)([O-])[O-].[Na+].[Na+].[Na+],0,-2.5422851859514313,-5.4774959287759275,-0.808046294715631,-4.6862666396834785,-0.3992293348505199
Chlorsulfuron,CC1=NC(=NC(=N1)OC)NC(=O)NS(=O)(=O)C2=CC=CC=C2Cl,0,-4.197741840417365,16.702994650254457,-10.981478616087177,2.99670958385836,0.6486948884456198
Sodium diarsenate,[O-][As](=O)([O-])O[As](=O)([O-])[O-].[Na+].[Na+].[Na+].[Na+],0,-2.4426989248859656,-4.965522522854456,-1.0052931109467342,-4.591877448709829,-0.40302953332850666
Carbendazim phosphate,COC(=O)NC1=NC2=CC=CC=C2N1.OP(=O)(O)O,0,-2.4833357591957954,4.2294224761504,-2.4026612698393497,0.12564441001331011,1.8329088994021634
Fluazifop-butyl,CCCCOC(=O)C(C)OC1=CC=C(C=C1)OC2=NC=C(C=C2)C(F)(F)F,0,-0.6849473226802529,0.2040687868688662,0.10899028999076295,2.847530058319128,-3.176432999963859
Fenoxycarb,CCOC(=O)NCCOC1=CC=C(C=C1)OC2=CC=CC=C2,0,-1.5108852902916698,-1.159140261220493,1.891110449463253,1.932289338043639,-0.659599700775418
Tralomethrin,CC1([C@H]([C@H]1C(=O)O[C@H](C#N)C2=CC(=CC=C2)OC3=CC=CC=C3)C(C(Br)(Br)Br)Br)C,0,-1.4287013327285851,-4.322082329192545,3.4476114970257674,14.201606772094545,-11.412890605222557
Fluvalinate,CC(C)C(C(=O)OC(C#N)C1=CC(=CC=C1)OC2=CC=CC=C2)NC3=C(C=C(C=C3)C(F)(F)F)Cl,0,-2.3252386453350553,-1.1362536945129873,-0.09247424685452778,10.218950545731927,-11.494744091311201
Cyromazine,C1CC1NC2=NC(=NC(=N2)N)N,0,-2.2460175594100606,-0.32598910771076145,-1.4912545729817213,-3.2815270565072674,0.8167458192023654
Fenoxaprop-ethyl,CCOC(=O)C(C)OC1=CC=C(C=C1)OC2=NC3=C(O2)C=C(C=C3)Cl,0,0.15950064499723224,0.12011820832075566,0.2279434469330397,3.585990893073607,-3.5680674664273835
Imazethapyr,CCC1=CC(=C(N=C1)C2=NC(C(=O)N2)(C)C(C)C)C(=O)O,0,-1.0913930925854447,4.7585850901749405,-0.5029520967344091,3.393419426472841,0.39825468956073873
Sulfometuron-methyl,CC1=CC(=NC(=N1)NC(=O)NS(=O)(=O)C2=CC=CC=C2C(=O)OC)C,0,-3.653222613298132,15.124660686775469,-9.2485241942597,1.107969750203608,0.7630483065109146
Quizalofop-ethyl,CCOC(=O)C(C)OC1=CC=C(C=C1)OC2=CN=C3C=C(C=CC3=N2)Cl,0,-0.7655871821914664,1.8906963239723467,-0.10026966255933238,3.166227040635157,-4.585405526335021
Imazapyr,CC(C)C1(C(=O)NC(=N1)C2=C(C=CC=N2)C(=O)O)C,0,-0.8053173625346521,4.983977145082582,-1.2939922626775464,3.4544483479432997,-0.47079414957654087
Metaldehyde,CC1OC(OC(OC(O1)C)C)C,0,-0.48292018164160383,-3.92173820785902,0.46122791225877224,-1.8372838134543108,0.5571952465035331
"2,4-Dinitrophenol",C1=CC(=C(C=C1[N+](=O)[O-])[N+](=O)[O-])O,0,-3.182373094474277,-0.19293654170385544,-2.184533404237641,-2.3681874238422282,-0.945163228504641
Benzyl Benzoate,C1=CC=C(C=C1)COC(=O)C2=CC=CC=C2,0,-1.9023397934811583,-3.439912647116817,1.2932953998968408,0.8035752551829545,-2.0665340821151092
Dimethylarsinic Acid,C[As](=O)(C)O,0,-2.558102778066315,-4.875121607932185,-0.48267586544209623,-4.16053324604515,0.10519538325509667
Diazinon,CCOP(=S)(OCC)OC1=NC(=NC(=C1)C)C(C)C,0,-1.276528571176709,2.8582916245885883,-2.9396017914394736,-1.3883204431738143,1.7391914314353827
Heptachlor,C1=CC(C2C1C3(C(=C(C2(C3(Cl)Cl)Cl)Cl)Cl)Cl)Cl,0,-0.5843154094520556,-5.134634714588842,2.215554615329404,-1.421161592116078,-2.810768690173674
Metolachlor,CCC1=CC=CC(=C1N(C(C)COC)C(=O)CCl)C,0,-1.9417120145170428,-0.3115022053046557,0.8239348832774321,-1.736671727169184,0.5494671504063852
Trichlorophenoxyacetic acid,C1=C(C(=CC(=C1Cl)Cl)Cl)OCC(=O)O,0,-2.0002174105531307,-3.0216821809122894,0.8303872271986765,0.3121878436747185,-2.7012377689789826
4-Chloro-3-methylphenol,CC1=C(C=CC(=C1)O)Cl,0,-2.087418065470455,-3.0586089875780957,0.2960010154819275,-0.44283975203093673,-2.49785515435986
Acetochlor,CCC1=CC=CC(=C1N(COCC)C(=O)CCl)C,0,-2.156634186241555,-1.1906820989543174,1.4581469298006815,-1.7815543647654242,0.31607664581954475
Atrazine,CCNC1=NC(=NC(=N1)Cl)NC(C)C,0,-2.6522902201583407,0.8575596951253368,-2.2990030871008456,-4.520800768433607,-0.01577443178477862
Bentazon,CC(C)N1C(=O)C2=CC=CC=C2NS1(=O)=O,0,-2.4940933862598693,6.107450836458633,-2.4931761766304703,0.45199488045760555,0.7395539026252812
Chlorpropham,CC(C)OC(=O)NC1=CC(=CC=C1)Cl,0,-2.0631697584618105,-1.4287907101297632,-0.6068213402404821,-0.15454676864427194,-3.989939191661818
Diuron,CN(C)C(=O)NC1=CC(=C(C=C1)Cl)Cl,0,-3.845267793037766,0.02903824870937228,-1.5644574489630683,-1.3870208766845205,-3.9970832840979345
Endosulfan,C1C2C(COS(=O)O1)C3(C(=C(C2(C3(Cl)Cl)Cl)Cl)Cl)Cl,0,-0.706324868265034,-1.1269750126257645,1.2004652540284477,0.22969333870940434,0.5850391423052768
Methamidophos,COP(=O)(N)SC,0,-2.7625310155358576,-1.801937202244739,-1.9746697169108078,-3.41464463292165,0.6087187359466959
Chlordecone,C1(=O)C2(C3(C4(C1(C5(C2(C3(C(C45Cl)(Cl)Cl)Cl)Cl)Cl)Cl)Cl)Cl)Cl,0,-1.2508589012854598,-3.609341338287679,2.7275429460549234,-1.4832168048146597,-1.7986936319903888
Coumaphos,CCOP(=S)(OCC)OC1=CC2=C(C=C1)C(=C(C(=O)O2)Cl)C,0,-0.946599834810204,-0.28119754786043855,-0.19635720088986347,1.7205492456017382,1.4977295987180281
Arsenic Acid,O[As](=O)(O)O,0,-2.5465529678878673,-4.061876951486057,-0.27356938484117904,-4.4870583827979065,-0.09155067628725944
"(2,4-Dichlorophenoxy)Acetic Acid",C1=CC(=C(C=C1Cl)Cl)OCC(=O)O,0,-2.120396176032332,-3.4055116832520986,0.7564683429317859,0.5816960929487826,-3.1787134948867792
Acephate,CC(=O)NP(=O)(OC)SC,0,-2.5773115713435084,0.20275149061581615,-0.8335452528457911,-2.687389195262692,0.7156658682800867
Alachlor,CCC1=C(C(=CC=C1)CC)N(COC)C(=O)CCl,0,-2.2162225182184003,-0.5521718263363401,1.074184504683769,-2.1959730320931286,0.4407226791430237
Aldicarb [ISO],CC(C)(C=NOC(=O)NC)SC,0,-1.785864468269096,-0.5954973582241987,-1.6144122225508715,-1.9268146292785533,0.3143267632814542
Bendiocarb,CC1(OC2=C(O1)C(=CC=C2)OC(=O)NC)C,0,-0.5392928116026359,0.1407981282845842,0.25301551358912205,2.8361375147278407,-1.266913425296397
Carbofuran,CC1(CC2=C(O1)C(=CC=C2)OC(=O)NC)C,0,0.5568763397214261,-0.8096959245273756,1.1463381705505344,3.771093962375358,-0.6190449197159019
Chlorpyrifos,CCOP(=S)(OCC)OC1=NC(=C(C=C1Cl)Cl)Cl,0,-2.875304659426272,0.46410868166644154,-1.4530247099506532,-1.2467012036096925,-0.05652783270506097
"Cyclopropanecarboxylic acid, 3-(2,2-dibromoethenyl)-2,2-dimethyl-, cyano(3-phenoxyphenyl)methyl ester, (1R-(1alpha(S*),3alpha))-",CC1(C(C1C(=O)OC(C#N)C2=CC(=CC=C2)OC3=CC=CC=C3)C=C(Br)Br)C,0,-1.2247526307366177,-5.519345962884432,3.6871847385103975,17.306470815943605,-11.809571992222574
Dicamba,COC1=C(C=CC(=C1C(=O)O)Cl)Cl,0,-2.0944059112062017,-2.170723195505182,-0.3268511410316074,0.9051982451299663,-3.6494357137073443
Dimethoate,CNC(=O)CSP(=S)(OC)OC,0,-2.3316239801452494,-1.0196412084182134,-0.7338684468191561,-3.305236450643762,2.276071249465774
Ethion,CCOP(=S)(OCC)SCSP(=S)(OCC)OCC,0,-2.036432617442744,-3.410334508650711,-0.13862972725408013,-3.534613078914047,2.51192705346552
Oxydemeton-methyl,CCS(=O)CCSP(=O)(OC)OC,0,-1.4774326524157986,-2.2182684468433584,-0.32963167386127584,-3.2931181338542763,4.110744939032055
Phorate,CCOP(=S)(OCC)SCSCC,0,-1.6832201361620502,-3.618920566128605,0.06421844928263347,-3.7202190730658504,2.9382495794484838
"P,P'-ddd",C1=CC(=CC=C1C(C2=CC=C(C=C2)Cl)C(Cl)Cl)Cl,0,-2.649798978844628,-4.475780460846297,0.24767624263661364,-1.8564066236107704,-3.1892140171814423
Rotenone,CC(=C)[C@H]1CC2=C(O1)C=CC3=C2O[C@@H]4COC5=CC(=C(C=C5[C@@H]4C3=O)OC)OC,0,3.9747449837024047,0.340528094793537,3.832867432450341,8.406008964902195,2.7680423594857384
Diquat Dibromide,C1C[N+]2=CC=CC=C2C3=CC=CC=[N+]31.[Br-].[Br-],0,-2.467424798824161,-1.6996304064229812,0.5512826687019662,-2.452581040753082,1.5901019992913397
"3-Chloro-1,2-propanediol",C(C(CCl)O)O,0,-1.5682153967877623,-5.332771394042746,1.7610028486543072,-3.2228812236769575,1.8263911639977521
Propargyl bromide,C#CCBr,0,-2.0936003617626913,-4.853536884858997,1.9884495612956288,-3.39370624967377,-1.119571503432321
Ethylmercury Chloride,CC[Hg]Cl,0,-2.7468278785619393,-6.050577794676063,0.18447047419366688,-4.669430281802606,-0.10908354210222425
"N,N-diethyl-m-toluamide",CCN(CC)C(=O)C1=CC=CC(=C1)C,0,-2.081621827471348,-2.0113278223299482,0.30712866223066054,-1.8696641580119682,-0.38524922132692696
(4-chloro-2-Methylphenoxy)acetic acid,CC1=C(C=CC(=C1)Cl)OCC(=O)O,0,-1.7441591705555433,-2.7067298367484183,0.8664382033494994,0.7029021117349467,-2.7886929410802637
"1,2-Dibromo-3-Chloropropane",C(C(CBr)Br)Cl,0,-2.16345611235635,-6.070922596536304,0.8176691003815658,-2.363510003847596,0.2575722976679785
Boric Acid,B(O)(O)O,0,-2.774762342060302,-4.7375807991917425,-0.8395500069990294,-4.268844916051499,-0.10141382612249794
Propachlor,CC(C)N(C1=CC=CC=C1)C(=O)CCl,0,-2.79732139105617,-1.441415697251338,-0.02010272660246825,-2.0586379863135327,-0.9212746148657751
Thiram,CN(C)C(=S)SSC(=S)N(C)C,0,-3.363634649359086,-3.0098137572581045,-1.280988475460752,-4.985999822354596,0.6485369520925013
Triallate,CC(C)N(C(C)C)C(=O)SCC(=C(Cl)Cl)Cl,0,-2.401405980665889,-2.9494820015291903,0.12850819349888593,-1.604758611589301,-0.4798319219101124
Famphur,CN(C)S(=O)(=O)C1=CC=C(C=C1)OP(=S)(OC)OC,0,-3.439107486020455,3.756380604794697,-4.286839068633075,-1.371693570132498,1.0784059662431897
Sulfamic Acid,NS(=O)(=O)O,0,-3.3541546758056207,-0.09303311868299202,-3.498883542019218,-4.020668255259416,1.2772585200814128
Biphenyl,C1=CC=C(C=C1)C2=CC=CC=C2,0,-2.6359960450545556,-4.403077375254067,0.1335497799094625,-1.9259387936732044,-1.8846436317527058
"Butanoic acid, 4-(4-chloro-2-methylphenoxy)-",CC1=C(C=CC(=C1)Cl)OCCCC(=O)O,0,-1.4350043860617325,-3.0296055929366816,1.253924268927555,0.2942197384336544,-2.0158017210949666
"1,2-Dichlorobenzene",C1=CC=C(C(=C1)Cl)Cl,0,-3.0128181972984294,-4.237544559106214,-0.2609594592035066,-1.969509047959871,-2.6672193647103066
Phenylmercuric Chloride,C1=CC=C(C=C1)[Hg]Cl,0,-3.1086329775883517,-5.305993252568132,-0.15624273381191275,-3.43573900069641,-1.4986083737749976
"Mercurate(2-), (orthoborato(3-)-O)phenyl-, dihydrogen",B(O)(O)[O-].C1=CC=C(C=C1)[Hg+],0,-3.02571581138684,-3.4070682236356684,-0.2249164955512917,-3.9376582362087342,-1.447303791544033
Chloranil,C1(=C(C(=O)C(=C(C1=O)Cl)Cl)Cl)Cl,0,-1.9738387673790019,-4.215556987407541,0.15235609447930457,-0.5938364715242488,-1.401123339048985
"1,4-Dichlorobenzene",C1=CC(=CC=C1Cl)Cl,0,-2.599927795888787,-4.883584810393392,-0.32341862523357007,-2.4035647774721047,-2.4519588887820776
Phosalone,CCOP(=S)(OCC)SCN1C2=C(C=C(C=C2)Cl)OC1=O,0,-1.2264134213141673,3.4275543491165625,-0.5489202232136385,0.46690656592444046,1.752093401625313
Prometryn,CC(C)NC1=NC(=NC(=N1)SC)NC(C)C,0,-2.557583686155061,2.0168538138260543,-2.660669029899148,-4.843201809954581,0.2935617842333096
Propanil,CCC(=O)NC1=CC(=C(C=C1)Cl)Cl,0,-2.2795110625579293,-1.4771972778546487,-0.5680657941422491,-1.8970728811212476,-2.5917207493592374
Propazine,CC(C)NC1=NC(=NC(=N1)Cl)NC(C)C,0,-2.6518346892702582,0.2736402238055932,-2.3372485098715456,-3.5813980340930347,-1.0631859011556988
Resmethrin,CC(=CC1C(C1(C)C)C(=O)OCC2=COC(=C2)CC3=CC=CC=C3)C,0,1.1250553703661197,-5.3242785311838805,6.628628660127482,16.230058919306543,-4.580669793192757
Fluoroacetic acid,C(C(=O)O)F,0,-2.2373639209475256,-4.917123966777496,0.5902708580220538,-2.3389942074697014,-0.44651810444905843
Trifluralin,CCCN(CCC)C1=C(C=C(C=C1[N+](=O)[O-])C(F)(F)F)[N+](=O)[O-],0,-2.940841162109899,1.0711554381796011,-2.1061350556473735,-4.22148043796831,1.7654870894367691
Carbaryl,CNC(=O)OC1=CC=CC2=CC=CC=C21,0,-2.1195039755642644,-1.0174393675784839,-0.4366587572950369,0.39956720883949,-2.07174371677614
Linalool,CC(=CCCC(C)(C=C)O)C,0,0.35140229140597407,-5.6691239477848585,1.9680815971033767,-0.07899830915426824,2.2243640425646016
Mecoprop,CC1=C(C=CC(=C1)Cl)OC(C)C(=O)O,0,-1.517320739871831,-2.87773158702928,0.6157519717491851,0.580168581204205,-4.797603368822149
Cythioate,COP(=S)(OC)OC1=CC=C(C=C1)S(=O)(=O)N,0,-3.4448137775004435,3.4468855163570935,-4.504423996183287,-1.3927830067384375,1.1930228583470073
Hexachlorobenzene,C1(=C(C(=C(C(=C1Cl)Cl)Cl)Cl)Cl)Cl,0,-2.916033988116255,-4.881737397790802,-0.2529748365286354,-2.616787729567618,-2.124673966598556
Sulfoxide,CCCCCCCCS(=O)C(C)CC1=CC2=C(C=C1)OCO2,0,0.4157269711293704,-0.43273955011421805,2.0937571666909207,0.7438218723853874,5.853333015817751
Dimethyl Phthalate,COC(=O)C1=CC=CC=C1C(=O)OC,0,-1.8746463990520852,-1.5198607018463823,0.3115176660426073,-0.5388320597472475,-1.4817038280037305
Naptalam,C1=CC=C2C(=C1)C=CC=C2NC(=O)C3=CC=CC=C3C(=O)O,0,-2.4919917057618073,1.1222007360140809,0.14960676548556237,0.32521218787489575,-2.2342759510261683
Captan,C1C=CCC2C1C(=O)N(C2=O)SC(Cl)(Cl)Cl,0,-1.0565986746699754,1.8199512521171393,-0.48591428467339626,-0.5815425032401383,1.030118600735758
Ziram,CN(C)C(=S)[S-].CN(C)C(=S)[S-].[Zn+2],0,-3.105001674187912,-3.452828674688496,-0.6248604415454175,-5.6408036765068506,0.25457707736917884
Linuron,CN(C(=O)NC1=CC(=C(C=C1)Cl)Cl)OC,0,-3.5038609169668318,1.0181069445223263,-1.8823857526678045,-0.40048432688579877,-4.093255800942095
N-(ethylmercury)-p-toluenesulphonanilide,CC[Hg]N(C1=CC=CC=C1)S(=O)(=O)C2=CC=C(C=C2)C,0,-3.4812048727515843,4.379296104752185,-2.0362730084741303,-4.183709312875956,-0.07450052074389288
Malachite Green,CN(C)C1=CC=C(C=C1)C(=C2C=CC(=[N+](C)C)C=C2)C3=CC=CC=C3.[Cl-],0,-1.8898309743776933,-0.908716789621843,1.3654158094900777,-2.403883981482313,-1.0229355014904853
Schradan,CN(C)P(=O)(N(C)C)OP(=O)(N(C)C)N(C)C,0,-2.1661154583389215,-1.587032006076192,-1.1196153693997086,-2.6939388618524536,0.8339281230820978
Folpet,C1=CC=C2C(=C1)C(=O)N(C2=O)SC(Cl)(Cl)Cl,0,-2.675500182448488,2.7482300192073965,-1.0420891938972117,-0.5600648373245952,-1.0675411164582165
Disodium methylarsonate,C[As](=O)([O-])[O-].[Na+].[Na+],0,-2.5117454338566754,-5.455885427002,-0.7900181975554468,-4.333394306768973,-0.697077537194023
Paraoxon,CCOP(=O)(OCC)OC1=CC=C(C=C1)[N+](=O)[O-],0,-2.810371673253715,-0.8376864678680661,-1.225047459369316,-1.924638840284136,-0.19999914082038547
Bromacil,CCC(C)N1C(=O)C(=C(NC1=O)C)Br,0,-0.2830035644081873,2.252846758843096,-0.3252298148970638,0.12209072396501354,2.1988723697960477
Methyl isothiocyanate,CN=C=S,0,-2.8284469856766457,-4.572916644134503,-0.512351813300708,-3.4829753566629575,0.17981204645348647
Terbutryn,CCNC1=NC(=NC(=N1)SC)NC(C)(C)C,0,-2.8119349103180444,2.607516190090775,-2.951376632491058,-4.562305468779985,0.659761109730497
Norbormide,C1=CC=C(C=C1)C(=C2C3C=C(C2C4C3C(=O)NC4=O)C(C5=CC=CC=C5)(C6=CC=CC=N6)O)C7=CC=CC=N7,0,0.5115186288999406,3.2767674449099706,1.3355787143669693,6.695888615394868,2.4704819991521614
Dinoterb,CC(C)(C)C1=C(C(=CC(=C1)[N+](=O)[O-])[N+](=O)[O-])O,0,-2.9136685744863176,1.1311988384703857,-2.636622018477759,-1.0936760236792054,-0.9182563349436655
Paraquat dichloride,C[N+]1=CC=C(C=C1)C2=CC=[N+](C=C2)C.[Cl-].[Cl-],0,-2.2527013920661023,-1.8264376988006432,-0.5545597975697197,-2.1118094173424113,-1.0016376841717445
Tribenuron-methyl,CC1=NC(=NC(=N1)OC)N(C)C(=O)NS(=O)(=O)C2=CC=CC=C2C(=O)OC,0,-3.474566553072879,15.045221314561058,-8.511416472234256,1.9762475427080146,0.9863572932123248
Isomate-M,CCC/C=C\CCCCCCCO.CCC/C=C/CCCCCCCOC(=O)C,0,0.2584922170744429,-6.813886044697427,3.791585664946826,-2.1775517702491114,5.712189897168328
Dinocap,CCCCCCCC.C/C=C/C(=O)OC1=CC=CC=C1[N+](=O)[O-].N(=O)O,0,-1.2740140977017387,-0.45604325592613215,0.24769062553761853,-0.7493240254766927,3.214526487980473
Anilinocadmium dilactate,CC(C(=O)[O-])O.CC(C(=O)[O-])O.C1=CC=C(C=C1)N.[Cd+2],0,-2.1844308460402253,-3.037526184728135,-0.20306833273380398,-2.3586627547294525,-0.9280180757022802
Mgk 264,CCCCC(CC)CN1C(=O)[C@H]2[C@@H]3C[C@H]([C@H]2C1=O)C=C3,0,1.6136746867977279,-1.0064928795173442,2.7608366949026397,-1.188394862480817,4.028540417194938
Tralkoxydim,CC/C(=N\OCC)/C1=C(CC(CC1=O)C2=C(C=C(C=C2C)C)C)O,0,0.8021156745373325,-1.3057130095954432,2.1127394033917666,2.8387234302375317,3.928481984996939
Tefluthrin,CC1=C(C(=C(C(=C1F)F)COC(=O)[C@H]2[C@H](C2(C)C)/C=C(/C(F)(F)F)\Cl)F)F,0,-0.7259334932016132,-4.613552629408565,4.975863033599457,11.415578412070392,-7.224718919741409
Chlorbicyclen,C(C1C([C@@]2(C(=C([C@]1(C2(Cl)Cl)Cl)Cl)Cl)Cl)CCl)Cl,0,-1.547101878319983,-5.642469803653595,1.4582456625820595,-1.3933384119366203,-0.29553240611519604
Chlordane,C1C2C(C(C1Cl)Cl)[C@]3(C(=C([C@@]2(C3(Cl)Cl)Cl)Cl)Cl)Cl,0,-0.5222637442825658,-5.394781294875365,2.2040707379489244,-1.337903936714266,-2.0524169104004453
Intersept,CCCCCCCCCCCCCCCC[N+]1=CC=CC=C1.CC1=[N+](C2=CC=CC=C2C(=C1)N)CCCCCCCCCC[N+]3=C(C=C(C4=CC=CC=C43)N)C.CC(=O)[O-].CC(=O)[O-].CC(=O)[O-],0,-1.3361701806355495,0.7600356630035956,2.15136628020651,-2.1132608072213133,4.395825540258616
Potassium ethylxanthate,CCOC(=S)[S-].[K+],0,-1.7210065205535232,-4.983195098226686,0.34540313026513103,-4.42903738252475,0.12980489027575887
"2,4-D-Dimethylammonium",CNC.C1=CC(=C(C=C1Cl)Cl)OCC(=O)O,0,-1.845863677953453,-2.2472235392420448,0.45100517762115444,0.7643155746963232,-2.7683914851752465
Azinphos-Ethyl,CCOP(=S)(OCC)SCN1C(=O)C2=CC=CC=C2N=N1,0,-1.9597469030142511,5.453565864629207,-0.3810113202627863,-0.051857900952005875,4.8287492159024135
Methoprene,CC(C)OC(=O)/C=C(\C)/C=C/CC(C)CCCC(C)(C)OC,0,1.329243246537991,-6.741285838068153,2.663481288664734,-0.15294909873321494,3.752910248843402
"11-Tetradecenyl acetate, (11E)-",CC/C=C/CCCCCCCCCCOC(=O)C,0,-0.28478579424807926,-6.882424881145618,3.284534778459977,-1.363066565684942,4.117677043630243
alpha-Chlorfenvinphos,CCOP(=O)(OCC)O/C(=C/Cl)/C1=C(C=C(C=C1)Cl)Cl,0,-2.2293945583258252,-3.0782125224076116,-0.07379250255468174,-0.39677104261073537,-1.7109184265389912
Troclosene sodium,C1(=NC(=O)N(C(=O)N1Cl)Cl)[O-].[Na+],0,-2.9603382951841004,1.217520486879431,-2.2082586724359774,-1.2549349804433139,-0.6652934909458696
Sodium Dimethyldithiocarbamate,CN(C)C(=S)[S-].[Na+],0,-2.895579501401727,-3.762481197725415,-0.6600595384997127,-5.539032319347533,0.05196546895240546
Monobasic potassium phosphate,OP(=O)(O)[O-].[K+],0,-2.797998675444869,-4.812450194102262,-0.8321291424054139,-4.339520924968703,0.32832043808377404
Fenbutatin oxide,CC(C)(C[Sn](CC(C)(C)C1=CC=CC=C1)(CC(C)(C)C2=CC=CC=C2)O[Sn](CC(C)(C)C3=CC=CC=C3)(CC(C)(C)C4=CC=CC=C4)CC(C)(C)C5=CC=CC=C5)C6=CC=CC=C6,0,-1.4689719765577873,-2.8032616846830294,0.06765539066661778,-1.723056881644194,0.08877831769593451
Clofentezine,C1=CC=C(C(=C1)C2=NN=C(N=N2)C3=CC=CC=C3Cl)Cl,0,-3.2579660156417503,-0.18992927437661683,-1.3333868217809055,-0.49102759102397076,-1.0938174445406559
Volcano,CCNS(=O)(=O)C(C(C(C(C(C(C(C(F)(F)F)(F)F)(F)F)(F)F)(F)F)(F)F)(F)F)(F)F,0,-3.3385448151072645,2.3553874827364636,-3.165832993320511,-4.23093319071649,1.2758114633725701
"O,O-Dimethyl phosphoramidothioate",COP(=S)(N)OC,0,-2.625194251435258,-2.0276950957234723,-1.7699789287380696,-3.4922849015584627,0.9847024060646153
Gossyplure,CCCC/C=C\CC/C=C\CCCCCCOC(=O)C,0,-0.26353002789922614,-6.9195154185965,3.335833064947063,-1.7214585393617958,4.11629602241601
"9-Dodecenyl acetate, (9Z)-",CC/C=C\CCCCCCCCOC(=O)C,0,-0.28478579424807926,-6.882424881145618,3.284534778459977,-1.363066565684942,4.117677043630243
Dinoseb ammonium salt,CCC(C)C1=C(C(=CC(=C1)[N+](=O)[O-])[N+](=O)[O-])[O-].[NH4+],0,-2.626093342353526,0.30613083548785347,-2.6270848401308533,-3.155698014808992,0.24254027965925512
"2,3,5-Trimethylphenyl Methylcarbamate",CC1=CC(=C(C(=C1)OC(=O)NC)C)C,0,-1.9844270447764558,-0.656519057246482,0.2997328511008232,-0.2628900938721616,-2.344079642090908
Dikegulac-sodium,CC1(OC[C@H]2[C@@H](O1)[C@H]3[C@@](O2)(OC(O3)(C)C)C(=O)[O-])C.[Na+],0,2.5687028698782006,-3.2139009982082563,1.8233110460741548,1.6744063470751616,3.3192422568370206
Potassium Ricinoleate,CCCCCC[C@H](C/C=C\CCCCCCCC(=O)[O-])O.[K+],0,-0.6194125608594309,-9.07927672985717,4.192124738100584,-4.746805714873649,8.291136009092632
Tributylphosphine oxide,CCCCP(=O)(CCCC)CCCC,0,-1.6855358691933666,-5.415726393505473,1.4757472406253476,-4.466613758639214,3.3571392139345155
"2,4-D tetrahydrofurfuryl ester",C1CC(OC1)COC(=O)COC2=C(C=C(C=C2)Cl)Cl,0,0.07451375796718702,-2.455290798158597,2.6834362868647905,2.4372944431374908,-2.335542840419554
epi-Ivermectin B1a,CCC(C)C1C(CCC2(O1)CC3CC(O2)CC=C(C(C(C=CC=C4COC5C4(C(C=C(C5O)C)C(=O)O3)O)C)OC6CC(C(C(O6)C)OC7CC(C(C(O7)C)O)OC)OC)C)C,0,45.130113339702014,-1.2767858291826546,-6.404911058715061,-3.4311866998902145,-3.15815309150018
"(10E)-8-[hydroxy(phenyl)pyridin-2-ylmethyl]-10-[phenyl(pyridin-2-yl)methylidene]-4-azatricyclo[5.2.1.02,6]dec-8-ene-3,5-dione",C1=CC=C(C=C1)/C(=C\2/C3C=C(C2C4C3C(=O)NC4=O)C(C5=CC=CC=C5)(C6=CC=CC=N6)O)/C7=CC=CC=N7,0,0.5115186288999406,3.2767674449099706,1.3355787143669693,6.695888615394868,2.4704819991521614
"2-(Nitromethylidene)-1,3-thiazinane",C1CN/C(=C/[N+](=O)[O-])/SC1,0,-2.2700238032197784,-0.6313557411508876,-0.5657922101228275,-2.364654679531988,3.518339188995494
Dodecylamine lactate,CCCCCCCCCCCC[NH3+].CC(C(=O)[O-])O,0,-0.5447692623628189,-5.225096899630083,2.4880364121344587,-3.9761550895148776,5.07103444710337
"Guanidine, N,N'''-(iminodi-8,1-octanediyl)bis-",C(CCCCNC(=N)N)CCCNCCCCCCCCN=C(N)N,0,-2.341021798951662,-2.46623873454855,0.21246840605435668,-5.11139847693614,4.628803193109684
"(1'R,2R,3S,4'S,6S,8'R,10'E,12'S,13'S,14'E,20'R,21'R,24'S)-2-cyclohexyl-21',24'-dihydroxy-12'-[(2R,4S,5S,6S)-5-[(2S,4S,5S,6S)-5-hydroxy-4-methoxy-6-methyloxan-2-yl]oxy-4-methoxy-6-methyloxan-2-yl]oxy-3,11',13',22'-tetramethylspiro[2,3-dihydropyran-6,6'-3,7,19-trioxatetracyclo[15.6.1.14,8.020,24]pentacosa-10,14,16,22-tetraene]-2'-one",C[C@H]1/C=C/C=C2CO[C@H]3[C@@]2([C@@H](C=C([C@H]3O)C)C(=O)O[C@H]4C[C@@H](C/C=C(/[C@H]1O[C@H]5C[C@@H]([C@H]([C@@H](O5)C)O[C@H]6C[C@@H]([C@H]([C@@H](O6)C)O)OC)OC)\C)O[C@]7(C4)C=C[C@@H]([C@H](O7)C8CCCCC8)C)O,0,42.7130047557986,-0.925989898994294,-5.673243568596657,-3.3841493889830634,-5.0549724487947545
Dipropylene Glycol,CC(CO)OC(C)CO.CC(COCC(C)O)O,0,-0.1139621216658851,-4.812713932830665,1.6414344988571161,-3.121295536497129,2.700640650482464
"(1R,4S,5'S,6R,6'R,8R,10E,12S,13S,14E,16E,20R,21R,24S)-6'-[(2S)-butan-2-yl]-21,24-dihydroxy-12-[(2R,4S,5S,6R)-5-[(2S,4S,5S,6R)-5-hydroxy-4-methoxy-6-methyloxan-2-yl]oxy-4-methoxy-6-methyloxan-2-yl]oxy-5',11,13,22-tetramethylspiro[3,7,19-trioxatetracyclo[15.6.1.14,8.020,24]pentacosa-10,14,16,22-tetraene-6,2'-oxane]-2-one",CC[C@H](C)[C@@H]1[C@H](CC[C@@]2(O1)C[C@@H]3C[C@H](O2)C/C=C(/[C@H]([C@H](/C=C/C=C/4\CO[C@H]5[C@@]4([C@@H](C=C([C@H]5O)C)C(=O)O3)O)C)O[C@H]6C[C@@H]([C@H]([C@H](O6)C)O[C@H]7C[C@@H]([C@H]([C@H](O7)C)O)OC)OC)\C)C,0,45.130113339702014,-1.2767858291826546,-6.404911058715061,-3.4311866998902145,-3.15815309150018
"benzoic acid;(6S,24'S)-2-butan-2-yl-21',24'-dihydroxy-12'-[4-methoxy-5-[4-methoxy-6-methyl-5-(methylamino)oxan-2-yl]oxy-6-methyloxan-2-yl]oxy-3,11',13',22'-tetramethylspiro[2,3-dihydropyran-6,6'-3,7,19-trioxatetracyclo[15.6.1.14,8.020,24]pentacosa-10,14,16,22-tetraene]-2'-one",CCC(C)C1C(C=C[C@@]2(O1)CC3CC(O2)CC=C(C(C(C=CC=C4COC5[C@@]4(C(C=C(C5O)C)C(=O)O3)O)C)OC6CC(C(C(O6)C)OC7CC(C(C(O7)C)NC)OC)OC)C)C.C1=CC=C(C=C1)C(=O)O,0,43.94482789092855,1.1096043059464165,-7.834261038816171,-3.3549464377149083,-6.403822498698821
Sodium Lauryl Sulfate,CCCCCCCCCCCCOS(=O)(=O)[O-].[Na+],0,-0.8558241513910981,-2.93389399536817,-0.5956110488718672,-3.9134025906890932,3.8468258615255775
Potassium cyanate,C(#N)[O-].[K+],0,-2.9915225414975706,-5.812839044262988,-0.00984615216260315,-3.328370320927614,-1.480677959535539
Iodosulfuron,CC1=NC(=NC(=N1)OC)NC(=O)NS(=O)(=O)C2=C(C=CC(=C2)I)C(=O)O,0,-3.5701510450229454,18.165080853648025,-11.875479394030757,4.066905435593357,0.9364424032894176
Prothidathion,CCOP(=S)(OCC)SCN1C(=O)SC(=N1)OC(C)C,0,-1.9950703027212957,4.631859430939023,0.020816057253282384,-1.3300701970309488,3.9376085465840855
Strobilurin E,CC(=C[C@H]1O[C@@]2(COC3=C(O2)C=C(C=C3)/C=C/C=C(/C)\C(=C/OC)\C(=O)OC)C(O1)(C)C)C,0,3.00742216786287,-1.803958107618122,7.010716745995723,13.857566967583272,0.10876448961546988
"[(2R,3R,4S,6S,8R,16S,17R,18S)-11-ethyl-8,9-dihydroxy-4,6,16,18-tetramethoxy-11-azahexacyclo[7.7.2.12,5.01,10.03,8.013,17]nonadecan-13-yl]methyl 2-[(3S)-3-methyl-2,5-dioxopyrrolidin-1-yl]benzoate",CCN1CC2(CCC(C34[C@@H]2[C@@H](C(C31)([C@]5(C[C@@H](C6C[C@@H]4[C@@H]5[C@H]6OC)OC)O)O)OC)OC)COC(=O)C7=CC=CC=C7N8C(=O)C[C@@H](C8=O)C,0,10.996184742216261,32.46099877627936,54.23851738604784,-18.739903349047708,-13.579290961917344
Fluoxastrobin,CO/N=C(\C1=CC=CC=C1OC2=C(C(=NC=N2)OC3=CC=CC=C3Cl)F)/C4=NOCCO4,0,-1.646873686965405,5.28624752043564,-0.112653126132125,2.4326586546240083,-1.2496581396748119
Copper abietate,CC(C)C1=CC2=CC[C@@H]3[C@@]([C@H]2CC1)(CCC[C@@]3(C)C(=O)[O-])C.CC(C)C1=CC2=CC[C@@H]3[C@@]([C@H]2CC1)(CCC[C@@]3(C)C(=O)[O-])C.[Cu+2],0,3.6029189418287184,-1.8167222660939402,5.688904455467613,-0.49524707358072917,2.8020113073662865
Bilanafos-sodium,C[C@@H](C(=O)N[C@@H](C)C(=O)O)NC(=O)[C@H](CCP(=O)(C)[O-])N.[Na+],0,-1.3028803370804314,-2.435145624112297,0.9783379711172288,-5.03304670181759,4.1957339660827815
"(1S,4R,5'R,6S,6'S,8S,10E,13S,14E,16E,20S,21S,24R)-21,24-dihydroxy-5',11,13,22-tetramethyl-6'-propan-2-ylspiro[3,7,19-trioxatetracyclo[15.6.1.14,8.020,24]pentacosa-10,14,16,22-tetraene-6,2'-oxane]-2-one",C[C@@H]1CC[C@@]2(C[C@H]3C[C@@H](O2)C/C=C(/C[C@@H](/C=C/C=C/4\CO[C@@H]5[C@]4([C@H](C=C([C@@H]5O)C)C(=O)O3)O)C)\C)O[C@H]1C(C)C,0,31.26789506888715,-1.8389505096334904,-3.680113576633241,1.3092462280028112,3.4943151722570254
"(6S,24'S)-2-cyclohexyl-21',24'-dihydroxy-12'-[5-(5-hydroxy-4-methoxy-6-methyloxan-2-yl)oxy-4-methoxy-6-methyloxan-2-yl]oxy-3,11',13',22'-tetramethylspiro[2,3-dihydropyran-6,6'-3,7,19-trioxatetracyclo[15.6.1.14,8.020,24]pentacosa-10,14,16,22-tetraene]-2'-one",CC1C=CC=C2COC3[C@@]2(C(C=C(C3O)C)C(=O)OC4CC(CC=C(C1OC5CC(C(C(O5)C)OC6CC(C(C(O6)C)O)OC)OC)C)O[C@]7(C4)C=CC(C(O7)C8CCCCC8)C)O,0,42.7130047557986,-0.925989898994294,-5.673243568596657,-3.3841493889830634,-5.0549724487947545
"(6R,24S)-6'-butan-2-yl-21,24-dihydroxy-12-[5-(5-hydroxy-4-methoxy-6-methyloxan-2-yl)oxy-4-methoxy-6-methyloxan-2-yl]oxy-5',11,13,22-tetramethylspiro[3,7,19-trioxatetracyclo[15.6.1.14,8.020,24]pentacosa-10,14,16,22-tetraene-6,2'-oxane]-2-one",CCC(C)C1C(CC[C@@]2(O1)CC3CC(O2)CC=C(C(C(C=CC=C4COC5[C@@]4(C(C=C(C5O)C)C(=O)O3)O)C)OC6CC(C(C(O6)C)OC7CC(C(C(O7)C)O)OC)OC)C)C,0,45.130113339702014,-1.2767858291826546,-6.404911058715061,-3.4311866998902145,-3.15815309150018
Bensulide,CC(C)OP(=S)(OC(C)C)SCCNS(=O)(=O)C1=CC=CC=C1,0,-2.9726724277734546,4.71780652944406,-4.368216922038683,-2.5333827088095013,3.7514288578923223
Eptam,CCCN(CCC)C(=O)SCC,0,-2.290714232253851,-3.1759107203603825,0.9601619979352026,-4.906447818874648,3.3161458154776184
Bis(p-chlorophenyl)disulfide,C1=CC(=CC=C1SSC2=CC=C(C=C2)Cl)Cl,0,-3.092168943679633,-3.0599650479350813,-1.7645220265104282,-2.5113618055177014,-2.0427876004746115
Nicosulfuron,CN(C)C(=O)C1=C(N=CC=C1)S(=O)(=O)NC(=O)NC2=NC(=CC(=N2)OC)OC,0,-3.7268984986633216,18.20469937670524,-10.641629243171435,3.0790060145364624,0.6574053036931821
Dinobuton,CCC(C)C1=C(C(=CC(=C1)[N+](=O)[O-])[N+](=O)[O-])OC(=O)OC(C)C,0,-2.054260713203045,1.686904898529398,-1.4309332004809228,-2.1124089804472477,-0.8191119060519416
Mobam,CNC(=O)OC1=C2C=CSC2=CC=C1,0,-1.5897711962103414,-0.06099343627682046,-1.0733618802755436,0.5248174481771538,-1.4198753393503607
Lenacil,C1CCC(CC1)N2C(=O)C3=C(CCC3)NC2=O,0,-0.03875789735235105,2.5039277068485224,0.6974495966118881,-0.8971017761344089,3.7768393835516285
"2,4-Dinitrophenyl thiocyanate",C1=CC(=C(C=C1[N+](=O)[O-])[N+](=O)[O-])SC#N,0,-4.167149446616184,0.18251745219589105,-2.9779740326039317,-1.9949299519221877,-1.2909013250820158
"2,4-D, butoxypropyl ester",CCCCOCCCOC(=O)COC1=C(C=C(C=C1)Cl)Cl,0,-1.0747695297828386,-3.0615766889273544,3.118240626565755,0.7206114314680266,-0.995410585153421
Sulfotep,CCOP(=S)(OCC)OP(=S)(OCC)OCC,0,-2.042086392477488,-3.4146883909571977,-0.16246882555641112,-3.787481535327936,2.6571655325817654
Cypromid,C1CC1C(=O)NC2=CC(=C(C=C2)Cl)Cl,0,-2.6464789104668562,-1.8655090191683725,-0.004993679696737809,-0.9628604884727734,-3.1229767031200333
Endothion,COC1=COC(=CC1=O)CSP(=O)(OC)OC,0,-0.7994571490855431,0.15393193308457973,1.1115273704040494,1.7741194217769143,1.030134126763629
"1,1,1-Trichloro-2,2-diphenylethane",C1=CC=C(C=C1)C(C2=CC=CC=C2)C(Cl)(Cl)Cl,0,-2.958252909805733,-4.47428304094158,-0.06196024222266788,-0.7411221202236233,-3.273725090340036
"Sodium Phosphate, Dibasic",OP(=O)([O-])[O-].[Na+].[Na+],0,-2.6142709691213577,-5.232350632138577,-0.7681378494244235,-4.74382344748081,0.23129539160440735
Demeton-S,CCOP(=O)(OCC)SCCSCC,0,-1.6035895704074277,-4.152489631569035,0.35825757021362636,-4.331382081719736,3.6713239828521256
Magnesium arsenate,[O-][As](=O)([O-])[O-].[O-][As](=O)([O-])[O-].[Mg+2].[Mg+2].[Mg+2],0,-2.776865286478065,-5.20756051591714,-0.7716819901188254,-4.618489872707673,-0.2268279811681203
Drazoxolon,CC1=C(C(=O)ON1)N=NC2=CC=CC=C2Cl,0,-1.7713855317497171,2.140200242343149,-2.287508011653377,0.9080919619689047,-0.6443431245257141
Oxycarboxin,CC1=C(S(=O)(=O)CCO1)C(=O)NC2=CC=CC=C2,0,-0.7323389408109019,4.271313549201329,-2.1633886950564905,1.041319905023427,2.000228549150809
Allyxycarb,CC1=CC(=CC(=C1N(CC=C)CC=C)C)OC(=O)NC,0,-1.4338268222411568,-0.804714123384597,0.1807021331915228,0.5996607738125176,0.06655917689138652
Orthosulfamuron,CN(C)C(=O)C1=CC=CC=C1NS(=O)(=O)NC(=O)NC2=NC(=CC(=N2)OC)OC,0,-3.1416185617282872,15.717559536424247,-9.113382993636122,2.5905383102342894,0.36995114833159676
Edifenphos,CCOP(=O)(SC1=CC=CC=C1)SC2=CC=CC=C2,0,-2.397260274389481,-2.292158347586929,-0.7986552094518685,-2.36570409275565,0.7814610588804856
Ammonium silicofluoride,[NH4+].[NH4+].F[Si-2](F)(F)(F)(F)F,0,-2.511044480501988,-4.88122181840419,-0.9744885190452185,-4.184977720829538,-0.8408813936503832
2-Phenylethyl propionate,CCC(=O)OCCC1=CC=CC=C1,0,-1.3532162693125924,-3.332427393305624,1.7591077419477477,-0.06342268956795508,0.5026877596689461
Oxamyl,CNC(=O)ON=C(C(=O)N(C)C)SC,0,-2.9343678671243154,0.5237877243064767,-1.4548307850111293,-1.4465741201748226,1.0490988639777177
Fosthietan,CCOP(=O)(N=C1SCS1)OCC,0,-1.2357831891928475,-0.6715736715341171,-1.3993913539300593,-1.8379499234467864,2.1860186305983653
Chlorthiophos I,CCOP(=S)(OCC)OC1=CC(=C(C=C1Cl)SC)Cl,0,-2.5345971635257594,0.21454738111373803,0.4432352934831731,-2.6319088261545365,-1.1457238130244103
Isoprothiolane,CC(C)OC(=O)C(=C1SCCS1)C(=O)OC(C)C,0,0.48496324262940405,-2.955473861442929,1.4890190144965203,1.1831409009410145,1.1508436045765884
Fluoridamid,CC1=C(C=C(C=C1)NC(=O)C)NS(=O)(=O)C(F)(F)F,0,-3.1771883139316675,5.880779897535424,-5.634979960362171,-0.42186234641305465,-0.8516719775572502
"N-(4,6-Bis((1-methylethyl)amino)-1,3,5-triazin-2-yl)-N-methylcyanamide",CC(C)NC1=NC(=NC(=N1)N(C)C#N)NC(C)C,0,-2.388920806393738,0.9838719267504916,-2.147513273171443,-3.463969175944704,-0.581764476805258
Magnesium phosphide,[Mg+2].[Mg+2].[Mg+2].[P-3].[P-3],0,-2.7625746890580802,-6.272106376984424,0.06701641512086498,-4.454950220869578,-0.09525082733036658
Dodemorph acetate,CC1CN(CC(O1)C)C2CCCCCCCCCCC2.CC(=O)O,0,1.274500454317534,-0.9854636363501933,2.9056360516843496,-1.4966944894630614,4.953651794288579
Butoxycarboxim,CC(C(=NOC(=O)NC)C)S(=O)(=O)C,0,-2.7885409632444613,3.283093464791449,-3.945075748957101,-1.1975278310733193,1.7933986245213944
Metsulfuron-methyl,CC1=NC(=NC(=N1)OC)NC(=O)NS(=O)(=O)C2=CC=CC=C2C(=O)OC,0,-3.780989532944205,17.76966084637452,-10.481571362712371,2.7413520757862924,1.3832426169905045
Disodium cyanodithioimidocarbonate,C(#N)N=C([S-])[S-].[Na+].[Na+],0,-3.0239760389640624,-4.731178385305442,-0.4130356616762243,-4.121723888230609,-0.7582753238451126
(S)-(-)-1-Amino-2-(methoxymethyl)pyrrolidine,COC[C@@H]1CCCN1N,0,-0.15214611860372868,0.3292507065904664,1.9317277224473606,-3.1114945432072596,4.251404941922199
1S-cis-Bifenthrin,CC1=C(C=CC=C1C2=CC=CC=C2)COC(=O)[C@H]3[C@H](C3(C)C)/C=C(/C(F)(F)F)\Cl,0,-1.0179245253467781,-4.462203402906371,3.7948602726846743,13.277233980124928,-7.840339771619027
Chlorhexidine Gluconate,C1=CC(=CC=C1N/C(=N/C(=NCCCCCCN=C(/N=C(/NC2=CC=C(C=C2)Cl)\N)N)N)/N)Cl.C(O)[C@@H](O)[C@@H](O)[C@H](O)[C@@H](O)C(=O)O.C(O)[C@@H](O)[C@@H](O)[C@H](O)[C@@H](O)C(=O)O,0,-1.2795842800996082,0.13933244637386594,-0.04674724695650236,-2.1424477889728495,1.8939753784086988
"(20-Ethyl-7,8-dihydroxy-1beta,6beta,14beta,16beta-tetramethoxy-10alpha-aconitan-4-yl)methyl 2-[(3S)-3-methyl-2,5-dioxopyrrolidin-1-yl]benzoate",CCN1C[C@@]2(CC[C@H]([C@@]34[C@@H]2[C@@H]([C@]([C@H]31)([C@]5(C[C@@H]([C@H]6C[C@H]4[C@@H]5[C@H]6OC)OC)O)O)OC)OC)COC(=O)C7=CC=CC=C7N8C(=O)C[C@@H](C8=O)C,0,10.996184742216261,32.46099877627936,54.23851738604784,-18.739903349047708,-13.579290961917344
Potassium polysilicate,[O-][Si]([O-])([O-])[O-].[K+].[K+].[K+].[K+],0,-2.926090722879544,-5.314972901405049,-0.6986762203455688,-4.50518945376619,-0.10694608207126317
Vapam,CNC(=S)S.[Na+],0,-2.919721806170297,-4.141074830864657,-1.3250407816933945,-5.2118907973804305,0.18579299787613068
Methanediol dipropanoate,CCC(=O)OCOC(=O)CC,0,-1.2869151625193016,-4.120772854998841,1.3403198770908438,-1.8751546556127814,0.9609800409608269
5-(2-Chloro-4-(trifluoromethyl)phenoxy)-2-nitrobenzoate,C1=CC(=C(C=C1C(F)(F)F)Cl)OC2=CC(=C(C=C2)[N+](=O)[O-])C(=O)[O-],0,-3.841062551012066,1.0143577586639918,-2.977496654701046,1.1457640156139515,-6.737735083455693
"dimethyl (1S,4S,5R,6S,7S,8R,11S,12R,14S,15R)-12-acetyloxy-4,7-dihydroxy-6-[(1R,2S,6S,8R,9R,11S)-2-hydroxy-11-methyl-5,7,10-trioxatetracyclo[6.3.1.02,6.09,11]dodec-3-en-9-yl]-6-methyl-14-[(E)-2-methylbut-2-enoyl]oxy-3,9-dioxatetracyclo[6.6.1.01,5.011,15]pentadecane-4,11-dicarboxylate",C/C=C(\C)/C(=O)O[C@H]1C[C@H]([C@]2(CO[C@@H]3[C@@H]2[C@]14CO[C@@]([C@H]4[C@]([C@@H]3O)(C)[C@@]56[C@H]7C[C@@H]([C@@]5(O6)C)[C@]8(C=CO[C@H]8O7)O)(C(=O)OC)O)C(=O)OC)OC(=O)C,0,10.128167142811472,2.599350003146932,18.09077468007602,23.624360212017734,16.376410772859874
Spinosad [ISO],CC[C@H]1CCCC([C@H](C(=O)C2=C[C@H]3[C@@H]4C[C@@H](C[C@H]4C=C[C@H]3[C@@H]2CC(=O)O1)O[C@H]5[C@@H]([C@@H]([C@H]([C@@H](O5)C)OC)OC)OC)C)O[C@H]6CC[C@@H]([C@H](O6)C)N(C)C.CC[C@H]1CCCC([C@H](C(=O)C2=C[C@H]3[C@@H]4C[C@@H](C[C@H]4C(=C[C@H]3[C@@H]2CC(=O)O1)C)O[C@H]5[C@@H]([C@@H]([C@H]([C@@H](O5)C)OC)OC)OC)C)O[C@H]6CC[C@@H]([C@H](O6)C)N(C)C,0,12.500740642225345,3.4519947305853207,5.769051832970341,2.9145133389541353,6.491754583756131
Caswell No. 413F,CCCCCCCCCCCC(CC1=CC=CC=C1)[N+]2=CC=CC=C2.[Cl-],0,-1.93157543696157,-3.412192118576525,2.216713231395506,-1.6541307226806667,4.544901969535889
Benthiavalicarb isopropyl,C[C@H](C1=NC2=C(S1)C=C(C=C2)F)NC(=O)[C@H](C(C)C)NC(=O)OC(C)C,0,-0.5318999452266538,3.889442993273002,0.7402354868541271,2.5864833160911096,-1.2473712483365302
Methyllycaconitine,CCN1C[C@@]2(CC[C@@H]([C@]34[C@@H]2[C@@H]([C@@]([C@H]31)([C@]5(C[C@@H]([C@H]6C[C@@H]4[C@@H]5[C@H]6OC)OC)O)O)OC)OC)COC(=O)C7=CC=CC=C7N8C(=O)C[C@@H](C8=O)C,0,10.996184742216261,32.46099877627936,54.23851738604784,-18.739903349047708,-13.579290961917344
Dihydrogen ethyl(phosphato-kappaO)mercurate(2-),[H+].[H+].CC[Hg]OP(=O)([O-])[O-],0,-2.2977501444704256,-5.01593144834447,-0.216780485899318,-4.915044510266704,1.2773184951435488
Orysastrobin 100 |Ig/mL in Acetonitrile,C/C(=N/OC)/C(=N\OC)/C(=N/OCC1=CC=CC=C1/C(=N\OC)/C(=O)NC)/C,0,-1.2657824573293115,3.1385521838663863,0.888678834860829,0.2909886041198235,-0.057216315712291084
"(2-methyl-3-phenyl-phenyl)methyl (3S)-3-[(Z)-2-chloro-3,3,3-trifluoro-prop-1-enyl]-2,2-dimethyl-cyclopropanecarboxylate",CC1=C(C=CC=C1C2=CC=CC=C2)COC(=O)C3[C@H](C3(C)C)/C=C(/C(F)(F)F)\Cl,0,-1.0179245253467781,-4.462203402906371,3.7948602726846743,13.277233980124928,-7.840339771619027
Copper oxychloride sulfate,[OH-].[OH-].[OH-].[OH-].[OH-].[OH-].[OH-].[OH-].[OH-].[O-]S(=O)(=O)[O-].[Cl-].[Cu+2].[Cu+2].[Cu+2].[Cu+2].[Cu+2].[Cu+2],0,-2.6081155648661505,-2.319182449746688,-2.607058819785186,-4.5115139743828525,0.7965133186401041
"Endothall di(N,N-dimethyltridecylamine)",CCCCCCCCCCCCCN(C)C.CCCCCCCCCCCCCN(C)C.C1C[C@H]2[C@@H]([C@@H]([C@@H]1O2)C(=O)O)C(=O)O,0,1.707784211302512,-3.2734618692289406,3.8482005419171323,-1.114932762103365,7.219908072109867
Phenylmercury ammonium propionate,CCC(=O)[O-].C1=CC=C(C=C1)[Hg+].N,0,-2.3924600893809975,-4.057234518258647,1.2873342432403254,-3.0202034240606332,-1.0768775670132755
"(1R,2R,3R,6S,7S)-1,8,9,10,11,11-hexachlorotetracyclo[6.2.1.13,6.02,7]dodeca-4,9-diene",C1[C@@H]2C=C[C@H]1[C@H]3[C@@H]2[C@]4(C(=C(C3(C4(Cl)Cl)Cl)Cl)Cl)Cl,0,-0.48556502786408373,-5.790325447642204,1.6612531291223431,-1.0239366721874978,-2.587795015539065
Silver sodium zirconium phosphate,[H+].[O-]P(=O)([O-])[O-].[Na+].[Zr+4].[Ag+],0,-2.8252107071347226,-5.50993610647785,-0.7524416069501598,-4.87009951630559,0.12943380829037412
Venom,CNC(=N[N+](=O)[O-])NCC1CCOC1,0,-0.7389787103997396,0.9105245573526549,-1.167417441103081,-3.161356811964227,4.332375728028991
"(1S,2S,7R,8S)-1,8,9,10,11,11-hexachlorotetracyclo[6.2.1.13,6.02,7]dodeca-4,9-diene",C1C2C=CC1[C@@H]3[C@H]2[C@@]4(C(=C([C@@]3(C4(Cl)Cl)Cl)Cl)Cl)Cl,0,-0.48556502786408373,-5.790325447642204,1.6612531291223431,-1.0239366721874978,-2.587795015539065
SureCN2704065,CCCCCCCCCC[C@H](C1CC[C@@H](O1)C2CC[C@@H](O2)[C@@H](CCCCCCCCCC[C@@H](CC3=C[C@@H](OC3=O)C)O)O)O,0,5.393889669355185,-6.912844992932753,7.969040802726856,-1.3001434156461802,18.976518787969948
"Cyclo[(3R)-3-(4-hydroxyphenyl)-|A-alanyl-(2S,4E,6R,8S)-8-hydroxy-2,4,6-trimethyl-4-nonenoyl-L-alanyl-2-bromo-N-methyl-D-tryptophyl]",C[C@@H]1C[C@@H](OC(=O)C[C@@H](NC(=O)[C@H](N(C(=O)[C@@H](NC(=O)[C@H](CC(=C1)C)C)C)C)CC2=C(NC3=CC=CC=C32)Br)C4=CC=C(C=C4)O)C,0,5.196580303028873,10.685644896786988,12.953815802879255,19.291517127355466,39.826642200234126
Heptachlor Epoxide B,[C@H]12[C@H]([C@H]3[C@@H]([C@@H]1Cl)O3)C4(C(=C([C@]2(C4(Cl)Cl)Cl)Cl)Cl)Cl,0,-0.19034838096199594,-5.566303432773897,2.0493823610658564,0.6352519952329683,-1.8559436111500376
Dimethirimol,CCCCC1=C(N=C(NC1=O)N(C)C)C,0,-1.1484837536964463,2.4911012532887247,-0.16454617963371607,-0.3454241807577075,4.04144397155745
Avermectin,CCC(C)[C@@H]1[C@H](C=C[C@@]2(O1)C[C@@H]3C[C@H](O2)C/C=C(/[C@H]([C@H](/C=C/C=C/4\CO[C@H]5[C@@]4([C@@H](C=C([C@H]5O)C)C(=O)O3)O)C)O[C@H]6C[C@@H]([C@H]([C@@H](O6)C)O[C@H]7C[C@@H]([C@H]([C@@H](O7)C)O)OC)OC)\C)C,0,44.160805114101315,-1.0628342060343239,-7.025409722256248,-3.78793420781454,-5.630711797477118
Phenolate Sodium,C1=CC=C(C=C1)[O-].[Na+],0,-2.43257782350517,-4.926237897174014,0.05400395713216205,-2.3066447659913094,-1.666692990988627
Picoxystrobin,CO/C=C(\C1=CC=CC=C1COC2=CC=CC(=N2)C(F)(F)F)/C(=O)OC,0,-1.4084272107606415,3.243095326722038,1.6618342396138768,5.700787296709184,-2.0442113899064394
Deltamethrinic acid,CC1([C@H]([C@H]1C(=O)O)C=C(Br)Br)C,0,-1.2443173618997625,-6.203111445875227,2.9437719596386014,7.183682512574749,-2.99930649684197
Flubendiamide,CC1=C(C=CC(=C1)C(C(F)(F)F)(C(F)(F)F)F)NC(=O)C2=C(C(=CC=C2)I)C(=O)NC(C)(C)CS(=O)(=O)C,0,-3.488853374709621,6.864169338780417,-3.6836959013668635,2.9738595422690426,-1.362569695164097
"4-((13R)-2,13-Dihydroxy-13-((2R)-5-((5R)-5-(1-Hydroxyundecyl)Oxolan-2-Yl)Oxolan-2-Yl)Tridecyl)-2-Methyl-2H-Furan-5-One",CCCCCCCCCCC([C@H]1CCC(O1)C2CC[C@@H](O2)[C@@H](CCCCCCCCCCC(CC3=CC(OC3=O)C)O)O)O,0,5.393889669355185,-6.912844992932753,7.969040802726856,-1.3001434156461802,18.976518787969948
"2,2-Dimethyl-3-(1-propenyl)cyclopropanecarboxylic Acid (2,3,5,6-Tetrafluoro-4-methylphenyl)methyl Ester",C/C=C/C1C(C1(C)C)C(=O)OCC2=C(C(=C(C(=C2F)F)C)F)F,0,-0.8181107989633252,-4.5597732833755,5.005597601650168,8.897594159427845,-4.469066205674397
Dimethyl carbate,COC(=O)[C@H]1[C@@H]2C[C@H]([C@H]1C(=O)OC)C=C2,0,0.4589544111136258,-4.048846526863734,0.9573193689570592,-0.02799616810309926,-0.6669850235530277
2-Chloro-4-((hydroxymethyl)amino)-6-(isopropylamino)-s-triazine,CC(C)NC1=NC(=NC(=N1)NCO)Cl,0,-2.0121685516048418,1.4050384242479017,-2.278653155620439,-3.64255134437849,-0.054678868800575986
"(1AR,1bS,2S,5R,5aR,6S,6aR)-2,3,4,5,6,7,7-heptachloro-1a,1b,5,5a,6,6a-hexahydro-2H-2,5-methanoindeno[1,2-b]oxirene",[C@H]12[C@H]([C@@H]([C@H]3[C@@H]1O3)Cl)[C@]4(C(=C([C@@]2(C4(Cl)Cl)Cl)Cl)Cl)Cl,0,-0.19034838096199594,-5.566303432773897,2.0493823610658564,0.6352519952329683,-1.8559436111500376
Pesticide4_Doramectin_C50H74O14_Dectomax,CC1/C=C/C=C/2\COC3C2(C(C=C(C3O)C)C(=O)OC4CC(C/C=C(/C1OC5CC(C(C(O5)C)OC6CC(C(C(O6)C)O)OC)OC)\C)OC7(C4)C=CC(C(O7)C8CCCCC8)C)O,0,42.7130047557986,-0.925989898994294,-5.673243568596657,-3.3841493889830634,-5.0549724487947545
Optase,CCCCCCC(O)C/C=C\CCCCCCCC(=O)OCC(OC(=O)CCCCCCC/C=C\CC(O)CCCCCC)COC(=O)CCCCCCC/C=C\CC(O)CCCCCC,0,0.459296962541238,-7.2739968833839885,5.098734146823558,-1.6805421819337993,8.473310921496191
zinc;manganese(2+);N-[2-(sulfidocarbothioylamino)ethyl]carbamodithioate,C(CNC(=S)[S-])NC(=S)[S-].C(CNC(=S)[S-])NC(=S)[S-].[Mn+2].[Zn+2],0,-3.061924148443474,-3.8677728113502803,0.4539595298228047,-7.667259081048612,2.4080965576917204
Hyamine-2389,C.C.CCCCCCCCCCCC.CCCCCCCCCCCC.C[N+](C)(C)C.C[N+](C)(C)CC1=CC=CC=C1.C[N+](C)(C)CC1=CC=CC=C1.[Cl-].[Cl-].[Cl-],0,-1.943780971545315,-3.8557564066527243,2.211511984272364,-1.7301162096111642,2.9155259946419743
"Copper, (mu-(carbonato(2-)-kappaO:kappaO'))dihydroxydi-",C(=O)([O-])[O-].[OH-].[OH-].[Cu].[Cu],0,-1.9054672416820813,-5.645345901911439,0.19948606405466124,-3.268878354419483,-0.4578081041784093
"(1S,4R)-1,2,2,3,3,4,7-Heptachloro-5,5-dimethyl-6-methylidenebicyclo(2.2.1)heptane",CC1(C(=C)[C@@]2(C([C@]1(C(C2(Cl)Cl)(Cl)Cl)Cl)Cl)Cl)C,0,-1.415738851973031,-5.419491742011457,1.2476523010570053,0.41724356717426064,-1.1888978617359358
p-Mercuribenzenesulfonic acid,C1=CC(=CC=C1S(=O)(=O)[O-])[Hg],0,-3.316615056137935,0.19718407604824598,-2.7159799923180894,-3.901505654436396,-0.06029162947031933
Arbinex,C12C(C(C(C1Cl)Cl)Cl)[C@@]3(C(=C([C@]2(C3(Cl)Cl)Cl)Cl)Cl)Cl,0,-1.2337151240126816,-5.5542598655195725,1.2020478900318454,-1.2766509332411269,-2.288829203828748
"(4S,7R)-5-[hydroxy(phenyl)pyridin-2-ylmethyl]-8-[phenyl(pyridin-2-yl)methylidene]-3a,4,7,7a-tetrahydro-1H-4,7-methanoisoindole-1,3(2H)-dione",C1=CC=C(C=C1)C(=C2[C@@H]3C=C([C@H]2C4C3C(=O)NC4=O)C(C5=CC=CC=C5)(C6=CC=CC=N6)O)C7=CC=CC=N7,0,0.5115186288999406,3.2767674449099706,1.3355787143669693,6.695888615394868,2.4704819991521614
Clothianidin,CN/C(=N\[N+](=O)[O-])/NCC1=CN=C(S1)Cl,0,-2.766504599843443,3.0870337549910483,-2.6605101756356637,-2.618515067745941,1.8825697273090127
"(10Z,14Z)-6'-butan-2-yl-21,24-dihydroxy-12-[5-(5-hydroxy-4-methoxy-6-methyloxan-2-yl)oxy-4-methoxy-6-methyloxan-2-yl]oxy-5',11,13,22-tetramethylspiro[3,7,19-trioxatetracyclo[15.6.1.14,8.020,24]pentacosa-10,14,16,22-tetraene-6,2'-oxane]-2-one",CCC(C)C1C(CCC2(O1)CC3CC(O2)C/C=C(\C(C(/C=C\C=C4COC5C4(C(C=C(C5O)C)C(=O)O3)O)C)OC6CC(C(C(O6)C)OC7CC(C(C(O7)C)O)OC)OC)/C)C,0,45.130113339702014,-1.2767858291826546,-6.404911058715061,-3.4311866998902145,-3.15815309150018
Milbemycin alpha10,CCC1C(CCC2(O1)CC3CC(O2)C/C=C(/CC(/C=C/C=C/4\COC5C4(C(C=C(C5O)COC(=O)C6=CC=CN6)C(=O)O3)O)C)\C)C,0,28.79953857278127,0.9187785357832303,-1.475928659641734,4.3389987570473565,6.480571848545739
(+/-)-cis-Heptachlor epoxide,C12C(C(C3C1O3)Cl)[C@@]4(C(=C([C@]2(C4(Cl)Cl)Cl)Cl)Cl)Cl,0,-0.19034838096199594,-5.566303432773897,2.0493823610658564,0.6352519952329683,-1.8559436111500376
ZINC PHOSPHIDE (Zn3P2),P=[Zn].P=[Zn].[Zn],0,-2.912014063087808,-5.450141695219889,-0.5454674297769339,-4.453157861021531,-0.4290924322865627
Fluoromidine,C1=C(C=NC2=C1NC(=N2)C(F)(F)F)Cl,0,-2.571693162030315,1.049678995476343,-0.9267284774736796,-0.22167422932821138,-1.8710106604019179
Chloralose,C([C@H]([C@@H]1[C@@H]([C@@H]2[C@H](O1)O[C@@H](O2)C(Cl)(Cl)Cl)O)O)O,0,3.0882236980833624,-2.4976946187598967,1.6984121078584276,-1.6245969998997587,1.5055485624256364
Pyridalyl,C1=CC(=NC=C1C(F)(F)F)OCCCOC2=C(C=C(C=C2Cl)OCC=C(Cl)Cl)Cl,0,-1.7247593184633692,0.30849923452584377,1.6333726796388717,3.480903984455038,-4.145833280028888
p-Hydroxymercuribenzoate,C1=CC(=CC=C1C(=O)[O-])[Hg].O,0,-1.996985938586913,-4.495059471942605,0.9601494309138021,-2.222535377094869,-2.12490301811108
Strobilurin N,C/C(=C/C=C/C1=CC2=C(C=C1)OCC(O2)(C(C)(C)O)O)/C(=C\OC)/C(=O)OC,0,2.379307628278453,-1.3471154461282253,6.131631949094263,9.979121621244142,0.4266275170016545
Methyl (2Z)-(methoxyimino)(2-((((E)-(1-(3-(trifluoromethyl)phenyl)ethylidene)amino)oxy)methyl)phenyl)acetate,C/C(=N\OCC1=CC=CC=C1/C(=N/OC)/C(=O)OC)/C2=CC(=CC=C2)C(F)(F)F,0,-1.6845866855657772,3.0104158794145417,0.7219219949812781,3.796432193034195,-0.5469722300921671
Chlorantraniliprole,CC1=CC(=CC(=C1NC(=O)C2=CC(=NN2C3=C(C=CC=N3)Cl)Br)C(=O)NC)Cl,0,-2.925068469002394,7.44062485314143,-3.373556737202412,3.107269596964686,-2.769649530332508
"(2Z)-2-[2-[[(Z)-[(3Z,4Z)-3,4-bis(methoxyimino)pentan-2-ylidene]amino]oxymethyl]phenyl]-2-methoxyimino-N-methylacetamide",C/C(=N/OC)/C(=N/OC)/C(=N\OCC1=CC=CC=C1/C(=N/OC)/C(=O)NC)/C,0,-1.2657824573293115,3.1385521838663863,0.888678834860829,0.2909886041198235,-0.057216315712291084
Jasplakinolide,C[C@@H]\1C[C@@H](OC(=O)C[C@@H](NC(=O)[C@H](N(C(=O)[C@@H](NC(=O)[C@H](C/C(=C1)/C)C)C)C)CC2=C(NC3=CC=CC=C32)Br)C4=CC=C(C=C4)O)C,0,5.196580303028873,10.685644896786988,12.953815802879255,19.291517127355466,39.826642200234126
Bullatacin,CCCCCCCCCC[C@@H]([C@H]1CC[C@@H](O1)[C@H]2CC[C@@H](O2)[C@@H](CCCCCCCCCC[C@H](CC3=C[C@@H](OC3=O)C)O)O)O,0,5.393889669355185,-6.912844992932753,7.969040802726856,-1.3001434156461802,18.976518787969948
Cyantraniliprole,CC1=CC(=CC(=C1NC(=O)C2=CC(=NN2C3=C(C=CC=N3)Cl)Br)C(=O)NC)C#N,0,-3.0268987459288916,7.0214032211831965,-3.353778008733638,4.338504719772346,-3.227280206916224
Moxidectin,C[C@@H]\1C/C(=C/C[C@@H]2C[C@@H](C[C@@]3(O2)C/C(=N\OC)/[C@@H]([C@H](O3)/C(=C/C(C)C)/C)C)OC(=O)[C@@H]4C=C([C@H]([C@@H]5[C@]4(/C(=C/C=C1)/CO5)O)O)C)/C,0,29.69926341613752,0.9547666021356883,-5.3206721276249676,4.6253387848528655,5.399572237229834
Cyclanilide,C1CC1(C(=O)NC2=C(C=C(C=C2)Cl)Cl)C(=O)O,0,-1.4847785330207623,-0.4019708044111855,0.3784393940098703,0.5690155776611676,-3.092197198798219
Mandipropamid,COC1=C(C=CC(=C1)CCNC(=O)C(C2=CC=C(C=C2)Cl)OCC#C)OCC#C,0,-0.8511080084436805,0.49264847361379127,2.027388504389837,2.8776629375251397,-3.0687867822670425
Orysastrobin,C/C(=N\OC)/C(=N\OC)/C(=N/OCC1=CC=CC=C1/C(=N\OC)/C(=O)NC)/C,0,-1.2657824573293115,3.1385521838663863,0.888678834860829,0.2909886041198235,-0.057216315712291084
Didecyl dimethyl ammonium carbonate,CCCCCCCCCC[N+](C)(C)CCCCCCCCCC.CCCCCCCCCC[N+](C)(C)CCCCCCCCCC.C(=O)([O-])[O-],0,-1.489803269337753,-4.553144227742192,2.3325479570058425,-4.099037224956781,4.923600320968359
Pyrasulfotole,CC1=C(C(=O)N(N1)C)C(=O)C2=C(C=C(C=C2)C(F)(F)F)S(=O)(=O)C,0,-1.9522209292246364,9.388093675815087,-5.474424336815413,2.6603276726445104,0.3488943582975596
Emamectin B1A,CC[C@H](C)[C@@H]1[C@H](C=C[C@@]2(O1)C[C@@H]3C[C@H](O2)C/C=C(/[C@H]([C@H](/C=C/C=C/4\CO[C@H]5[C@@]4([C@@H](C=C([C@H]5O)C)C(=O)O3)O)C)O[C@H]6C[C@@H]([C@H]([C@@H](O6)C)O[C@H]7C[C@@H]([C@@H]([C@@H](O7)C)NC)OC)OC)\C)C,0,43.94257119357053,0.33178339406844515,-7.642010526121152,-3.907048421476752,-5.79053907245583
C14H6ClF3NNaO5,C1=CC(=C(C=C1C(F)(F)F)Cl)OC2=CC(=C(C=C2)[N+](=O)[O-])C(=O)[O-].[Na+],0,-3.732474968219138,0.5736173499648707,-3.0623878745408657,0.6494458250408387,-6.794059916445203
"2,3,5,6-Tetrafluoro-4-(methoxymethyl)benzyl (E)-(1R,3R)-3-(2-cyanoprop-1-enyl)-2,2-dimethylcyclopropanecarboxylate",C/C(=C\[C@@H]1[C@H](C1(C)C)C(=O)OCC2=C(C(=C(C(=C2F)F)COC)F)F)/C#N,0,-0.43678113777630423,-4.397093547851307,5.705584728669927,11.239767282299656,-5.177962245017962
Endothal disodium salt,C1C[C@H]2[C@@H]([C@@H]([C@@H]1O2)C(=O)[O-])C(=O)[O-].[Na+].[Na+],0,0.3381000214698746,-4.7688430916866205,1.8053203585221185,-1.2308223481735074,2.7119133097042445
Glyphosphate-trimesium,C[S+](C)C.C(C(=O)O)NCP(=O)(O)[O-],0,-2.4221994125055297,-2.252282100021264,0.06828689334106113,-4.121190293062523,3.043124743919533
Milbemycin alpha5,CCCCC(C)C(=O)OC1C(C(OC2(C1O)CC3CC(O2)C/C=C(/CC(/C=C/C=C/4\COC5C4(C(C=C(C5O)C)C(=O)O3)O)C)\C)C)C,0,28.822257217407035,-1.2175930476629735,-1.5369507079119604,1.4488830316977162,5.8120472208288625
Methyl (2Z)-(methoxyimino)(2-((((Z)-(1-(3-(trifluoromethyl)phenyl)ethylidene)amino)oxy)methyl)phenyl)acetate,C/C(=N/OCC1=CC=CC=C1/C(=N/OC)/C(=O)OC)/C2=CC(=CC=C2)C(F)(F)F,0,-1.6845866855657772,3.0104158794145417,0.7219219949812781,3.796432193034195,-0.5469722300921671
"(1R,4S,4'Z,5'S,6R,6'S,8R,10E,13R,14E,20R,21R,24S)-21,24-dihydroxy-4'-methoxyimino-5',11,13,22-tetramethyl-6'-[(E)-4-methylpent-2-en-2-yl]spiro[3,7,19-trioxatetracyclo[15.6.1.14,8.020,24]pentacosa-10,14,16,22-tetraene-6,2'-oxane]-2-one",C[C@@H]\1C/C(=C/C[C@@H]2C[C@@H](C[C@@]3(O2)C/C(=N/OC)/[C@@H]([C@H](O3)/C(=C/C(C)C)/C)C)OC(=O)[C@@H]4C=C([C@H]([C@@H]5[C@]4(C(=C/C=C1)CO5)O)O)C)/C,0,29.69926341613752,0.9547666021356883,-5.3206721276249676,4.6253387848528655,5.399572237229834
Edetate copper,C(CN(CC(=O)O)CC(=O)[O-])N(CC(=O)O)CC(=O)[O-].[Cu],0,-1.6245153940887322,-3.5562265177368317,1.81276216044882,-4.169557943152284,2.543962923153663
"trans-(5-benzylfuran-3-yl)methyl (1R,3S)-2,2-dimethyl-3-[(Z)-(2-oxothiolan-3-ylidene)methyl]cyclopropane-1-carboxylate",CC1([C@H]([C@H]1C(=O)OCC2=COC(=C2)CC3=CC=CC=C3)/C=C\4/CCSC4=O)C,0,1.0565444807282725,-4.037974048609844,7.137086961836959,17.424452365534474,-3.55295408219073
"Spiro[11,15-methano-2H,13H,17H-furo[4,3,2-pq][2,6]benzodioxacyclooctadecin-13,2'-[2H]pyran], Avermectin A1a Deriv.",CC[C@H](C)[C@@H]1[C@H](CC[C@@]2(O1)C[C@@H]3C[C@H](O2)C/C=C(\[C@H]([C@H](/C=C\C=C4CO[C@H]5[C@@]4([C@@H](C=C([C@H]5O)C)C(=O)O3)O)C)O[C@H]6C[C@@H]([C@H]([C@@H](O6)C)O[C@H]7C[C@@H]([C@H]([C@@H](O7)C)O)OC)OC)/C)C,0,45.130113339702014,-1.2767858291826546,-6.404911058715061,-3.4311866998902145,-3.15815309150018
"Endrin, analytical standard",C1[C@@H]2[C@@H]3[C@@H]([C@@H]1[C@H]4[C@@H]2O4)[C@@]5(C(=C([C@@]3(C5(Cl)Cl)Cl)Cl)Cl)Cl,0,0.5112392548879428,-4.827080752464636,3.9379029992444985,0.48419401463937106,-2.1005676028613567
Moxidectin EP L,C[C@@H]/1C/C(=C\C[C@@H]2C[C@@H](C[C@@]3(O2)C/C(=N/OC)/[C@@H]([C@H](O3)/C(=C/C(C)C)/C)C)OC(=O)[C@@H]4C=C([C@H]([C@@H]5[C@]4(C(=C/C=C1)CO5)O)O)C)/C,0,29.69926341613752,0.9547666021356883,-5.3206721276249676,4.6253387848528655,5.399572237229834
Fuklasin,CN(C)C(=S)[S-].CN(C)C(=S)[S-].CN(C)C(=S)[S-].[Fe+3],0,-3.09736576955976,-3.4974019003055496,-0.5635617980010915,-5.760199242229803,0.2946244315936346
Cyclo[N-methyl-L-alanyl-beta-alanyl-(2R)-2-hydroxy-4-pentenoyl-L-prolyl-L-isoleucyl-N-methyl-L-valyl],CC[C@@H](C)[C@H]1C(=O)N([C@H](C(=O)N([C@H](C(=O)NCCC(=O)O[C@H](C(=O)N2CCC[C@H]2C(=O)N1)CC=C)C)C)C(C)C)C,0,5.460673971993579,3.6735714289653107,7.557867701159879,5.121733446364079,25.84314767538106
Antimony Potassium Tartrate,[C@@H]([C@H](C(=O)[O-])[O-])(C(=O)[O-])[O-].[C@@H]([C@H](C(=O)[O-])[O-])(C(=O)[O-])[O-].O.O.O.[K+].[K+].[Sb+3].[Sb+3],0,-1.7875226157752129,-5.472782390975526,1.0791401383100998,-2.2800552961911498,1.3696580603046131
Raticate|Shoxin,C1=CC=C(C=C1)/C(=C/2\[C@@H]3C=C([C@H]2C4C3C(=O)NC4=O)C(C5=CC=CC=C5)(C6=CC=CC=N6)O)/C7=CC=CC=N7,0,0.5115186288999406,3.2767674449099706,1.3355787143669693,6.695888615394868,2.4704819991521614
"[2-Methyl(1,1'-biphenyl)-3-yl]methyl cis-3-(2-chloro-3,3,3-trifluoropropenyl)-2,2-dimethylcyclopropanecarboxylate",CC1=C(C=CC=C1C2=CC=CC=C2)COC(=O)[C@H]3[C@H](C3(C)C)C=C(C(F)(F)F)Cl,0,-1.0179245253467781,-4.462203402906371,3.7948602726846743,13.277233980124928,-7.840339771619027
"(1R,2R,3S,6R,7S)-1,8,9,10,11,11-hexachlorotetracyclo[6.2.1.13,6.02,7]dodeca-4,9-diene",C1[C@H]2C=C[C@@H]1[C@H]3[C@@H]2[C@]4(C(=C(C3(C4(Cl)Cl)Cl)Cl)Cl)Cl,0,-0.48556502786408373,-5.790325447642204,1.6612531291223431,-1.0239366721874978,-2.587795015539065
"(1R,4S,5'S,6R,6'S,8R,10E,13R,14E,20R,21R,24S)-21,24-dihydroxy-4'-methoxyimino-5',11,13,22-tetramethyl-6'-[(E)-4-methylpent-2-en-2-yl]spiro[3,7,19-trioxatetracyclo[15.6.1.14,8.020,24]pentacosa-10,14,16,22-tetraene-6,2'-oxane]-2-one",C[C@@H]\1C/C(=C/C[C@@H]2C[C@@H](C[C@@]3(O2)CC(=NOC)[C@@H]([C@H](O3)/C(=C/C(C)C)/C)C)OC(=O)[C@@H]4C=C([C@H]([C@@H]5[C@]4(C(=C/C=C1)CO5)O)O)C)/C,0,29.69926341613752,0.9547666021356883,-5.3206721276249676,4.6253387848528655,5.399572237229834
Dehydroabietylammonium pentachlorophenoxide,CC(C)C1=CC2=C(C=C1)[C@]3(CCC[C@@]([C@@H]3CC2)(C)CN)C.C1(=C(C(=C(C(=C1Cl)Cl)Cl)Cl)Cl)O,0,1.691257694058849,-1.4433542930770247,4.08789083961828,2.035009651539537,1.2562548355742371
Strobilurin M,CC(C)[C@]1(COC2=C(O1)C=C(C=C2)/C=C/C=C(/C)\C(=C/OC)\C(=O)OC)OCC=C(C)C,0,3.3342404958646576,-1.9181564554112998,5.66418924544158,10.48798031750985,0.8748550034345612
Off-Shoot-T,CCCCCCCCCCCCO.CCCCCCCCCCO.CCCCCCCCO.CCCCCCO,0,-0.38902651270815686,-5.455342556526308,2.431016793620277,-3.9645914367778685,5.081855907806553
cyclo[N(Me)Ala-bAla-OGly(allyl)-D-Pro-Ile-DL-N(Me)Val],CC[C@H](C)[C@H]1C(=O)N(C(C(=O)N([C@H](C(=O)NCCC(=O)O[C@H](C(=O)N2CCC[C@@H]2C(=O)N1)CC=C)C)C)C(C)C)C,0,5.460673971993579,3.6735714289653107,7.557867701159879,5.121733446364079,25.84314767538106
"4-[(13R)-2,13-dihydroxy-13-[(2R,5S)-5-[(2R)-5-[(1S)-1-hydroxyundecyl]oxolan-2-yl]oxolan-2-yl]tridecyl]-2-methyl-2H-furan-5-one",CCCCCCCCCC[C@@H](C1CC[C@@H](O1)[C@@H]2CC[C@@H](O2)[C@@H](CCCCCCCCCCC(CC3=CC(OC3=O)C)O)O)O,0,5.393889669355185,-6.912844992932753,7.969040802726856,-1.3001434156461802,18.976518787969948
Momfluorothrin,CC(=CC1C(C1(C)C)C(=O)OCC2=C(C(=C(C(=C2F)F)COC)F)F)C#N,0,-0.43678113777630423,-4.397093547851307,5.705584728669927,11.239767282299656,-5.177962245017962
Plantomycin,C[C@H]1[C@@]([C@H]([C@@H](O1)O[C@@H]2[C@H]([C@@H]([C@H]([C@@H]([C@H]2O)O)N=C(N)N)O)NC(=N)N)O[C@H]3[C@H]([C@@H]([C@H]([C@@H](O3)CO)O)O)NC)(C=O)O.C[C@H]1[C@@]([C@H]([C@@H](O1)O[C@@H]2[C@H]([C@@H]([C@H]([C@@H]([C@H]2O)O)N=C(N)N)O)N=C(N)N)O[C@H]3[C@H]([C@@H]([C@H]([C@@H](O3)CO)O)O)NC)(C=O)O.OS(=O)(=O)O.OS(=O)(=O)O.OS(=O)(=O)O,0,4.918218280963336,7.061124514623295,0.12810435703100181,1.8864846517817708,6.306816091226273
Glyphosate-ethanolamine,C(CO)N.C(C(=O)O)NCP(=O)(O)O,0,-2.5166915747618965,-2.421664408739538,0.33086053476261934,-5.016215306692707,3.1454177603293476
Imazamethabenz [ANSI],CC1=CC(=C(C=C1)C(=O)OC)C2=NC(C(=O)N2)(C)C(C)C.CC1=CC(=C(C=C1)C2=NC(C(=O)N2)(C)C(C)C)C(=O)OC,0,-0.31499867320072394,5.383092469763536,0.4456752711479684,3.8077238147090164,0.10173074577498785
Ripost Pepite,CCNC(=O)NC(=O)/C(=N/OC)/C#N.CC1=C(C(=CC=C1)C)N(C(=O)COC)N2CCOC2=O.C(CNC(=S)[S-])NC(=S)[S-].C(CNC(=S)[S-])NC(=S)[S-].[Mn+2].[Zn+2],0,1.0862630357900118,9.474198257873214,1.5930105362290579,-2.583728382415537,5.131068431788581
"1-Chloro-4-(2,2,2-trichloro-1-(4-chlorophenyl)ethyl)benzene",C1=CC(=CC=C1C(C2=CC=C(C=C2)Cl)C(Cl)(Cl)Cl)Cl,0,-2.6959978732529057,-4.727629267298126,-0.28161616676016643,-0.9918095106606516,-3.4339716855807594
"4-Chloro-3,5-dimethylphenol",CC1=CC(=CC(=C1Cl)C)O,0,-2.3333551895876945,-3.5910109850658447,-0.2654558790414486,-0.59104067693256,-2.3748951590511296
"1,2,4,5-Tetrachloro-3-nitrobenzene",C1=C(C(=C(C(=C1Cl)Cl)[N+](=O)[O-])Cl)Cl,0,-3.4197051179159934,-2.2502347340913698,-2.333902188230883,-3.575887111468424,-2.448038202365618
"1,1-Bis(4-chlorophenyl)ethanol",CC(C1=CC=C(C=C1)Cl)(C2=CC=C(C=C2)Cl)O,0,-2.0933535513868686,-3.965031761187424,-0.21728477675713237,-0.7600779830396827,-2.7795733969018097
Dichlofenthion,CCOP(=S)(OCC)OC1=C(C=C(C=C1)Cl)Cl,0,-2.9106969416602513,-2.1277241317249116,-0.8262494217579424,-1.3440900505365116,-1.7461870367789043
2-Heptadecylimidazoline,CCCCCCCCCCCCCCCCCC1=NCCN1,0,-1.0587310493261055,-2.607311315995207,1.517690538209687,-4.188613577443951,6.578242835556082
"N-sec-Butyl-3,4-dimethyl-2,6-dinitroaniline",CCC(C)NC1=C(C=C(C(=C1[N+](=O)[O-])C)C)[N+](=O)[O-],0,-2.6051796841716492,0.7592987815506875,-2.7777019018611098,-3.7594221867728232,0.7868331550623187
M-Cumenyl Methylcarbamate,CC(C)C1=CC(=CC=C1)OC(=O)NC,0,-1.6896065130033173,-2.0476203449488075,-0.48944667018148114,1.4837317266201309,-3.731508919294602
4-Nitro-3-trifluoromethylphenol,C1=CC(=C(C=C1O)C(F)(F)F)[N+](=O)[O-],0,-3.239228000614926,0.15069332929901932,-2.703309460789864,-0.9322179631520362,-2.0822218769103777
Thioquinox,C1=CC=C2C(=C1)N=C3C(=N2)SC(=S)S3,0,-2.393370385024152,0.03175857503926406,-1.7835844167779962,-1.771066566708445,-0.5042087431663653
1-Pentanethiol,CCCCCS,0,-1.4955560295481913,-5.972205812258046,1.5590314860226395,-5.0056908678288945,3.4907338951203806
Sulphenone,C1=CC=C(C=C1)S(=O)(=O)C2=CC=C(C=C2)Cl,0,-3.4885929481776192,0.2867710840920398,-3.4642935004598767,-1.645378281322373,-1.5797038000624568
Anilazine,C1=CC=C(C(=C1)NC2=NC(=NC(=N2)Cl)Cl)Cl,0,-3.490827254272857,0.48835320393023296,-2.209592154456659,-1.3462258233006343,-2.0643300541079723
Isolan,CC1=NN(C(=C1)OC(=O)N(C)C)C(C)C,0,-1.6875026497205252,3.233677508871236,-1.8043328505262046,0.2698097002623795,-0.029649795358693255
Dinex,C1CCC(CC1)C2=C(C(=CC(=C2)[N+](=O)[O-])[N+](=O)[O-])O,0,-1.3564745257877884,0.43809727849565666,0.612941574458951,-2.1799573510114323,0.2826921856700133
Trisodium N-hydroxyethylethylenediaminetriacetate,C(CN(CC(=O)[O-])CC(=O)[O-])N(CCO)CC(=O)[O-].[Na+].[Na+].[Na+],0,-1.4741480132074771,-3.545143836967931,1.9147432045091228,-4.5321296727534035,3.5342541693031517
Dazomet,CN1CN(C(=S)SC1)C,0,-1.7473586744929923,0.22222488223100187,-0.586482692139927,-2.9967162780058003,3.9841608448626413
Pentasodium Pentetate,C(CN(CC(=O)[O-])CC(=O)[O-])N(CCN(CC(=O)[O-])CC(=O)[O-])CC(=O)[O-].[Na+].[Na+].[Na+].[Na+].[Na+],0,-1.7670067362835977,-3.8745177792889187,1.6335067504157526,-4.3296636526256425,2.5858441856259997
Isobenzan,C12C(C(OC1Cl)Cl)C3(C(=C(C2(C3(Cl)Cl)Cl)Cl)Cl)Cl,0,0.0320419612688332,-5.287984836774292,1.554191529696054,-0.4045252168151311,-1.428963451770389
"1,2,3,4-Tetrachlorobenzene",C1=CC(=C(C(=C1Cl)Cl)Cl)Cl,0,-3.039159789765905,-4.414987220078069,-0.4410993752059698,-2.2248923558870177,-2.799436420580082
Methoprotryne,CC(C)NC1=NC(=NC(=N1)NCCCOC)SC,0,-1.5608732409154504,3.146268276627849,-1.1562378233739536,-5.127154919395273,2.9256914752943453
Chloridazon,C1=CC=C(C=C1)N2C(=O)C(=C(C=N2)N)Cl,0,-2.3122272180493586,3.1450869295632886,-1.210007160277839,-0.4458701260425785,-2.0406603208421337
Prothoate,CCOP(=S)(OCC)SCC(=O)NC(C)C,0,-2.215586514375248,-1.516719734567289,-0.13516463535447001,-3.5673128217829038,3.217869565713641
Mecoprop-isoctyl,CC1=C(C=CC(=C1)Cl)OC(C)C(=O)OCCCCCC(C)C,0,0.7498591415732943,-3.900885426373916,1.931412177068941,0.6217889668029999,-0.9867127279508586
Cupric hexafluorosilicate,F[Si-2](F)(F)(F)(F)F.[Cu+2],0,-2.553619818947599,-5.856238529589422,-0.6922336561020671,-4.372290954886962,-1.0275259185115972
"(5-Benzylfuran-3-yl)methyl 2,2-dimethyl-3-[(2-oxothiolan-3-ylidene)methyl]cyclopropane-1-carboxylate",CC1(C(C1C(=O)OCC2=COC(=C2)CC3=CC=CC=C3)C=C4CCSC4=O)C,0,1.0565444807282725,-4.037974048609844,7.137086961836959,17.424452365534474,-3.55295408219073
"2-Methyl-4-oxo-3-(2,4-pentadien-1-yl)-2-cyclopenten-1-yl 3-(3-methoxy-2-methyl-3-oxo-1-propen-1-yl)-2,2-dimethylcyclopropanecarboxylate",CC1=C(C(=O)CC1OC(=O)C2C(C2(C)C)C=C(C)C(=O)OC)CC=CC=C,0,2.154609184815809,-7.017614704756976,7.941980570480303,18.624662986225793,2.105927024469671
"(4R,5'R,6R,6'R,8S,10E,13S,14E,16E)-21,24-Dihydroxy-5',11,13,22-tetramethyl-6'-propan-2-ylspiro[3,7,19-trioxatetracyclo[15.6.1.14,8.020,24]pentacosa-10,14,16,22-tetraene-6,2'-oxane]-2-one",C[C@@H]1CC[C@]2(C[C@H]3C[C@@H](O2)C/C=C(/C[C@@H](/C=C/C=C/4\COC5C4(C(C=C(C5O)C)C(=O)O3)O)C)\C)O[C@@H]1C(C)C,0,31.26789506888715,-1.8389505096334904,-3.680113576633241,1.3092462280028112,3.4943151722570254
Flonicamid,C1=CN=CC(=C1C(F)(F)F)C(=O)NCC#N,0,-3.690978328072839,1.6515281547144343,-1.8286355571950041,-0.03306625335578589,-2.3054293963609997
Isodrin,C1[C@@H]2C=C[C@H]1[C@@H]3[C@H]2[C@@]4(C(=C([C@]3(C4(Cl)Cl)Cl)Cl)Cl)Cl,0,-0.48556502786408373,-5.790325447642204,1.6612531291223431,-1.0239366721874978,-2.587795015539065
(+)-Cismethrin,CC(=C[C@H]1[C@H](C1(C)C)C(=O)OCC2=COC(=C2)CC3=CC=CC=C3)C,0,1.1250553703661197,-5.3242785311838805,6.628628660127482,16.230058919306543,-4.580669793192757
RU-11679,CC1([C@@H]([C@H]1C(=O)OCC2=COC(=C2)CC3=CC=CC=C3)C=C4CCCC4)C,0,1.1770168614321923,-5.256407519284481,7.208738356189644,15.35715592305451,-3.042892013094335
"2-Diazo-4,6-dinitrophenol",C1=C(C=C(C(C1=[N+]=[N-])O)[N+](=O)[O-])[N+](=O)[O-],0,-1.5435355312557497,-0.5023112462129471,-2.097463514568705,-1.9107069538310002,0.33247505091437407
Profluthrin,CC=CC1C(C1(C)C)C(=O)OCC2=C(C(=C(C(=C2F)F)C)F)F,0,-0.8181107989633252,-4.5597732833755,5.005597601650168,8.897594159427845,-4.469066205674397
"(1S,2S,6R,7R)-1,4,4,7,8,9,10,10-octachlorotricyclo[5.2.1.02,6]dec-8-ene",C1[C@@H]2[C@H](CC1(Cl)Cl)[C@@]3(C(=C([C@]2(C3(Cl)Cl)Cl)Cl)Cl)Cl,0,-0.6832968919303257,-4.834008184362303,2.6239668097886146,-1.2221886417218537,-1.5646788772463185
Pharmakon1600-01505902,C[C@H]1/C=C/C=C/2\CO[C@H]3[C@@]2([C@@H](C=C([C@H]3O)C)C(=O)O[C@H]4C[C@@H](C/C=C(/[C@H]1OC5C[C@@H](C([C@@H](O5)C)O[C@H]6C[C@@H]([C@H]([C@@H](O6)C)O)OC)OC)\C)O[C@]7(C4)C=C[C@@H]([C@H](O7)C8CCCCC8)C)O,0,42.7130047557986,-0.925989898994294,-5.673243568596657,-3.3841493889830634,-5.0549724487947545
Benzovindiflupyr,CN1C=C(C(=N1)C(F)F)C(=O)NC2=CC=CC3=C2[C@@H]4CC[C@H]3C4=C(Cl)Cl,0,-0.8987745642471591,4.827305238166376,0.277051862397412,3.6952181406361024,-0.516263108956757
Alloxydim sodium,CCCC(=NOCC=C)[C-]1C(=O)CC(C(C1=O)C(=O)OC)(C)C.[Na+],0,2.7342506237113975,-2.697284192605667,2.1995427354835173,2.9568866721038645,4.64324498893399
Calcium bis(hydrogen methylarsonate),C[As](=O)(O)[O-].C[As](=O)(O)[O-].[Ca+2],0,-2.4263845639208936,-4.500887474104376,-0.9956494921268947,-4.526177868862721,0.2025490054208013
"(1'R,2R,3S,4'S,6S,8'R,10'Z,12'S,14'Z,16'Z,20'R,21'R,24'S)-2-cyclohexyl-21',24'-dihydroxy-12'-[(2R,4S,6S)-5-[(2S,4S,5S,6S)-5-hydroxy-4-methoxy-6-methyloxan-2-yl]oxy-4-methoxy-6-methyloxan-2-yl]oxy-3,11',13',22'-tetramethylspiro[2,3-dihydropyran-6,6'-3,7,19-trioxatetracyclo[15.6.1.14,8.020,24]pentacosa-10,14,16,22-tetraene]-2'-one",C[C@H]1C=C[C@]2(C[C@@H]3C[C@H](O2)C/C=C(\[C@H](C(/C=C\C=C/4\CO[C@H]5[C@@]4([C@@H](C=C([C@H]5O)C)C(=O)O3)O)C)O[C@H]6C[C@@H](C([C@@H](O6)C)O[C@H]7C[C@@H]([C@H]([C@@H](O7)C)O)OC)OC)/C)O[C@@H]1C8CCCCC8,0,42.7130047557986,-0.925989898994294,-5.673243568596657,-3.3841493889830634,-5.0549724487947545
Mercury orange,C1=CC=C2C(=C1)C=CC(=C2N=NC3=CC=C(C=C3)[Hg+])O.[Cl-],0,-2.4910215763837993,-0.6846670089356884,-0.22844589440385418,-1.747492484096378,-1.1139463888624959
Glyoxime,C(=NO)C=NO,0,-2.699376930018271,-3.9574274416093917,-0.6650194518783282,-3.210042686647454,0.948204752843616
CID 135529435,CN/C(=N/[N+](=O)[O-])/NCC1=CN=C(S1)Cl,0,-2.766504599843443,3.0870337549910483,-2.6605101756356637,-2.618515067745941,1.8825697273090127
"4-[(2R,13R)-2,13-dihydroxy-13-[(2S,5S)-5-[(2S,5S)-5-[(1S)-1-hydroxyundecyl]oxolan-2-yl]oxolan-2-yl]tridecyl]-2-methyl-2H-furan-5-one",CCCCCCCCCC[C@@H]([C@@H]1CC[C@H](O1)[C@@H]2CC[C@H](O2)[C@@H](CCCCCCCCCC[C@H](CC3=CC(OC3=O)C)O)O)O,0,5.393889669355185,-6.912844992932753,7.969040802726856,-1.3001434156461802,18.976518787969948
(Z)-N-(1-((6-chloropyridin-3-yl)methyl)imidazolidin-2-ylidene)nitramide,C1CN(/C(=N\[N+](=O)[O-])/N1)CC2=CN=C(C=C2)Cl,0,-2.67954875914844,3.8116457751142403,-0.9828731792249498,-1.3985661122746704,5.186231146229016
"[(1S,2R,3R,4S,5R,6S,8R,9S,13S,16R,17R,18S)-11-ethyl-8,9-dihydroxy-4,6,16,18-tetramethoxy-11-azahexacyclo[7.7.2.12,5.01,10.03,8.013,17]nonadecan-13-yl]methyl 2-(3-methyl-2,5-dioxopyrrolidin-1-yl)benzoate",CCN1C[C@@]2(CC[C@H]([C@@]34[C@@H]2[C@@H]([C@@](C31)([C@]5(C[C@@H]([C@H]6C[C@@H]4[C@@H]5[C@H]6OC)OC)O)O)OC)OC)COC(=O)C7=CC=CC=C7N8C(=O)CC(C8=O)C,0,10.996184742216261,32.46099877627936,54.23851738604784,-18.739903349047708,-13.579290961917344
Copper(II) hydroxide sulfate,O.[OH-].[OH-].[OH-].[OH-].[OH-].[OH-].[O-]S(=O)(=O)[O-].[Cu+2].[Cu+2].[Cu+2].[Cu+2],0,-2.5115902842355,-2.4971032088410055,-2.495669424547868,-4.48211317379211,0.7387279481548861
Remanex,B(O)(O)O[Hg]C1=CC=CC=C1.C1=C(C(=C(C(=C1Cl)Cl)CC2=C(C(=CC(=C2Cl)Cl)Cl)O)O)Cl,0,-2.0852099379184064,-2.72132465234101,0.27403849891574844,-0.7643486066438149,-1.8817737203524607
Destruxin A,CC[C@H](C)[C@H]1C(=O)N([C@H](C(=O)N([C@H](C(=O)NCCC(=O)O[C@@H](C(=O)N2CCC[C@H]2C(=O)N1)CC=C)C)C)C(C)C)C,0,5.460673971993579,3.6735714289653107,7.557867701159879,5.121733446364079,25.84314767538106
Emmamectin isomer,CC[C@H](C)[C@@H]1[C@H](C=C[C@@]2(O1)C[C@@H]3C[C@H](O2)C/C=C(/[C@H]([C@H](/C=C/C=C/4\CO[C@H]5[C@@]4([C@@H](C=C([C@H]5O)C)C(=O)O3)O)C)O[C@H]6C[C@@H]([C@H]([C@@H](O6)C)O[C@H]7C[C@@H]([C@H]([C@@H](O7)C)NC)OC)OC)\C)C,0,43.94257119357053,0.33178339406844515,-7.642010526121152,-3.907048421476752,-5.79053907245583
"(1'R,2R,3S,4'S,6S,8'R,10'E,12'S,13'S,14'E,16'E,20'R,21'R,24'S)-2-Cyclohexyl-21',24'-dihydroxy-12'-[(2R,4S,5S,6S)-5-[(2S,5S,6S)-5-hydroxy-4-methoxy-6-methyloxan-2-yl]oxy-4-methoxy-6-methyloxan-2-yl]oxy-3,11',13',22'-tetramethylspiro[2,3-dihydropyran-6,6'-3,7,19-trioxatetracyclo[15.6.1.14,8.020,24]pentacosa-10,14,16,22-tetraene]-2'-one",C[C@H]1/C=C/C=C/2\CO[C@H]3[C@@]2([C@@H](C=C([C@H]3O)C)C(=O)O[C@H]4C[C@@H](C/C=C(/[C@H]1O[C@H]5C[C@@H]([C@H]([C@@H](O5)C)O[C@H]6CC([C@H]([C@@H](O6)C)O)OC)OC)\C)O[C@]7(C4)C=C[C@@H]([C@H](O7)C8CCCCC8)C)O,0,42.7130047557986,-0.925989898994294,-5.673243568596657,-3.3841493889830634,-5.0549724487947545
Magnesium Silicate,[O-2].[O-2].[O-2].[Mg+2].[Si+4],0,-2.694101393711611,-6.251401259126887,0.07206835263251005,-4.309782277928877,-0.2812137233614556
"3-(3-(4'-Bromo-(1,1'-biphenyl)-4-yl)-3-hydroxy-1-phenylpropyl)-4-hydroxycoumarin",C1=CC=C(C=C1)[C@H](C[C@H](C2=CC=C(C=C2)C3=CC=C(C=C3)Br)O)C4=C(C5=CC=CC=C5OC4=O)O,0,0.35088714713862773,-2.8906152966754557,2.2401579381491694,3.766110751977208,1.7150860888733221
Dithane M-45,C(CNC(=S)[S-])NC(=S)[S-].C(CNC(=S)[S-])NC(=S)[S-].C(CNC(=S)[S-])NC(=S)[S-].C(CNC(=S)[S-])NC(=S)[S-].C(CNC(=S)[S-])NC(=S)[S-].C(CNC(=S)[S-])NC(=S)[S-].C(CNC(=S)[S-])NC(=S)[S-].C(CNC(=S)[S-])NC(=S)[S-].C(CNC(=S)[S-])NC(=S)[S-].C(CNC(=S)[S-])NC(=S)[S-].[Mn+2].[Mn+2].[Mn+2].[Mn+2].[Mn+2].[Mn+2].[Mn+2].[Mn+2].[Mn+2].[Zn+2],0,-3.061924148443474,-3.8677728113502803,0.4539595298228047,-7.667259081048612,2.4080965576917204
Mefluidide-potassium,CC1=CC(=C(C=C1NC(=O)C)[N-]S(=O)(=O)C(F)(F)F)C.[K+],0,-4.019756669458011,4.837762895632099,-5.557160249500876,-0.5678801521879592,-0.7083604110593421
Tetraglycine hydroperiodide,C(C(=O)O)N.C(C(=O)O)N.C(C(=O)O)N.C(C(=O)O)N.C(C(=O)O)N.C(C(=O)O)N.C(C(=O)O)N.C(C(=O)O)N.C(C(=O)O)N.C(C(=O)O)N.C(C(=O)O)N.C(C(=O)O)N.C(C(=O)O)N.C(C(=O)O)N.C(C(=O)O)N.C(C(=O)O)N.I.I.I.I.II.II.II.II.II,0,-2.421147381574005,-3.4107899140401803,0.3787712222466578,-3.6063108462400852,1.0786359946857904
4-Dansyl aminophenylmercuric acetate,CC(=O)O[Hg]C1=CC=C(C=C1)NS(=O)(=O)C2=CC=CC3=C2C=CC=C3N(C)C,0,-3.289418612878866,6.333083724252579,-4.731522913211996,-1.6132878268760804,-0.04661447129084207
Milbemycin alpha9,CC1CCC2(CC3CC(O2)C/C=C(/CC(/C=C/C=C/4\COC5C4(C(C=C(C5O)COC(=O)C6=CC=CN6)C(=O)O3)O)C)\C)OC1C,0,28.99631545910506,1.455047278012202,-2.014081441986821,3.802714390284238,6.668074572603901
"(10E,14E,16E)-21,24-dihydroxy-5',11,13,22-tetramethyl-6'-propan-2-ylspiro[3,7,19-trioxatetracyclo[15.6.1.14,8.020,24]pentacosa-10,14,16,22-tetraene-6,2'-oxane]-2-one",CC1CCC2(CC3CC(O2)C/C=C(/CC(/C=C/C=C/4\COC5C4(C(C=C(C5O)C)C(=O)O3)O)C)\C)OC1C(C)C,0,31.26789506888715,-1.8389505096334904,-3.680113576633241,1.3092462280028112,3.4943151722570254
Strobilurin,CC(=CC1OC(C2(O1)COC3=C(O2)C=C(C=C3)/C=C/C=C(\C)/C(=C/OC)/C(=O)O)(C)C)C,0,3.106479888367554,-1.2431638351113203,7.166582751740645,12.500754394982206,0.2474345873033901
Methylbromfenvinphos,COP(=O)(OC)O/C(=C/Br)/C1=C(C=C(C=C1)Cl)Cl,0,-2.4400885236366565,-2.581179517525726,-0.6220577846508182,1.0026464606341798,-2.8122066003459096
"[cyano-(4-fluoro-3-phenoxyphenyl)methyl] 3-[(Z)-2-chloro-2-(4-chlorophenyl)ethenyl]-2,2-dimethylcyclopropane-1-carboxylate",CC1(C(C1C(=O)OC(C#N)C2=CC(=C(C=C2)F)OC3=CC=CC=C3)/C=C(/C4=CC=C(C=C4)Cl)\Cl)C,0,-0.7000371921805338,-5.019954608906708,3.197007021091532,16.475928617409068,-12.165701073040603
Calcium cyanide,[C-]#N.[C-]#N.[Ca+2],0,-2.9687794279744106,-5.870493306700605,-0.17039626239078906,-4.010208445046543,-0.9461901204040986
Ammonium Sulfate,[NH4+].[NH4+].[O-]S(=O)(=O)[O-],0,-2.9911671325709763,-1.547319764195446,-2.726686563589217,-4.524985202271964,1.1346801046815582
Copper oxychloride,[OH-].[OH-].[OH-].[Cl-].[Cu+2].[Cu+2],0,-2.1825326961709615,-5.78837393256645,-0.12835677154231329,-3.8352664218230608,-0.5930745314065079
Lauryldimethylammonium acetate,CCCCCCCCCCCCN(C)C.CC(=O)O,0,-1.308768178045141,-4.898772423429617,2.489856652246951,-3.1291255462907177,4.02788832265991
"(1R,2S,3R,5R,6S,7R,8S)-1,6,8,9,10,11,11-Heptachloro-4-oxatetracyclo[6.2.1.02,7.03,5]undec-9-ene",[C@H]12[C@H]([C@@H]([C@H]3[C@@H]1O3)Cl)[C@@]4(C(=C([C@]2(C4(Cl)Cl)Cl)Cl)Cl)Cl,0,-0.19034838096199594,-5.566303432773897,2.0493823610658564,0.6352519952329683,-1.8559436111500376
Propoxycarbazone sodium,CCCOC1=NN(C(=O)N1C)C(=O)[N-]S(=O)(=O)C2=CC=CC=C2C(=O)OC.[Na+],0,-2.51893148503732,14.040976591171278,-5.388484760644317,2.6238293021095496,4.524420018861657
"(1R,4S,5'S,6R,6'R,8R,10E,12S,13S,14E,16E,20R,21R,24S)-6'-[(2R)-Butan-2-yl]-21,24-dihydroxy-12-[(2R,4S,5S,6S)-5-[(2S,4S,5S,6S)-5-hydroxy-4-methoxy-6-methyloxan-2-yl]oxy-4-methoxy-6-methyloxan-2-yl]oxy-5',11,13,22-tetramethylspiro[3,7,19-trioxatetracyclo[15.6.1.14,8.020,24]pentacosa-10,14,16,22-tetraene-6,2'-oxane]-2-one",CC[C@@H](C)[C@@H]1[C@H](CC[C@@]2(O1)C[C@@H]3C[C@H](O2)C/C=C(/[C@H]([C@H](/C=C/C=C/4\CO[C@H]5[C@@]4([C@@H](C=C([C@H]5O)C)C(=O)O3)O)C)O[C@H]6C[C@@H]([C@H]([C@@H](O6)C)O[C@H]7C[C@@H]([C@H]([C@@H](O7)C)O)OC)OC)\C)C,0,45.130113339702014,-1.2767858291826546,-6.404911058715061,-3.4311866998902145,-3.15815309150018
CID 12358497,C1[C@@H]2[C@H]3[C@@H]([C@H]1[C@@H]4[C@H]2O4)[C@]5(C(=C([C@@]3(C5(Cl)Cl)Cl)Cl)Cl)Cl,0,0.5112392548879428,-4.827080752464636,3.9379029992444985,0.48419401463937106,-2.1005676028613567
Npc328442,[C@@H]12[C@@H]([C@H](C([C@H]1Cl)Cl)Cl)[C@]3(C(=C([C@@]2(C3(Cl)Cl)Cl)Cl)Cl)Cl,0,-1.2337151240126816,-5.5542598655195725,1.2020478900318454,-1.2766509332411269,-2.288829203828748
Metaboric acid,B(O)(O)OB(O)OB(O)O,0,-2.3404873521104395,-4.183162179837061,-0.961326146990744,-3.6939179282247845,-0.20137146461013417
"(1R,2R,3R,7S)-1,8,9,10,11,11-hexachlorotetracyclo[6.2.1.13,6.02,7]dodeca-4,9-diene",C1[C@@H]2C=CC1[C@H]3[C@@H]2[C@]4(C(=C(C3(C4(Cl)Cl)Cl)Cl)Cl)Cl,0,-0.48556502786408373,-5.790325447642204,1.6612531291223431,-1.0239366721874978,-2.587795015539065
"(4R,7R,10S,13S,15Z,17R,19S)-7-[(2-bromo-1H-indol-3-yl)methyl]-4-(4-hydroxyphenyl)-8,10,13,15,17,19-hexamethyl-1-oxa-5,8,11-triazacyclononadec-15-ene-2,6,9,12-tetrone",C[C@@H]/1C[C@@H](OC(=O)C[C@@H](NC(=O)[C@H](N(C(=O)[C@@H](NC(=O)[C@H](C/C(=C1)/C)C)C)C)CC2=C(NC3=CC=CC=C32)Br)C4=CC=C(C=C4)O)C,0,5.196580303028873,10.685644896786988,12.953815802879255,19.291517127355466,39.826642200234126
2-Ammonio-4-(methylphosphinato)butanoate,CP(=O)(CCC(C(=O)[O-])[NH3+])[O-],0,-1.720528380453067,-3.2653662832416397,2.0412672725964045,-4.838597075346569,2.5798222946575744
3-Acetyl-4-hydroxy-6-methyl-2H-pyran-2-one,CC1=CC(=C(C(=O)O1)C(=O)C)O,0,-0.75428151632453,-2.631767072369555,0.43828426155731975,1.5789816651617208,-0.26419424248824935
"2-Naphthacenecarboxamide, 4-(dimethylamino)-1,4,4a,5,5a,6,11,12a-octahydro-3,5,6,10,12,12a-hexahydroxy-6-methyl-1,11-dioxo-, hydrochloride (1:1), (4S,4aR,5S,5aR,6S,12aS)-",C[C@@]1([C@H]2[C@@H]([C@H]3[C@@H](C(=O)C(=C([C@]3(C(=O)C2=C(C4=C1C=CC=C4O)O)O)O)C(=O)N)N(C)C)O)O.Cl,0,3.2858465218284905,2.932246571124819,0.4484286453152075,4.2087350555793055,-0.7559977129676034
"Mercurate(1-), hydroxy(4-sulfonatophenyl)-, hydrogen",[H+].C1=CC(=CC=[C-]1)S(=O)(=O)[O-].[OH-].[Hg+2],0,-3.042111348135017,-0.19240134966284805,-3.5777869547519585,-4.137026412712401,0.11994185503837938
Calcium oxytetracycline,C[C@@]1([C@H]2[C@@H]([C@H]3[C@@H](C(=O)C(=C([C@]3(C(=O)C2=C(C4=C1C=CC=C4[O-])[O-])O)O)C(=O)N)N(C)C)O)O.[Ca+2],0,3.1362878878199036,2.56479040245541,0.2545731101355358,3.0351129984766616,-0.19078039703335264
Griseofulvin,C[C@@H]1CC(=O)C=C([C@]12C(=O)C3=C(O2)C(=C(C=C3OC)OC)Cl)OC,0,2.0632618282564694,0.2269727878012468,2.7538188908097623,3.787507369320987,0.10291056138815564
CID 441748,CCN1C[C@@]2(CC[C@@H]([C@@]34[C@@H]2[C@@H]([C@@](C31)([C@]5(C[C@@H]([C@H]6C[C@@H]4[C@@H]5[C@H]6OC)OC)O)O)OC)OC)COC(=O)C7=CC=CC=C7N8C(=O)CC(C8=O)C,0,10.996184742216261,32.46099877627936,54.23851738604784,-18.739903349047708,-13.579290961917344
Azadirachtin A+B,CC=C(C)C(=O)O[C@H]1C[C@H]([C@]2(CO[C@@H]3[C@@H]2[C@]14CO[C@@]([C@H]4[C@]([C@@H]3O)(C)[C@@]56[C@@H]7C[C@H]([C@@]5(O6)C)[C@]8(C=CO[C@H]8O7)O)(C(=O)OC)O)C(=O)OC)OC(=O)C,0,10.128167142811472,2.599350003146932,18.09077468007602,23.624360212017734,16.376410772859874
7-Dehydrocholesterol,C[C@H](CCCC(C)C)[C@H]1CC[C@@H]2[C@@]1(CC[C@H]3C2=CC=C4[C@@]3(CC[C@@H](C4)O)C)C,0,5.807311110937779,-3.47772255381122,3.4971007069761555,1.2617351062476394,4.489222989336788
Strychnine,C1CN2CC3=CCO[C@H]4CC(=O)N5[C@H]6[C@H]4[C@H]3C[C@H]2[C@@]61C7=CC=CC=C75,0,5.0808004693643385,4.631583727624967,4.072635407802506,3.037381981569172,2.931241759571534
Digitoxin,C[C@@H]1[C@H]([C@H](C[C@@H](O1)O[C@@H]2[C@H](O[C@H](C[C@@H]2O)O[C@@H]3[C@H](O[C@H](C[C@@H]3O)O[C@H]4CC[C@]5([C@@H](C4)CC[C@@H]6[C@@H]5CC[C@]7([C@@]6(CC[C@@H]7C8=CC(=O)OC8)O)C)C)C)C)O)O,0,12.753754262298278,1.4289323819130213,6.5879713179301564,2.317270864055976,2.1918509450276544
"(2S)-4-((2S,13R)-2,13-Dihydroxy-13-((2R,5R)-5-((2R,5R)-5-((1R)-1-Hydroxyundecyl)Oxolan-2-Yl)Oxolan-2-Yl)Tridecyl)-2-Methyl-2H-Furan-5-One",CCCCCCCCCC[C@H]([C@H]1CC[C@@H](O1)[C@H]2CC[C@@H](O2)[C@@H](CCCCCCCCCC[C@@H](CC3=C[C@@H](OC3=O)C)O)O)O,0,5.393889669355185,-6.912844992932753,7.969040802726856,-1.3001434156461802,18.976518787969948
Scilliroside,CC(=O)O[C@@H]1C[C@@]2([C@H](CC[C@]3([C@@]2(CC[C@@H]3C4=COC(=O)C=C4)O)C)[C@@]5(C1=C[C@H](CC5)O[C@H]6[C@@H]([C@H]([C@@H]([C@H](O6)CO)O)O)O)C)O,0,9.701038554878053,1.9259817546087443,9.29387454513612,10.397120063539653,8.362182545888011
alpha-Cubebene,C[C@@H]1CC[C@H]([C@H]2[C@]13[C@@H]2C(=CC3)C)C(C)C,0,2.7675246180249777,-4.003793498808403,3.7261080867798957,1.776245265748239,1.8771322504869488
Bispyribac,COC1=CC(=NC(=N1)OC2=C(C(=CC=C2)OC3=NC(=CC(=N3)OC)OC)C(=O)O)OC,0,-2.2294989256359896,4.869015061202017,-2.8861280623059624,2.6603927114556862,-1.8813435346903202
Sodium Arsenite,[O-][As]=O.[Na+],0,-2.7256477366695253,-5.956837845424698,-0.4492673119877413,-4.431119229339955,-0.343248591112516
Fumaric Acid,C(=C/C(=O)O)\C(=O)O,0,-1.799395884813794,-5.305569590638562,0.7780128774687103,-1.8849618452157768,0.019893384570944403
Oleic Acid,CCCCCCCC/C=C\CCCCCCCC(=O)O,0,-0.7247801052579871,-7.093686773346107,3.2183335250351246,-3.1523122916528763,4.782294735423795
"(1R,4S,5'S,6R,6'R,8R,10E,13S,14E,16E,20R,21R,24S)-6'-[(2S)-butan-2-yl]-21,24-dihydroxy-12-[(2R,4S,5S,6S)-5-[(2S,4S,5S,6S)-5-hydroxy-4-methoxy-6-methyloxan-2-yl]oxy-4-methoxy-6-methyloxan-2-yl]oxy-5',11,13,22-tetramethylspiro[3,7,19-trioxatetracyclo[15.6.1.14,8.020,24]pentacosa-10,14,16,22-tetraene-6,2'-oxane]-2-one",CC[C@H](C)[C@@H]1[C@H](CC[C@@]2(O1)C[C@@H]3C[C@H](O2)C/C=C(/C([C@H](/C=C/C=C/4\CO[C@H]5[C@@]4([C@@H](C=C([C@H]5O)C)C(=O)O3)O)C)O[C@H]6C[C@@H]([C@H]([C@@H](O6)C)O[C@H]7C[C@@H]([C@H]([C@@H](O7)C)O)OC)OC)\C)C,0,45.130113339702014,-1.2767858291826546,-6.404911058715061,-3.4311866998902145,-3.15815309150018
alpha-Cyhalothrin,CC1(C(C1C(=O)OC(C#N)C2=CC(=CC=C2)OC3=CC=CC=C3)C=C(C(F)(F)F)Cl)C,0,-1.2781795697209977,-5.366233871961272,3.3228899367386733,17.108476500885043,-13.39900397334091
Neofos 2,CC(=CC1C(C1(C)C)C(=O)OCN2C(=O)C3=C(C2=O)CC=CC3)C.COP(=O)(OC)OC=C(Cl)Cl,0,1.821889916486384,-1.1794663048885476,5.753666502082975,12.28732982256147,-1.3289286380547407
Farnesol,CC(=CCC/C(=C/CC/C(=C/CO)/C)/C)C,0,-0.008489816082436109,-6.3140773243436055,2.4281632712467123,-1.253931338903854,2.6886881389853907
2-(Phosphonomethylamino)acetic acid; propan-2-amine,CC(C)[NH3+].C(C(=O)[O-])NCP(=O)(O)O,0,-2.4722334593036064,-2.5756575726820254,-0.05448984148036726,-5.07211590737028,2.6955627855457513
Selenium,[Se],0,-2.683019293771633,-5.846998807219607,-0.02531542761475751,-3.976386311115915,-0.4700938111377423
Tyrothricin,CC(C)C[C@H]1C(=O)N[C@@H](C(=O)N2CCC[C@H]2C(=O)N[C@H](C(=O)N[C@@H](C(=O)[C@@H](NC(=O)[C@@H](N[C@H](C(=O)N[C@H](C(=O)N[C@H](C(=O)N1)CCCN)C(C)C)CC3=CC=C(C=C3)O)CCC(=O)O)CC(=O)N)CC4=CC=CC=C4)CC5=CC=CC=C5)CC6=CC=CC=C6,0,1.6842636515611078,5.508334063582907,6.196717122839891,6.6265301611229726,18.670535441661123
Phosphinidene,[PH],0,-2.642675341399239,-5.757898952857434,0.005367049021420031,-3.8884142911493913,-0.4284800667120453
"((1S)-2-methyl-4-oxo-3-((2E)-penta-2,4-dienyl)cyclopent-2-en-1-yl) (1R,3R)-3-((E)-3-methoxy-2-methyl-3-oxo-prop-1-enyl)-2,2-dimethyl-cyclopropanecarboxylate",CC1=C(C(=O)C[C@@H]1OC(=O)[C@@H]2[C@H](C2(C)C)/C=C(\C)/C(=O)OC)C/C=C/C=C,0,2.154609184815809,-7.017614704756976,7.941980570480303,18.624662986225793,2.105927024469671
Mercury oleate,CCCCCCCC/C=C\CCCCCCCC(=O)[O-].CCCCCCCC/C=C\CCCCCCCC(=O)[O-].[Hg+2],0,-1.2218284140389668,-7.764874517860779,2.8884840758728516,-3.9793602132826837,4.905080410955109
"(3E,5E)-1,3,5-Decatriene",CCCC/C=C/C=C/C=C,0,-1.4404968406434153,-7.588995542496674,2.2426739081822067,-2.8630343795930964,4.05534220275104
"N-Oleyl-1,3-propylenediamine 2,4-dichlorophenoxyacetate",CCCCCCCC/C=C\CCCCCCCCNCCCN.C1=CC(=C(C=C1Cl)Cl)OCC(=O)O,0,-0.7504870864306606,-2.80271043107531,2.5771704120063865,-0.15512181981902307,2.8695592059016284
"(Z,Z)-11,13-Hexadecadienal",CC/C=C\C=C/CCCCCCCCCC=O,0,-1.644234560792065,-7.032390667005064,2.249439635136782,-2.9910784351513535,3.476988173489349
Strobilurin A,C/C(=C/C=C/C1=CC=CC=C1)/C(=C\OC)/C(=O)OC,0,-0.9346204347489614,-3.9937422183761138,3.417619136752318,6.117853063415675,-0.26387250195588347
Chimeric small nucleolar RNA-TAR decoy,CCN1CC2(CCC(C34C2[C@@H]([C@](C31)([C@]5(CC(C6CC4C5C6OC)OC)O)O)OC)OC)COC(=O)C7=CC=CC=C7N8C(=O)CC(C8=O)C,0,10.996184742216261,32.46099877627936,54.23851738604784,-18.739903349047708,-13.579290961917344
Milbemycin D,C[C@H]1CC[C@]2(C[C@@H]3C[C@H](O2)C/C=C(/C[C@H](/C=C/C=C/4\CO[C@H]5[C@@]4([C@@H](C=C([C@H]5O)C)C(=O)O3)O)C)\C)O[C@@H]1C(C)C,0,31.26789506888715,-1.8389505096334904,-3.680113576633241,1.3092462280028112,3.4943151722570254
Strobilurin F,CC(=CCOC1=C(C=C(C=C1)/C=C/C=C(/C)\C(=C/OC)\C(=O)OC)O)C,0,0.26091690625763625,-3.2398643694792795,3.993855878043245,8.382221188015405,-0.5893103629554144
RU 39568,CCCCOC(=O)/C=C\[C@H]1[C@H](C1(C)C)C(=O)O[C@H](C#N)C2=CC(=C(C=C2)F)OC3=CC=CC=C3,0,0.2533083713974022,-5.0364205553921755,4.364046306006801,15.176053038410442,-9.492958339222456
Milbemycin alpha6,CCCCC(C)C(=O)OC1[C@@H]([C@H](O[C@]2([C@@H]1O)C[C@@H]3C[C@H](O2)C/C=C(/C[C@H](/C=C/C=C/4\CO[C@H]5[C@@]4(C(C=C([C@H]5OC)C)C(=O)O3)O)C)\C)C)C,0,27.967774215318286,-0.9554212590394803,-0.591566150847502,1.6801712614776474,6.303509671570896
Bromacil-lithium,[Li+].CCC(C)N1C(=O)C(=C([N-]C1=O)C)Br,0,-1.1201783872526694,1.3291001656606394,-0.16648986200279406,-0.7783338007222299,1.521910824420597
Pharmakon1600-01300027,CCC(C)[C@@H]1[C@H](CC[C@@]2(O1)C[C@@H]3C[C@H](O2)C/C=C(/[C@H]([C@H](/C=C/C=C/4\CO[C@H]5[C@@]4([C@@H](C=C([C@H]5O)C)C(=O)O3)O)C)OC6C[C@@H](C([C@@H](O6)C)O[C@H]7C[C@@H]([C@H]([C@@H](O7)C)O)OC)OC)\C)C,0,45.130113339702014,-1.2767858291826546,-6.404911058715061,-3.4311866998902145,-3.15815309150018
Cytoline,CC12[C@H](CC[C@@]3([C@@H]1[C@@H]([C@]45[C@H]3CC[C@H](C4)C(=C)C5)C(=O)O)OC2=O)O.CC12[C@H](C=C[C@@]3([C@@H]1[C@@H]([C@]45[C@H]3CC[C@H](C4)C(=C)C5)C(=O)O)OC2=O)O.C1=CC=C(C=C1)CNC2=NC=NC3=C2NC=N3,0,6.2836037783937355,8.954339494915063,10.266556889633911,9.53960718795253,8.387259161953292
Sodium 2-mercaptobenzothiazole,C1=CC=C2C(=C1)N=C(S2)[S-].[Na+],0,-2.5253153239029746,-0.4552729227649693,-0.34147128324713577,-3.4324308738334324,-0.497240730759206
CID 146158032,[2H]C([2H])([2H])NC(=N[N+](=O)[O-])NCC1=CN=C(S1)Cl,0,-2.2557445258141913,2.9323418292487906,-2.222254520079463,-2.432414344211753,2.9193540692458737
"(6R,24S)-21,24-dihydroxy-5',11,13,22-tetramethyl-6'-propan-2-ylspiro[3,7,19-trioxatetracyclo[15.6.1.14,8.020,24]pentacosa-10,14,16,22-tetraene-6,2'-oxane]-2-one",CC1CC[C@]2(CC3CC(O2)CC=C(CC(C=CC=C4COC5[C@@]4(C(C=C(C5O)C)C(=O)O3)O)C)C)OC1C(C)C,0,31.26789506888715,-1.8389505096334904,-3.680113576633241,1.3092462280028112,3.4943151722570254
Toxaphene,C=C1C(C2(C(C(C1(C2(Cl)Cl)Cl)Cl)Cl)Cl)(CCl)CCl,0,-1.436728487431026,-5.3922303938400695,1.5416027440895876,0.38601962475180807,-0.6432649054444357
"(1R,4S,5'S,6R,6'S,8R,10E,12S,13S,14E,16E,20R,21R,24S)-6'-[(2S)-butan-2-yl]-21,24-dihydroxy-12-[(2R,4S,5S,6S)-5-[(2S,4S,5S,6S)-5-hydroxy-4-methoxy-6-methyloxan-2-yl]oxy-4-methoxy-6-methyloxan-2-yl]oxy-5',11,13,22-tetramethylspiro[3,7,19-trioxatetracyclo[15.6.1.14,8.020,24]pentacosa-10,14,16,22-tetraene-6,2'-oxane]-2-one",CC[C@H](C)[C@H]1[C@H](CC[C@@]2(O1)C[C@@H]3C[C@H](O2)C/C=C(/[C@H]([C@H](/C=C/C=C/4\CO[C@H]5[C@@]4([C@@H](C=C([C@H]5O)C)C(=O)O3)O)C)O[C@H]6C[C@@H]([C@H]([C@@H](O6)C)O[C@H]7C[C@@H]([C@H]([C@@H](O7)C)O)OC)OC)\C)C,0,45.130113339702014,-1.2767858291826546,-6.404911058715061,-3.4311866998902145,-3.15815309150018
"[(1S,2R,3R,4S,5R,6S,8R,9S,13S,16S,17R,18S)-11-Ethyl-8,9-dihydroxy-4,6,16,18-tetramethoxy-11-azahexacyclo[7.7.2.12,5.01,10.03,8.013,17]nonadecan-13-yl]methyl 2-[(3S)-3-methyl-2,5-dioxopyrrolidin-1-yl]benzoate",CCN1C[C@@]2(CC[C@@H]([C@@]34[C@@H]2[C@@H]([C@@](C31)([C@]5(C[C@@H]([C@H]6C[C@@H]4[C@@H]5[C@H]6OC)OC)O)O)OC)OC)COC(=O)C7=CC=CC=C7N8C(=O)C[C@@H](C8=O)C,0,10.996184742216261,32.46099877627936,54.23851738604784,-18.739903349047708,-13.579290961917344
Rolliniastatin-2,CCCCCCCCCC[C@@H]([C@H]1CC[C@@H](O1)[C@H]2CC[C@@H](O2)[C@@H](CCCCCCCCCCC(CC3=C[C@@H](OC3=O)C)O)O)O,0,5.393889669355185,-6.912844992932753,7.969040802726856,-1.3001434156461802,18.976518787969948
p-Mercuribenzoate,C1=CC(=CC=C1C(=O)[O-])[Hg],0,-2.1016148443384304,-4.405174075822067,0.8828452017039468,-2.367904001038948,-2.0192260086119176
[3H]methyllycaconitine,CCN1C[C@@]2(CC[C@@H]([C@@]34[C@@H]2[C@@H]([C@@]([C@H]31)([C@]5(C[C@@H]([C@H]6C[C@@H]4[C@@H]5[C@H]6OC)OC)O)O)OC)OC)COC(=O)C7=CC=CC=C7N8C(=O)C[C@@H](C8=O)C,0,10.996184742216261,32.46099877627936,54.23851738604784,-18.739903349047708,-13.579290961917344
Methyl (2E)-(methoxyimino)(2-((((Z)-(1-(3-(trifluoromethyl)phenyl)ethylidene)amino)oxy)methyl)phenyl)acetate,C/C(=N/OCC1=CC=CC=C1/C(=N\OC)/C(=O)OC)/C2=CC(=CC=C2)C(F)(F)F,0,-1.6845866855657772,3.0104158794145417,0.7219219949812781,3.796432193034195,-0.5469722300921671
"(4Z)-3-((2-chloro-1,3-thiazol-5-yl)methyl)-5-methyl-N-nitro-1,3,5-oxadiazinan-4-imine",CN\1COCN(/C1=N\[N+](=O)[O-])CC2=CN=C(S2)Cl,0,-1.3738504581501834,4.076665163520238,-2.3884702765674892,-1.2254907620521533,3.105193295850509
"Bromonitrostyrene, (E)-",C1=CC=C(C=C1)/C=C(\[N+](=O)[O-])/Br,0,-3.1484780505327867,-3.0345438901413653,-0.8626436625733007,-0.829410636621463,-1.1627026443152764
Methyl beta-eleostearate,CCCC/C=C/C=C/C=C/CCCCCCCC(=O)OC,0,-0.43465772945214204,-6.711314746651284,2.6216540721609585,-2.6959388659096484,4.4323592468515285
Ivermectin (USAN:USP:INN:BAN),CCC(C)[C@@H]1[C@H](CC[C@@]2(O1)CC3C[C@H](O2)C/C=C(/[C@H]([C@H](/C=C/C=C/4\CO[C@H]5[C@@]4([C@@H](C=C([C@H]5O)C)C(=O)O3)O)C)O[C@H]6C[C@@H]([C@H]([C@@H](O6)C)OC7C[C@@H]([C@H]([C@@H](O7)C)O)OC)OC)\C)C.C[C@H]1CC[C@]2(CC3C[C@H](O2)C/C=C(/[C@H]([C@H](/C=C/C=C/4\CO[C@H]5[C@@]4([C@@H](C=C([C@H]5O)C)C(=O)O3)O)C)O[C@H]6C[C@@H]([C@H]([C@@H](O6)C)OC7C[C@@H]([C@H]([C@@H](O7)C)O)OC)OC)\C)O[C@@H]1C(C)C,0,45.80165844401423,-1.1674336638060214,-6.458559494490459,-3.3499770017015478,-2.5995064178248306
Eprinomectin,C[C@H]1/C=C\C=C/2\CO[C@H]3[C@@]2([C@@H](C=C([C@H]3O)C)C(=O)O[C@H]4C[C@@H](C/C=C(\[C@H]1O[C@H]5C[C@@H]([C@@H]([C@@H](O5)C)O[C@H]6C[C@H]([C@@H]([C@@H](O6)C)NC(=O)C)OC)OC)/C)O[C@]7(C4)C=C[C@@H]([C@H](O7)C(C)C)C)O,0,41.521989327375024,1.649272980051243,-7.571241544857934,-2.783900742324514,-5.501310404858062
"N-2,4-dinitrophenyl (bis)glycine",C1=C(C(=CC(=C1NCC(=O)O)[N+](=O)[O-])[N+](=O)[O-])NCC(=O)O,0,-2.9877897198765786,0.35096781198691707,-1.4582721275590593,-3.429520565527019,0.575276094881499
Abamectin [ANSI:ISO],CCC(C)[C@@H]1[C@H](C=C[C@@]2(O1)C[C@@H]3C[C@H](O2)C/C=C(/[C@H]([C@H](/C=C/C=C/4\CO[C@H]5[C@@]4([C@@H](C=C([C@H]5O)C)C(=O)O3)O)C)O[C@H]6C[C@@H]([C@H]([C@@H](O6)C)O[C@H]7C[C@@H]([C@H]([C@@H](O7)C)O)OC)OC)\C)C.C[C@H]1/C=C/C=C/2\CO[C@H]3[C@@]2([C@@H](C=C([C@H]3O)C)C(=O)O[C@H]4C[C@@H](C/C=C(/[C@H]1O[C@H]5C[C@@H]([C@H]([C@@H](O5)C)O[C@H]6C[C@@H]([C@H]([C@@H](O6)C)O)OC)OC)\C)O[C@]7(C4)C=C[C@@H]([C@H](O7)C(C)C)C)O,0,44.70962002853331,-0.9724138475793189,-7.012984111911134,-3.7660278315170617,-5.144524335841261
"3,5,7-Triaza-1-azoniatricyclo(3.3.1.13,7)decane, 1,1'-(2-butene-1,4-diyl)bis-, chloride (1:2)",C1N2CN3CN1C[N+](C2)(C3)C/C=C/C[N+]45CN6CN(C4)CN(C6)C5.[Cl-].[Cl-],0,-0.9340937251755845,-1.7405603622786103,1.2778565098431087,-3.63590273505365,1.2776232994422092
Oleyltrimethylammonium chloride,CCCCCCCC/C=C\CCCCCCCC[N+](C)(C)C.[Cl-],0,-1.1616184212401408,-5.928093744791856,2.5439396776707293,-4.293053138104812,5.697022852650485
Acrinathrin,CC1([C@H]([C@H]1C(=O)O[C@H](C#N)C2=CC(=CC=C2)OC3=CC=CC=C3)/C=C\C(=O)OC(C(F)(F)F)C(F)(F)F)C,0,-1.0378919865150154,-4.851379322799832,2.596560356622951,15.94023399105582,-12.774626000650313
gamma-Cyhalothrin,CC1([C@H]([C@H]1C(=O)O[C@H](C#N)C2=CC(=CC=C2)OC3=CC=CC=C3)/C=C(/C(F)(F)F)\Cl)C,0,-1.2781795697209977,-5.366233871961272,3.3228899367386733,17.108476500885043,-13.39900397334091
Strobilurin B,C/C(=C/C=C/C1=CC(=C(C=C1)Cl)OC)/C(=C\OC)/C(=O)OC,0,-1.1327156136201977,-2.8823101109637843,3.3823819680332465,7.310358394038536,-2.168657912673697
Strobilurin H,C/C(=C/C=C/C1=CC(=CC=C1)OC)/C(=C\OC)/C(=O)OC,0,-0.8212721098152046,-3.3990758002046304,3.2200860317005584,7.819545417843757,-1.6674437991806519
"(R)-Cyano(3-phenoxyphenyl)methyl (1R,3S)-3-(2,2-dichloroethenyl)-2,2-dimethylcyclopropanecarboxylate",CC1([C@@H]([C@H]1C(=O)O[C@@H](C#N)C2=CC(=CC=C2)OC3=CC=CC=C3)C=C(Cl)Cl)C,0,-1.0193676738675705,-5.90756675711125,3.67573220193935,16.17546979070795,-12.477398439499545
Fenfluthrin,CC1([C@@H]([C@H]1C(=O)OCC2=C(C(=C(C(=C2F)F)F)F)F)C=C(Cl)Cl)C,0,-0.12372144326238213,-5.109907019939895,4.91257663167379,9.60698891111425,-6.037690199478431
Zinc arsenate,[O-][As](=O)([O-])[O-].[O-][As](=O)([O-])[O-].[Zn+2].[Zn+2].[Zn+2],0,-2.790873648446934,-5.296720297026323,-0.7522275619920479,-4.764628636744528,-0.22689564954571861
Zinc bis(pentachlorophenolate),C1(=C(C(=C(C(=C1Cl)Cl)Cl)Cl)Cl)[O-].C1(=C(C(=C(C(=C1Cl)Cl)Cl)Cl)Cl)[O-].[Zn+2],0,-2.9159217081644617,-4.839118198747776,-0.3242048759020561,-2.07459081407402,-2.659275779937045
Mecoprop-trolamine,CC1=C(C=CC(=C1)Cl)OC(C)C(=O)O.C(CO)N(CCO)CCO,0,-0.9651769643329134,-1.1983766669085714,1.804336870404142,-0.6924895091146506,-1.5034208733973418
"cis-(2-methyl-3-phenylphenyl)methyl (1R,3S)-3-[(E)-2-chloro-3,3,3-trifluoroprop-1-enyl]-2,2-dimethylcyclopropane-1-carboxylate",CC1=C(C=CC=C1C2=CC=CC=C2)COC(=O)[C@@H]3[C@H](C3(C)C)/C=C(\C(F)(F)F)/Cl,0,-1.0179245253467781,-4.462203402906371,3.7948602726846743,13.277233980124928,-7.840339771619027
"4,3(2H)-dione, 3a,4,7,7a-tetrahydro-5-(hydroxyphenyl-2-pyridinylmethyl)-8-(phenyl-2-pyridinylmethylene)-",C1=CC=C(C=C1)/C(=C/2\C3C=C(C2C4C3C(=O)NC4=O)C(C5=CC=CC=C5)(C6=CC=CC=N6)O)/C7=CC=CC=N7,0,0.5115186288999406,3.2767674449099706,1.3355787143669693,6.695888615394868,2.4704819991521614
Quizalofop-p-ethyl,CCOC(=O)[C@@H](C)OC1=CC=C(C=C1)OC2=CN=C3C=C(C=CC3=N2)Cl,0,-0.7655871821914664,1.8906963239723467,-0.10026966255933238,3.166227040635157,-4.585405526335021
Methoquin-butyl,CCCCOC(=O)C1=C(C=NC2=CC=CC=C21)C,0,-1.1673036250335675,-0.5706428184328401,1.3648924399011422,0.6950493681150313,0.5255642221923933
Copper arsenate hydroxide (Cu2(AsO4)(OH)),[OH-].[O-][As](=O)([O-])[O-].[Cu+2].[Cu+2],0,-2.318896300676534,-5.518087466464317,-0.7936793842214076,-4.660812317167029,-0.4050416859164535
Dicyclanil,C1CC1NC2=NC(=C(C(=N2)N)C#N)N,0,-2.5174879265850323,-0.28343750561547193,-1.5760402959010011,-2.247354531932965,-0.34303972274727423
"(1R,4S,5'S,6R,6'R,8R,12S,13S,20R,21R,24S)-6'-[(2S)-butan-2-yl]-21,24-dihydroxy-12-[(2R,4S,5S,6S)-5-[(2S,4S,5S,6S)-5-hydroxy-4-methoxy-6-methyloxan-2-yl]oxy-4-methoxy-6-methyloxan-2-yl]oxy-5',11,13,22-tetramethylspiro[3,7,19-trioxatetracyclo[15.6.1.14,8.020,24]pentacosa-10,14,16,22-tetraene-6,2'-oxane]-2-one",CC[C@H](C)[C@@H]1[C@H](CC[C@@]2(O1)C[C@@H]3C[C@H](O2)CC=C([C@H]([C@H](C=CC=C4CO[C@H]5[C@@]4([C@@H](C=C([C@H]5O)C)C(=O)O3)O)C)O[C@H]6C[C@@H]([C@H]([C@@H](O6)C)O[C@H]7C[C@@H]([C@H]([C@@H](O7)C)O)OC)OC)C)C,0,45.130113339702014,-1.2767858291826546,-6.404911058715061,-3.4311866998902145,-3.15815309150018
"(R)-cyano(3-phenoxyphenyl)methyl (1S,3S)-3-(2,2-dichloroethenyl)-2,2-dimethylcyclopropanecarboxylate",CC1([C@@H]([C@@H]1C(=O)O[C@@H](C#N)C2=CC(=CC=C2)OC3=CC=CC=C3)C=C(Cl)Cl)C,0,-1.0193676738675705,-5.90756675711125,3.67573220193935,16.17546979070795,-12.477398439499545
"2,4-Dinitro-6-(1'-methylheptyl)phenol",CCCCCCC(C)C1=C(C(=CC(=C1)[N+](=O)[O-])[N+](=O)[O-])O,0,-1.9276074606235984,-0.26914797259463413,-0.8887826257293846,-3.093576544531553,3.571946283573326
Azithiram,CN(C)NC(=S)SSC(=S)NN(C)C,0,-2.768988308658251,-1.608244824324316,-2.1055538793827173,-4.730298956371429,1.135289358279202
Oxine-copper,C1=CC2=C(C(=C1)[O-])N=CC=C2.C1=CC2=C(C(=C1)[O-])N=CC=C2.[Cu+2],0,-2.595014748893684,-1.3450955754253078,-1.1530812944944373,-1.4242834874725399,-1.8450451806776647
Phenylmercury dimethyldithiocarbamate,CN(C)C(=S)[S-].C1=CC=[C-]C=C1.[Hg+2],0,-2.666004301735726,-2.946793247850911,-0.6264499093062433,-4.787858956546324,-1.1342459840470676
Nithiazine,C1CN/C(=C\[N+](=O)[O-])/SC1,0,-2.2700238032197784,-0.6313557411508876,-0.5657922101228275,-2.364654679531988,3.518339188995494
"Manganese, (N-(2-((dithiocarboxy)amino)ethyl)carbamodithioato(2-)-kappaS,kappaS')-, mixt. with C,C'-dimethyl N,N'-(1,2-phenylenebis(iminocarbonothioyl))bis(carbamate) and (N-(2-((dithiocarboxy)amino)ethyl)carbamodithioato(2-)-kappaS,kappaS')zinc",COC(=O)NC(=S)NC1=CC=CC=C1NC(=S)NC(=O)OC.C(CNC(=S)[S-])NC(=S)[S-].C(CNC(=S)[S-])NC(=S)[S-].[Mn+2].[Zn+2],0,-2.3212575764175987,1.4993583920949725,-0.5050249103133431,-4.290143615062456,1.2559458136112622
Tecoram,CN(C)C(=S)SSC(=S)NCCNC(=S)SSC(=S)N(C)C,0,-3.2675472120378957,-1.8328418593356237,-0.6175179528459979,-6.452592854439664,2.675147275486348
Nitenpyram,CCN(CC1=CN=C(C=C1)Cl)/C(=C/[N+](=O)[O-])/NC,0,-2.38016352906362,1.3027029363913791,-1.9221528841980113,-1.7720730943108574,0.8128703649079629
Methiuron,CC1=CC(=CC=C1)NC(=S)N(C)C,0,-3.504917943705781,-0.5988080887960237,-1.5675939212037517,-3.1690685661443645,-1.5680692211007063
Benazolin-ethyl,CCOC(=O)CN1C2=C(C=CC=C2Cl)SC1=O,0,-0.8960853646157702,2.4771650403549597,1.7388922513467335,1.6081352141521341,1.2277743739341527
Diammonium ethylenebis(dithiocarbamate),C(CNC(=S)S)NC(=S)S.N.N,0,-2.820893394344098,-3.435817873541855,-0.053923131366569864,-6.880822860853717,2.5593045057103057
Piproctanyl bromide,CC(C)CCCC(C)CC[N+]1(CCCCC1)CC=C.[Br-],0,1.095990311602584,-3.6023744844137857,3.5340539300040597,-3.3777681540767435,4.995697523823287
Metam,CNC(=S)S,0,-2.9836117280419137,-3.623098057369987,-1.2082878305523495,-4.566829811931967,0.23979301446502305
"2(3H)-Benzothiazolethione, compd. with 2-aminoethanol (1:1)",C1=CC=C2C(=C1)NC(=S)S2.C(CO)N,0,-2.1678797079457675,1.1814502521900052,0.1727006979276612,-1.841425804740181,4.390914750764552
"Manganese, (N-(2-((dithiocarboxy)amino)ethyl)carbamodithioato(2-)-kappaS,kappaS')-, mixt. with C,C'-dimethyl N,N'-(1,2-phenylenebis(iminocarbonothioyl))bis(carbamate)",COC(=O)NC(=S)NC1=CC=CC=C1NC(=S)NC(=O)OC.C(CNC(=S)[S-])NC(=S)[S-].[Mn+2],0,-2.243979675593686,1.6893335762838737,-0.4935350029881881,-3.944041394845168,1.2338149907659979
"11-Tetradecen-1-ol, (11E)-",CC/C=C/CCCCCCCCCCO,0,-0.8522442319318143,-6.721738801891742,2.7615762078092616,-3.477732092604246,5.291651976265579
S-Methoprene,C[C@@H](CCCC(C)(C)OC)C/C=C/C(=C/C(=O)OC(C)C)/C,0,1.329243246537991,-6.741285838068153,2.663481288664734,-0.15294909873321494,3.752910248843402
Potassium o-phenylphenate,C1=CC=C(C=C1)C2=CC=CC=C2[O-].[K+],0,-2.8262712161172736,-4.249597227554321,-0.06507536873934998,-1.3869116247926658,-2.8484363217240922
Sodium 3-(3-ethylcyclopentyl)propanoate,CCC1CCC(C1)CCC(=O)[O-].[Na+],0,0.4135468777008342,-4.997147820430122,4.470816465325067,-4.888956146004499,1.2743837391885777
"Sulfamic acid, monopotassium salt",NS(=O)(=O)[O-].[K+],0,-3.481858947502936,-0.9290317347420374,-3.403888013501587,-4.938709580151081,1.1767689985607728
3-Chloro-2-biphenylol sodium,C1=CC=C(C=C1)C2=C(C(=CC=C2)Cl)[O-].[Na+],0,-2.8450294378357133,-4.323604388001754,0.09369479141721584,-0.1941264410203187,-3.5275660693406743
Proxan-sodium,CC(C)OC(=S)[S-].[Na+],0,-1.697515722505919,-4.727286388636123,0.49625213166555604,-3.973437449068583,-0.8207353766553432
"Benzenesulfonic acid, methyl-, potassium salt (1:1)",CC1=CC=CC=C1S(=O)(=O)[O-].[K+],0,-3.214881067646951,1.2616565999597833,-2.724594767470843,-3.5194382277113334,-0.25105533859884593
Sodium Perborate Monohydrate,B(=O)O[O-].O.[Na+],0,-1.6191113605385656,-5.102671469934252,-0.29114134397768615,-3.6464613535948605,0.647157467572489
"Potassium 3,4-dichloro-5-isothiazolecarboxylate",C1(=C(SN=C1Cl)C(=O)[O-])Cl.[K+],0,-3.2124126378363225,-0.6143662189916682,-1.187612812407954,-2.2977859151208806,-0.8537494766864743
Acrofol,C(=C\Cl)\C(=O)[O-].[Na+],0,-2.4294048637784615,-6.34817603057715,0.39905453483807124,-2.5725507781352146,-1.3451937092111956
Potassium Iodate,[O-]I(=O)=O.[K+],0,-3.159203970607873,-5.701954742375345,-0.6475146503276585,-4.262192965925187,-0.5297191908020222
Thiosultap-monosodium,CN(C)C(CSS(=O)(=O)O)CSS(=O)(=O)[O-].[Na+],0,-2.681347121078118,-0.7811132603231449,-2.582056667281521,-5.593292960074111,3.185439310076096
Sodium 4-(2-methylbutan-2-yl)phenolate,CCC(C)(C)C1=CC=C(C=C1)[O-].[Na+],0,-0.8245691181068963,-4.238759012265954,-0.07230322686452834,-1.9129753102007925,-1.1991201555706372
Potassium 4-(2-methylbutan-2-yl)phenolate,CCC(C)(C)C1=CC=C(C=C1)[O-].[K+],0,-1.066086146535432,-4.241302209394655,-0.015186173143789833,-1.9080220119609934,-1.1907375075823496
"3,5-Dichloro-2-biphenylol potassium salt",C1=CC=C(C=C1)C2=C(C(=CC(=C2)Cl)Cl)[O-].[K+],0,-3.2648192040154678,-4.47109711273701,-0.09272978194225125,-0.6721218980511814,-4.123805493219082
"Sodium 2-(2,4,5-trichlorophenoxy)propionate",CC(C(=O)[O-])OC1=CC(=C(C=C1Cl)Cl)Cl.[Na+],0,-1.4357084944014058,-3.950914436035486,-0.04007573774464825,-0.38582620199769563,-3.7640831834659068
Sodium nitriloacetate,C(C(=O)O)N(CC(=O)O)CC(=O)[O-].[Na+],0,-1.4682108627784536,-3.9167926318600226,1.3126190818157717,-4.0158967728449095,1.479571904858273
Sodium cresylate,CC1=CC=CC=C1[O-].[Na+],0,-2.2075422514483565,-3.6347294245655823,0.7556988302165714,-2.5649283133371146,-2.2653735987299153
Fluoressigaeure,C(C(=O)O)F.[Na+],0,-2.17347399907591,-5.435100740272165,0.4735179068810078,-2.9840551929181656,-0.5005181210379506
Difenacoum,C1C(CC2=CC=CC=C2C1C3=C(C4=CC=CC=C4OC3=O)O)C5=CC=C(C=C5)C6=CC=CC=C6,0,1.1058413745410778,-2.224820424092094,2.9479711344710005,4.325066338169336,3.4394588663047383
Coumatetralyl,C1CC(C2=CC=CC=C2C1)C3=C(C4=CC=CC=C4OC3=O)O,0,1.3974111113598344,-2.3873279695156335,3.0217164217665458,2.5662008814881605,2.3264823001541832
Coumafuryl,CC(=O)CC(C1=CC=CO1)C2=C(C3=CC=CC=C3OC2=O)O,0,0.9028316320494131,-0.5066209265649998,2.5094961686441972,2.4479068565754147,1.647005756794973
Strobilurin C,CC(=CCOC1=CC=CC(=C1)/C=C/C=C(/C)\C(=C/OC)\C(=O)OC)C,0,-0.15347229792388584,-3.6943353274089334,3.8869626430055,9.001203046368047,-1.476679021273145
Para-chloromercuriphenol,C1=CC(=CC=C1O)[Hg+].[Cl-],0,-2.051123816731765,-4.063559676966715,1.292582141744869,-1.5171057824070544,0.5863055026376637
"(1'R,2R,3S,4'S,6S,8'R,10'Z,12'S,13'S,14'Z,16'Z,20'R,21'R,24'S)-2-cyclohexyl-21',24'-dihydroxy-12'-[(2R,4S,5S,6S)-5-[(2S,4S,5S,6S)-5-hydroxy-4-methoxy-6-methyloxan-2-yl]oxy-4-methoxy-6-methyloxan-2-yl]oxy-3,11',13',22'-tetramethylspiro[2,3-dihydropyran-6,6'-3,7,19-trioxatetracyclo[15.6.1.14,8.020,24]pentacosa-10,14,16,22-tetraene]-2'-one",C[C@H]1/C=C\C=C/2\CO[C@H]3[C@@]2([C@@H](C=C([C@H]3O)C)C(=O)O[C@H]4C[C@@H](C/C=C(\[C@H]1O[C@H]5C[C@@H]([C@H]([C@@H](O5)C)O[C@H]6C[C@@H]([C@H]([C@@H](O6)C)O)OC)OC)/C)O[C@]7(C4)C=C[C@@H]([C@H](O7)C8CCCCC8)C)O,0,42.7130047557986,-0.925989898994294,-5.673243568596657,-3.3841493889830634,-5.0549724487947545
"(1'R,2R,3S,4'S,6S,8'R,10'Z,12'S,13'S,14'Z,16'Z,20'R,21'R,24'S)-2-[(2S)-butan-2-yl]-21',24'-dihydroxy-12'-[(2R,4S,5S,6S)-4-methoxy-5-[(2S,4S,5R,6S)-4-methoxy-6-methyl-5-(methylamino)oxan-2-yl]oxy-6-methyloxan-2-yl]oxy-3,11',13',22'-tetramethylspiro[2,3-dihydropyran-6,6'-3,7,19-trioxatetracyclo[15.6.1.14,8.020,24]pentacosa-10,14,16,22-tetraene]-2'-one",CC[C@H](C)[C@@H]1[C@H](C=C[C@@]2(O1)C[C@@H]3C[C@H](O2)C/C=C(\[C@H]([C@H](/C=C\C=C/4\CO[C@H]5[C@@]4([C@@H](C=C([C@H]5O)C)C(=O)O3)O)C)O[C@H]6C[C@@H]([C@H]([C@@H](O6)C)O[C@H]7C[C@@H]([C@@H]([C@@H](O7)C)NC)OC)OC)/C)C,0,43.94257119357053,0.33178339406844515,-7.642010526121152,-3.907048421476752,-5.79053907245583
"(1R,4S,5'S,6R,6'S,8R,10E,13R,16E,20R,21R,24S)-21,24-dihydroxy-4'-methoxyimino-5',11,13,22-tetramethyl-6'-[(E)-4-methylpent-2-en-2-yl]spiro[3,7,19-trioxatetracyclo[15.6.1.14,8.020,24]pentacosa-10,14,16,22-tetraene-6,2'-oxane]-2-one",C[C@@H]1C/C(=C/C[C@@H]2C[C@@H](C[C@@]3(O2)CC(=NOC)[C@@H]([C@H](O3)/C(=C/C(C)C)/C)C)OC(=O)[C@@H]4C=C([C@H]([C@@H]5[C@]4(/C(=C/C=C1)/CO5)O)O)C)/C,0,29.69926341613752,0.9547666021356883,-5.3206721276249676,4.6253387848528655,5.399572237229834
"Methyllycaconitine Perchlorate, Delphinium sp.",CCN1CC2(CCC(C34C2C(C(C31)(C5(CC(C6CC4C5C6OC)OC)O)O)OC)OC)COC(=O)C7=CC=CC=C7N8C(=O)CC(C8=O)C,0,10.996184742216261,32.46099877627936,54.23851738604784,-18.739903349047708,-13.579290961917344
"1,3-Oxazolidine",C1COCN1,0,-1.114649992037824,-2.6895055076736694,1.2894791243138588,-3.233857162626087,3.5181891817330375
Potassium nitrite,N(=O)[O-].[K+],0,-2.8976415302843535,-5.003331836873448,-0.90443655748993,-4.352178948879861,-0.22122540574614802
Dalapon sodium,CC(C(=O)[O-])(Cl)Cl.[Na+],0,-2.4860533814137384,-5.581164721988731,-2.7973863718522767e-05,-2.9248964249497713,-1.1102940446911693
Fenoprop-isoctyl,CC(C)CCCCCOC(=O)C(C)OC1=CC(=C(C=C1Cl)Cl)Cl,0,0.7145974563070464,-3.7608642012482205,1.8245211606621994,0.5202042390887355,-0.6354914230994564
Potassium thiocyanate,C(#N)[S-].[K+],0,-2.910182229166563,-5.584202950665631,0.03053463150270678,-3.970048113290979,-1.4219255352641198
Sodium Bicarbonate,C(=O)(O)[O-].[Na+],0,-2.2702827760062747,-5.740957601668272,0.043203879004460245,-3.5773903028069127,-0.6252022957734624
Potassium bisulfate,OS(=O)(=O)[O-].[K+],0,-2.9831943273548247,-2.1742985665346986,-2.6467684273150476,-4.624115641451945,0.8984438442444679
Potassium Bicarbonate,C(=O)(O)[O-].[K+],0,-2.5117998044348115,-5.743500798796971,0.1003209327251988,-3.572437004567114,-0.6168196477851745
Sodium Acetate,CC(=O)[O-].[Na+],0,-2.166082535186199,-5.827904196112318,0.2508388816803921,-3.1586727897164555,-0.5553377215826402
Dioctyl Sodium Sulfosuccinate,CCCCCCCCOC(=O)CC(C(=O)OCCCCCCCC)S(=O)(=O)[O-].[Na+],0,-0.1041947993310748,-2.103353305133332,-0.3492054154439744,-3.606677050322137,6.0161887343303855
Sodium thiocyanate,C(#N)[S-].[Na+],0,-2.6686652007380274,-5.581659753536932,-0.02658242221803197,-3.9750014115307812,-1.4303081832524083
Potassium Permanganate,[O-][Mn](=O)(=O)=O.[K+],0,-2.9264071663412006,-4.872280641211781,-0.7428937707177808,-4.50068465075489,0.025282395651684067
Sodium Bisulfate,OS(=O)(=O)[O-].[Na+],0,-2.7416772989262888,-2.1717553694059997,-2.703885481035787,-4.629068939691743,0.8900611962561805
Sodium Benzoate,C1=CC=C(C=C1)C(=O)[O-].[Na+],0,-1.9978639069677344,-4.950661058085178,0.07892927678786472,-2.2022842273129672,-1.8218418534726313
Ammonium Carbonate,C(=O)([O-])[O-].[NH4+].[NH4+],0,-2.518890273429994,-4.926683597088262,-0.1088754474348809,-3.599983648231577,-0.32298094912008973
"2,4-DB isooctyl ester",CC(C)CCCCCOC(=O)CCCOC1=C(C=C(C=C1)Cl)Cl,0,-0.5897930366903117,-4.478253035934905,2.4060576683497183,0.9366769525380432,0.4150739094068719
Vamidothion,CC(C(=O)NC)SCCSP(=O)(OC)OC,0,-1.197932870521129,-1.643263547568643,0.07169166896718344,-2.296776680506008,2.2990216224695117
"(1aR,4E,6R,6aR,9aS,10aR)-6-(Acetyloxy)-1a,3,6,6a,7,9a,10,10a-octahydro-4,10a-dimethyl-7-methyleneoxireno(8,9)cyclodeca(1,2-b)furan-8(2H)-one",C/C/1=C\[C@H]([C@H]2[C@H](C[C@@]3([C@H](O3)CC1)C)OC(=O)C2=C)OC(=O)C,0,4.787301620760122,-2.60924615647797,5.388582527849979,8.176776058339044,7.047243922699947
cinerin II,C/C=C\CC1=C([C@H](CC1=O)OC(=O)[C@@H]2[C@H](C2(C)C)/C=C(\C)/C(=O)OC)C,0,1.6759629475476274,-6.5058603191032045,7.544315383260984,17.10420786784786,1.8209592304125204
Discipline,CC1=C(C=CC=C1C2=CC=CC=C2)COC(=O)C3C(C3(C)C)/C=C(/C(F)(F)F)\Cl,0,-1.0179245253467781,-4.462203402906371,3.7948602726846743,13.277233980124928,-7.840339771619027
"5-Decen-1-ol, (5E)-",CCCC/C=C/CCCCO,0,-0.8237384636735984,-6.658937518036172,2.661228354452069,-3.7965018808973636,4.933655766171283
Di-allate,CC(C)N(C(C)C)C(=O)SC/C(=C/Cl)/Cl,0,-2.35568193735412,-3.260048369194922,0.1253979465589958,-1.5904311522857295,0.20445044422373518
Zineb,C(CNC(=S)[S-])NC(=S)[S-].[Zn+2],0,-2.990372345363943,-3.812311277151332,0.43691729816077884,-7.182941472562686,2.176809041305768
Vinylene bisthiocyanate,C(=C/SC#N)\SC#N,0,-2.6680207764755246,-5.411015028239278,-0.17143921326670086,-2.7516695943634115,-0.9110590485829407
Emamectin,CC[C@H](C)C1[C@H](C=C[C@@]2(O1)C[C@@H]3C[C@H](O2)C/C=C(/[C@H]([C@H](/C=C/C=C/4\CO[C@H]5[C@@]4([C@@H](C=C([C@H]5O)C)C(=O)O3)O)C)O[C@H]6C[C@@H]([C@H]([C@@H](O6)C)O[C@H]7C[C@@H]([C@@H]([C@@H](O7)C)NC)OC)OC)\C)C,0,43.94257119357053,0.33178339406844515,-7.642010526121152,-3.907048421476752,-5.79053907245583
Ethylenebis(dithiocarbamate),C(CNC(=S)[S-])NC(=S)[S-],0,-2.855304626666359,-3.3826345386609273,0.44904341218089744,-6.560268229267025,2.140142135547449
Picramic Acid,C1=C(C=C(C(=C1N)O)[N+](=O)[O-])[N+](=O)[O-],0,-2.640720478784961,0.1946844719525089,-2.3542028956727123,-3.066859399280692,-0.275020369422397
Lead(IV) arsenate (3:4),[O-][As](=O)([O-])[O-].[O-][As](=O)([O-])[O-].[O-][As](=O)([O-])[O-].[Pb].[Pb].[Pb].[Pb],0,-2.712685569658881,-5.2651270070453124,-0.6344271385039297,-4.497411469338994,0.03781027815476894
"Crotonic acid, 3-(((ethylamino)methoxyphosphinothioyl)oxy)-, isopropyl ester",CCNP(=S)(OC)O/C(=C\C(=O)OC(C)C)/C,0,-0.7836241279336125,-0.9233924830492277,-1.2117362429322027,-1.1072207081995897,1.6645058000046256
"(1R,4S,4'Z,5'S,6R,8R,10E,13R,14E,16E,20R,21R,24S)-21,24-Dihydroxy-4'-methoxyimino-5',11,13,22-tetramethyl-6'-[(E)-4-methylpent-2-en-2-yl]spiro[3,7,19-trioxatetracyclo[15.6.1.14,8.020,24]pentacosa-10,14,16,22-tetraene-6,2'-oxane]-2-one",C[C@@H]\1C/C(=C/C[C@@H]2C[C@@H](C[C@@]3(O2)C/C(=N/OC)/[C@@H](C(O3)/C(=C/C(C)C)/C)C)OC(=O)[C@@H]4C=C([C@H]([C@@H]5[C@]4(/C(=C/C=C1)/CO5)O)O)C)/C,0,29.69926341613752,0.9547666021356883,-5.3206721276249676,4.6253387848528655,5.399572237229834
"Gossyplure, (Z,E)-",CCCC/C=C/CC/C=C\CCCCCCOC(=O)C,0,-0.26353002789922614,-6.9195154185965,3.335833064947063,-1.7214585393617958,4.11629602241601
"(1'R,2R,3S,4'S,6S,8'R,10'E,13'S,14'E,16'E,20'R,21'R,24'S)-2-cyclohexyl-21',24'-dihydroxy-12'-[(2R,4S,6S)-5-[(2S,4S,5S,6S)-5-hydroxy-4-methoxy-6-methyloxan-2-yl]oxy-4-methoxy-6-methyloxan-2-yl]oxy-3,11',13',22'-tetramethylspiro[2,3-dihydropyran-6,6'-3,7,19-trioxatetracyclo[15.6.1.14,8.020,24]pentacosa-10,14,16,22-tetraene]-2'-one",C[C@H]1C=C[C@]2(C[C@@H]3C[C@H](O2)C/C=C(/C([C@H](/C=C/C=C/4\CO[C@H]5[C@@]4([C@@H](C=C([C@H]5O)C)C(=O)O3)O)C)O[C@H]6C[C@@H](C([C@@H](O6)C)O[C@H]7C[C@@H]([C@H]([C@@H](O7)C)O)OC)OC)\C)O[C@@H]1C8CCCCC8,0,42.7130047557986,-0.925989898994294,-5.673243568596657,-3.3841493889830634,-5.0549724487947545
"(4R,7R,10S,13R,15E,17R,19S)-7-[(2-bromo-1H-indol-3-yl)methyl]-4-(4-hydroxyphenyl)-8,10,13,15,17,19-hexamethyl-1-oxa-5,8,11-triazacyclononadec-15-ene-2,6,9,12-tetrone",C[C@@H]\1C[C@@H](OC(=O)C[C@@H](NC(=O)[C@H](N(C(=O)[C@@H](NC(=O)[C@@H](C/C(=C1)/C)C)C)C)CC2=C(NC3=CC=CC=C32)Br)C4=CC=C(C=C4)O)C,0,5.196580303028873,10.685644896786988,12.953815802879255,19.291517127355466,39.826642200234126
CID 6436601,C/C=C(\C)/C(=O)O[C@H]1C[C@H]([C@]2(CO[C@@H]3[C@@H]2[C@]14CO[C@@]([C@H]4[C@]([C@@H]3O)(C)[C@@]56C7C[C@H]([C@@]5(O6)C)[C@]8(C=CO[C@H]8O7)O)(C(=O)OC)O)C(=O)OC)OC(=O)C,0,10.128167142811472,2.599350003146932,18.09077468007602,23.624360212017734,16.376410772859874
Diniconazole,CC(C)(C)C(/C(=C\C1=C(C=C(C=C1)Cl)Cl)/N2C=NC=N2)O,0,-2.034283420598643,1.151168388794809,-1.5263146980875621,0.6866211297215816,-1.4428838629536196
"9,12-Tetradecadien-1-ol, 1-acetate, (9E,12Z)-",C/C=C\C/C=C/CCCCCCCCOC(=O)C,0,-0.47703982699581127,-6.548690905980254,3.2028608346010423,-0.5474530400743871,3.623614628198047
Copper oleate,CCCCCCCC/C=C\CCCCCCCC(=O)[O-].CCCCCCCC/C=C\CCCCCCCC(=O)[O-].[Cu+2],0,-1.2299348672119599,-7.819289008588302,2.8456838097041652,-4.209915925300985,4.930460593486814
"Moxidectin, (23Z)-",C[C@@H]\1C/C(=C/C[C@@H]2C[C@@H](C[C@@]3(O2)C/C(=N/OC)/[C@@H]([C@H](O3)/C(=C/C(C)C)/C)C)OC(=O)[C@@H]4C=C([C@H]([C@@H]5[C@]4(/C(=C/C=C1)/CO5)O)O)C)/C,0,29.69926341613752,0.9547666021356883,-5.3206721276249676,4.6253387848528655,5.399572237229834
Nitrostyrene,C/C(=C/C1=CC=C(C=C1)SC#N)/[N+](=O)[O-],0,-3.112732583084699,-1.1519029790820698,-0.9192516261406032,-2.111259440032036,-0.37106419435270493
Strobilurin G,CC(=CCO[C@H]1COC2=C(C=C(C=C2)/C=C/C=C(/C)\C(=C/OC)\C(=O)OC)OC1(C)C)C,0,2.9002894217361765,-1.7672360832352743,7.8519805358789245,11.66010635704197,0.974374342009884
"(5-benzylfuran-3-yl)methyl (1S,3R)-2,2-dimethyl-3-[(E)-(2-oxothiolan-3-ylidene)methyl]cyclopropane-1-carboxylate",CC1([C@@H]([C@@H]1C(=O)OCC2=COC(=C2)CC3=CC=CC=C3)/C=C/4\CCSC4=O)C,0,1.0565444807282725,-4.037974048609844,7.137086961836959,17.424452365534474,-3.55295408219073
"N-Trichloromethylthio-cis-delta(sup 4)-cyclohexene-1,2-dicarboximide",C1C=CC[C@H]2[C@@H]1C(=O)N(C2=O)SC(Cl)(Cl)Cl,0,-1.0565986746699754,1.8199512521171393,-0.48591428467339626,-0.5815425032401383,1.030118600735758
Milbemycin beta2,CCC1C(CCC2(O1)CC3CC(O2)C/C=C(\CC(/C=C/C=C(\C4(CC(C(=CC4C(=O)O3)C)OC)O)/CO)C)/C)C,0,21.746444623221638,-1.8585252128348546,0.23553749524849615,2.636121231857123,6.0858796178841885
Triarathene,C1=CC=C(C=C1)C2=C(SC(=C2)C3=CC=C(C=C3)Cl)C4=CC=CC=C4,0,-2.8493380478050625,-3.041125882743172,-0.4586254497875785,-0.6787114675738534,-2.898654974087998
MCPA-trolamine,CC1=C(C=CC(=C1)Cl)OCC(=O)O.C(CO)N(CCO)CCO,0,-1.511343346233252,-1.11728585206221,1.5470962360270393,-0.5624624313704276,-0.15149190308294133
Ivermectin B1a,CC[C@H](C)[C@@H]1[C@H](CC[C@@]2(O1)C[C@@H]3C[C@H](O2)C/C=C(/[C@H]([C@H](/C=C/C=C/4\CO[C@H]5[C@@]4([C@@H](C=C([C@H]5O)C)C(=O)O3)O)C)O[C@H]6C[C@@H]([C@H]([C@@H](O6)C)O[C@H]7C[C@@H]([C@H]([C@@H](O7)C)O)OC)OC)\C)C,0,45.130113339702014,-1.2767858291826546,-6.404911058715061,-3.4311866998902145,-3.15815309150018
"2,4-D Methylamine salt",CN.C1=CC(=C(C=C1Cl)Cl)OCC(=O)O,0,-2.0555547616376746,-2.41306621843519,0.5500441211275873,0.6650407052618493,-2.4580746694725044
9-Tricosene,CCCCCCCCCCCCC/C=C/CCCCCCCC,0,-1.454841552365614,-7.143901768305296,2.222460683811092,-3.9655021677395843,3.9455810755603355
"pyran]-7-yl 4-O-[4-(acetylamino)-2,4,6-trideoxy-3-O-met",CCC(C)C1C(C=CC2(O1)CC3CC(O2)C/C=C(/C(C(/C=C/C=C/4\COC5C4(C(C=C(C5O)C)C(=O)O3)O)C)OC6CC(C(C(O6)C)OC7CC(C(C(O7)C)NC(=O)C)OC)OC)\C)C,0,43.33214591597894,1.6490245935228982,-7.733706035443682,-3.4599405547853745,-5.373388599522244
Paraclox,C1=CC(=CC=C1C(=O)/C(=N\O)/Cl)O,0,-1.6942694497627848,-1.3874067592251675,0.8580872089982157,1.195532867466502,0.15526774396396478
Tributyltin acetate,CCCC[Sn](CCCC)(CCCC)OC(=O)C,0,-1.2352587831351192,-5.688300119597812,2.315910676794656,-3.3832762782429793,4.109913368408965
"(Z)-5,5,12,12-Tetrabutyl-7,10-dioxo-6,11-dioxa-5,12-distannahexadec-8-ene",CCCC[Sn](CCCC)(CCCC)OC(=O)/C=C\C(=O)O[Sn](CCCC)(CCCC)CCCC,0,-1.183459826173923,-5.435147933158414,2.2266633319095352,-3.075024575178383,4.489697011944901
"Bomyl, (Z)-",COC(=O)C/C(=C/C(=O)OC)/OP(=O)(OC)OC,0,-0.8566246593956357,-3.4026551368872657,0.6732601676634842,-0.6575731626198961,0.5973471080993189
Nystatin [USP:INN:BAN:JAN],C[C@H]1/C=C/C=C/CC/C=C/C=C/C=C/C=C/C(CC2C(C(C[C@](O2)(CC(C(CCC(CC(CC(CC(=O)O[C@H]([C@@H]([C@@H]1O)C)C)O)O)O)O)O)O)O)C(=O)O)O[C@@H]3[C@H]([C@H]([C@@H]([C@H](O3)C)O)N)O,0,11.787363640506346,2.621292163474901,2.0764820196621443,4.557450406053284,5.67732824993142
"O-((E)-2-Chloro-1-(2,5-dichlorophenyl)ethenyl) O,O-diethyl phosphorothioate",CCOP(=S)(OCC)O/C(=C/Cl)/C1=C(C=CC(=C1)Cl)Cl,0,-2.757846298154732,-2.3992345634754257,-0.6570829904211979,-0.9982929709691204,-1.2818252972218533
Triphenylplumbyl acetate,CC(=O)O[Pb](C1=CC=CC=C1)(C2=CC=CC=C2)C3=CC=CC=C3,0,-1.2459748337945171,-3.6540199784666356,-0.30663773597191485,-0.9720629792427102,-1.2523313159373295
Triethanolamine Oleate,CCCCCCCC/C=C\CCCCCCCC(=O)O.C(CO)N(CCO)CCO,0,-0.8167047100282985,-5.261962090963093,3.4609199029735924,-4.0656955706931965,6.618129570040787
Quaternium-15 trans-,C1N2CN3CN1C[N+](C2)(C3)C/C=C/Cl.[Cl-],0,-1.606128533295837,-1.5306101988656222,1.4997414604532815,-2.9884161297785,1.3754224760052696
Aluminum hydroxybenzenesulfonate,C1=CC=C(C=C1)S(=O)(=O)O[Al].O.O,0,-3.34698582765397,0.17445601544368905,-3.1882568550508275,-2.3501177907280444,0.436285131051058
1-(1-Methylethyl) 4-(tributylstannyl) butanedioate,CCCC[Sn](CCCC)(CCCC)OC(=O)CCC(=O)OC(C)C,0,-0.07978875173885445,-5.6430380629947905,2.4318962482926394,-2.5105361504106667,4.37364583603959
Tributylstannyl 2-hydroxy-5-(((tributylstannyl)oxy)sulfonyl)benzoate,CCCC[Sn](CCCC)(CCCC)OC(=O)C1=C(C=CC(=C1)S(=O)(=O)O[Sn](CCCC)(CCCC)CCCC)O,0,-1.8571870149740346,1.3268191257493327,-1.1363173169238305,-2.0767832614543917,5.209379743628664
Tributyltin linoleate,CCCCC/C=C\C/C=C\CCCCCCCC(=O)O[Sn](CCCC)(CCCC)CCCC,0,-1.2154927217337979,-7.079761125442412,3.257285987654468,-3.7031719042420193,6.291277007431706
"(mu-((3,3'-Methylenebis(2-naphthalenesulfonato-kappaO))(2-)))diphenyldimercury",C1=CC=C(C=C1)[Hg]OS(=O)(=O)C2=CC3=CC=CC=C3C=C2CC4=CC5=CC=CC=C5C=C4S(=O)(=O)O[Hg]C6=CC=CC=C6,0,-2.977652942693847,1.4673454515507065,-3.022946375214524,-2.020397699887221,-1.1345739479381425
Grandlure IV,CC1(CCC/C(=C\C=O)/C1)C,0,0.7900719300042219,-4.9105628548317934,2.2513227045759994,0.336766845221138,1.760579167517662
Kinoprene,CC(C)CCCC(C)C/C=C/C(=C/C(=O)OCC#C)/C,0,0.3590823714167483,-6.4378040694290375,4.500582631713494,-0.13337004376208714,3.9897361182436266
Chloromethoxypropylmercuric acetate,CC(=O)O[Hg]CCCOCCl,0,-0.8437985109000434,-5.01259456796647,1.5795761887712012,-2.1375591203302,1.5773798752307913
Vaporthrin,CC/C=C(\C)/C(C#C)OC(=O)C1C(C1(C)C)C=C(C)C,0,0.5004294886119325,-6.643609850242088,4.141414405120466,9.88609949728662,-3.033713879433477
Bis(tributyltin) dodecenylsuccinate,CCCCCCCCCC/C=C/C(CC(=O)O[Sn](CCCC)(CCCC)CCCC)C(=O)O[Sn](CCCC)(CCCC)CCCC,0,-1.1082658288737162,-6.078717988418543,3.7250084072207748,-2.872940323205683,5.713039701524949
Icone,CC1([C@H]([C@H]1C(=O)OC(C#N)C2=CC(=CC=C2)OC3=CC=CC=C3)/C=C(/C(F)(F)F)\Cl)C,0,-1.2781795697209977,-5.366233871961272,3.3228899367386733,17.108476500885043,-13.39900397334091
Tributyltin monopropyleneglycol maleate,CCCC[Sn](CCCC)CCCC.CC(CO)O.C(=C\C(=O)O)\C(=O)O.O,0,-0.43631318906146827,-5.57798829191737,3.4021925237262636,-2.8172682493446826,4.508415968859907
Bis(tripropyltin) oxide,CCC[Sn](CCC)(CCC)O[Sn](CCC)(CCC)CCC,0,-1.7569869766612232,-5.16833668770551,1.1579622598735508,-4.475431689236369,2.625901561139041
p-Aminophenylmercuric acetate,CC(=O)O[Hg]C1=CC=C(C=C1)N,0,-2.3035380634382703,-3.1159715891152713,0.011751634617239255,-2.8875928853451436,-1.782645043604343
"2,7-Dihydroxy-1,3,2-benzodioxabismole-5-carboxylic acid",C1=C(C=C2C(=C1O)O[Bi]O2)C(=O)O.O,0,0.2728443309177191,-2.3110935504082932,0.9237173309303081,0.28037983528691984,0.1122739347183507
"Mercury, (mu-(metasilicato(2-)-O:O))bis(2-methoxyethyl)di-",COCC[Hg]O[Si](=O)O[Hg]CCOC,0,-1.6892614703632276,-3.9475669985037887,1.083267115967175,-2.7169910168750344,3.1697897774615313
Phenylmercuric lactate,CC(C(=O)O[Hg]C1=CC=CC=C1)O,0,-1.235656161870342,-3.778514595110105,1.2331686500259602,-1.6126870312110904,-0.9993107939335771
Phenylmercuric ammonium acetate,CC(=O)O[Hg]C1=CC=CC=C1.N,0,-2.050684917550073,-3.8473565457870333,0.6111599232888991,-2.1621844346647077,-1.6870668814618097
Bis(tributyltin) adipate,CCCC[Sn](CCCC)(CCCC)OC(=O)CCCCC(=O)O[Sn](CCCC)(CCCC)CCCC,0,-1.335233130615349,-5.5657584671694185,2.3026248238922657,-3.6909070759179734,4.76700622720472
"Mercury, (acetato-kappaO)[4-[[4-(dimethylamino)phenyl]azo]phenyl]-",CC(=O)O[Hg]C1=CC=C(C=C1)N=NC2=CC=C(C=C2)N(C)C,0,-1.9957921775962097,-0.9391548132264577,-0.8569527928916436,-2.809734408600021,-1.3491837782917357
4-(Acetoxymercuri)phenyl azide,CC(=O)O[Hg]C1=CC=C(C=C1)N=[N+]=[N-],0,-2.6464322942308036,-2.1873473656078466,-0.511200975407693,-2.796591295602163,-1.1428239804402385
Japonilure,CCCCCCCC/C=C\[C@H]1CCC(=O)O1,0,1.3501872973497209,-5.831632266772154,3.8902254972020622,-0.28434161844422234,7.158858244124264
Tributyltin methacrylate,CCCC[Sn](CCCC)(CCCC)OC(=O)C(=C)C,0,-0.5781399731325405,-6.261436744079646,2.8324718864786314,-1.805352998509074,4.841528607338253
Phenylmercuric propionate,CCC(=O)O[Hg]C1=CC=CC=C1,0,-1.576454217356725,-4.038649012194211,1.195004159878585,-2.1890614184512005,-0.9840067076220201
Tolylmercuric acetate,CC1=CC=C(C=C1)[Hg]OC(=O)C,0,-1.7088905618604953,-3.9462217119337413,0.44098142009377045,-2.2665153518114938,-1.8261147670690365
Tributyltin acrylate,CCCC[Sn](CCCC)(CCCC)OC(=O)C=C,0,-0.8148260575185492,-6.254030556924174,2.5536076161237284,-2.8888528084873144,4.692292780884918
Bis(tributyltin) salicylate,CCCC[Sn](CCCC)(CCCC)OC1=CC=CC=C1C(=O)O[Sn](CCCC)(CCCC)CCCC,0,-0.968741405011425,-1.8815268571083232,2.021291499574694,-1.2760902362167215,3.312118774665904
Phenylmercury salicylate,C1=CC=C(C=C1)[Hg]OC(=O)C2=CC=CC=C2O,0,-1.0942250494171046,-1.9114958928536219,0.6424634855635094,-0.9313445151332825,-2.624572051200548
Methylmercury benzoate,C[Hg]OC(=O)C1=CC=CC=C1,0,-2.3578476066550413,-3.0483319304727083,0.0856469015507698,-1.1890612205556934,-1.483822745359942
"3H-2,1-Benzoxamercurol-3-one",C1=CC=C2C(=C1)C(=O)O[Hg]2,0,-1.2320645456968433,-2.763364145037559,2.121677636258932,-0.2283177401802083,-1.1889841751420434
Phenylmercury 2-ethylhexanoate,CCCCC(CC)C(=O)O[Hg]C1=CC=CC=C1,0,-0.4966549488865081,-3.4729555364377918,3.3199862109705056,-2.0795408941673856,0.635703938257123
"mercury, (acetato-O)(phenylmethyl)-",CC(=O)O[Hg]CC1=CC=CC=C1,0,-0.4245402683838179,-4.413450702993897,0.33628427502550035,-1.0935049902929694,-1.3574192404337146
Pyrethrins,CC1=C(C(=O)C[C@@H]1OC(=O)[C@@H]2[C@H](C2(C)C)C=C(C)C)C/C=C\C=C.CC1=C(C(=O)C[C@@H]1OC(=O)[C@@H]2[C@H](C2(C)C)/C=C(\C)/C(=O)OC)C/C=C\C=C,0,2.5452101776806306,-7.255737553949522,8.171509906795338,19.651053951653864,2.0938413228783794
Dtxcid5022065,C1[C@@H]2C=C[C@@H]1[C@H]3[C@@H]2[C@]4(C(=C([C@@]3(C4(Cl)Cl)Cl)Cl)Cl)Cl,0,-0.48556502786408373,-5.790325447642204,1.6612531291223431,-1.0239366721874978,-2.587795015539065
Methoxymethyl-tetrafluorobenzyl tetramethyl-cyclopropanecarboxylate,CC1(C(C1(C)C)C(=O)OC(C2=C(C(=C(C=C2)COC)F)F)(F)F)C,0,0.056914209691775824,-0.4753568051187854,3.117974504858523,4.093829951165975,-3.4817613981255358
Magnesium 2-ethylhexanoate quinolin-8-olate,CCCCC(CC)C(=O)[O-].C1=CC2=C(C(=C1)[O-])N=CC=C2.[Mg+2],0,-0.9567089286995628,-0.7417993874614093,1.4419822523182688,-0.7906113612548827,0.7625225104532019
(Rac)-Epoxiconazole,C1=CC=C(C(=C1)C2[C@@](O2)(CN3C=NC=N3)C4=CC=C(C=C4)F)Cl,0,0.9168814394313711,1.9394431462045485,-0.5195142265142446,2.8520809709093373,0.6411139181845487
Triethanolamine thiocyanate,C(CO)N(CCO)CCO.C(#N)S,0,-2.0108868240406874,-3.1447952253442324,2.2540636895071873,-4.487102390334192,1.8988656474397199
Fluorethrin,CC1(C(C1C(=O)OCC2=COC(=C2)CC3=CC=CC=C3)C=C(F)F)C,0,0.687002632732478,-5.07551702984839,6.177951395318015,15.890269589301184,-5.656389538339774
4-Nitrobenzenecarboperoxoic acid,C1=CC(=CC=C1C(=O)OO)[N+](=O)[O-],0,-2.9363391659652214,-0.7878249513648222,-1.3991451080367652,-1.832729246842526,-1.5916958537002142
"Carbamo(dithioperoxo)thioic acid, N,N-dimethyl-, 1,1-dimethylethyl ester",CC(C)(C)SSC(=S)N(C)C,0,-3.2948847886730546,-2.7924948556772917,-1.3912846061340878,-4.152675493401376,0.16354574750076206
Thifensulfuron methyl,CC1=NC(=NC(=N1)OC)NC(=O)NS(=O)(=O)C2=C(SC=C2)C(=O)OC,0,-3.110989956735354,16.850472709346477,-10.450655230564806,2.719758053454165,2.1308023550743607
"3,3,4,4-Tetrachlorotetrahydrothiophene 1,1-dioxide",C1C(C(CS1(=O)=O)(Cl)Cl)(Cl)Cl,0,-2.2106845058743687,-0.7683220695285169,-0.2332740384671955,-2.684882929466047,0.7338148438760288
Paclobutrazol,CC(C)(C)[C@@H]([C@H](CC1=CC=C(C=C1)Cl)N2C=NC=N2)O,0,-2.142646613880229,1.3048852257121517,-0.9934263719832062,0.08329061009108446,0.0804551568521001
"O-(4-Bromo-3,6-dichlorophenyl) O-methyl ethylphosphonothionate",CCP(=S)(OC)OC1=CC(=C(C=C1Cl)Br)Cl,0,-2.446517163964822,-1.5612355107138653,-0.4103081089732767,-0.5137889622882627,-0.417214848615507
"2-Methyl-N,N-diethylbenzamide",CCN(CC)C(=O)C1=CC=CC=C1C,0,-2.3381232035302824,-1.2635595666858705,0.6711120010218284,-1.9353463002101736,-0.03852865472609069
Brompyrazon,C1=CC=C(C=C1)N2C(=O)C(=C(C=N2)N)Br,0,-2.3095493010881922,2.7702960473779568,-1.6937897425106079,0.21941240256181369,-0.710370020617023
"Acetic acid, copper salt (1:?)",CC(=O)O.[Cu],0,-2.142188151075033,-5.701964939580016,0.7011980879501902,-2.247170441374456,-0.316472015731271
Haloxydine,C1(=C(NC(=C(C1=O)Cl)F)F)Cl,0,-2.6164349818947423,-1.7519110319076703,-0.2791151213148219,0.21739651397110088,-0.42488456707707384
Isofenchlorfos,COP(=O)(OC)SC1=CC=C(C=C1)Cl,0,-2.728178657190897,-2.184536688512065,-1.5120084473345816,-1.5014920583723876,-1.2423685186201012
"4-Phenyl-3H-1,2-dithiole-3-thione",C1=CC=C(C=C1)C2=CSSC2=S,0,-2.668937373484559,-1.4644036717115556,0.9962434451995492,-1.3570817099209043,-0.2221371040604014
Isopropyl trichloroacetate,CC(C)OC(=O)C(Cl)(Cl)Cl,0,-2.025087457063692,-4.529395503051393,0.09732308715807599,-1.171494343075758,-1.512088936657171
N-1-Naphthylphthalimide,C1=CC=C2C(=C1)C=CC=C2N3C(=O)C4=CC=CC=C4C3=O,0,-1.6949522517548012,2.2889806155924166,2.5159951474979727,-0.48370784941493655,-1.4859878861425986
Tetraconazole,C1=CC(=C(C=C1Cl)Cl)C(CN2C=NC=N2)COC(C(F)F)(F)F,0,-3.275455588423048,2.8496620405727446,-1.3162737257357424,0.14082044213623526,-1.6966870304345263
"Benzenecarbothioic acid, 2-hydroxy-",C1=CC=C(C(=C1)C(=O)S)O,0,-1.884881883104488,-1.3641296911878253,1.0795268064899621,-1.8276753158945753,-1.7655753405853363
"1,2-Benzenediol, 1-(N-methylcarbamate)",CNC(=O)OC1=CC=CC=C1O,0,-1.9990137757000233,-1.135516478050862,-0.5082877444461946,-0.06445053899273544,-1.8832897126637322
"Acetamide, 2-((p-methoxybenzyl)oxy)-N,N-dipropyl-",CCCN(CCC)C(=O)COCC1=CC=C(C=C1)OC,0,-1.2572912342282407,-0.45621393411508754,1.5732985506863928,-0.44675017778141535,2.242092307212742
Cyproconazole,CC(C1CC1)C(CN2C=NC=N2)(C3=CC=C(C=C3)Cl)O,0,-1.157659044330557,1.178350488239039,0.6262063701162417,1.548963817688518,1.5996827205597626
Spiroxamine,CCCN(CC)CC1COC2(O1)CCC(CC2)C(C)(C)C,0,2.049733323702173,-0.5506807837468599,3.0722279451592134,-1.2791314979641866,4.153835323345823
Acibenzolar-S-Methyl,CSC(=O)C1=C2C(=CC=C1)N=NS2,0,-2.4392416225767075,2.5598007352104593,-2.150390365435433,-1.3098772353906916,0.5217417725893047
Tetraamminecopper carbonate,C(=O)([O-])[O-].N.N.N.N.[Cu+2],0,-2.628517122533096,-5.1753712467361535,-0.15079742728243578,-4.007186159801284,-0.3489001233424624
"4-[(13R)-2,13-dihydroxy-13-[(2R,5S)-5-[(2S)-5-[(1S)-1-hydroxyundecyl]oxolan-2-yl]oxolan-2-yl]tridecyl]-2-methyl-2H-furan-5-one",CCCCCCCCCC[C@@H](C1CC[C@H](O1)[C@@H]2CC[C@@H](O2)[C@@H](CCCCCCCCCCC(CC3=CC(OC3=O)C)O)O)O,0,5.393889669355185,-6.912844992932753,7.969040802726856,-1.3001434156461802,18.976518787969948
"(1R,4S,5'S,6R,6'R,8R,12S,13S,20R,21R,24S)-6'-[(2R)-butan-2-yl]-21,24-dihydroxy-12-[(2R,4S,5S,6S)-5-[(2S,4S,5S,6S)-5-hydroxy-4-methoxy-6-methyloxan-2-yl]oxy-4-methoxy-6-methyloxan-2-yl]oxy-5',11,13,22-tetramethylspiro[3,7,19-trioxatetracyclo[15.6.1.14,8.020,24]pentacosa-10,14,16,22-tetraene-6,2'-oxane]-2-one",CC[C@@H](C)[C@@H]1[C@H](CC[C@@]2(O1)C[C@@H]3C[C@H](O2)CC=C([C@H]([C@H](C=CC=C4CO[C@H]5[C@@]4([C@@H](C=C([C@H]5O)C)C(=O)O3)O)C)O[C@H]6C[C@@H]([C@H]([C@@H](O6)C)O[C@H]7C[C@@H]([C@H]([C@@H](O7)C)O)OC)OC)C)C,0,45.130113339702014,-1.2767858291826546,-6.404911058715061,-3.4311866998902145,-3.15815309150018
Dihydrorotenone,CC(C)[C@H]1CC2=C(O1)C=CC3=C2O[C@@H]4COC5=CC(=C(C=C5[C@@H]4C3=O)OC)OC,0,3.6512160592955984,0.9882602978897832,3.753872887452995,7.4386164013972085,2.5822296235453286
Potassium Bromide,[K+].[Br-],0,-2.8603916057373673,-6.330193897514212,0.05499630373634295,-4.141070125687523,-0.6417845640499052
Sodium Bromide,[Na+].[Br-],0,-2.6188745773088318,-6.327650700385513,-0.0021207499843956482,-4.146023423927324,-0.6501672120381935
"Phoxim, (E)-",CCOP(=S)(OCC)O/N=C(/C#N)\C1=CC=CC=C1,0,-2.7574994548489635,-0.9781736983007444,-0.32909092999155914,-0.3623027909331728,1.3064656772093768
Benzphenazone,C1=CC=C(C=C1)/C(=N/NC2=C(C=C(C=C2Cl)Cl)Cl)/Cl,0,-2.8716093160731,-1.0522815169385165,-1.9214440552408762,-0.7637587931170425,-3.5632424341574964
"3,13-Octadecadien-1-ol acetate, (3Z,13Z)-",CCCC/C=C\CCCCCCCC/C=C\CCOC(=O)C,0,-0.7595895463658325,-6.849227759556601,3.3730195313663445,-1.8219085056299604,4.051863071388808
(E)-9-Dodecenyl acetate,CC/C=C/CCCCCCCCOC(=O)C,0,-0.28478579424807926,-6.882424881145618,3.284534778459977,-1.363066565684942,4.117677043630243
Myristoleyl alcohol,CCCC/C=C\CCCCCCCCO,0,-0.8228282857094592,-6.817319412244068,2.7675388706150326,-3.8753869337091196,5.2204925167170355
"Thiofanox, (E)-",CC(C)(C)/C(=N\OC(=O)NC)/CSC,0,-1.8951869577823433,1.9939096301683872,2.426470558756341,-3.123627082727845,0.5308070542498938
"4-Tridecen-1-yl acetate, (4E)-",CCCCCCCC/C=C/CCCOC(=O)C,0,-0.7405941793174335,-6.938938233657848,3.470238588206289,-1.775605039092647,4.405784078534439
"11-Tetradecenyl acetate, (11Z)-",CC/C=C\CCCCCCCCCCOC(=O)C,0,-0.28478579424807926,-6.882424881145618,3.284534778459977,-1.363066565684942,4.117677043630243
Squamocin G,CCCCCCCCCC[C@H]([C@@H]1CC[C@H](O1)[C@@H]2CC[C@H](O2)[C@H](CCCCCCCCCC[C@@H](CC3=CC(OC3=O)C)O)O)O,0,5.393889669355185,-6.912844992932753,7.969040802726856,-1.3001434156461802,18.976518787969948
Chrysanthemumdicarboxylic acid,C/C(=C\C1C(C1(C)C)C(=O)O)/C(=O)O,0,0.0954780685171848,-6.130126321258357,3.05295350649114,6.299858718120948,-1.4646646829943446
Hydroprene,CCOC(=O)/C=C(\C)/C=C/CC(C)CCCC(C)C,0,0.10673997570976783,-7.21839484411582,3.545226941520695,-0.8851095505974997,4.7903442428904
Vitamin D3,C[C@H](CCCC(C)C)[C@H]1CC[C@@H]\2[C@@]1(CCC/C2=C\C=C/3\C[C@H](CCC3=C)O)C,0,4.602542863211742,-4.082563153644846,5.910549677387279,4.307257420944051,7.982498042218442
Cinoxate,CCOCCOC(=O)/C=C/C1=CC=C(C=C1)OC,0,-0.556255500044912,-3.238278995612954,2.694434647936381,2.3158415219493604,0.8920031853033654
Dicrotophos,C/C(=C\C(=O)N(C)C)/OP(=O)(OC)OC,0,-1.6085039037573148,-1.9089807585424425,-0.41189987545819834,-0.8894755707467283,-0.0020913753967490146
"Cyclopropanecarboxylic acid, 3-(3-methoxy-2-methyl-3-oxo-1-propenyl)-2,2-dimethyl-, 2-methyl-4-oxo-3-(2,4-pentadienyl)-2-cyclopenten-1-yl ester, (1R-(1alpha(S*(Z)),3beta(E)))-",CC1=C(C(=O)CC1OC(=O)C2C(C2(C)C)/C=C(\C)/C(=O)OC)C/C=C/C=C,0,2.154609184815809,-7.017614704756976,7.941980570480303,18.624662986225793,2.105927024469671
Hydrogen methylarsonate,C[As](=O)(O)[O-],0,-2.591506189974619,-4.730433590350562,-0.9454411424775987,-4.371102639044349,-0.21257481491183472
p-Chloromercuribenzenesulfonate,C1=CC(=CC=C1S(=O)(=O)[O-])[Hg]Cl,0,-3.7622623548126493,-0.8968001230619704,-3.706735526114332,-4.641237574396332,0.10206402352912168
Miedzian 50,[OH-].[OH-].[OH-].[Cl-].[Cl-].[Cu+2].[Cu+2],0,-2.1825326961709615,-5.78837393256645,-0.12835677154231329,-3.8352664218230608,-0.5930745314065079
Sodium;sulfane,[Na+].S,0,-2.554417569053648,-6.046786996007106,-0.05609937376892268,-4.175145703161777,-0.2954183786797135
S-Hydroprene,CCOC(=O)/C=C(\C)/C=C/C[C@@H](C)CCCC(C)C,0,0.10673997570976783,-7.21839484411582,3.545226941520695,-0.8851095505974997,4.7903442428904
Tetrachlorvinphos,COP(=O)(OC)O/C(=C\Cl)/C1=CC(=C(C=C1Cl)Cl)Cl,0,-2.506547788662385,-2.8685067215040383,-0.615755942170464,0.1361705566884314,-2.7634743540464535
Azadirachtin,C/C=C(\C)/C(=O)O[C@H]1C[C@H]([C@]2(CO[C@@H]3[C@@H]2[C@]14CO[C@@]([C@H]4[C@]([C@@H]3O)(C)[C@@]56[C@@H]7C[C@H]([C@@]5(O6)C)[C@]8(C=CO[C@H]8O7)O)(C(=O)OC)O)C(=O)OC)OC(=O)C,0,10.128167142811472,2.599350003146932,18.09077468007602,23.624360212017734,16.376410772859874
Cinerin I,C/C=C\CC1=C([C@H](CC1=O)OC(=O)[C@@H]2[C@H](C2(C)C)C=C(C)C)C,0,1.935063423869621,-6.629707319988875,7.106575014742984,15.803508554247392,1.273751669832462
Pyrethrin II,CC1=C(C(=O)C[C@@H]1OC(=O)[C@@H]2[C@H](C2(C)C)/C=C(\C)/C(=O)OC)C/C=C\C=C,0,2.154609184815809,-7.017614704756976,7.941980570480303,18.624662986225793,2.105927024469671
Hexadecenoic Acid,CCCCCCCCCCCCC/C=C/C(=O)O,0,-0.9791600456813281,-6.943934567809738,2.827862571790351,-2.434471444630672,3.905829998712782
Nerolidol,CC(=CCC/C(=C/CCC(C)(C=C)O)/C)C,0,0.5052583567494647,-6.057959706174677,2.4071349716215185,-0.15864419939039442,3.1753220110016267
Strychnine sulfate,C1CN2CC3=CCO[C@H]4CC(=O)N5[C@H]6[C@H]4[C@H]3C[C@H]2[C@@]61C7=CC=CC=C75.C1CN2CC3=CCO[C@H]4CC(=O)N5[C@H]6[C@H]4[C@H]3C[C@H]2[C@@]61C7=CC=CC=C75.OS(=O)(=O)O,0,4.550004356175732,8.589699594687044,1.2493578304786044,2.6283543797642754,4.365702853405484
Cobalt naphthenate,CCC1CCC(C1)CCC(=O)[O-].CCC1CCC(C1)CCC(=O)[O-].[Co+2],0,0.37828862110468314,-4.354209829656779,4.590110127792325,-4.567869874120854,1.5674825198807822
4-(para-Sulfophenylazo)-2-mercuriphenol,[H+].C1=CC(=CC=C1N=NC2=C[C-]=C(C=C2)O)S(=O)(=O)[O-].[OH-].[Hg+2],0,-2.5440740533545583,2.9196272916854342,-4.074278083381928,-2.9396263845804853,0.2788484898159303
Chlortetracycline,C[C@@]1([C@H]2C[C@H]3[C@@H](C(=O)C(=C([C@]3(C(=O)C2=C(C4=C(C=CC(=C41)Cl)O)O)O)O)C(=O)N)N(C)C)O,0,3.5538879561225314,2.9675609978799655,2.091968699828041,3.540888136953975,0.8937524347694107
Prosulfalin,CCCN(CCC)C1=C(C=C(C=C1[N+](=O)[O-])S(=O)(=O)N=S(C)C)[N+](=O)[O-],0,-3.4556133486257665,5.629102513274267,-4.6552563764772374,-5.04962574723305,5.417929106859796
Tralocythrin,CC1(C(C1C(=O)OC(C#N)C2=CC(=CC=C2)OC3=CC=CC=C3)C(C(Cl)(Cl)Br)Br)C,0,-1.5821030254647346,-4.301442244103486,3.333886605197177,13.813173164028184,-11.459864936278018
"Acetamide, 2-chloro-N-(2,6-diethylphenyl)-N-(methoxymethyl)-, mixt. with 6-chloro-N-ethyl-N'-(1-methylethyl)-1,3,5-triazine-2,4-diamine",CCC1=C(C(=CC=C1)CC)N(COC)C(=O)CCl.CCNC1=NC(=NC(=N1)Cl)NC(C)C,0,-2.35064741069966,4.09436216025603,-1.2818819532995336,-3.3516568433100513,0.8872825872424136
"Sulfamic acid, magnesium salt (2:1)",NS(=O)(=O)[O-].NS(=O)(=O)[O-].[Mg+2],0,-3.342643935150813,-0.3650096185197247,-3.5019737077765756,-4.9520394735830795,1.486155211537215
Cacodylate,C[As](=O)(C)[O-],0,-2.5839029010173973,-4.9505280676159975,-0.6021241129730418,-4.224352467166975,-0.2569245133284733
Propisochlor,CCC1=CC=CC(=C1N(COC(C)C)C(=O)CCl)C,0,-1.8977614973995218,-1.04969205348941,1.3864150047457104,-1.327887619192414,0.49968356103260664
Bifenazate,CC(C)OC(=O)NNC1=C(C=CC(=C1)C2=CC=CC=C2)OC,0,-1.4305121683093882,1.7505822406782054,0.20776394839205273,2.3977790608904117,-2.8112945959402924
"Isobutyric acid, ammonium salt",CC(C)C(=O)[O-].[NH4+],0,-2.257371135760758,-5.2225303887833965,0.1544799672783569,-2.93329831457849,-0.39462527818087173
Endothall,C1C[C@H]2[C@@H]([C@@H]([C@@H]1O2)C(=O)O)C(=O)O,0,1.0685232388816852,-4.105815059004031,2.0830794836715167,-0.3220195429854842,2.9150606463212885
Grandisol,CC(=C)[C@@H]1CC[C@]1(C)CCO,0,0.7902193715783777,-4.792261424606627,3.778474986481767,0.6283892527010936,3.852352314943534
"1-[4-Chloro-2-fluoro-5-(2-propyn-1-yloxy)phenyl]-3,5-dimethyl-4-nitro-1h-pyrazole",CC1=C(C(=NN1C2=CC(=C(C=C2F)Cl)OCC#C)C)[N+](=O)[O-],0,-2.27575667292157,4.206488024169483,-2.401098598012369,1.661796889187737,-2.4220771187858867
"Benzoic acid, 2-((((4,5-dihydro-4-methyl-5-oxo-3-propoxy-1H-1,2,4-triazol-1-yl)carbonyl)amino)sulfonyl)-, methyl ester",CCCOC1=NN(C(=O)N1C)C(=O)NS(=O)(=O)C2=CC=CC=C2C(=O)OC,0,-2.6549871427729133,16.00234152777238,-6.665933948973619,2.3029210540883462,4.635679829917279
Quizalofop,CC(C(=O)O)OC1=CC=C(C=C1)OC2=CN=C3C=C(C=CC3=N2)Cl,0,-1.803415455564106,1.7786170095297587,-0.05508107222325431,3.1859490024826895,-5.676318558022163
DL-Plus,CCOP(=S)(OCC)OC1=NC(=NC(=C1)C)C(C)C.C1C=CCC2C1C(=O)N(C2=O)SC(Cl)(Cl)Cl.C1(C(C(C(C(C1Cl)Cl)Cl)Cl)Cl)Cl,0,-0.14407275412957524,7.047357986235032,-2.303167687460147,0.8047988062917482,3.5188977270676367
"trans-2-Butene-1,4-diol",C(/C=C/CO)O,0,-0.9848643315935961,-5.893819347322912,1.1467467640635287,-2.9729676978612947,1.3908130040627373
"(2S)-4-[(2R,13R)-2,13-dihydroxy-13-[(5R)-5-[(2R,5R)-5-[(1S)-1-hydroxyundecyl]oxolan-2-yl]oxolan-2-yl]tridecyl]-2-methyl-2H-furan-5-one",CCCCCCCCCC[C@@H]([C@H]1CC[C@@H](O1)[C@H]2CCC(O2)[C@@H](CCCCCCCCCC[C@H](CC3=C[C@@H](OC3=O)C)O)O)O,0,5.393889669355185,-6.912844992932753,7.969040802726856,-1.3001434156461802,18.976518787969948
Mavrik,CC(C)[C@@H](C(=O)OC(C#N)C1=CC(=CC=C1)OC2=CC=CC=C2)NC3=C(C=C(C=C3)C(F)(F)F)Cl,0,-2.3252386453350553,-1.1362536945129873,-0.09247424685452778,10.218950545731927,-11.494744091311201
Pyraflufen-ethyl,CCOC(=O)COC1=C(C=C(C(=C1)C2=NN(C(=C2Cl)OC(F)F)C)F)Cl,0,-2.2449427377383313,6.5179435334429465,-1.2096029568913085,4.372840448684483,-0.6861692487823259
"trans-(2-methyl-3-phenylphenyl)methyl (1R,3R)-3-(2-chloro-3,3,3-trifluoroprop-1-enyl)-2,2-dimethylcyclopropane-1-carboxylate",CC1=C(C=CC=C1C2=CC=CC=C2)COC(=O)[C@@H]3[C@@H](C3(C)C)C=C(C(F)(F)F)Cl,0,-1.0179245253467781,-4.462203402906371,3.7948602726846743,13.277233980124928,-7.840339771619027
((N-acryloylamino)phenyl)mercuric chloride,C=CC(=O)NC1=CC=C(C=C1)[Hg]Cl,0,-2.9720204275376574,-3.4548093829445716,-0.7719122840341458,-2.6384738833714834,-0.916550177007343
"2,2,2-Trichloro-N-(pentachlorophenyl)ethanimidoyl chloride",C1(=C(C(=C(C(=C1Cl)Cl)Cl)Cl)Cl)N=C(C(Cl)(Cl)Cl)Cl,0,-2.898427198579873,-3.875942484441957,-0.3052039415948577,-1.6614440348917734,-2.2581064423989656
"N-(4-chloromercuriphenyl)-4-chloro-3,5-dinitrobenzamide",C1=CC(=CC=C1NC(=O)C2=CC(=C(C(=C2)[N+](=O)[O-])Cl)[N+](=O)[O-])[Hg]Cl,0,-4.345283766730011,-0.01710877733302165,-3.158603999694966,-3.559619229432332,-2.495074668971499
4-(Chloromercurio)benzenesulfonyl fluoride,C1=CC(=CC=C1S(=O)(=O)F)[Hg]Cl,0,-3.896051562247736,0.20271530202655835,-1.9985135965724878,-4.084628394427637,-1.4281917594748341
Bromethrin,CC1(C(C1C(=O)OCC2=COC(=C2)CC3=CC=CC=C3)C=C(Br)Br)C,0,0.1713968080349323,-4.973376374073699,6.483823539777673,16.960881807394582,-5.408860048150983
[4-[2-(2-Methoxyethoxy)ethylcarbamoyl]phenyl]mercury;hydrate,COCCOCCNC(=O)C1=CC=C(C=C1)[Hg].O,0,-0.8733083825207536,-0.9757617434145306,3.0413982691305463,-1.8615330770482095,1.852162128065793
1-methyl-4-phenyl-2H-pyridine,CN1CC=C(C=C1)C2=CC=CC=C2,0,-1.2152386905282262,-1.015799504609657,1.5708373009394683,-0.6427869256449134,1.4832948594585174
"Benzenamine, compd. with 1,3,5-trinitrobenzene (1:1)",C1=CC=C(C=C1)N.C1=C(C=C(C=C1[N+](=O)[O-])[N+](=O)[O-])[N+](=O)[O-],0,-3.710279763207599,-0.9858268079843261,-2.193336825862271,-2.901499779094931,-1.44672952917783
"Carbonic acid, 2,4-dinitro-6-(1-propylpentyl)phenyl methyl ester, mixt. with 2-(1-ethylhexyl)-4,6-dinitrophenyl methyl carbonate",CCCCCC(CC)C1=C(C(=CC(=C1)[N+](=O)[O-])[N+](=O)[O-])OC(=O)OC.CCCCC(CCC)C1=C(C(=CC(=C1)[N+](=O)[O-])[N+](=O)[O-])OC(=O)OC,0,-0.9419111259972877,1.1079151407582752,0.6650806166093249,-1.6182501918855832,2.035213990939872
Merthiolate-iodine-formalin fixative,C[CH2-].C=O.C1=CC=C(C(=C1)C(=O)[O-])[S-].[Na+].II.[Hg+2],0,-2.6796847102428383,-2.905696297674068,-0.041772938570634466,-1.410613790389082,-1.601624331279259
"2,4-Dinitrophenyl-beta-alanine hydrazide",C1=CC(=C(C=C1[N+](=O)[O-])[N+](=O)[O-])NCCC(=O)NN,0,-2.5519655861352972,1.840475770944184,-2.2180131393087756,-2.9242191896002727,1.4815248746659688
"2,4-Dioxo-3-(alpha-acetonylbenzyl)-dihydro-benzopyran thallium salt",CC(=O)CC(C1=CC=CC=C1)C2=C(C3=CC=CC=C3OC2=O)[O-].[Tl+],0,-0.34538233912856264,-2.3786658059103756,2.443392366504857,2.1685213480835532,0.465458213871883
Triethanolamine methanearsonate,C[As](=O)(O)O.C(CO)N(CCO)CCO,0,-2.0236831921024905,-2.8010100394728283,0.3333131527446402,-5.264212165918786,3.420242620134772
Methyl (methoxyimino)(2-((((1-(3-(trifluoromethyl)phenyl)ethylidene)amino)oxy)methyl)phenyl)acetate,CC(=NOCC1=CC=CC=C1C(=NOC)C(=O)OC)C2=CC(=CC=C2)C(F)(F)F,0,-1.6845866855657772,3.0104158794145417,0.7219219949812781,3.796432193034195,-0.5469722300921671
Famoxadone,CC1(C(=O)N(C(=O)O1)NC2=CC=CC=C2)C3=CC=C(C=C3)OC4=CC=CC=C4,0,-1.3152211482773408,3.921274439167788,0.7374962678936258,5.212061073555053,-2.882340041520294
"Arsenous acid, zinc salt (2:3)",[O-][As]([O-])[O-].[O-][As]([O-])[O-].[Zn+2].[Zn+2].[Zn+2],0,-2.9889513316551777,-5.330846300122707,-0.655410432616754,-4.728210375246578,0.0644953707216989
Boscalid,C1=CC=C(C(=C1)C2=CC=C(C=C2)Cl)NC(=O)C3=C(N=CC=C3)Cl,0,-3.3175021486997704,1.9617275051466745,-1.007064480360406,1.0703506014522972,-3.8469269311171432
N-((6-Chloro-3-pyridinyl)methyl)-N'-cyano-N-methylethanimidamide,CC(=NC#N)N(C)CC1=CN=C(C=C1)Cl,0,-2.5256690070454213,-1.2383837351119584,-0.3547225524343593,-0.6395410717977256,-0.607179579310087
"Zinc 2,3,4-trichlorophenate",C1=CC(=C(C(=C1[O-])Cl)Cl)Cl.C1=CC(=C(C(=C1[O-])Cl)Cl)Cl.[Zn+2],0,-2.9894810418837627,-4.004835331943927,0.054955063041504784,-2.104902894264204,-3.4714999124703017
1-[(2-Chlorothiazol-5-yl)methyl]-2-methyl-3-nitro-guanidine,CN=C(NCC1=CN=C(S1)Cl)N[N+](=O)[O-],0,-3.4364887696051465,3.437464434104755,-2.6023823201888567,-2.7665693305249697,2.3703709812462646
"Chromic acid (H2CrO4), mercury zinc salt",[O-][Cr](=O)(=O)[O-].[Zn+2].[Hg+2],0,-2.332050591665625,-4.787069023783151,-0.7234315423456732,-3.898845608932609,0.34108222570961133
Sodium hydrogen difluoride,F.[F-].[Na+],0,-2.6364517692364577,-5.894387130629139,-0.20920739122318804,-4.049120286322256,-0.7442070007132978
"Hexachlorohexahydro-endo, exo-dimethanonaphthalene",C1[C@@H]2C=C[C@H]1[C@H]3[C@@H]2[C@@]4(C(=C([C@]3(C4(Cl)Cl)Cl)Cl)Cl)Cl,0,-0.48556502786408373,-5.790325447642204,1.6612531291223431,-1.0239366721874978,-2.587795015539065
Sulfamate ion,NS(=O)(=O)[O-],0,-3.3489295018673295,-0.485748128914215,-3.376113847382505,-4.447344687817766,1.2247111835619962
Methyl 3-hydroxy-4-(4-((5-(trifluoromethyl)-2-pyridinyl)oxy)phenoxy)valerate,CC(C(CC(=O)OC)O)OC1=CC=C(C=C1)OC2=NC=C(C=C2)C(F)(F)F,0,-1.242926716442415,1.5031193019710851,-1.0959696112586395,2.8234883196549796,-3.517156124292697
"3-(2,2-Dibromovinyl)-2,2-dimethylcyclopropane-1-carboxylic acid",CC1(C(C1C(=O)O)C=C(Br)Br)C,0,-1.2443173618997625,-6.203111445875227,2.9437719596386014,7.183682512574749,-2.99930649684197
Acetoarsenite de cuivre [French],CC(=O)[O-].CC(=O)[O-].[O-][As]1O[As](O[As](O1)[O-])[O-].[O-][As]1O[As](O[As](O1)[O-])[O-].[Cu+2].[Cu+2].[Cu+2].[Cu+2],0,-1.0360951806473377,-3.565645487606186,-0.5409123052562923,-2.4680071830798807,0.5421926573021831
"N,N-Dimethylpiperidinium pentaborate",B(=O)OB1OB2OB(OB(O2)O1)[O-].C[N+]1(CCCCC1)C,0,0.42787335046001856,-0.34312089908529636,3.7771486253277744,-3.0818239145750286,5.297211478764281
"16-Butan-2-yl-10,11,14-trimethyl-13-propan-2-yl-3-prop-2-enyl-4-oxa-1,8,11,14,17-pentazabicyclo[17.3.0]docosane-2,5,9,12,15,18-hexone",CCC(C)C1C(=O)N(C(C(=O)N(C(C(=O)NCCC(=O)OC(C(=O)N2CCCC2C(=O)N1)CC=C)C)C)C(C)C)C,0,5.460673971993579,3.6735714289653107,7.557867701159879,5.121733446364079,25.84314767538106
Dnp-peptide,CC[C@H](C)[C@@H](C(=O)N[C@@H](C)C(=O)NCC(=O)N[C@@H](CCC(=O)N)C(=O)N[C@H](CCCN=C(N)N)C(=O)O)NC(=O)CNC(=O)[C@H](CCC(=O)N)NC(=O)[C@@H]1CCCN1C2=C(C=C(C=C2)[N+](=O)[O-])[N+](=O)[O-],0,1.0407059561171255,7.341755072064956,0.07418262719954478,-3.228318411605454,10.675108271451425
Nrdc 157,CC1(C(C1C(=O)OCC2=CC(=CC=C2)OC3=CC=CC=C3)C=C(Br)Br)C,0,-0.9843441259411327,-5.298576844021057,4.533998318957708,14.80173260419097,-7.164653901963779
Thiosultap,CN(C)C(CSS(=O)(=O)O)CSS(=O)(=O)O,0,-2.7913255975737723,-0.16493691783449685,-2.4424134807544142,-4.550734770529276,3.0241231196501097
"2,4-dinitrophenyl-4-O-(4,4'-dimethoxytrityl)butyrate",COC1=CC=C(C=C1)C(C2=CC=CC=C2)(C3=CC=C(C=C3)OC)OCCCC(=O)OC4=C(C=C(C=C4)[N+](=O)[O-])[N+](=O)[O-],0,-1.3982605987368777,1.7893612353429291,-2.065398752089165,0.3865462630145691,-1.5433536313512235
Pyroxyfur,C1=COC(=C1)COC2=NC(=CC(=C2)C(Cl)(Cl)Cl)Cl,0,-1.2269008899554719,1.6799607053578198,0.777964531788872,2.4306733193760515,-2.3482827743338883
"3,4-Dinitrophenyl-beta-galactopyranoside",C1=CC(=C(C=C1O[C@H]2[C@@H]([C@H]([C@H]([C@H](O2)CO)O)O)O)[N+](=O)[O-])[N+](=O)[O-],0,1.0635511138542593,1.4850830081984543,-0.7575601963302624,0.47091274867457045,1.9649867860833832
Methanotetramethrin,CC1(CC1C2C(C2(C)C)C(=O)OCN3C(=O)C4=C(C3=O)CCCC4)C,0,2.8514600113543573,0.6263794031265065,6.8410994991443665,6.648891212289789,1.8910037698094138
Etoxazole,CCOC1=C(C=CC(=C1)C(C)(C)C)C2COC(=N2)C3=C(C=CC=C3F)F,0,-1.2972392428586343,2.268775240432081,0.20300815977537046,3.8723182926006157,-1.570135977034124
"2,4-Dinitro-6-tert-butylphenyl methanesulfonate",CC(C)(C)C1=C(C(=CC(=C1)[N+](=O)[O-])[N+](=O)[O-])OS(=O)(=O)C,0,-3.592941826485212,4.119340496025244,-4.841161879029843,-1.0786968768138572,0.035401544586244706
Urea sulfate,C(=O)(N)N.OS(=O)(=O)O,0,-3.3228615185102894,0.852529672408087,-3.5003209926402974,-3.7669658291634374,1.3593710094601485
Diammonium succinate,C(CC(=O)[O-])C(=O)[O-].[NH4+].[NH4+],0,-2.0988838770917853,-4.883690546232976,0.5509752945513485,-3.4930338471186038,0.9161802306892226
Thiosultap disodium,CN(C)C(CSS(=O)(=O)[O-])CSS(=O)(=O)[O-].[Na+].[Na+],0,-2.920409052242135,-0.8938861473491413,-2.71982048325809,-5.8164694494918,2.7792467245625785
Bioresmethrin,CC(=C[C@@H]1[C@H](C1(C)C)C(=O)OCC2=COC(=C2)CC3=CC=CC=C3)C,0,1.1250553703661197,-5.3242785311838805,6.628628660127482,16.230058919306543,-4.580669793192757
1-Methylcyclopropene,CC1=CC1,0,-0.4493311788364177,-5.231864332639459,0.4495473335340383,-1.572727172490346,0.3983541828605347
D-Camphor,C[C@@]12CC[C@@H](C1(C)C)CC2=O,0,0.715847465137896,-3.3991336406329444,2.7037115521659874,0.7689634990577875,0.9189902222901349
Copper silicate,[O-][Si](=O)[O-].[Cu+2],0,-2.9238242731402897,-5.442619798135578,-0.1988964349764772,-4.297019017433732,1.1886244151764673
Calcium nitrite,N(=O)[O-].N(=O)[O-].[Ca+2],0,-2.7857216110420073,-4.365844016157571,-0.9830455998021155,-4.133678635786906,0.14144005706060336
Chloroethylene bisthiocyanate,C(C(SC#N)Cl)SC#N,0,-2.6215156665433605,-4.994355850170488,-0.31238182904619066,-3.108275990006454,-0.4189236493848188
Nordihydrocapsaicin,CC(C)CCCCCC(=O)NCC1=CC(=C(C=C1)O)OC,0,-0.1532470112529187,-0.5003815963470557,3.169772319816713,-0.4017388278382495,3.9031448021184465
Benzyldidecylmethylammonium chloride,CCCCCCCCCC[N+](C)(CCCCCCCCCC)CC1=CC=CC=C1.[Cl-],0,-1.7519187399405352,-4.008659646632963,2.692338757632285,-2.3699629820306116,4.291301304258336
Potassium hexafluoroarsenate,F[As-](F)(F)(F)(F)F.[K+],0,-3.267798776338866,-5.5427581846755665,-0.6617590048862527,-4.161131660714069,-1.0438736251918999
Cupric octanoate,CCCCCCCC(=O)[O-].CCCCCCCC(=O)[O-].[Cu+2],0,-1.3326661682049523,-6.898245134069877,2.2308003456976566,-4.438679844727014,3.841607887534007
Neopybuthrin,CCCCOCCOCCOCC1=CC2=C(C=C1CCC)OCO2.CC1=C(C(=O)CC1OC(=O)C2C(C2(C)C)C=C(C)C)CC=C.CC(=C[C@H]1[C@@](C1(C)C)(C2=COC(=C2)CC3=CC=CC=C3)C(=O)OC)C,0,4.2253992006432055,-3.791247573449189,11.691262564995991,27.145934493163512,3.4329662189180077
Sodium metaborate,B(=O)[O-].[Na+],0,-2.6540805577832653,-6.010468457562832,-0.29481621244466427,-4.790796506200655,0.5083167293716369
Carbetamide,CCNC(=O)[C@@H](C)OC(=O)NC1=CC=CC=C1,0,-1.8554431088648642,-0.12062728820842664,-0.22180257205990142,-0.8684111815014035,-1.6880270565137336
"2,6-Dichloromercuri-4-nitrophenol",C1=C(C=C(C(=C1[Hg]Cl)O)[Hg]Cl)[N+](=O)[O-],0,-3.048396116404512,-1.578144266298411,-0.34429621401849353,-3.6809158823444554,-1.714385345837461
"4H-1,3,2-Benzodioxaphosphorin, 2-phenyl-, 2-oxide",C1C2=CC=CC=C2OP(=O)(O1)C3=CC=CC=C3,0,0.9503616613877154,-1.4061081410429297,-0.6248166618394269,0.18112462786827235,-0.7076480717645723
4-Aminophenylmercury chloride,C1=CC(=CC=C1N)[Hg]Cl,0,-3.4971338581737736,-4.303026624818636,-0.992064715530109,-4.4361266047008,-1.5592115416400436
2-(Decylthio)ethanamine hydrochloride,CCCCCCCCCCSCCN.Cl,0,-1.6471755849553718,-4.920513072336229,1.6100990707654954,-5.351232934668445,5.439908023917981
"2,2-Bis(4-ethoxyphenyl)-3,3-dimethyloxetane",CCOC1=CC=C(C=C1)C2(C(CO2)(C)C)C3=CC=C(C=C3)OCC,0,0.07727438423311984,-2.0837626613353106,1.1611690714108667,2.3852336242615664,-0.10620618886877758
Reslin,CCCCOCCOCCOCC1=CC2=C(C=C1CCC)OCO2.CC(=C[C@@H]1[C@H](C1(C)C)C(=O)OCC2=COC(=C2)CC3=CC=CC=C3)C,0,2.5212654149338496,-4.878539703662052,9.327145454412571,19.669342405556268,-1.5985686722677814
Xylachlor,CC1=C(C(=CC=C1)N(C(C)C)C(=O)CCl)C,0,-2.3224107090402843,-1.2113299819401493,-0.19759536388227214,-1.603208521889598,-1.0260964305376514
Terbuchlor,CCCCOCN(C1=C(C=CC=C1C(C)(C)C)C)C(=O)CCl,0,-1.6656686578009128,-0.6106626028588344,1.618489764394497,-1.4836102441776342,1.392216754753597
Imazethapyr-ammonium,CCC1=CC(=C(N=C1)C2=NC(C(=O)N2)(C)C(C)C)C(=O)[O-].[NH4+],0,-1.3187642003335105,3.8247568626369004,-0.40374975031480814,2.4901009785008728,0.4142638774168855
Flumezin,CN1C(=O)N(C(=O)CO1)C2=CC=CC(=C2)C(F)(F)F,0,-0.08478443492432619,5.400570995345903,-0.908595311318147,1.173928047698666,-0.3856039591697573
Dinitropropylphenol,C1=CC=C(C(=C1)CCC([N+](=O)[O-])[N+](=O)[O-])O,0,-2.558080880323323,-0.18116599657037566,-1.221337363856593,-2.106498246252928,0.4010977793047665
Parafluron,CN(C)C(=O)NC1=CC=C(C=C1)C(F)(F)F,0,-3.484241321255768,0.3193306567540169,-2.12180495637791,-1.1479701926454842,-3.469339486487276
Neosaxitoxin,C1CN2C(=N)N([C@H]([C@H]3[C@]2(C1(O)O)NC(=N3)N)COC(=O)N)O,0,1.4003059869902785,6.816993276828468,0.497083763867368,0.5490021052760292,7.025180746484246
"(1'R,2R,3S,4'S,6S,8'R,12'S,13'S,20'R,21'R,24'S)-2-cyclohexyl-21',24'-dihydroxy-12'-[(2R,4S,5S,6S)-5-[(2S,4S,5S,6S)-5-hydroxy-4-methoxy-6-methyloxan-2-yl]oxy-4-methoxy-6-methyloxan-2-yl]oxy-3,11',13',22'-tetramethylspiro[2,3-dihydropyran-6,6'-3,7,19-trioxatetracyclo[15.6.1.14,8.020,24]pentacosa-10,14,16,22-tetraene]-2'-one",C[C@H]1C=CC=C2CO[C@H]3[C@@]2([C@@H](C=C([C@H]3O)C)C(=O)O[C@H]4C[C@@H](CC=C([C@H]1O[C@H]5C[C@@H]([C@H]([C@@H](O5)C)O[C@H]6C[C@@H]([C@H]([C@@H](O6)C)O)OC)OC)C)O[C@]7(C4)C=C[C@@H]([C@H](O7)C8CCCCC8)C)O,0,42.7130047557986,-0.925989898994294,-5.673243568596657,-3.3841493889830634,-5.0549724487947545
25-cyclohexyl-5-O-demethyl-25-de(1-methylpropyl)avermectin A1a,C[C@H]1/C=C\C=C2CO[C@H]3[C@@]2([C@@H](C=C([C@H]3O)C)C(=O)O[C@H]4C[C@@H](C/C=C(\[C@H]1O[C@H]5C[C@@H]([C@H]([C@@H](O5)C)O[C@H]6C[C@@H]([C@H]([C@@H](O6)C)O)OC)OC)/C)O[C@]7(C4)C=C[C@@H]([C@H](O7)C8CCCCC8)C)O,0,42.7130047557986,-0.925989898994294,-5.673243568596657,-3.3841493889830634,-5.0549724487947545
Abamectin,CC[C@H](C)[C@@H]1[C@H](C=C[C@@]2(O1)C[C@@H]3C[C@H](O2)C/C=C(/[C@H]([C@H](/C=C/C=C/4\CO[C@H]5[C@@]4([C@@H](C=C([C@H]5O)C)C(=O)O3)O)C)O[C@H]6C[C@@H]([C@H]([C@@H](O6)C)O[C@H]7C[C@@H]([C@H]([C@@H](O7)C)O)OC)OC)\C)C.C[C@H]1/C=C/C=C/2\CO[C@H]3[C@@]2([C@@H](C=C([C@H]3O)C)C(=O)O[C@H]4C[C@@H](C/C=C(/[C@H]1O[C@H]5C[C@@H]([C@H]([C@@H](O5)C)O[C@H]6C[C@@H]([C@H]([C@@H](O6)C)O)OC)OC)\C)O[C@]7(C4)C=C[C@@H]([C@H](O7)C(C)C)C)O,0,44.70962002853331,-0.9724138475793189,-7.012984111911134,-3.7660278315170617,-5.144524335841261
Rolliniastatin-1,CCCCCCCCCC[C@@H]([C@H]1CC[C@H](O1)[C@@H]2CC[C@@H](O2)[C@@H](CCCCCCCCCC[C@H](CC3=C[C@@H](OC3=O)C)O)O)O,0,5.393889669355185,-6.912844992932753,7.969040802726856,-1.3001434156461802,18.976518787969948
C22H19Br4NO3,CC1(C(C1C(=O)OC(C#N)C2=CC(=CC=C2)OC3=CC=CC=C3)C(C(Br)(Br)Br)Br)C,0,-1.4287013327285851,-4.322082329192545,3.4476114970257674,14.201606772094545,-11.412890605222557
Avermectin A1a,CC[C@H](C)[C@@H]1[C@H](C=C[C@@]2(O1)C[C@@H]3C[C@H](O2)C/C=C(/[C@H]([C@H](/C=C/C=C/4\CO[C@H]5[C@@]4([C@@H](C=C([C@H]5OC)C)C(=O)O3)O)C)O[C@H]6C[C@@H]([C@H]([C@@H](O6)C)O[C@H]7C[C@@H]([C@H]([C@@H](O7)C)O)OC)OC)\C)C,0,41.99164146930035,-1.2594708149463483,-6.022225267708958,-3.3704528363654065,-4.807349246507574
Doramectin,C[C@H]1/C=C/C=C/2\CO[C@H]3[C@@]2([C@@H](C=C([C@H]3O)C)C(=O)O[C@H]4C[C@@H](C/C=C(/[C@H]1O[C@H]5C[C@@H]([C@H]([C@@H](O5)C)O[C@H]6C[C@@H]([C@H]([C@@H](O6)C)O)OC)OC)\C)O[C@]7(C4)C=C[C@@H]([C@H](O7)C8CCCCC8)C)O,0,42.7130047557986,-0.925989898994294,-5.673243568596657,-3.3841493889830634,-5.0549724487947545
Ivermectin CRS,CC[C@H](C)[C@@H]1[C@H](CC[C@@]2(O1)C[C@@H]3C[C@H](O2)C/C=C(/[C@H]([C@H](/C=C/C=C/4\CO[C@H]5[C@@]4([C@@H](C=C([C@H]5O)C)C(=O)O3)O)C)O[C@H]6C[C@@H]([C@H]([C@@H](O6)C)O[C@H]7C[C@@H]([C@H]([C@@H](O7)C)O)OC)OC)\C)C.C[C@H]1CC[C@]2(C[C@@H]3C[C@H](O2)C/C=C(/[C@H]([C@H](/C=C/C=C/4\CO[C@H]5[C@@]4([C@@H](C=C([C@H]5O)C)C(=O)O3)O)C)O[C@H]6C[C@@H]([C@H]([C@@H](O6)C)O[C@H]7C[C@@H]([C@H]([C@@H](O7)C)O)OC)OC)\C)O[C@@H]1C(C)C,0,45.80165844401423,-1.1674336638060214,-6.458559494490459,-3.3499770017015478,-2.5995064178248306
Prallethrin,CC1=C(C(=O)CC1OC(=O)C2C(C2(C)C)C=C(C)C)CC#C,0,2.242286518692391,-5.63100557007016,6.116189024916838,14.743396324714647,-0.4671377114093286
Rel-Squamocin-H,CCCCCCCCCC[C@H]([C@H]1CC[C@@H](O1)[C@H]2CC[C@@H](O2)[C@@H](CCCCCCCCCC[C@H](CC3=C[C@@H](OC3=O)C)O)O)O,0,5.393889669355185,-6.912844992932753,7.969040802726856,-1.3001434156461802,18.976518787969948
Npc113961,C1=C(C=C(C(=C1O)O)O)C(=O)OC2=CC(=CC(=C2O)O)C(=O)OC[C@H]3[C@@H]([C@H]([C@@H]([C@H](O3)OC(=O)C4=CC(=C(C(=C4)OC(=O)C5=CC(=C(C(=C5)O)O)O)O)O)OC(=O)C6=CC(=C(C(=C6)OC(=O)C7=CC(=C(C(=C7)O)O)O)O)O)OC(=O)C8=CC(=C(C(=C8)OC(=O)C9=CC(=C(C(=C9)O)O)O)O)O)OC(=O)C1=CC(=C(C(=C1)OC(=O)C1=CC(=C(C(=C1)O)O)O)O)O,0,1.5885909606000748,-0.23160052084592275,2.3930729614072233,2.4266125248362482,-1.1435522271860408
"(1R,4S,5'S,6R,6'R,8R,10Z,13R,14Z,20R,21R,24S)-21,24-dihydroxy-5',11,13,22-tetramethyl-6'-propan-2-ylspiro[3,7,19-trioxatetracyclo[15.6.1.14,8.020,24]pentacosa-10,14,16,22-tetraene-6,2'-oxane]-2-one",C[C@H]1CC[C@]2(C[C@@H]3C[C@H](O2)C/C=C(\C[C@H](/C=C\C=C4CO[C@H]5[C@@]4([C@@H](C=C([C@H]5O)C)C(=O)O3)O)C)/C)O[C@@H]1C(C)C,0,31.26789506888715,-1.8389505096334904,-3.680113576633241,1.3092462280028112,3.4943151722570254
Ethylenebisdithiocarbamic acid,C(CNC(=S)S)NC(=S)S,0,-2.7628747172601127,-3.36366250880617,0.013269527941729642,-6.645670497596573,2.555025646260661
Zinc Oxide,[O-2].[Zn+2],0,-2.7445132407109742,-6.320875909077202,0.07724625288431276,-4.4735474833468345,-0.39737760933852406
Nabam,C(CNC(=S)[S-])NC(=S)[S-].[Na+].[Na+],0,-2.7467170438734283,-3.8233749473600502,0.3641521923410763,-7.056586419840141,2.083817302557937
Azoxystrobin,CO/C=C(\C1=CC=CC=C1OC2=NC=NC(=C2)OC3=CC=CC=C3C#N)/C(=O)OC,0,-1.5491942101599576,2.259783935410378,1.3108324754606258,6.50002054831446,-2.291976735332405
Diiodomethyl p-chlorophenyl sulfone,C1=CC(=CC=C1S(=O)(=O)C(I)I)Cl,0,-3.175638494538837,0.1659201275550316,-3.8726715222976575,-2.1050492715673284,-0.866040820306845
Anisuron,CN(C)C(=O)N(C1=CC(=C(C=C1)Cl)Cl)C(=O)C2=CC=C(C=C2)OC,0,-2.982809409636577,2.529058062139746,-1.8178256332263816,1.7776033698791032,-3.302564080845431
"2,4,5-Trichlorophenylacetic acid",C1=C(C(=CC(=C1Cl)Cl)Cl)CC(=O)O,0,-2.635296626038841,-4.295139611013379,0.47454520865786515,-1.1811251896278483,-2.177894200998861
Zinc-ethylenebis(dithiocarbamate),C(CNC(=S)[S-])NC(=S)[S-].[Zn+2],0,-2.990372345363943,-3.812311277151332,0.43691729816077884,-7.182941472562686,2.176809041305768
Aziprotryne,CC(C)NC1=NC(=NC(=N1)SC)N=[N+]=[N-],0,-3.183161079655975,2.8321485063544936,-2.9191876610513945,-5.152274472973504,2.2746084808688236
Ammonium aluminum sulfate,[NH4+].[O-]S(=O)(=O)[O-].[O-]S(=O)(=O)[O-].[Al+3],0,-3.124773539513379,-2.1474149326857455,-2.613464628243499,-4.810355209155096,1.0932345176951392
"Benzamide, 3,5-dichloro-N-(3,4-dichlorophenyl)-2-[methyl(methylsulfonyl)amino]-",CN(C1=C(C=C(C=C1Cl)Cl)C(=O)NC2=CC(=C(C=C2)Cl)Cl)S(=O)(=O)C,0,-4.670283042910798,5.596417188106498,-4.78722183257103,-0.4555379351168861,-2.666095232341598
Sodium 5-nitroguaiacolate,COC1=C(C=C(C=C1)[N+](=O)[O-])[O-].[Na+],0,-2.7731074910135294,-0.5342884038407626,-1.5795612816760443,-2.0421869368717895,-2.2493483895147977
Mancozeb,C(CNC(=S)[S-])NC(=S)[S-].C(CNC(=S)[S-])NC(=S)[S-].[Mn+2].[Zn+2],0,-3.061924148443474,-3.8677728113502803,0.4539595298228047,-7.667259081048612,2.4080965576917204
Diafenthiuron,CC(C)C1=CC(=CC(=C1NC(=S)NC(C)(C)C)C(C)C)OC2=CC=CC=C2,0,-2.446607376672702,1.0380130083664043,-2.4739140375784783,0.6467441766673008,-3.2624449004488487
Potassium Oleate,CCCCCCCC/C=C\CCCCCCCC(=O)[O-].[K+],0,-1.4218167892583706,-8.260188913304562,2.833667452959618,-4.412651591803219,4.583261872445176
Sodium chloroacetate,C(C(=O)[O-])Cl.[Na+],0,-2.3288860721530935,-6.166752117180751,0.48167891464207024,-3.806562361384731,-0.45914399457141014
Sodium Bisulfite,OS(=O)[O-].[Na+],0,-3.1332784139859977,-3.4518689684959187,-2.3293789472988524,-5.065462628722636,0.8325171802137419
Lithium hypochlorite,[Li+].[O-]Cl,0,-3.0520794122450736,-5.948700300534254,-0.3709355996907056,-4.383256351124252,-0.7705006823066325
"Phenol, 4-(1,1-dimethylethyl)-, sodium salt (1:1)",CC(C)(C)C1=CC=C(C=C1)[O-].[Na+],0,-2.0432655822336083,-4.61601459211057,0.00398214210854141,-1.4202381367038308,-1.914568105627651
"2(1H)-Pyridinone, 3,5,6-trichloro-, sodium salt (1:1)",C1=C(C(=O)[N-]C(=C1Cl)Cl)Cl.[Na+],0,-2.527821990435043,-2.427619773242631,-0.2801264680571802,-0.5219729965733032,-1.7661271275573929
"2,4-DB-sodium",C1=CC(=C(C=C1Cl)Cl)OCCCC(=O)[O-].[Na+],0,-2.2667610471103687,-4.892346382270119,0.7021712827135975,-1.0922788787426492,-2.6132377858683915
Sodium 1-naphthaleneacetate,C1=CC=C2C(=C1)C=CC=C2CC(=O)[O-].[Na+],0,-1.5684681416223603,-3.9235768934042428,1.4902000105254327,-1.2893775146687032,-1.0587253573615363
Sodium 2-carboxylatophenyl--mercury--water (1/1/1/1),C1=CC=C(C(=C1)C(=O)[O-])[Hg].O.[Na+],0,-1.872111307579001,-4.10359543869758,0.5709446024822219,-1.7337591265355703,-2.4006674743791865
Warfarin Potassium,CC(=O)CC(C1=CC=CC=C1)C2=C(C3=CC=CC=C3OC2=O)[O-].[K+],0,-0.3529741556341751,-2.374976535070986,2.43018778388789,2.141588602876944,0.419183801019923
Potassium 4-chloro-2-cyclopentylphenolate,C1CCC(C1)C2=C(C=CC(=C2)Cl)[O-].[K+],0,-1.8342191903741727,-4.384934351840539,1.5675691199168769,-1.7047059264722013,-1.437503939539105
5-Chloro-2-biphenylol potassium salt,C1=CC=C(C=C1)C2=C(C=CC(=C2)Cl)[O-].[K+],0,-3.0972464947732052,-3.870077902090139,0.30615990201393073,-1.0316516443217592,-4.203305801629998
Sodium di(monoethanolamine) phosphate,C(COP(=O)([O-])OCCN)N.[Na+],0,-2.3081579610515677,-3.758203782554594,0.06875483769842593,-5.024237860394297,2.0328248046423774
Sodium hydrogen oxalate,C(=O)(C(=O)[O-])O.[Na+],0,-1.8948430926617512,-5.336689278358618,0.6617430841066503,-3.1066482154107886,-0.21258780324189613
Pyrithione Sodium,C1=CC(=S)N(C=C1)[O-].[Na+],0,-3.2524205469384926,-0.5588468131516054,-1.7383952326488028,-2.4070641281479173,0.011082927325144466
Sodium Thiosalicylate,C1=CC=C(C(=C1)C(=O)[O-])S.[Na+],0,-1.9407647976184965,-3.2229345092542427,-0.2762280075036129,-1.7514795150290967,-1.756514159590512
"thiosulfuric acid (h2s2o3), potassium salt",OS(=O)(=S)[O-].[K+],0,-2.6351360045798478,-2.2863305423405453,-2.56528112271132,-5.09153150925588,0.765147661383791
Coumafuryl sodium,CC(=O)CC(C1=CC=CO1)C2=C(C3=CC=CC=C3OC2=O)[O-].[Na+],0,0.7151407056529767,-0.5306115370586187,3.13969686570797,1.6926817017624336,0.8377412611056472
Sodium 4-chloro-2-cyclopentylphenate,C1CCC(C1)C2=C(C=CC(=C2)Cl)[O-].[Na+],0,-1.592702161945638,-4.382391154711838,1.510452066196138,-1.709659224712001,-1.4458865875273923
"Bromacil, sodium salt",CCC(C)N1C(=O)C(=C(N=C1[O-])C)Br.[Na+],0,-0.6530265535513442,1.572708397286926,-0.35194258545545903,-0.8767693724784228,1.9818245435844284
Potassium peroxymonosulfate,OOS(=O)(=O)[O-].[K+],0,-2.3210519934323144,-1.7585702385562394,-2.608917358508605,-3.8755077699619145,0.8081641763407401
"Benzenesulfonic acid, dimethyl-, potassium salt (1:1)",CC1=C(C(=CC=C1)S(=O)(=O)[O-])C.[K+],0,-2.445793654849273,0.8471682141459568,-4.050963110282111,-3.021824654600712,0.1882560954691625
Troclosene potassium,C1(=NC(=O)N(C(=O)N1Cl)Cl)[O-].[K+],0,-3.2018553236126355,1.2149772897507314,-2.1511416187152386,-1.2499816822035144,-0.6569108429575826
Potassium p-tert-butylphenolate,CC(C)(C)C1=CC=C(C=C1)[O-].[K+],0,-2.284782610662145,-4.618557789239268,0.06109919582927973,-1.4152848384640329,-1.9061854576393638
Fenridazon potassium,CC1=CC(=O)C(=NN1C2=CC=C(C=C2)Cl)C(=O)[O-].[K+],0,-0.6917172434824065,1.6786201281217061,-0.5576258311281318,0.48249566914158665,-3.0323492828635956
Sodium Nitrite,N(=O)[O-].[Na+],0,-2.6561245018558184,-5.000788639744751,-0.9615536112106691,-4.357132247119662,-0.229608053734435
Sodium Chlorite,[O-]Cl=O.[Na+],0,-2.551284938405786,-5.356070973605814,0.5246867299370159,-4.716686758928211,-1.1590126276329005
Sodium Lauroyl Sarcosinate,CCCCCCCCCCCC(=O)N(C)CC(=O)[O-].[Na+],0,-1.4062494688891727,-4.065140648337074,2.4027239587173455,-4.743548406737568,5.238692735028292
Sulcofuron-sodium,C1=CC(=C(C=C1NC(=O)NC2=C(C=CC(=C2)Cl)OC3=C(C=C(C=C3)Cl)S(=O)(=O)[O-])Cl)Cl.[Na+],0,-3.9367078584949544,6.390132694065858,-4.082617915253954,-0.41269216309869555,-4.384739862784896
"2,2'-methylenebis(3,4,6-trichlorophenol) monosodium salt",C1=C(C(=C(C(=C1Cl)Cl)CC2=C(C(=CC(=C2Cl)Cl)Cl)[O-])O)Cl.[Na+],0,-2.217599844546717,-4.687651493115098,0.17813807434829,-0.5573792683784304,-2.5050687403746807
3-Chloro-2-biphenylol potassium salt,C1=CC=C(C=C1)C2=C(C(=CC=C2)Cl)[O-].[K+],0,-3.0865464662642497,-4.326147585130451,0.15081184513795423,-0.18917314278052072,-3.5191834213523867
Pindone sodium salt,CC(C)(C)C(=O)[C-]1C(=O)C2=CC=CC=C2C1=O.[Na+],0,-0.8246913852854704,-2.640439799856149,0.013550516755715844,-0.2829534033437588,-1.8813411076545605
Diphacinone-sodium,C1=CC=C(C=C1)C(C2=CC=CC=C2)C(=O)[C-]3C(=O)C4=CC=CC=C4C3=O.[Na+],0,-1.160877120083284,-3.0627859828991633,-0.1334820248741624,-0.044032468541043784,-2.7573365730004573
Cloprop-sodium,CC(C(=O)[O-])OC1=CC(=CC=C1)Cl.[Na+],0,-1.934391146907841,-4.513156445608772,0.18382596746193455,0.36170218247341807,-4.2735458204559995
Imazaquin sodium salt,CC(C)C1(C(=O)NC(=N1)C2=NC3=CC=CC=C3C=C2C(=O)[O-])C.[Na+],0,-1.1791702353410451,3.5881507289665993,-0.7143934501065654,2.9713970752908256,-0.46622699116092514
"Ethanesulfonic acid, 2-(methyl(9Z)-9-octadecen-1-ylamino)-, sodium salt (1:1)",CCCCCCCC/C=C\CCCCCCCCN(C)CCS(=O)(=O)[O-].[Na+],0,-1.9451930719268005,-2.01994862822552,0.03325726513519601,-4.814245718826952,7.27751147149904
Sodium Hypochlorite,[O-]Cl.[Na+],0,-2.822156677221095,-6.081120466579023,-0.42603150326553935,-4.4030900875702415,-0.9251220496194823
"MERCURY, (p-CARBOXYPHENYL)HYDROXY-, SODIUM SALT",C1=CC(=CC=C1C(=O)[O-])[Hg].O.[Na+],0,-1.8306085379203119,-4.696098326340225,0.8758944177689444,-2.442282544589608,-2.195763934013647
Sodium Xylenesulfonate,CC1=C(C=C(C=C1)S(=O)(=O)[O-])C.[Na+],0,-3.013732718172826,0.21080434090209818,-3.6947000485630794,-3.4188018376341143,0.4210946353710727
Clorophene sodium,C1=CC=C(C=C1)CC2=C(C=CC(=C2)Cl)[O-].[Na+],0,-2.824130698152374,-4.38158306640165,0.7995990537872075,-0.31252027550563216,-3.917072241097517
Potassium pentachlorophenolate,C1(=C(C(=C(C(=C1Cl)Cl)Cl)Cl)Cl)[O-].[K+],0,-2.9922920197982563,-5.197687550655969,-0.28391765165042904,-2.375865454648962,-2.5707792926348807
Potassim 2-chloro-4-phenylphenate,C1=CC=C(C=C1)C2=CC(=C(C=C2)[O-])Cl.[K+],0,-2.526312220722895,-4.199462751329905,0.3471606851428665,-1.408734750167209,-3.8551035542973717
"Potassium (2,4-dichlorophenoxy)acetate",C1=CC(=C(C=C1Cl)Cl)OCC(=O)[O-].[K+],0,-2.467704638002324,-4.200991421079063,0.3711339538269236,-0.45767709927243794,-3.787799417108731
Monosodium arsenate,O[As](=O)(O)[O-].[Na+],0,-1.7985399937998796,-4.834001824928541,-1.3337937272842262,-4.873447119292703,-0.11863666874105683
Propylparaben Sodium,CCCOC(=O)C1=CC=C(C=C1)[O-].[Na+],0,-1.384352506483815,-3.833023861941629,1.4445652779714686,-1.3907232561219258,-0.545804433293214
Sodium p-chloro-m-cresol,CC1=C(C=CC(=C1)[O-])Cl.[Na+],0,-2.045484208853805,-4.202415023675434,-0.06120443483100367,-2.1337240919332405,-3.44140831895272
"2-biphenylol, 5-chloro-, sodium salt",C1=CC=C(C=C1)C2=C(C=CC(=C2)Cl)[O-].[Na+],0,-2.855729466344668,-3.8675347049614412,0.24904284829319223,-1.0366049425615573,-4.211688449618286
"3-amino-2,5-dichlorobenzoic acid sodium salt",C1=C(C=C(C(=C1C(=O)[O-])Cl)N)Cl.[Na+],0,-2.6494520537967965,-3.429234952386322,-0.6469621601699004,-2.2105173125090336,-2.3075419470146232
EDTA monosodium salt,C(CN(CC(=O)O)CC(=O)[O-])N(CC(=O)O)CC(=O)O.[Na+],0,-1.4208916259414204,-3.5646011422328474,1.6127637036007993,-4.52613728425252,2.4651212816956862
Otimerate Sodium,CC[Hg]SC1=NC2=C(O1)C=CC(=C2)C(=O)[O-].[Na+],0,-1.5597061087985415,0.42643148924864765,-0.11732639935689944,-2.0368821932793115,0.43079731542786887
Chwastox D,CC1=C(C=CC(=C1)Cl)OCC(=O)[O-].COC1=C(C=CC(=C1C(=O)O)Cl)Cl.[Na+],0,-1.6702010871958948,-1.7339268808906816,-0.08691056697791372,1.1203206227383764,-4.449839716690382
"Lauric acid, potassium salt",CCCCCCCCCCCC(=O)[O-].[K+],0,-1.5245480902513626,-7.339145038786141,2.21878398895311,-4.641415511229247,3.494409166492366
"2,4,5-T-sodium",C1=C(C(=CC(=C1Cl)Cl)Cl)OCC(=O)[O-].[Na+],0,-2.1060088440945877,-3.8146187216105587,0.3879357843730759,-0.7321386467863016,-3.3187063391892213
Sodium Dehydroacetate,CC1=CC(=O)[C-](C(=O)O1)C(=O)C.[Na+],0,-0.8589689438557485,-2.5296989601854976,0.4274539560713692,0.861702610456775,0.39757335636357244
Potassium 2-mercaptobenzothiazole,C1=CC=C2C(=C1)N=C(S2)[S-].[K+],0,-2.766832352331511,-0.4578161198936685,-0.28435422952639755,-3.4274775755936338,-0.48885808277091863
"Potassium 2,4,5-trichlorophenolate",C1=C(C(=CC(=C1Cl)Cl)Cl)[O-].[K+],0,-2.4959368731196014,-4.750703227693382,-0.5831199100544914,-2.3207666282772093,-3.1112619143144773
Dodecylguanidine terephthalate,CCCCCCCCCCCCN=C(N)N.CCCCCCCCCCCCN=C(N)N.C1=CC(=CC=C1C(=O)O)C(=O)O,0,-0.8999988064626399,-1.520604496878532,0.7080726876096107,-3.1161440515275802,4.096438757878511
Lithium (perfluorooctane)sulfonate,[Li+].C(C(C(C(C(F)(F)S(=O)(=O)[O-])(F)F)(F)F)(F)F)(C(C(C(F)(F)F)(F)F)(F)F)(F)F,0,-3.4836313672834227,-0.4954843224206477,-2.0164165977129906,-4.465355438635575,1.4139002401860108
Sodium 2-chlorophenolate,C1=CC=C(C(=C1)[O-])Cl.[Na+],0,-2.841246358747833,-4.244283172377599,-0.45133526241874744,-1.8451877983405354,-3.1229393863631736
Fenoprop-potassium,CC(C(=O)[O-])OC1=CC(=C(C=C1Cl)Cl)Cl.[K+],0,-1.677225522829941,-3.9534576331641857,0.01704131597609036,-0.3808729037578968,-3.75570053547762
"Sodium 2,4,5-trichlorophenoxyethyl sulfate",C1=C(C(=CC(=C1Cl)Cl)Cl)OCCOS(=O)(=O)[O-].[Na+],0,-2.327746335888009,-0.14838113271650796,-1.770475384585693,-1.038696398689717,-0.8873710710451181
Chlorfenac-sodium,C1=CC(=C(C(=C1Cl)CC(=O)[O-])Cl)Cl.[Na+],0,-2.436108436362927,-4.313996319995037,2.2572470177077655,-2.1445614132360378,-2.4077618984892797
Potassium Sorbate,C/C=C/C=C/C(=O)[O-].[K+],0,-2.2575186997111434,-6.226910706501284,1.1861772401100432,-1.2761411893212764,0.24149042497981973
"Sodium 2,4,6-trichlorophenoxide",C1=C(C=C(C(=C1Cl)[O-])Cl)Cl.[Na+],0,-2.803891923538837,-4.954730187216468,-0.35911476198028996,-1.7970210169105196,-3.144005756038838
Sodium Trichloroacetate,C(=O)(C(Cl)(Cl)Cl)[O-].[Na+],0,-2.5974993500391244,-5.7077259205937745,-0.0065888205981319775,-3.0847641523212475,-1.0704821297879472
Clorophene potassium,C1=CC=C(C=C1)CC2=C(C=CC(=C2)Cl)[O-].[K+],0,-3.0656477265809094,-4.384126263530349,0.8567161075079466,-0.3075669772658331,-3.908689593109231
Bispyribac-sodium,COC1=CC(=NC(=N1)OC2=C(C(=CC=C2)OC3=NC(=CC(=N3)OC)OC)C(=O)[O-])OC.[Na+],0,-2.2853190862408006,4.068885908696913,-3.071606383945614,1.5726073120478907,-2.0347228033825315
Mecoprop-potassium,CC1=C(C=CC(=C1)Cl)OC(C)C(=O)[O-].[K+],0,-1.5864323514238445,-4.011286298524086,0.13991724749835058,-0.19621908487238598,-4.045148149325344
Potassium Myristate,CCCCCCCCCCCCCC(=O)[O-].[K+],0,-1.5245480902513626,-7.339145038786141,2.21878398895311,-4.641415511229247,3.494409166492366
Naptalam sodium,C1=CC=C2C(=C1)C=CC=C2NC(=O)C3=CC=CC=C3C(=O)[O-].[Na+],0,-2.652700475557518,-0.786259140621693,-0.21276366741913066,0.05240258489574621,-2.161023556837454
Disul-sodium,C1=CC(=C(C=C1Cl)Cl)OCCOS(=O)(=O)[O-].[Na+],0,-2.44792510136721,-0.5322106350563174,-1.844394268852583,-0.7691881494156507,-1.3648467969529154
Disodium octaborate tetrahydrate,B(=O)OB1OB2OB(OB(OB(O2)OB(O1)OB=O)[O-])[O-].O.O.O.O.[Na+].[Na+],0,-0.5480336815268837,-2.7142733891891035,2.652536162598561,-3.1213607040737066,3.2349078988947433
Trinexapac-ethyl,CCOC(=O)C1CC(=O)C(=C(C2CC2)O)C(=O)C1,0,0.9553005192846176,-3.664677501611207,3.2017177451723757,2.688387653618143,1.2400858578269616
Flumioxazin,C#CCN1C(=O)COC2=CC(=C(C=C21)N3C(=O)C4=C(C3=O)CCCC4)F,0,3.6684322977586374,5.087598009113661,3.510328243657391,4.654589373451062,1.3936364270270465
"Benzaldehyde, pentachloro-, oxime",C(=NO)C1=C(C(=C(C(=C1Cl)Cl)Cl)Cl)Cl,0,-3.144832672919771,-3.110400582853564,-1.1255547283844587,-2.0215726937307053,-0.9953235647200781
Alpha-Cypermethrin,CC1([C@H]([C@H]1C(=O)O[C@H](C#N)C2=CC(=CC=C2)OC3=CC=CC=C3)C=C(Cl)Cl)C,0,-1.0193676738675705,-5.90756675711125,3.67573220193935,16.17546979070795,-12.477398439499545
Fenpropimorph,C[C@@H]1CN(C[C@@H](O1)C)CC(C)CC2=CC=C(C=C2)C(C)(C)C,0,-0.07361009944300434,-1.1301218290527568,1.9422264800823137,1.0139318594721194,3.47092507741033
Novaluron,C1=CC(=C(C(=C1)F)C(=O)NC(=O)NC2=CC(=C(C=C2)OC(C(OC(F)(F)F)F)(F)F)Cl)F,0,-2.8448318353561244,3.5125847896904085,-1.9126370241990704,4.757270178695835,-5.089473793390621
N-(3-Chlorophenyl)benzamide,C1=CC=C(C=C1)C(=O)NC2=CC(=CC=C2)Cl,0,-3.188216277650832,-1.6446326831199707,-0.8707045611035473,-0.9059825917769269,-3.9485939207027148
Canthin-6-One,C1=CC=C2C(=C1)C3=C4N2C(=O)C=CC4=NC=C3,0,-0.4708185108995197,0.4521677067046905,-0.6157818236430098,0.6765396372023863,-0.8086762538207837
"3,5-Dinitro-4-hydroxyphenacetic acid",C1=C(C=C(C(=C1[N+](=O)[O-])O)[N+](=O)[O-])CC(=O)O,0,-2.8413298998244354,-0.22126010046771813,-1.4224508056075253,-2.062299643399146,-0.07292241094106293
Nornicotine,C1C[C@H](NC1)C2=CN=CC=C2,0,-1.464405220689279,-0.5756046321490267,0.8177138437126246,-1.5791950890447368,4.0702131580059575
Bioban P-1487,CCC(CN1CCOCC1)[N+](=O)[O-].CCC(CN1CCOCC1)(CN2CCOCC2)[N+](=O)[O-],0,-0.8979378839149376,1.2926388709496421,-0.2910573251658099,-3.2040923487522086,5.141767462289702
Permethric acid,CC1(C(C1C(=O)O)C=C(Cl)Cl)C,0,-1.038932405030714,-6.591332240102044,2.9323194230675558,6.052681487339094,-3.667132944118942
Fenpropidin,CC(CC1=CC=C(C=C1)C(C)(C)C)CN2CCCCC2,0,-1.0551326752410233,-1.4779377001857499,1.3433593051029449,-0.8466964944256393,2.229265536740027
Pyrazosulfuron-ethyl,CCOC(=O)C1=C(N(N=C1)C)S(=O)(=O)NC(=O)NC2=NC(=CC(=N2)OC)OC,0,-2.584720720268949,19.7111841275054,-8.008976637996199,2.6492025969183675,2.5943415642038414
Fosthiazate,CCC(C)SP(=O)(N1CCSC1=O)OCC,0,-0.4071250871148785,1.1636000209508992,1.5731115692056783,-2.674206097968363,4.692674459292204
Imazapic,CC1=CC(=C(N=C1)C2=NC(C(=O)N2)(C)C(C)C)C(=O)O,0,-0.589054979402863,4.478948680925794,-1.0628338842943603,3.9168099881741862,0.2960983794744303
Chlorfenapyr,CCOCN1C(=C(C(=C1C(F)(F)F)Br)C#N)C2=CC=C(C=C2)Cl,0,-2.385616523152796,0.5625247720353467,0.3162592134843527,2.542346027985165,-2.5005961493897617
"Cyclopropanecarboxylic acid, 3-(2-carboxy-1-propenyl)-2,2-dimethyl-",CC(=CC1C(C1(C)C)C(=O)O)C(=O)O,0,0.0954780685171848,-6.130126321258357,3.05295350649114,6.299858718120948,-1.4646646829943446
Fluthiacet-methyl,COC(=O)CSC1=C(C=C(C(=C1)N=C2N3CCCCN3C(=O)S2)F)Cl,0,-1.2344392896908358,8.624353554057809,-1.1658194003644988,1.637548379445446,4.374906037805941
"Silane, (2-chloroethyl)methylbis(phenylmethoxy)-",C[Si](CCCl)(OCC1=CC=CC=C1)OCC2=CC=CC=C2,0,-0.9973682797881561,-2.76879490264376,1.027733232976918,-1.0729999709360467,0.27471421579828975
Phenisopham,CCN(C1=CC=CC=C1)C(=O)OC2=CC=CC(=C2)NC(=O)OC(C)C,0,-2.1710593314792908,1.3700869799938322,-0.5088886406319945,0.2522545570013493,-2.966029693488591
"4-(3-(4-(1,1-Dimethylethyl)phenyl)-2-methylpropyl)-2,6-dimethylmorpholine",CC1CN(CC(O1)C)CC(C)CC2=CC=C(C=C2)C(C)(C)C,0,-0.07361009944300434,-1.1301218290527568,1.9422264800823137,1.0139318594721194,3.47092507741033
Flumetsulam,CC1=NC2=NC(=NN2C=C1)S(=O)(=O)NC3=C(C=CC=C3F)F,0,-3.201184378401691,11.926795380289581,-7.6740687671968395,1.7919117317636306,1.1087820271771285
Tebutam,CC(C)N(CC1=CC=CC=C1)C(=O)C(C)(C)C,0,-1.8393741322720223,-0.6846611410158269,1.1528548417332802,-1.0035616342418978,-0.9800163358912382
2-Cyclohexylcyclohexanol,C1CCC(CC1)C2CCCCC2O,0,1.3793338668877888,-4.195050123015641,2.767194511169418,-2.679432229854709,1.3660864210951047
