name,SMILES,herb,PC1,PC2,PC3,PC4,PC5
alorac,C(=C(C(=O)O)Cl)(C(=O)C(Cl)(Cl)Cl)Cl,1,-4.371897819887807,-2.407262657935629,0.11593864134906326,-2.3498399702260353,-0.09900134479198598
amidochlor,CCC1=C(C(=CC=C1)CC)N(CNC(=O)C)C(=O)CCl,1,0.5691987013029547,1.099601720293873,-1.8295095034714581,5.623385698464086,-1.585453285268808
bentranil,C1=CC=C(C=C1)C2=NC3=CC=CC=C3C(=O)O2,1,-0.49037799861251535,0.7634475890370087,-3.673595403756299,-2.6017724331588328,-1.462842333473886
benzadox,C1=CC=C(C=C1)C(=O)NOCC(=O)O,1,0.13025622149742327,0.3923008394941125,0.649408990122336,1.404053843684173,2.0803231295482507
benzipram,CC1=CC(=CC(=C1)C(=O)N(CC2=CC=CC=C2)C(C)C)C,1,-1.2723356944749928,-1.1542439025674798,-2.201910371317573,2.4133608788129917,-1.9764102573861848
benzofluor,CCSC1=CC(=C(C=C1)NS(=O)(=O)C)C(F)(F)F,1,7.349232281140018,-4.463101570771289,4.311820848681052,-2.0118098606133126,-1.1454656223776358
benzoylprop,CC(C(=O)O)N(C1=CC(=C(C=C1)Cl)Cl)C(=O)C2=CC=CC=C2,1,0.10559754666688857,-1.1350895913654016,-4.00038267324369,-0.6512685905841858,1.0718350138959805
buthidazole,CC(C)(C)C1=NN=C(S1)N2C(CN(C2=O)C)O,1,5.536423764778745,3.190602519036994,-2.54958535318646,4.088673438357737,-3.0224025814756383
cambendichlor,COC1=C(C=CC(=C1C(=O)OCCN(CCOC(=O)C2=C(C(=CC(=C2)Cl)Cl)OC)C3=CC=CC=C3)Cl)Cl,1,-0.09939303258739497,2.850393184109343,-1.164587677368657,1.5601890328735248,2.272166040071948
carboxazole,CC(C)(C)C1=CC(=NO1)NC(=O)OC,1,2.6826230210652406,1.2828276075781382,-2.0664368714263546,0.1626236995692936,-0.6486949956484344
chlorflurazole,C1=CC(=C(C2=C1NC(=N2)C(F)(F)F)Cl)Cl,1,0.43169279539053446,-1.6528169320564492,-5.085741228539335,-1.5749538062265227,-2.6456728106923713
chlorflurenol,C1=CC=C2C(=C1)C3=C(C2(C(=O)O)O)C=C(C=C3)Cl,1,-3.1660718243482453,0.4508387991755263,-2.009165572895284,-4.3958903437950525,0.8151493448754693
chloroacetic acid,C(C(=O)O)Cl,1,-4.8564249940140956,-2.557266579476826,0.06538691166755953,-0.25906859659749415,-0.9073314971737034
chloropon,C(C(C(=O)O)(Cl)Cl)Cl,1,-4.611789415610602,-2.6209678836070327,-0.1802899236638692,-0.8680387749093296,-0.8168790000946917
cisanilide,CC1CCC(N1C(=O)NC2=CC=CC=C2)C,1,0.9218094308518424,0.7673606303212198,-2.45182867713774,3.758507699704396,-2.9208970262299596
clacyfos,CC(OC(=O)COC1=C(C=C(C=C1)Cl)Cl)P(=O)(OC)OC,1,-1.2850296248755912,0.16919727453650615,1.527446451907345,-2.605104527864293,2.977380004023151
cliodinate,CC(=O)OC1=C(C(=NC=C1I)Cl)I,1,-1.0518897293545877,-0.7857685233846408,-3.952036521497938,-3.446349102537616,0.669081421975364
CPMF,CN(C)C(=NC1=CC(=C(C=C1)Cl)Cl)Cl,1,-0.001112427621070328,-3.1078380868372704,-4.274137395209953,2.3293814713074728,-0.3720299801666936
credazine,CC1=CC=CC=C1OC2=NN=CC=C2,1,1.0765527723673904,-0.16002994344033605,-4.072596582134346,-1.888218359213637,0.00683684815869738
cycluron,CN(C)C(=O)NC1CCCCCCC1,1,-0.6339218255555571,-0.12641386008697847,-0.7654984391463584,4.758396631294594,-3.3713510538305647
cyprazole,CC(C)(CCl)C1=NN=C(S1)NC(=O)C2CC2,1,3.063708560885812,0.6900503567987739,-2.782323331610034,2.8807779385112804,-4.040864951233685
cypromid,C1CC1C(=O)NC2=CC(=C(C=C2)Cl)Cl,1,-1.512188701113067,-1.9034709613693745,-4.083476971154751,0.00377737964561521,-0.7312977974809877
dazomet,CN1CN(C(=S)SC1)C,1,1.7120817789263307,-1.09827959115478,-0.6796461608799311,4.816705654971204,-4.9538296191542015
dichloralurea,C(C(Cl)(Cl)Cl)(NC(=O)NC(C(Cl)(Cl)Cl)O)O,1,-0.060661860372359655,-2.0508658425137,-1.7316180542882371,-0.3336042940078662,-2.1483097220456124
dichlormate,CNC(=O)OCC1=CC(=C(C=C1)Cl)Cl,1,-1.4909220492245558,-0.6479233913421119,-2.6812859756666025,-0.2703703946202496,-0.26129502408921657
difenopenten,CC(C=CC(=O)O)OC1=CC=C(C=C1)OC2=CC=C(C=C2)C(F)(F)F,1,-2.709344329095642,-0.7268669356242611,-1.2262752155696426,-4.130183269810055,1.5897347544697986
disul,C1=CC(=C(C=C1Cl)Cl)OCCOS(=O)(=O)O,1,1.7907575159740026,-1.7472889795059185,6.820862893888458,-4.225896135025473,1.9910114754447796
erbon,CC(C(=O)OCCOC1=CC(=C(C=C1Cl)Cl)Cl)(Cl)Cl,1,-3.448776364141706,1.0121850105702592,-0.5893078747167996,-2.1295457821344552,1.8124063440860223
EXD,CCOC(=S)SSC(=S)OCC,1,-2.5708724827784804,-3.6081065256022575,3.156832686025646,0.8355758951408556,-2.019683601643088
fenteracol,C1=C(C(=CC(=C1Cl)Cl)Cl)OCCO,1,-3.6912829010315815,0.030099251314128835,-1.1572739684034083,-1.1552328101154554,1.3063216909361897
flamprop,CC(C(=O)O)N(C1=CC(=C(C=C1)F)Cl)C(=O)C2=CC=CC=C2,1,0.28032648129644966,-1.1312829843454348,-4.188503413840459,-0.7770296700171164,1.2413735419484846
flumezin,CN1C(=O)N(C(=O)CO1)C2=CC=CC(=C2)C(F)(F)F,1,4.910403640843033,3.0902275591504673,-3.238318153628292,1.4324320560310078,2.4982181495458633
fluoromidine,C1=C(C=NC2=C1NC(=N2)C(F)(F)F)Cl,1,0.680344743675335,-1.64963679868535,-5.055314456486489,-1.2166326404120626,-3.381680793323967
haloxydine,C1(=C(NC(=C(C1=O)Cl)F)F)Cl,1,-0.8905773644663216,-1.7596912605691921,-4.891651634864288,-2.514466725726726,-0.050312584658171525
herbimycin,CC1CC(C(C(C=C(C(C(C=CC=C(C(=O)NC2=CC(=O)C=C(C1OC)C2=O)C)OC)OC(=O)N)C)C)OC)OC,1,-0.37397218953597267,5.0996248750274065,-0.06489627379771447,-0.875115121531282,-0.1179707437390488
hexachloroacetone,C(=O)(C(Cl)(Cl)Cl)C(Cl)(Cl)Cl,1,-4.193652728260408,-4.213470379422998,-1.1105475245870529,-1.1382335123264578,-1.2695837961891798
isocarbamid,CC(C)CNC(=O)N1CCNC1=O,1,2.0458093320017463,3.7867678158944003,-0.7799539692688479,5.65477123337889,-3.796204122671838
isonoruron,CN(C)C(=O)NC1CCC2C1C3CCC2C3,1,-0.4356200022777249,0.7677474335599624,-1.0525386720306387,4.26768841809972,-3.406746918337925
karbutilate,CC(C)(C)NC(=O)OC1=CC=CC(=C1)NC(=O)N(C)C,1,1.915743820037721,0.5855450780370397,-2.2824033414578238,0.37323574998123704,-0.6125241628154144
lancotrione,CS(=O)(=O)C1=C(C(=C(C=C1)C(=O)C2C(=O)CCCC2=O)Cl)OCCC3OCCO3,1,3.4465841656619522,2.003569490630637,5.786546649782146,-4.845342063941611,0.9249659285776868
MCPA-thioethyl,CCSC(=O)COC1=C(C=C(C=C1)Cl)C,1,-2.8735754076219586,0.437075699824346,-0.5926022371513914,-1.480700281158166,1.0154336724940551
metam,CNC(=S)S,1,-1.3983451310840875,-4.813867331444151,0.18953136042465193,1.2560177144315634,-3.9387688196434483
methazole,CN1C(=O)N(OC1=O)C2=CC(=C(C=C2)Cl)Cl,1,5.186773978340771,1.9372866775712816,-5.37497890595359,-0.35736915525259133,1.822557440815987
methoxyphenone,CC1=CC(=CC=C1)C(=O)C2=CC(=C(C=C2)OC)C,1,-2.5782889145094496,-0.7700125319515758,-1.568317463461762,-2.937180011593357,0.8684471325007282
methyl isothiocyanate,CN=C=S,1,-2.752591287552199,-4.592053627896728,-0.11474433146840346,1.4712397616428718,-2.0739718702727665
noruron,CN(C)C(=O)NC1CC2CC1C3C2CCC3,1,-0.4356200022777249,0.7677474335599624,-1.0525386720306387,4.26768841809972,-3.406746918337925
o-dichlorobenzene,C1=CC=C(C(=C1)Cl)Cl,1,-3.680078416241128,-4.198036116007425,-3.130970195649151,-1.441004431358382,-0.6558652093566998
pentachlorophenol,C1(=C(C(=C(C(=C1Cl)Cl)Cl)Cl)Cl)O,1,-3.39449169913827,-2.6158108224313867,-3.0761798603130197,-3.0966867848825657,1.079610351605134
phenobenzuron,CN(C)C(=O)N(C1=CC(=C(C=C1)Cl)Cl)C(=O)C2=CC=CC=C2,1,2.139233715736492,-1.2564782690071685,-4.560840379199445,0.7328025706494331,-0.6080431107847107
proxan,CC(C)OC(=S)S,1,-3.2961319511302394,-3.8015742131542543,0.9020040112064016,-0.571313817216347,-2.0054128384666363
pydanon,C1C(=O)NNC(=O)C1(CC(=O)O)O,1,1.5105646260501933,3.8427155701132656,-0.4854679106672653,0.07688522778386739,-0.10782428163124871
pyriclor,C1=C(C(=O)C(=C(N1)Cl)Cl)Cl,1,-1.0653062990958824,-1.7634978675891582,-4.703530894267518,-2.388705646293796,-0.2198511127106766
quinonamid,C1=CC=C2C(=C1)C(=O)C(=C(C2=O)Cl)NC(=O)C(Cl)Cl,1,-0.5984066782990323,0.0832569890973669,-4.0450620934142,-2.2537173438317253,1.199785023296206
sulfallate,CCN(CC)C(=S)SCC(=C)Cl,1,-2.257447698270764,-2.59424003645323,0.6096121033536255,4.3194944868263425,-3.3779526275773653
sulglycapin,CNS(=O)(=O)OCC(=O)N1CCCCCC1,1,5.469808756632503,0.375464654779036,8.172690800181266,2.5500070731874143,-1.8987143247225449
tavron,C1=CC(=CC=C1C2=NSC(=N2)N)Cl,1,4.484994785733853,-3.1471141140849457,-3.9470902818331393,0.05778889736131065,-3.7412484361574143
terbucarb,CC1=CC(=C(C(=C1)C(C)(C)C)OC(=O)NC)C(C)(C)C,1,-0.891628234079643,-0.008803545680555021,-2.2223192370468015,-1.7548110022618824,-0.03524443292426418
thidiazuron,C1=CC=C(C=C1)NC(=O)NC2=CN=NS2,1,6.200965727175514,-2.573857259831047,-2.1655765269622247,0.9455857897383527,-3.3163679770046066
trihydroxytriazine,C1(=O)NC(=O)NC(=O)N1,1,2.1410921629711375,-0.33989191129798685,-2.9115721567807737,-1.260837210823842,-2.4118559565218485
trimeturon,CN(C)C(=NC1=CC=C(C=C1)Cl)OC,1,0.8353065775066375,-2.159650045754836,-3.9672618600430396,2.254590725414408,-0.6894950174558213
tripropindan,CCC(=O)C1=C(C2=C(C=C1C(C)C)C(CC2)(C)C)C,1,-4.1408594840437685,1.2016783569951401,0.5094907535382677,0.1308751638818664,-1.3336296024492493
tritac,CC(COCC1=C(C=CC(=C1Cl)Cl)Cl)O,1,-4.040058899537075,0.1912202832874678,-0.5724321178899952,-0.1520632250877741,0.7608807091302544
aclonifen,C1=CC=C(C=C1)OC2=C(C(=C(C=C2)[N+](=O)[O-])N)Cl,1,2.5178320856939984,-2.7084895265162725,-3.166015544296653,1.4090953301292661,9.21668843106577
amitrole,C1=NNC(=N1)N,1,2.634350439031054,-2.8541475963377536,-3.009552175952586,1.6852285447494326,-3.8268387791115117
asulam,COC(=O)NS(=O)(=O)C1=CC=C(C=C1)N,1,7.933786296737026,-3.375194255810812,5.224995454210838,-2.8573394741966958,-1.2714335331171132
bilanafos,CC(C(=O)NC(C)C(=O)O)NC(=O)C(CCP(=O)(C)O)N,1,0.03512616010021781,1.416879208321063,3.839128452177338,4.709932923316798,-1.0726730293543656
cinmethylin,CC1=CC=CC=C1COC2CC3(CCC2(O3)C)C(C)C,1,-3.7158588699383595,4.836778425733506,1.6055330675977897,-1.0534470782945098,0.028470358936520425
clomazone,CC1(CON(C1=O)CC2=CC=CC=C2Cl)C,1,1.4636013492918818,4.342708219945208,-1.7893121251465438,2.5845642148928296,2.384450180064593
cyclopyrimorate,CC1=C(C(=CC=C1)C2CC2)OC3=NN=C(C=C3OC(=O)N4CCOCC4)Cl,1,2.6420615241234335,4.818894699118877,-3.4726575185374204,0.9946810600140386,0.9964174472937235
diflufenzopyr,CC(=NNC(=O)NC1=CC(=CC(=C1)F)F)C2=C(C=CC=N2)C(=O)O,1,5.14719125435625,-0.32362036874174827,-4.609184441398948,-0.47678294128933535,0.35805777030167196
endothal,C1CC2C(C(C1O2)C(=O)O)C(=O)O,1,-3.7361815314032003,1.6317495209880266,1.2777950482413765,-2.06690085831781,-0.11911683422517548
glufosinate,CP(=O)(CCC(C(=O)O)N)O,1,-1.4666722400430126,0.4416102649910011,4.47016746220989,3.822044081209284,-0.4414261217373124
glyphosate,C(C(=O)O)NCP(=O)(O)O,1,-0.9529447168596052,-1.748348236625648,4.394598789306841,3.2191287802077535,-0.953917681765042
methiozolin,CC1=C(SC=C1)C2=NOC(C2)(C)COCC3=C(C=CC=C3F)F,1,0.6178686231387588,2.7374050951086937,-0.3146499960988642,1.571300997713395,2.9009460283832196
naptalam,C1=CC=C2C(=C1)C=CC=C2NC(=O)C3=CC=CC=C3C(=O)O,1,-0.6365490213124946,-0.5578843149820473,-2.536185023930469,-1.4432105104079485,-0.1381949688234678
bromobutide,CC(C)(C)C(C(=O)NC(C)(C)C1=CC=CC=C1)Br,1,-1.7276178145454102,-2.057133581395793,-3.095792755431077,-0.028797403153833973,-1.8697720937471323
cumyluron,CC(C)(C1=CC=CC=C1)NC(=O)NCC2=CC=CC=C2Cl,1,0.4697632943158864,-1.0139803575902964,-3.6302852808103525,0.7093326690485257,-2.5627190325498406
daimuron,CC1=CC=C(C=C1)NC(=O)NC(C)(C)C2=CC=CC=C2,1,0.6911331381540547,-1.7457929153353056,-2.836906973573101,0.3655452689610355,-2.854120413102189
difenzoquat,CN1C(=CC(=[N+]1C)C2=CC=CC=C2)C3=CC=CC=C3,1,1.3701343240501214,-1.2213744739675585,-3.7467868151046293,0.9442709080338207,-1.3807249205949135
diphenamid,CN(C)C(=O)C(C1=CC=CC=C1)C2=CC=CC=C2,1,-0.9981256961412512,-2.0455814571127227,-2.68936596504802,1.4466776724692094,-1.7702119744199682
etobenzanid,CCOCOC1=CC=C(C=C1)C(=O)NC2=C(C(=CC=C2)Cl)Cl,1,-0.43323181792284726,0.9059599735043731,-3.165406692682672,-0.48466789463115556,1.2684882637832886
flamprop-M,CC(C(=O)O)N(C1=CC(=C(C=C1)F)Cl)C(=O)C2=CC=CC=C2,1,0.28032648129644966,-1.1312829843454348,-4.188503413840459,-0.7770296700171164,1.2413735419484846
fosamine,CCOP(=O)(C(=O)N)O,1,-0.35033621640447365,-0.9057288740608274,3.642881279156305,1.692644774458065,-0.09862936855752641
mefluidide,CC1=CC(=C(C=C1NC(=O)C)NS(=O)(=O)C(F)(F)F)C,1,7.801115471301703,-3.338209545255601,2.9476562892083065,-2.1673915549145333,-1.122730127201791
methyldymron,CC(C)(C1=CC=CC=C1)NC(=O)N(C)C2=CC=CC=C2,1,0.9945990532501906,-1.6484574050926604,-3.169659980130012,1.418776797780749,-2.4409699456803597
monalide,CCCC(C)(C)C(=O)NC1=CC=C(C=C1)Cl,1,-1.748025832469897,0.11390221223616168,-2.2276866340873074,2.0221517768867616,-1.8140686169905087
naproanilide,CC(C(=O)NC1=CC=CC=C1)OC2=CC3=CC=CC=C3C=C2,1,-0.6269623027518794,0.16600046690370718,-3.1917495950184165,-1.8598401763933772,0.31141011701230686
napropamide,CCN(CC)C(=O)C(C)OC1=CC=CC2=CC=CC=C21,1,-0.8584581518569532,2.2002834687074158,-1.3630934923717188,1.5973847022171703,-0.24235709850603815
oxaziclomefone,CC1=C(C(=O)N(CO1)C(C)(C)C2=CC(=CC(=C2)Cl)Cl)C3=CC=CC=C3,1,0.2304398369816673,4.347197882957719,-3.4518106287787087,-0.7330197113364687,-0.8442769089556478
pelargonic acid,CCCCCCCCC(=O)O,1,-5.754112584492784,0.6213826439436945,2.805265356205015,2.2258219472233294,-1.3945611312182224
perfluidone,CC1=C(C=CC(=C1)S(=O)(=O)C2=CC=CC=C2)NS(=O)(=O)C(F)(F)F,1,7.646711851276046,-4.755563903936529,3.8797335469862864,-3.7732130369866907,-0.22343077574245798
pyributicarb,CC(C)(C)C1=CC(=CC=C1)OC(=S)N(C)C2=NC(=CC=C2)OC,1,3.7500685136572747,0.22291284279230006,-3.0539709460756606,-0.2101512574325,-2.24026082001981
quinoclamine,C1=CC=C2C(=C1)C(=O)C(=C(C2=O)Cl)N,1,-1.349583955975872,-0.5497438078626704,-3.79466096986131,-2.0910989087887093,1.246715251322223
tebutam,CC(C)N(CC1=CC=CC=C1)C(=O)C(C)(C)C,1,-1.6417088610028456,-0.693429205616236,-1.423099984155619,2.8334654755357853,-2.198213793465291
2_3_6-TBA,C1=CC(=C(C(=C1Cl)C(=O)O)Cl)Cl,1,-3.682658011107608,-2.7756461970960347,-2.519385984486731,-2.450651334774918,0.4888110261082141
2_4_5-TB,C1=C(C(=CC(=C1Cl)Cl)Cl)OCCCC(=O)O,1,-3.814095512480399,0.9935090882160608,-0.8336118148844935,-2.0561027420696987,1.7629422014877525
2_4-DEB,C1=CC=C(C=C1)C(=O)OCCOC2=C(C=C(C=C2)Cl)Cl,1,-3.275901355871546,0.6194740635369774,-1.4601916858882016,-2.8145269026505764,2.0333824894791754
3_4-DA,C1=CC(=C(C=C1CC=O)O)O,1,-3.493055552609396,-0.10685864811973748,-0.45611800958925114,-2.1910814213024428,1.0657478032073024
3_4-DB,C1=CC(=C(C=C1OCCCC(=O)O)Cl)Cl,1,-3.814095512480399,0.9935090882160608,-0.8336118148844935,-2.0561027420696987,1.7629422014877525
3_4-DP,CC1=C(C=C(C=C1)O)C,1,-3.3403326934607973,-1.9283778270186154,-1.6024231969254403,-2.213351631785671,0.5117742984201663
4-CPA,C1=CC(=CC=C1OCC(=O)O)Cl,1,-3.8141146245264848,-0.19445826346422498,-1.3156143407918899,-2.775140405527857,1.5360653808391407
4-CPB,C1=CC(=CC=C1OCCCC(=O)O)Cl,1,-4.114823073417996,0.7112258437233411,-0.5358905050013443,-1.7269430749053694,1.2484260440393695
4-CPP,CC(C(=O)O)OC1=CC=C(C=C1)Cl,1,-3.5018935851188675,-1.1682224583246397,-2.0271304125806466,-3.628169092937811,1.4855710901958292
ametridione,CCSC1=NC(=O)N(C(=O)N1N)CC(C)(C)C,1,7.32259380279459,1.7727850521547497,-2.0075635084020504,3.195361524161874,-2.7813010678346504
amibuzin,CC(C)(C)C1=NN=C(N(C1=O)C)N(C)C,1,4.982171455036269,0.801354111417349,-4.864834812213694,1.9577964195627462,-2.039048071549748
amiprofos-methyl,CC1=CC(=C(C=C1)OP(=S)(NC(C)C)OC)[N+](=O)[O-],1,4.865282503958801,-2.2098843277472833,1.483956455759831,2.119405779344973,7.349251180470812
amiprophos,CCOP(=S)(NC(C)C)OC1=C(C=C(C=C1)C)[N+](=O)[O-],1,4.51943019488102,-1.069175291228828,2.235355556007262,3.1488064728321667,7.412389809745599
anisuron,CN(C)C(=O)N(C1=CC(=C(C=C1)Cl)Cl)C(=O)C2=CC=C(C=C2)OC,1,2.6147259635249656,0.52783246376813,-4.338903869636084,-0.8254597180991456,0.9600504302717495
BCPC,CCC(C)OC(=O)NC1=CC(=CC=C1)Cl,1,-1.4539069742708268,-0.627770425714971,-2.6577811404420313,0.3531472845428356,-0.25543168619968093
bencarbazone,CCS(=O)(=O)NC1=CC(=C(C=C1C(=S)N)F)N2C(=O)N(C(=N2)C(F)(F)F)C,1,12.705465448163146,0.8806025392373694,0.7574054250465979,-0.51231637742836,-2.447190819847392
benzfendizone,CCC1=CC(=C(C=C1)COC2=CC=C(C=C2)N3C(=O)C=C(N(C3=O)C)C(F)(F)F)OC(C)C(=O)OC,1,4.574922929215091,3.8469480425591405,-3.9995038245169634,-0.8552562376555204,0.36337978405317933
bispyribac,COC1=CC(=NC(=N1)OC2=C(C(=CC=C2)OC3=NC(=CC(=N3)OC)OC)C(=O)O)OC,1,2.2569197373490706,2.0686641436700195,-3.1808419060444844,-2.7380750506320166,-0.37496876069560103
bromobonil,C1CC(OC1)COC(=O)OC2=C(C=C(C=C2Br)C#N)Br,1,-3.031518349729557,2.458124998856749,-0.5622329233074872,-1.9873422365165556,1.8589711014786319
buthiuron,CCCCS(=O)(=O)C1=NN=C(S1)N(C)C(=O)NC,1,9.482640335936717,-0.09273007345305066,3.957844663328828,2.4122848482824337,-4.052088175347171
carbasulam,COC(=O)NC1=CC=C(C=C1)S(=O)(=O)NC(=O)OC,1,7.908712221215647,-3.104639364838886,5.35849748283356,-2.9049989419866646,-1.3407184507652337
CDEA,CCCCC(CC)CP(=O)(CC(CC)CCCC)OCC,1,-4.002736563767675,-0.24889089104270648,4.834070926545943,3.556370561789332,-0.5157462885975567
CEPC,C1=CC(=CC(=C1)Cl)NC(=O)OCCCl,1,-1.7648241432183318,-0.2678344996166323,-2.0788945676316786,1.243201775855731,-0.5573027397074176
chlorazifop,CC(C(=O)O)OC1=CC=C(C=C1)OC2=C(C=C(C=N2)Cl)Cl,1,-0.42053789207778497,0.875642476398854,-4.062727812551256,-4.039701704045458,1.1865934162272676
chloreturon,CCOC1=C(C=C(C=C1)NC(=O)N(C)C)Cl,1,1.4714365106828156,0.22806622195791854,-3.7830377496859966,0.922009903312828,0.080932465680656
chlornidine,CC1=CC(=C(C(=C1)[N+](=O)[O-])N(CCCl)CCCl)[N+](=O)[O-],1,2.1515836214783532,-1.5630377090553769,0.03580459097035214,7.637206771355509,7.282042682289243
chloroxynil,C1=C(C=C(C(=C1Cl)O)Cl)C#N,1,-3.1753295626640727,-2.6549771407121736,-3.5242142938376233,-2.9302427542723404,1.0961974156040144
cloprop,CC(C(=O)O)OC1=CC(=CC=C1)Cl,1,-3.5018935851188675,-1.1682224583246397,-2.0271304125806466,-3.628169092937811,1.4855710901958292
CPPC,CC(CCl)OC(=O)NC1=CC(=CC=C1)Cl,1,-1.522016480528857,-0.7907812597754057,-2.778880452159991,0.21450399314883478,-0.21669071286149735
cyanatryn,CCNC1=NC(=NC(=N1)SC)NC(C)(C)C#N,1,3.0428102798496797,-1.0467298899350304,-2.0564287704166446,3.076265368527918,-6.2530033386054065
di-allate,CC(C)N(C(C)C)C(=O)SCC(=CCl)Cl,1,-1.5626879434358898,-2.5753900218748798,-1.0642632233476896,2.20894730101048,-2.9280147709106967
dichlorprop-P,CC(C(=O)O)OC1=C(C=C(C=C1)Cl)Cl,1,-3.2011660241812705,-0.8859392138319205,-2.3248517224637957,-3.9573287601021434,2.000087247644215
diethamquat,CCN(CC)C(=O)C[N+]1=CC=C(C=C1)C2=CC=[N+](C=C2)CC(=O)N(CC)CC,1,1.101269451331657,2.017938716240502,-1.9891346782660193,4.928742209040544,-2.36905315347792
dimethenamid-P,CC1=CSC(=C1N(C(C)COC)C(=O)CCl)C,1,0.5356957188126381,1.7562701750303606,-0.8722624294356358,3.7248114992792907,-1.4027161221928321
dimexano,COC(=S)SSC(=S)OC,1,-2.3166877444876937,-4.479836735633941,2.3855292068420733,-0.43933227604519093,-2.1042526453151904
dimidazon,COC1=C(C(=O)N(N=C1)C2=CC=CC=C2)OC,1,3.6039924445073592,2.255618520118542,-4.290251316861232,-1.116868725136688,1.0750477366739661
dinofenate,CCC(C)C1=C(C(=CC(=C1)[N+](=O)[O-])[N+](=O)[O-])OC(=O)OC2=C(C=C(C=C2)[N+](=O)[O-])[N+](=O)[O-],1,2.6464718589325518,-0.46446604905035915,-0.2633232314250066,2.2674929687876277,9.630876337749841
dinoprop,CC1=C(C(=C(C=C1[N+](=O)[O-])[N+](=O)[O-])O)C(C)C,1,2.318468228297641,-1.321090729641662,-0.5845142622798445,2.3126635175829904,8.946929396998097
dipropalin,CCCN(CCC)C1=C(C=C(C=C1[N+](=O)[O-])C)[N+](=O)[O-],1,2.0758847931287834,-0.17666173685444483,1.4873537853017793,8.941958164812489,6.8944874304539985
epronaz,CCCN(CC)C(=O)N1C=NC(=N1)S(=O)(=O)CCC,1,8.532044624124154,0.9701159246933885,4.947914485436995,4.43330538944237,-4.242839339400651
erlujixiancaoan,CCCC(C)C(=O)NC1=CC(=C(C=C1)Cl)Cl,1,-1.5362649307107308,-0.3706786817996351,-2.7901431131547874,1.8567075486411415,-0.9997036927954818
ethachlor,CCC1=CC=CC=C1N(COCC)C(=O)CCl,1,-0.7226364316037871,1.2801379462763929,-1.221998463094409,4.405445435812795,-0.3719418118032083
ethiolate,CCN(CC)C(=O)SCC,1,-1.4269139127486887,-2.0706665742872894,0.6251465191405713,5.075868493525366,-3.5191326651985286
ethoxyfen,CC(C(=O)O)OC(=O)C1=C(C=CC(=C1)OC2=C(C=C(C=C2)C(F)(F)F)Cl)Cl,1,-2.0103118944054406,-0.391647331537061,-2.030108486879195,-4.84739752791649,2.564795946965431
etnipromid,CCCCCCOC(=O)C(C)OC1=C(C=CC(=C1)OC2=CC=C(C=C2)Br)[N+](=O)[O-],1,0.9992460367267763,2.6049227484006514,0.7631663202448576,2.8925862800654323,9.93739709662761
fenasulam,CC1=C(C=CC(=C1)Cl)OCC(=O)NC2=CC=C(C=C2)S(=O)(=O)NC(=O)OC,1,9.039471427421294,0.560247091614934,3.9799168605306265,-3.8771006855940566,0.910505353401998
fenoxaprop-P,CC(C(=O)O)OC1=CC=C(C=C1)OC2=NC3=C(O2)C=C(C=C3)Cl,1,-0.292148865063115,2.4317212702730773,-3.6048002483813817,-4.3095818819399305,0.2531052283899583
fluazifop-P,CC(C(=O)O)OC1=CC=C(C=C1)OC2=NC=C(C=C2)C(F)(F)F,1,-0.2038225039064171,0.6331276058380771,-3.0333327258445233,-3.664726169352876,0.5146064051979785
fluazolate,CC(C)OC(=O)C1=C(C=C(C(=C1)C2=NN(C(=C2Br)C(F)(F)F)C)F)Cl,1,2.086798170966512,0.6280417759024448,-4.574249999776399,-1.104308255283743,0.0067216257717455105
flufenican,C1=CC=C(C=C1)NC(=O)C2=C(N=CC=C2)OC3=CC=CC(=C3)C(F)(F)F,1,2.3092449857190402,0.08300644751065345,-5.137420380836235,-2.370937511551473,0.3786761787179974
flufenpyr,CC1=C(C=NN(C1=O)C2=CC(=C(C=C2F)Cl)OCC(=O)O)C(F)(F)F,1,3.84665935502817,3.2450636386296967,-4.317774239050108,-1.460889648374563,2.1163604917136785
flupropacil,CC(C)OC(=O)C1=C(C=CC(=C1)N2C(=O)C=C(N(C2=O)C)C(F)(F)F)Cl,1,4.767978787612246,2.5954264353691268,-5.429853743668987,-1.8290610922508912,0.28206318061115754
fucaojing,CC(C)NC1=NC(=NC(=N1)SC(F)F)NC(C)C,1,2.878476695606614,-2.402114928413431,-3.373407919427515,0.8455644087885894,-5.186046774937799
furyloxyfen,C1COCC1OC2=C(C=CC(=C2)OC3=C(C=C(C=C3)C(F)(F)F)Cl)[N+](=O)[O-],1,2.058207550254818,1.421478823620781,-0.5612406249170778,1.6442165182776465,9.461349778399148
glufosinate-P,CP(=O)(CCC(C(=O)O)N)O,1,-1.4666722400430126,0.4416102649910011,4.47016746220989,3.822044081209284,-0.4414261217373124
halosafen,CCS(=O)(=O)NC(=O)C1=C(C=CC(=C1)OC2=C(C=C(C=C2Cl)C(F)(F)F)F)[N+](=O)[O-],1,9.52529639955602,-1.3779589310827376,2.562757540801104,-0.25775913904045356,7.764602945766968
haloxyfop-P,CC(C(=O)O)OC1=CC=C(C=C1)OC2=C(C=C(C=N2)C(F)(F)F)Cl,1,0.12660851907030074,0.820359011583508,-3.969321871771025,-4.292759136031263,1.2256000392201318
huangcaoling,CN(C(=O)CNCP(=O)(O)O)S(=O)(=O)C,1,6.850016949259944,-1.3291637959840323,8.609007533496701,3.407183492995869,-2.9575222293071657
iodobonil,C=CCOC(=O)OC1=C(C=C(C=C1I)C#N)I,1,-3.0017379993469397,-0.8957994337678867,-1.7426342759579068,-3.206732414115664,1.9008828037389087
iofensulfuron,CC1=NC(=NC(=N1)OC)NC(=O)NS(=O)(=O)C2=CC=CC=C2I,1,13.084303970645587,-1.221183445163427,2.297927918140743,-5.523848908538214,-2.0717808926435866
iprymidam,CC(C)NC1=CC(=NC(=N1)N)Cl,1,1.493821609270515,-2.1232242146137863,-5.1343617906900025,0.7546525250038371,-4.068642624121481
isopolinate,CC(C)SC(=O)N1CCCCCC1,1,-0.5940076591988602,-0.5468087937866859,-0.12002538825573698,5.570868633184859,-4.092158072732831
isoxachlortole,CS(=O)(=O)C1=C(C=CC(=C1)Cl)C(=O)C2=C(ON=C2)C3CC3,1,5.4991354568618975,-1.1153646914619189,3.051899625901669,-4.6811561048464005,0.4974547165732472
ketospiradox,CC1=CC(=C(C2=C1S(=O)(=O)CCC23OCCO3)C)C(=C4C(=O)CCCC4=O)[O-],1,2.1890156493737947,4.164538612299851,7.474058980820519,-4.195497129441831,0.07358979797381385
mecoprop-P,CC1=C(C=CC(=C1)Cl)OC(C)C(=O)O,1,-3.115362963231374,-0.6589012142083627,-2.2183818491360263,-3.8395475243625166,1.9161830365352355
mesoprazine,CC(C)NC1=NC(=NC(=N1)NCCCOC)Cl,1,1.1012786042256921,2.627519208196287,-2.046172175956079,5.108792010883807,-4.022040316239338
metflurazon,CN(C)C1=C(C(=O)N(N=C1)C2=CC=CC(=C2)C(F)(F)F)Cl,1,4.91180987871352,0.5534878509909678,-6.699823234275715,0.5481683163777997,-0.4505109048141399
methalpropalin,CCCN(CC(=C)C)C1=C(C=C(C=C1[N+](=O)[O-])C(F)(F)F)[N+](=O)[O-],1,2.069799592649695,0.4243538046633995,1.1805733147209736,7.585011062467009,7.255216794340746
methiobencarb,CCN(CC)C(=O)SCC1=CC=C(C=C1)OC,1,-0.25593994149107063,0.10566755827365619,-0.186962646115401,2.90692781973142,-1.3324035509598433
methiuron,CC1=CC(=CC=C1)NC(=S)N(C)C,1,0.7626299223657668,-3.6394549351266896,-1.7223680329350948,3.1038858459753023,-3.425102199772448
methometon,COCCCNC1=NC(=NC(=N1)OC)NCCCOC,1,2.494620137621869,3.989961794807681,-0.9332813663627086,4.574374573030096,-3.4575427315735716
monisouron,CC(C)(C)C1=CC(=NO1)NC(=O)NC,1,3.8708115528865825,0.5223163784697414,-2.3161497415299976,0.8837483249476974,-2.045522313838984
monosulfuron,CC1=NC(=NC=C1)NC(=O)NS(=O)(=O)C2=CC=CC=C2C(=O)O,1,11.53488924970666,-1.7289858676434882,3.5186986286959003,-3.918144190354205,-2.692579218394885
napropamide-M,CCN(CC)C(=O)C(C)OC1=CC=CC2=CC=CC=C21,1,-0.8584581518569532,2.2002834687074158,-1.3630934923717188,1.5973847022171703,-0.24235709850603815
nipyraclofen,C1=C(C=C(C(=C1Cl)N2C(=C(C=N2)[N+](=O)[O-])N)Cl)C(F)(F)F,1,5.520937136059503,-2.296606730530352,-4.9050773916365955,3.049169412774859,5.673408093391883
nitrofluorfen,C1=CC(=CC=C1[N+](=O)[O-])OC2=C(C=C(C=C2)C(F)(F)F)Cl,1,1.7727836033856716,-2.956644059530897,-2.5492836270830144,0.3364808558347679,9.474435602588784
oxapyrazon,C1=CC=C(C=C1)N2C(=O)C(=C(C=N2)NC(=O)C(=O)O)Br,1,4.446328446010608,1.874746990940618,-5.441549043847574,-0.9698334569009865,1.1243091063342083
phenmedipham-ethyl,CCOC(=O)NC1=CC(=CC=C1)OC(=O)NC2=CC=CC(=C2)C,1,0.4583047103628323,1.2385548347040156,-1.5016945957551346,-0.42548641981148105,0.6435675898827452
profluazol,C1C(CN2C1C(=O)N(C2=O)C3=C(C=C(C(=C3)NS(=O)(=O)CCl)Cl)F)F,1,10.619313054403534,1.4631743314502414,1.393155047940244,-0.02555805105070162,-1.268317334545691
propaquizafop,CC(C(=O)OCCON=C(C)C)OC1=CC=C(C=C1)OC2=CN=C3C=C(C=CC3=N2)Cl,1,1.8570598363407358,4.394037985950706,-1.9973066339818484,0.7564400201704082,3.3844933575901073
prosulfalin,CCCN(CCC)C1=C(C=C(C=C1[N+](=O)[O-])S(=O)(=O)N=S(C)C)[N+](=O)[O-],1,8.900335693105081,-1.4989709017180128,6.701326932372449,5.933337806718327,4.377211694900315
pyribambenz-propyl,CCCOC(=O)C1=CC=C(C=C1)NCC2=CC=CC=C2OC3=NC(=CC(=N3)OC)OC,1,3.1062298720207027,4.21148572385585,-2.136590403373475,1.3931462430818031,-1.0141931352768165
pyridafol,C1=CC=C(C=C1)C2=NNC(=CC2=O)Cl,1,1.4073316722832434,-0.9134425233374774,-5.213752453915332,-2.6308451646244424,0.2291689391166855
quizalofop-P,CC(C(=O)O)OC1=CC=C(C=C1)OC2=CN=C3C=C(C=CC3=N2)Cl,1,0.2527734997133177,1.8655572223330528,-4.219867016559016,-3.5849104617239713,0.2590341936978787
simeton,CCNC1=NC(=NC(=N1)OC)NCC,1,2.9349049106337937,0.9387825597805036,-3.2379441118480923,2.4589829508947485,-3.8060042376169623
S-metolachlor,CCC1=CC=CC(=C1N(C(C)COC)C(=O)CCl)C,1,-0.4323360780755078,1.3010213825094954,-1.397094450596718,3.9218288615312744,-0.1766428667993085
terbuchlor,CCCCOCN(C1=C(C=CC=C1C(C)(C)C)C)C(=O)CCl,1,-0.9891164133623899,3.153755364425527,-0.022717545347449953,5.33848357589151,-0.7615837709470781
tetrafluron,CN(C)C(=O)NC1=CC(=CC=C1)OC(C(F)F)(F)F,1,1.803758439944747,-0.8428480717561151,-3.6763251050276984,0.33898777747269965,-0.3207373425007623
thidiazimin,CC1(CC2=NSC(=NC3=CC4=C(C=C3F)OCC(=O)N4CC#C)N2C1)C,1,7.208850916071802,5.0643046399605245,-3.2127500351150244,1.2242421650375417,-1.0583822362762625
tioclorim,CSC1=C(N=C(N=C1Cl)N)N,1,3.35578919278648,-2.5162809179647576,-4.352569095508588,-0.14684408455977627,-4.301970307265463
tricamba,COC1=C(C(=C(C=C1Cl)Cl)Cl)C(=O)O,1,-2.8178585551815645,-0.8134364004511853,-2.164741442344977,-3.949006745232617,1.9155135961168759
trifop,CC(C(=O)O)OC1=CC=C(C=C1)OC2=CC=C(C=C2)C(F)(F)F,1,-2.5750827881332796,-0.656698581316383,-1.3090474213840224,-4.17334054639654,1.720499824750418
trifopsime,CC(C(=O)ON=C(C)C)OC1=CC=C(C=C1)OC2=CC=C(C=C2)C(F)(F)F,1,0.19756172952303452,-0.0033738987290797386,-1.2852114644782817,-1.6004042568285834,5.100740529289514
xylachlor,CC1=C(C(=CC=C1)N(C(C)C)C(=O)CCl)C,1,-0.700536353051464,-0.8454072508783129,-2.9175368210186767,2.7357019908175673,-0.9893494737985677
amicarbazone,CC(C)C1=NN(C(=O)N1N)C(=O)NC(C)(C)C,1,6.252769205642707,1.1456201095878917,-3.223913729891555,0.7776804562192811,-1.5102569800533265
aminopyralid,C1=C(C(=C(N=C1Cl)C(=O)O)Cl)N,1,0.15391966554429498,-1.4385328553451202,-4.68503912738829,-0.7712270439216369,-0.5669437906246632
atraton,CCNC1=NC(=NC(=N1)OC)NC(C)C,1,2.931965146850573,0.925468321916631,-3.4796755885391204,2.102151407428276,-3.8834209654752363
atrazine,CCNC1=NC(=NC(=N1)Cl)NC(C)C,1,1.1010543330266656,-1.1942749871502754,-4.331579683893237,2.742622122903836,-4.449114811617123
azafenidin,C#CCOC1=C(C=C(C(=C1)N2C(=O)N3CCCCC3=N2)Cl)Cl,1,5.0008677469391065,4.399511207935315,-5.425816006686757,1.8135009261695878,-0.5511348618806983
azimsulfuron,CN1C(=C(C=N1)C2=NN(N=N2)C)S(=O)(=O)NC(=O)NC3=NC(=CC(=N3)OC)OC,1,14.840861988268616,0.6477574647069608,2.2479212292549104,-2.8141506131349554,-2.1785823325884413
bensulfuron,COC1=CC(=NC(=N1)NC(=O)NS(=O)(=O)CC2=CC=CC=C2C(=O)O)OC,1,11.02804164316502,1.4439182480878283,3.4147011487823358,-2.7522636962637894,-1.5367437744037546
bentazone,CC(C)N1C(=O)C2=CC=CC=C2NS1(=O)=O,1,8.525206185077257,-0.5357008695665922,1.5761441016554436,-2.1120382957248256,-1.6858530004764438
benzthiazuron,CNC(=O)NC1=NC2=CC=CC=C2S1,1,3.436741335248289,-0.6976317484302746,-3.4645719985131427,0.5943241610661153,-4.911914739766652
butamifos,CCC(C)NP(=S)(OCC)OC1=C(C=CC(=C1)C)[N+](=O)[O-],1,4.475263774578763,-0.5568958155303959,2.6470498536324145,4.194974393876245,7.467761428044426
butylate,CCSC(=O)N(CC(C)C)CC(C)C,1,-1.4409429991175862,-1.6651684341659694,0.7468426181876106,5.462674883391648,-3.5798881855237545
chlomethoxyfen,COC1=C(C=CC(=C1)OC2=C(C=C(C=C2)Cl)Cl)[N+](=O)[O-],1,1.9539934852510006,-1.830940513200584,-2.148101912616364,0.5428108553948651,9.768472871378798
chloramben,C1=C(C=C(C(=C1C(=O)O)Cl)N)Cl,1,-1.7329192952179413,-2.458161267086494,-3.4960899755573145,-0.9849544531147628,0.2677789719357019
chlorbufam,CC(C#C)OC(=O)NC1=CC(=CC=C1)Cl,1,-1.1757904394403063,-2.0658567329093978,-3.9773877473151034,-0.7828037779189068,-0.18197300029481545
chlornitrofen,C1=CC(=CC=C1[N+](=O)[O-])OC2=C(C=C(C=C2Cl)Cl)Cl,1,1.2256371922375855,-2.9013605947155505,-2.6426895678632456,0.5895382878205708,9.435428979595923
chlorprocarb,CCC(CCl)NC(=O)OC1=CC=CC(=C1)NC(=O)OC,1,0.36943194389045186,0.9184746641874466,-1.6613028153624962,0.6464556619066184,0.422300488197356
cycloxydim,CCCC(=NOCC)C1=C(CC(CC1=O)C2CCCSC2)O,1,-1.4641217487659213,4.843292739186467,2.761738053927972,2.921381786246327,3.4190875501709876
diclofop,CC(C(=O)O)OC1=CC=C(C=C1)OC2=C(C=C(C=C2)Cl)Cl,1,-2.7917981763046478,-0.4141837107556064,-2.3384425080907594,-4.548316081089123,2.392486835779708
difenoxuron,CN(C)C(=O)NC1=CC=C(C=C1)OC2=CC=C(C=C2)OC,1,1.5204722326137379,-0.2807474583304389,-2.9245100580825154,0.3421644407042417,-0.4429530609162662
diflufenican,C1=CC(=CC(=C1)OC2=C(C=CC=N2)C(=O)NC3=C(C=C(C=C3)F)F)C(F)(F)F,1,2.3527759391082292,0.053779375642383234,-5.473206722812486,-2.551641438356357,0.48972081338343376
dinosam,CCCC(C)C1=C(C(=CC(=C1)[N+](=O)[O-])[N+](=O)[O-])O,1,1.683376153689769,0.1707873090488938,0.8626243278050448,3.9266008566472785,8.99573108502273
dipropetryn,CCSC1=NC(=NC(=N1)NC(C)C)NC(C)C,1,2.552188824026537,-1.7156368013342431,-2.038280508205816,2.199725272072666,-5.637460077703788
dithiopyr,CC(C)CC1=C(C(=NC(=C1C(=O)SC)C(F)(F)F)C(F)F)C(=O)SC,1,0.1090034967227976,-1.1427080341380853,-1.9018371939792973,-0.5307726480204122,-1.6021503681412084
diuron,CN(C)C(=O)NC1=CC(=C(C=C1)Cl)Cl,1,1.097849042621228,-2.457699095782442,-4.660062504769908,1.5937279366281953,-1.581683202209647
fenthiaprop,CC(C(=O)O)OC1=CC=C(C=C1)OC2=NC3=C(S2)C=C(C=C3)Cl,1,0.45873748692209787,1.4158811798762199,-2.9531847488440577,-3.7998681969118824,-0.8070042792489978
fentrazamide,CCN(C1CCCCC1)C(=O)N2C(=O)N(N=N2)C3=CC=CC=C3Cl,1,5.353932515870112,2.8525419318893004,-4.20932142689127,3.5152537528253873,0.8087864978556463
flucarbazone,CN1C(=NN(C1=O)C(=O)NS(=O)(=O)C2=CC=CC=C2OC(F)(F)F)OC,1,12.4302412439425,-0.08193748186525,1.94908274547794,-3.9857000301700083,-1.0812055022339995
flufenacet,CC(C)N(C1=CC=C(C=C1)F)C(=O)COC2=NN=C(S2)C(F)(F)F,1,4.546601006913795,2.125486504906453,-3.555499282679928,1.461999855378418,-0.8927394748192973
halosulfuron,CN1C(=C(C(=N1)Cl)C(=O)O)S(=O)(=O)NC(=O)NC2=NC(=CC(=N2)OC)OC,1,14.173439682578104,0.6340446974800437,1.4522741277524653,-4.015053362640739,-2.3354951440048017
imazaquin,CC(C)C1(C(=O)NC(=N1)C2=NC3=CC=CC=C3C=C2C(=O)O)C,1,2.828891514937007,3.9390154719440793,-3.7446717744473,-1.616852364346037,-1.1014496928755786
isocil,CC1=C(C(=O)N(C(=O)N1)C(C)C)Br,1,3.5537028320022475,0.4865814750849459,-5.483768854175825,-0.09856394372112216,-1.6040716148516976
isoxaben,CCC(C)(CC)C1=NOC(=C1)NC(=O)C2=C(C=CC=C2OC)OC,1,3.374937148843063,3.6246785461292745,-1.7981608499831603,-0.1235378593649246,1.5454180646483535
lenacil,C1CCC(CC1)N2C(=O)C3=C(CCC3)NC2=O,1,3.033060789638256,3.6236749959551395,-3.4788000986354377,1.7293432435898588,-2.0761585888726946
MCPB,CC1=C(C=CC(=C1)Cl)OCCCC(=O)O,1,-3.815601290073228,1.5696987243948342,-0.5122666864437142,-1.7133579440000222,1.7056151862490352
monolinuron,CN(C(=O)NC1=CC=C(C=C1)Cl)OC,1,2.1874786135981013,-1.9978311936370188,-3.548554894872632,1.507250710587597,2.218919416518425
monuron,CN(C)C(=O)NC1=CC=C(C=C1)Cl,1,0.7971214816836307,-2.7399823402751613,-4.362341194886759,1.9228876037925258,-2.0961993596580304
oxadiazon,CC(C)OC1=C(C=C(C(=C1)N2C(=O)OC(=N2)C(C)(C)C)Cl)Cl,1,4.0102898797732776,2.883743949384606,-5.440682995449727,-1.6186366927579876,0.8508942294172674
pebulate,CCCCN(CC)C(=O)SCCC,1,-1.8257869409008203,-0.48854159946728265,1.8465469255185387,6.934769097232556,-3.6470633576564047
pendimethalin,CCC(CC)NC1=C(C=C(C(=C1[N+](=O)[O-])C)C)[N+](=O)[O-],1,2.4677516808914177,-2.051603637492218,-0.006228334709009056,5.830626191524968,7.209279157597971
profoxydim,CCCC(=NOCC(C)OC1=CC=C(C=C1)Cl)C2=C(CC(CC2=O)C3CCCSC3)O,1,-0.8994483829511501,5.287239540737819,1.3368225629046744,1.643191948925053,4.62227033332882
propachlor,CC(C)N(C1=CC=CC=C1)C(=O)CCl,1,-1.0597109759428487,-1.3750422477035815,-2.7210524092235624,2.9533035781614294,-1.3960053666313141
prosulfuron,CC1=NC(=NC(=N1)OC)NC(=O)NS(=O)(=O)C2=CC=CC=C2CCC(F)(F)F,1,12.72943364346259,0.08272951801851508,3.196663826914992,-4.0968288050303565,-2.0690984850140586
prynachlor,CC(C#C)N(C1=CC=CC=C1)C(=O)CCl,1,-1.1229509418557295,-1.5549651086844871,-3.0170641401852074,2.8659064254687756,-1.2165539778456893
pyraflufen,CN1C(=C(C(=N1)C2=CC(=C(C=C2F)Cl)OCC(=O)O)Cl)OC(F)F,1,3.3699877747722424,3.4739672901294965,-4.232653028651117,-1.2144104765610737,1.5300137328509078
pyribenzoxim,COC1=CC(=NC(=N1)OC2=C(C(=CC=C2)OC3=NC(=CC(=N3)OC)OC)C(=O)ON=C(C4=CC=CC=C4)C5=CC=CC=C5)OC,1,3.925955979776433,1.8712572600212187,-2.765615710408583,-1.0515898188421007,3.2260141130901476
pyrimisulfan,COCC1=C(C(=CC=C1)C(C2=NC(=CC(=N2)OC)OC)O)NS(=O)(=O)C(F)F,1,11.05623638353511,1.8077298895714486,2.7336536672582534,-3.1126354760941246,-0.7358539370569187
pyroxasulfone,CC1(CC(=NO1)S(=O)(=O)CC2=C(N(N=C2C(F)(F)F)C)OC(F)F)C,1,8.99760973818239,2.6669254418207373,3.2247986517576233,0.17172576587434218,2.0926708797507083
pyroxsulam,COC1=CC(=NC2=NC(=NN12)NS(=O)(=O)C3=C(C=CN=C3OC)C(F)(F)F)OC,1,13.147179679899045,0.6821254687349909,1.7487887317247852,-4.314644437419655,-1.5727005890388355
quinclorac,C1=CC(=C(C2=NC=C(C=C21)Cl)C(=O)O)Cl,1,-1.4973975495307439,-0.7543049360038426,-4.084548116489731,-2.943462866095971,-0.3551091526141703
simazine,CCNC1=NC(=NC(=N1)Cl)NCC,1,1.045547034856098,-1.4283125016189513,-4.191085105290248,2.98789558654984,-4.263837819143208
TCA,C(=O)(C(Cl)(Cl)Cl)O,1,-4.246178513816496,-3.5747553215161654,-0.612466119639415,-1.5551925448753356,-0.8180154322277442
tefuryltrione,CS(=O)(=O)C1=C(C(=C(C=C1)C(=O)C2C(=O)CCCC2=O)Cl)COCC3CCCO3,1,3.1069272141813133,1.7705393358246513,6.313071084693452,-3.676203563005648,0.7322670652169248
tembotrione,CS(=O)(=O)C1=C(C(=C(C=C1)C(=O)C2C(=O)CCCC2=O)Cl)COCC(F)(F)F,1,3.4428149718443666,-0.5413702816095763,5.838033393616541,-3.4425997710656757,1.1013480899570582
thifensulfuron,CC1=NC(=NC(=N1)OC)NC(=O)NS(=O)(=O)C2=C(SC=C2)C(=O)O,1,12.859897881078364,0.10869327010847964,3.449179804213226,-4.736452770830869,-2.6974744395028947
tritosulfuron,COC1=NC(=NC(=N1)NC(=O)NS(=O)(=O)C2=CC=CC=C2C(F)(F)F)C(F)(F)F,1,12.963316079654952,-1.2173927162693203,2.2514985872166315,-5.2366087277460265,-1.8775896019051668
cyperquat,C[N+]1=CC=C(C=C1)C2=CC=CC=C2,1,-1.0965079181323514,-2.454835923975993,-3.2336138896765934,0.7846228081576107,-2.1732144181088144
paraquat,C[N+]1=CC=C(C=C1)C2=CC=[N+](C=C2)C,1,-0.4560406337418866,-1.8923214336524272,-3.3814903533156992,1.071478997735539,-2.5420464366583455
2_4_5-T,CC(C)CCCCCOC(=O)COC1=CC(=C(C=C1Cl)Cl)Cl,1,-3.9618432121176834,2.5119612651466316,0.16449592562689722,-0.829192651419048,1.494078270985632
2_4-D, CCCCOC(=O)COC1=C(C=C(C=C1)Cl)Cl,1,-3.9729044740281827,2.0144644068755695,0.07370653621378084,-0.9192998329770073,1.704521894828028
2_4-DB,CC(C)CCCCCOC(=O)CCCOC1=C(C=C(C=C1)Cl)Cl,1,-3.893809323936471,2.1370755275084545,0.10828916829641222,-0.669684457876289,1.378611721585352
acetochlor,CCC1=CC=CC(=C1N(COCC)C(=O)CCl)C,1,-0.7640957368276514,1.8525208095079422,-0.8883189286560894,4.7468146653234635,-0.47921295980510825
acifluorfen,C1=CC(=C(C=C1C(F)(F)F)Cl)OC2=CC(=C(C=C2)[N+](=O)[O-])C(=O)O,1,2.320767564266423,-1.805523120011237,-2.0391352932831746,-0.15362172933136545,10.06351955674095
alachlor,CCC1=C(C(=CC=C1)CC)N(COC)C(=O)CCl,1,-0.40947649676887343,1.640498445828571,-1.0916442671723667,4.635665492258555,-0.513299762172058
allidochlor,C=CCN(CC=C)C(=O)CCl,1,-2.6588286302473145,-1.7327870451942937,-0.9560282983196798,4.260561769655157,-2.26603648519735
alloxydim,CCCC(=NOCC=C)C1=C(C(C(CC1=O)(C)C)C(=O)OC)O,1,-1.9578007839898495,4.859364845588523,3.4457200410149724,1.5100133551949824,4.338643215993175
ametryn,CCNC1=NC(=NC(=N1)SC)NC(C)C,1,2.8264991099593275,-1.4321011249526454,-1.93951109628408,3.2369511068699723,-6.166696241539612
amidosulfuron,CN(S(=O)(=O)C)S(=O)(=O)NC(=O)NC1=NC(=CC(=N1)OC)OC,1,11.57024040713593,-0.9492938409322899,3.2077759950562905,-2.2799364088337706,-1.4908432358200245
aminocyclopyrachlor,C1CC1C2=NC(=C(C(=N2)N)Cl)C(=O)O,1,0.9167766608501147,-0.36776460696672875,-5.11314424703833,-0.9304389710500733,-1.3177193151414919
anilofos,CC(C)N(C1=CC=C(C=C1)Cl)C(=O)CSP(=S)(OC)OC,1,1.9511308846380293,-1.492231476857279,0.452089149421502,1.7782224128232118,-0.1720831469340177
aziprotryne,CC(C)NC1=NC(=NC(=N1)SC)N=[N+]=[N-],1,4.456442736958599,-3.3210997023893234,-2.2031332296111596,2.7740616299882404,-2.4651747828819732
barban,C1=CC(=CC(=C1)Cl)NC(=O)OCC#CCCl,1,-1.4764181400397118,-1.016410892116442,-2.9957868122440345,0.768744283051963,-0.5207247768215395
beflubutamid,CCC(C(=O)NCC1=CC=CC=C1)OC2=CC(=C(C=C2)F)C(F)(F)F,1,-0.41927329776368366,1.2726171033501603,-2.874050605443715,-0.5045244131233246,0.6704300926504879
benazolin,C1=CC2=C(C(=C1)Cl)N(C(=O)S2)CC(=O)O,1,2.018852342303571,1.7945056288130468,-3.4394610824402565,-0.2917566870770381,-1.1758193266898271
benfluralin,CCCCN(CC)C1=C(C=C(C=C1[N+](=O)[O-])C(F)(F)F)[N+](=O)[O-],1,2.509604010137632,-0.2732416186416974,1.0923383914141411,8.390755635245217,7.198609521404656
benfuresate,CCS(=O)(=O)OC1=CC2=C(C=C1)OCC2(C)C,1,2.481912063377402,0.19455126423980737,8.049072187911142,-4.147724909287072,0.1820838050284375
bensulide,CC(C)OP(=S)(OC(C)C)SCCNS(=O)(=O)C1=CC=CC=C1,1,6.252410538560595,-2.564239432780271,7.487176171511541,0.37198286333697317,-1.7618393421737277
benzobicyclon,CS(=O)(=O)C1=CC(=C(C=C1)C(=O)C2=C(C3CCC(C3)C2=O)SC4=CC=CC=C4)Cl,1,2.8373127927208004,-0.08756657292525391,5.022432561981751,-5.657629279327239,0.4626374422679826
benzofenap,CC1=CC=C(C=C1)C(=O)COC2=C(C(=NN2C)C)C(=O)C3=C(C(=C(C=C3)Cl)C)Cl,1,3.5037014052713826,3.954479827302507,-3.7603515950388817,-0.9933517422710884,1.298135065776216
bicyclopyrone,COCCOCC1=C(C=CC(=N1)C(F)(F)F)C(=C2C(=O)C3CCC(C3)C2=O)O,1,-1.084026398518472,6.504355604637886,0.8093080177394829,-0.7632175940005874,0.6597834660387297
bifenox,COC(=O)C1=C(C=CC(=C1)OC2=C(C=C(C=C2)Cl)Cl)[N+](=O)[O-],1,2.116946056397411,-1.5446000522575787,-2.0783737539336298,0.3404559378786712,9.774872281355973
bromacil,CCC(C)N1C(=O)C(=C(NC1=O)C)Br,1,3.395349651286005,1.577153777785793,-4.636210503344913,1.3736021352654135,-1.5211153111798936
bromofenoxim,C1=CC(=C(C=C1[N+](=O)[O-])[N+](=O)[O-])ON=CC2=CC(=C(C(=C2)Br)O)Br,1,2.634589286855508,-1.6714593850974344,-2.2942854410299995,0.8366628997413655,10.296011496277176
bromoxynil,C1=C(C=C(C(=C1Br)O)Br)C#N,1,-3.1853451242913433,-2.57564615475191,-3.4688080951080713,-2.912847402339547,1.0975669265305636
brompyrazon,C1=CC=C(C=C1)N2C(=O)C(=C(C=N2)N)Br,1,4.170730057377188,-0.2452843323572856,-7.060594085194102,-0.024766502950708463,-0.08468673506155897
butachlor,CCCCOCN(C1=C(C=CC=C1CC)CC)C(=O)CCl,1,-0.9197296434093818,2.3092118673305593,-0.41865845279402586,5.383945944940491,-0.5701843854298145
butafenacil,CC(C)(C(=O)OCC=C)OC(=O)C1=C(C=CC(=C1)N2C(=O)C=C(N(C2=O)C)C(F)(F)F)Cl,1,4.084040191747354,4.834050778490106,-4.399087492054349,-1.37104356057043,0.3296385217472777
butenachlor,CCC1=C(C(=CC=C1)CC)N(COCC=CC)C(=O)CCl,1,-0.8664847987935757,1.8322070819392429,-0.9817826018615108,4.400652598676993,-0.49510059729918887
butralin,CCC(C)NC1=C(C=C(C=C1[N+](=O)[O-])C(C)(C)C)[N+](=O)[O-],1,2.577118960749634,-1.560997881434502,0.11296288723242899,5.667044297417168,7.083274282143926
butroxydim,CCCC(=O)C1=C(C=C(C(=C1C)C2CC(=C(C(=O)C2)C(=NOCC)CC)O)C)C,1,-1.496783816240402,4.8133605819499765,2.540381938880246,1.8667839497551277,5.057064635468868
buturon,CC(C#C)N(C)C(=O)NC1=CC=C(C=C1)Cl,1,0.7723129337415446,-2.7424243569105458,-4.652330801498926,1.5164302476298286,-1.9046189688272337
cafenstrole,CCN(CC)C(=O)N1C=NC(=N1)S(=O)(=O)C2=C(C=C(C=C2C)C)C,1,9.700605740358743,-0.41634113785222104,2.6812241126376835,1.7139828457888127,-3.3435318819692577
carbetamide,CCNC(=O)C(C)OC(=O)NC1=CC=CC=C1,1,-0.20610288899277227,0.46732305200137797,-1.3898865673291656,1.9989892674243355,-0.8063932196068538
carfentrazone,CC1=NN(C(=O)N1C(F)F)C2=C(C=C(C(=C2)CC(C(=O)O)Cl)Cl)F,1,5.424287417330985,1.881373609000717,-5.8791327837501886,-0.3207642828328688,0.30277772012675697
chloranocryl,CC(=C)C(=O)NC1=CC(=C(C=C1)Cl)Cl,1,-1.69106683008981,-1.4908841066294007,-3.948706176460229,-0.564688091323694,-0.6843898844744888
chlorazine,CCN(CC)C1=NC(=NC(=N1)Cl)N(CC)CC,1,1.2248631007728086,-1.2923918248652864,-3.9474592388341803,4.0843587547029605,-3.5564881374356743
chlorbromuron,CN(C(=O)NC1=CC(=C(C=C1)Br)Cl)OC,1,2.4643631215583586,-1.7020417300630544,-4.093351500093331,1.0773170226468907,2.820237926801689
chlorfenac,C1=CC(=C(C(=C1Cl)CC(=O)O)Cl)Cl,1,-3.858965889789956,-2.0935541419591446,-2.048567243264666,-1.7717063125290533,0.43941634887532627
chlorfenprop,C1=CC(=CC=C1CC(C(=O)O)Cl)Cl,1,-4.097725149771919,-2.482081604327787,-1.9081246821410303,-1.6749267550896172,-0.1038209162505206
chloridazon,C1=CC=C(C=C1)N2C(=O)C(=C(C=N2)N)Cl,1,4.180745619004459,-0.324615318317549,-7.116000283923657,-0.04216185488350216,-0.08605624598810567
chlorimuron,COC1=CC(=NC(=N1)NC(=O)NS(=O)(=O)C2=CC=CC=C2C(=O)O)Cl,1,12.464153824349626,-0.7911321322175592,1.9134909932344852,-5.545893292610331,-1.5600478354476606
chlorotoluron,CC1=C(C=C(C=C1)NC(=O)N(C)C)Cl,1,1.1562961045750153,-2.2103473434498926,-4.5588256066818715,1.705286016448664,-1.6895434668252862
chloroxuron,CN(C)C(=O)NC1=CC=C(C=C1)OC2=CC=C(C=C2)Cl,1,1.4935075961927273,-0.9181713242493129,-4.572419167087669,-0.2510024548285686,-0.2029902799739096
chlorphthalim,C1CCC2=C(C1)C(=O)N(C2=O)C3=CC=C(C=C3)Cl,1,-0.3760681612646957,3.6681905735951994,-3.0894389874991024,-0.522740108426338,-0.5703739002680763
chlorpropham,CC(C)OC(=O)NC1=CC(=CC=C1)Cl,1,-1.1125504735274256,-1.8859338719284928,-3.6813760163534592,-0.6954066252262537,-0.36142438908043995
chlorsulfuron,CC1=NC(=NC(=N1)OC)NC(=O)NS(=O)(=O)C2=CC=CC=C2Cl,1,12.90409366801441,-1.089213162413018,1.907821365097815,-5.291939712087522,-1.934554864492882
chlorthal,C1(=C(C(=C(C(=C1Cl)Cl)C(=O)O)Cl)Cl)C(=O)O,1,-3.1249824262724246,-2.1293185560821697,-1.6125421242600877,-2.73743312933363,0.9393886485797995
chlorthiamid,C1=CC(=C(C(=C1)Cl)C(=S)N)Cl,1,-1.2849120380495358,-4.671811867316864,-2.915704187855769,-0.16194646177137215,-1.7556978304305493
cinidon-ethyl,CCOC(=O)C(=CC1=C(C=CC(=C1)N2C(=O)C3=C(C2=O)CCCC3)Cl)Cl,1,-0.04592948676532413,5.952071004992327,-1.7168328796363452,-0.47261888528667206,0.6470082374321614
cinosulfuron,COCCOC1=CC=CC=C1S(=O)(=O)NC(=O)NC2=NC(=NC(=N2)OC)OC,1,11.78713774665008,2.247564819517007,5.415273738256891,-2.2905215772129894,-2.1360028778820492
clethodim,CCC(=NOCC=CCl)C1=C(CC(CC1=O)CC(C)SCC)O,1,-1.906193840241648,3.8452512929717897,2.9130345328381027,2.5598774104111457,3.8838775219492896
clodinafop,CC(C(=O)O)OC1=CC=C(C=C1)OC2=C(C=C(C=N2)Cl)F,1,-0.24580895744822379,0.8794490834188207,-4.250848553148024,-4.16546278347839,1.3561319442797712
clofop,CC(C(=O)O)OC1=CC=C(C=C1)OC2=CC=C(C=C2)Cl,1,-3.0925257372422457,-0.6964669552483259,-2.0407211982076094,-4.219156413924793,1.8779706783313228
clomeprop,CC1=C(C=CC(=C1Cl)OC(C)C(=O)NC2=CC=CC=C2)Cl,1,-0.058328007942211824,-0.2397794593073796,-4.69480901788919,-2.332475581725952,1.3921006784554888
cloproxydim,CCCC(=NOCC=CCl)C1=C(CC(CC1=O)CC(C)SCC)O,1,-2.0852604816310283,4.335640124708866,3.4065126688591785,3.1479682633842603,3.799794616568968
clopyralid,C1=CC(=NC(=C1Cl)C(=O)O)Cl,1,-1.876618848571242,-1.719995629553234,-3.8114211773845295,-2.0442288419447268,-0.23621972625586712
cloransulam,CCOC1=NC(=CC2=NC(=NN21)S(=O)(=O)NC3=C(C=CC=C3Cl)C(=O)O)F,1,13.00272276561134,1.6460531653351358,1.597146931732674,-4.25725106484075,-1.759987348377323
cyanazine,CCNC1=NC(=NC(=N1)Cl)NC(C)(C)C#N,1,1.3173655029170197,-0.808903752132661,-4.448497358025799,2.58193638456178,-4.535421908682915
cycloate,CCN(C1CCCCC1)C(=O)SCC,1,-1.0583372793980392,-0.8828610886575365,0.34740451899850366,5.707338325145452,-2.8795454836434664
cyclosulfamuron,COC1=CC(=NC(=N1)NC(=O)NS(=O)(=O)NC2=CC=CC=C2C(=O)C3CC3)OC,1,9.920351975714784,0.689051827414744,1.8531061912692235,-3.647756675502701,-1.2631649748551292
cyhalofop,CC(C(=O)O)OC1=CC=C(C=C1)OC2=C(C=C(C=C2)C#N)F,1,-2.384079613850823,-0.38371865513740794,-2.6721161881450266,-4.389463757202659,2.4931795859227606
cyprazine,CC(C)NC1=NC(=NC(=N1)NC2CC2)Cl,1,0.6996604834426096,-1.0418672127180517,-4.476124752771745,1.7000165342183216,-4.039215702363202
dalapon,CC(C(=O)O)(Cl)Cl,1,-4.398607833027866,-3.1736302727634165,-0.5719816177622885,-1.4835968028130173,-0.7513163749972344
delachlor,CC1=C(C(=CC=C1)C)N(COCC(C)C)C(=O)CCl,1,-0.5348967568106638,1.439774568657401,-1.4248125690762923,4.338624153490919,-0.5297144266969296
desmedipham,CCOC(=O)NC1=CC(=CC=C1)OC(=O)NC2=CC=CC=C2,1,0.3725016494129357,1.011516835080457,-1.6081644690829036,-0.5432676555511083,0.7274718009917249
desmetryn,CC(C)NC1=NC(=NC(=N1)NC)SC,1,2.7792717684064825,-2.1498215263133678,-2.471746369915925,1.3320428096791697,-5.684604849070236
dicamba,COC1=C(C=CC(=C1C(=O)O)Cl)Cl,1,-2.8178585551815645,-0.8134364004511853,-2.164741442344977,-3.949006745232617,1.9155135961168759
dichlobenil,C1=CC(=C(C(=C1)Cl)C#N)Cl,1,-3.46091627976693,-4.237202434288211,-3.579004629173756,-1.274560400748156,-0.6392781453578186
dichlorprop,CC(C(=O)O)OC1=C(C=C(C=C1)Cl)Cl,1,-3.2011660241812705,-0.8859392138319205,-2.3248517224637957,-3.9573287601021434,2.000087247644215
diclosulam,CCOC1=NC(=CC2=NC(=NN21)S(=O)(=O)NC3=C(C=CC=C3Cl)Cl)F,1,12.902219499259346,0.18748697241288512,1.0377694454902926,-3.7662784166045786,-1.7008860670638
diethatyl,CCC1=C(C(=CC=C1)CC)N(CC(=O)O)C(=O)CCl,1,-0.4807110002040421,0.9995560490448743,-1.4124708145327556,3.6162956557846715,0.2309808712404148
dimefuron,CC(C)(C)C1=NN(C(=O)O1)C2=C(C=C(C=C2)NC(=O)N(C)C)Cl,1,5.663054424244352,2.5579789532570194,-5.716319148591039,-0.1124619533465971,-0.7121138191798386
dimepiperate,CC(C)(C1=CC=CC=C1)SC(=O)N2CCCCC2,1,0.1251461725360846,0.10146990440259751,-0.913105367753363,4.517629395364648,-3.7527937637758995
dimethachlor,CC1=C(C(=CC=C1)C)N(CCOC)C(=O)CCl,1,-0.7969354551533538,2.364168831419958,-0.6091540978749074,5.194429377776019,-0.5260282196863408
dimethametryn,CCNC1=NC(=NC(=N1)SC)NC(C)C(C)C,1,2.8264991099593275,-1.4321011249526454,-1.93951109628408,3.2369511068699723,-6.166696241539612
dimethenamid,CC1=CSC(=C1N(C(C)COC)C(=O)CCl)C,1,0.5356957188126381,1.7562701750303606,-0.8722624294356358,3.7248114992792907,-1.4027161221928321
dinitramine,CCN(CC)C1=C(C=C(C(=C1[N+](=O)[O-])N)C(F)(F)F)[N+](=O)[O-],1,3.395207976736528,-2.2439373084338228,-0.4998351566276929,6.529657646685574,7.129621801470649
dinoseb,CCC(C)C1=C(C(=CC(=C1)[N+](=O)[O-])[N+](=O)[O-])O,1,2.017764110082723,-0.639841489810974,0.11621416643784199,3.171350051971426,9.152097020710656
dinoterb,CC(C)(C)C1=C(C(=CC(=C1)[N+](=O)[O-])[N+](=O)[O-])O,1,2.3419582273471002,-0.9109520028062651,-0.3545765030351624,1.9920863832991031,8.882269158483025
DMPA,COC1=C(C=C(C=C1)C[C@@H](C(=O)[O-])[NH3+])OC,1,-1.5672935682584017,0.2530431071916584,-1.0586000518297247,-0.8561373919985175,1.7273142545705564
DNOC,CC1=CC(=CC(=C1O)[N+](=O)[O-])[N+](=O)[O-],1,2.167188507218772,-1.9048541409583397,-0.7257815455472637,2.038020586478187,9.266022136338645
eglinazine,CCNC1=NC(=NC(=N1)Cl)NCC(=O)O,1,1.0281144950496077,0.601846579492043,-3.345084636066681,2.6732786105416193,-3.0625412302399355
EPTC,CCCN(CCC)C(=O)SCC,1,-1.670465625897246,-0.8087815665900742,1.5936149001724111,6.767609145529819,-3.5747803273487957
esprocarb,CCN(C(C)C(C)C)C(=O)SCC1=CC=CC=C1,1,-0.9754828598296316,-1.1988560793453853,-0.3011836132467416,4.401250271067358,-2.9991048378840675
ethalfluralin,CCN(CC(=C)C)C1=C(C=C(C=C1[N+](=O)[O-])C(F)(F)F)[N+](=O)[O-],1,2.1369713062505977,-0.22116675515027398,0.6531725462306881,6.401933136486866,7.305154169474114
ethametsulfuron,CCOC1=NC(=NC(=N1)NC(=O)NS(=O)(=O)C2=CC=CC=C2C(=O)O)NC,1,12.142908928533528,0.7145266603925734,4.199752631854676,-3.9168247023645835,-2.1987163414906403
ethidimuron,CCS(=O)(=O)C1=NN=C(S1)N(C)C(=O)NC,1,9.893501924699674,-1.1946922092974601,3.0028095257703566,1.378182467272471,-3.889422836028597
ethiozin,CCSC1=NN=C(C(=O)N1N)C(C)(C)C,1,6.490013606056459,0.49905575775002364,-2.4567083817058504,1.758298321035651,-2.574880540518352
ethofumesate,CCOC1C(C2=C(O1)C=CC(=C2)OS(=O)(=O)C)(C)C,1,2.7321834774957625,0.39473034197415874,7.683776810346172,-5.05995415008695,0.456266051443041
ethoxysulfuron,CCOC1=CC=CC=C1OS(=O)(=O)NC(=O)NC2=NC(=CC(=N2)OC)OC,1,10.441706061682325,0.428722438587667,4.503788852957468,-3.579623860379268,-0.9932292962050331
etinofen,CCOCC1=C(C(=CC(=C1)[N+](=O)[O-])[N+](=O)[O-])O,1,1.9489739206917145,0.07339151964922905,0.7238909146018241,3.919170052669988,9.170998837083985
fenoprop,CC(C(=O)O)OC1=CC(=C(C=C1Cl)Cl)Cl,1,-3.2011660241812705,-0.8859392138319205,-2.3248517224637957,-3.9573287601021434,2.000087247644215
fenoxaprop,CC(C(=O)O)OC1=CC=C(C=C1)OC2=NC3=C(O2)C=C(C=C3)Cl,1,-0.292148865063115,2.4317212702730773,-3.6048002483813817,-4.3095818819399305,0.2531052283899583
fenoxasulfone,CCOC1=C(C=C(C(=C1)Cl)CS(=O)(=O)C2=NOC(C2)(C)C)Cl,1,5.772348949738036,2.1220655404687467,4.480999406523822,-1.1761465716371813,3.3151693136588154
fenquinotrione,COC1=CC=C(C=C1)N2C3=C(C(=CC=C3)Cl)N=C(C2=O)C(=O)C4C(=O)CCCC4=O,1,3.049037471926286,3.8206330862046096,-4.504971744964146,-0.901129881368129,0.8000113214798824
fenuron,CN(C)C(=O)NC1=CC=CC=C1,1,0.6670768368263835,-2.5307458697657235,-3.083956896917446,2.5755078727703165,-2.5222150698815624
flazasulfuron,COC1=CC(=NC(=N1)NC(=O)NS(=O)(=O)C2=C(C=CC=N2)C(F)(F)F)OC,1,13.538210829450907,-0.7707618843811795,2.0682535006079563,-4.344549367812254,-2.0701640398656322
florasulam,COC1=NC=C(C2=NC(=NN21)S(=O)(=O)NC3=C(C=CC=C3F)F)F,1,13.180201090858606,-0.4957305735153345,0.7442394489164628,-4.520882056070277,-1.920799488401888
florpyrauxifen,COC1=C(C=CC(=C1F)C2=NC(=C(C(=C2F)N)Cl)C(=O)O)Cl,1,1.397085127122278,0.768832453396851,-5.173817687085112,-2.808530625728654,1.0579166144937586
fluazifop,CC(C(=O)O)OC1=CC=C(C=C1)OC2=NC=C(C=C2)C(F)(F)F,1,-0.2038225039064171,0.6331276058380771,-3.0333327258445233,-3.664726169352876,0.5146064051979785
flucetosulfuron,CC(C(C1=C(C=CC=N1)S(=O)(=O)NC(=O)NC2=NC(=CC(=N2)OC)OC)OC(=O)COC)F,1,12.687384415676487,1.79566728931144,3.4135656683243,-4.007773786608798,-1.4017492592312892
fluchloralin,CCCN(CCCl)C1=C(C=C(C=C1[N+](=O)[O-])C(F)(F)F)[N+](=O)[O-],1,2.5652947728412405,-0.8863443522670663,0.43045499867314113,7.987645075093682,7.440229604729571
flumetsulam,CC1=NC2=NC(=NN2C=C1)S(=O)(=O)NC3=C(C=CC=C3F)F,1,11.860064024041332,-2.1637462398177605,0.9405888397233019,-2.939188047254041,-3.0377003196183563
flumiclorac,C1CCC2=C(C1)C(=O)N(C2=O)C3=CC(=C(C=C3F)Cl)OCC(=O)O,1,0.1920532227273327,7.082284391818792,-1.9786516294288352,-1.37228577273563,1.6565466246670706
flumioxazin,C#CCN1C(=O)COC2=CC(=C(C=C21)N3C(=O)C4=C(C3=O)CCCC4)F,1,1.4567476057495405,7.9733134718234915,-2.4681044458929073,0.4572802723858754,0.5991978737633509
flumipropyn,CC(C#C)OC1=C(C=C(C(=C1)N2C(=O)C3=C(C2=O)CCCC3)F)Cl,1,0.655867768172825,5.264474217019092,-3.4672515057970363,-1.598432081855385,1.0614062370806312
fluometuron,CN(C)C(=O)NC1=CC=CC(=C1)C(F)(F)F,1,1.0637345219964045,-2.5502474428702437,-3.6790854082765407,1.9273655650036157,-2.1290550241559663
fluorodifen,C1=CC(=CC=C1[N+](=O)[O-])OC2=C(C=C(C=C2)C(F)(F)F)[N+](=O)[O-],1,2.752403923474702,-2.0705794260190946,-1.5363846990563375,0.631136433653329,9.847134538329513
fluoroglycofen,C1=CC(=C(C=C1C(F)(F)F)Cl)OC2=CC(=C(C=C2)[N+](=O)[O-])C(=O)OCC(=O)O,1,2.0389132262624132,-0.2057146622328704,-1.1825099720734382,0.6528324129153115,10.171564264932078
fluoronitrofen,C1=CC(=CC=C1[N+](=O)[O-])OC2=C(C=C(C=C2Cl)Cl)F,1,1.400366126867147,-2.8975539876955847,-2.830810308460016,0.46377720838764025,9.604967507648427
fluothiuron,CN(C)C(=O)NC1=CC(=C(C=C1)SC(F)(F)Cl)Cl,1,2.872373036429016,-2.8438597033422544,-3.568954510947962,0.8831101552163667,-2.2776563930209166
flupoxam,C1=CC=C(C=C1)C2=NC(=NN2C3=CC(=C(C=C3)Cl)COCC(C(F)(F)F)(F)F)C(=O)N,1,5.17610211532757,1.1427285479053042,-5.751014653997529,1.3312742206285901,-0.6528562716833191
flupropanate,C(C(C(=O)O)(F)F)(F)F,1,-4.308451996633058,-3.3551574241442057,-0.546523356382446,-1.6041221579162595,-0.6092945570006028
flupyrsulfuron,COC1=CC(=NC(=N1)NC(=O)NS(=O)(=O)C2=C(C=CC(=N2)C(F)(F)F)C(=O)O)OC,1,13.367832855329485,-0.34251320637000726,2.2303099961346224,-4.6561191142975105,-1.9074327522197927
fluridone,CN1C=C(C(=O)C(=C1)C2=CC(=CC=C2)C(F)(F)F)C3=CC=CC=C3,1,0.6493720733713165,-0.5033204911083896,-4.496782509841192,-1.6689389402281376,-0.25086611848706025
flurochloridone,C1C(C(C(=O)N1C2=CC=CC(=C2)C(F)(F)F)Cl)CCl,1,0.8899231854378808,-0.2439744161635636,-4.7713355005999105,1.3028858191214618,-1.1367598765056832
fluroxypyr,C(C(=O)O)OC1=NC(=C(C(=C1Cl)N)Cl)F,1,1.4667212098761375,1.5687016272047067,-4.492141372144268,-1.1052645229421634,0.469516619468251
flurtamone,CNC1=C(C(=O)C(O1)C2=CC=CC=C2)C3=CC(=CC=C3)C(F)(F)F,1,-0.21073506331330463,2.6178489196521726,-3.3957903250886035,-3.000838128267018,0.5638907882803178
fluthiacet,C1CCN2C(=O)SC(=NC3=CC(=C(C=C3F)Cl)SCC(=O)O)N2C1,1,6.0981655690186365,3.5665011164863527,-2.914437019432621,2.133779317030673,-0.127314868594727
fomesafen,CS(=O)(=O)NC(=O)C1=C(C=CC(=C1)OC2=C(C=C(C=C2)C(F)(F)F)Cl)[N+](=O)[O-],1,9.812141978175305,-2.47202590818661,1.7710322966997967,-2.016370857248803,7.774430072303135
foramsulfuron,CN(C)C(=O)C1=C(C=C(C=C1)NC=O)S(=O)(=O)NC(=O)NC2=NC(=CC(=N2)OC)OC,1,13.063462281680312,-0.22356766383815294,3.0333703295617056,-3.130458400369046,-2.5724893944076546
halauxifen,COC1=C(C=CC(=C1F)C2=NC(=C(C(=C2)N)Cl)C(=O)O)Cl,1,1.397085127122278,0.768832453396851,-5.173817687085112,-2.808530625728654,1.0579166144937586
haloxyfop,CC(C(=O)O)OC1=CC=C(C=C1)OC2=C(C=C(C=N2)C(F)(F)F)Cl,1,0.12660851907030074,0.820359011583508,-3.969321871771025,-4.292759136031263,1.2256000392201318
hexazinone,CN1C(=NC(=O)N(C1=O)C2CCCCC2)N(C)C,1,3.987981013459273,2.4712635752172134,-3.487096860834411,2.488581828443938,-2.190611968521708
imazamethabenz,CC1=CC(=C(C=C1)C(=O)OC)C2=NC(C(=O)N2)(C)C(C)C.CC1=CC(=C(C=C1)C2=NC(C(=O)N2)(C)C(C)C)C(=O)OC,1,2.667185204632063,3.038521707564306,-2.8490197484160134,-1.1874629001380386,-0.2643581213652501
imazamox,CC(C)C1(C(=O)NC(=N1)C2=C(C=C(C=N2)COC)C(=O)O)C,1,2.8307668972665616,4.569149868915631,-2.192399737568956,0.343524555446868,-0.8075197930418494
imazapic,CC1=CC(=C(N=C1)C2=NC(C(=O)N2)(C)C(C)C)C(=O)O,1,2.5879937446022723,2.958795631343001,-3.4616654712263917,-0.7146184879596424,-1.0351192021730975
imazapyr,CC(C)C1(C(=O)NC(=N1)C2=C(C=CC=N2)C(=O)O)C,1,2.5879937446022723,2.958795631343001,-3.4616654712263917,-0.7146184879596424,-1.0351192021730975
imazethapyr,CCC1=CC(=C(N=C1)C2=NC(C(=O)N2)(C)C(C)C)C(=O)O,1,2.537217405741083,3.306922656504815,-3.121829456253784,-0.12189243733442949,-1.0420927711972519
imazosulfuron,COC1=CC(=NC(=N1)NC(=O)NS(=O)(=O)C2=C(N=C3N2C=CC=C3)Cl)OC,1,14.26059832908412,0.7974036647565992,1.2869282214372706,-4.462437158271015,-2.7008043373197257
indanofan,CCC1(C(=O)C2=CC=CC=C2C1=O)CC3(CO3)C4=CC(=CC=C4)Cl,1,-3.2971039395878186,3.7697552187640384,-0.7566114905323428,-3.897747440468919,0.9964305394804599
indaziflam,CC1CC2=C(C1NC3=NC(=NC(=N3)N)C(C)F)C=C(C=C2)C,1,2.024590392859384,0.8088248115757379,-4.540089204752248,0.2434376963648073,-3.8410772843853906
iodosulfuron,CC1=NC(=NC(=N1)OC)NC(=O)NS(=O)(=O)C2=C(C=CC(=C2)I)C(=O)O,1,12.913925996524169,-0.7929347671522549,2.459984413667411,-5.835418655023472,-1.9090496049977497
ioxynil,C1=C(C=C(C(=C1I)O)I)C#N,1,-2.995119260032892,-2.7869474234625824,-3.1341077407946965,-3.1621519507230316,0.9589713874533119
ipazine,CCN(CC)C1=NC(=NC(=N1)NC(C)C)Cl,1,1.4825597716783228,-1.1988046306676712,-4.113576242351078,4.2244212144576725,-3.8767589557609967
ipfencarbazone,CC(C)N(C1=C(C=C(C=C1)F)F)C(=O)N2C=NN(C2=O)C3=C(C=C(C=C3)Cl)Cl,1,5.5819344860835445,1.2034934115883258,-6.474509592055234,-0.19295365267566492,-0.0960803554481662
isomethiozin,CC(C)C=NN1C(=O)C(=NN=C1SC)C(C)(C)C,1,6.299345573492908,-0.033600388618841355,-3.3030942978421898,1.2015999404888114,-1.3703378018124666
isopropalin,CCCN(CCC)C1=C(C=C(C=C1[N+](=O)[O-])C(C)C)[N+](=O)[O-],1,2.0829143913039667,-0.06728807749387404,1.4209142971533928,8.987261780357194,6.767159166838068
isoproturon,CC(C)C1=CC=C(C=C1)NC(=O)N(C)C,1,0.7255238987801714,-2.2833941174331733,-2.9827199988294093,2.6870659525907854,-2.630075334497202
isouron,CC(C)(C)C1=CC(=NO1)NC(=O)N(C)C,1,4.045783920714266,0.5272936666325447,-2.621879346097477,2.3668509409831695,-1.6289237471411373
isoxaflutole,CS(=O)(=O)C1=C(C=CC(=C1)C(F)(F)F)C(=O)C2=C(ON=C2)C3CC3,1,5.894990838248528,-1.1664727691676393,3.550464711561624,-4.466705978448112,0.3459005789690122
isoxapyrifop,CC(C(=O)N1CCCO1)OC2=CC=C(C=C2)OC3=C(C=C(C=N3)Cl)Cl,1,3.0585322274841324,4.998940748449432,-2.672485120711327,1.1586840261266589,3.62986276349278
lactofen,CCOC(=O)C(C)OC(=O)C1=C(C=CC(=C1)OC2=C(C=C(C=C2)C(F)(F)F)Cl)[N+](=O)[O-],1,2.317801172887337,0.07611364389504992,-0.993837055503928,1.1482557099548014,9.98051093868363
linuron,CN(C(=O)NC1=CC(=C(C=C1)Cl)Cl)OC,1,2.488206174535698,-1.715547949144299,-3.846276204755781,1.1780910434232668,2.73343557396681
MCPA,CC1=C(C=CC(=C1)Cl)OCC(=O)O,1,-3.5148928411817164,0.6640146172072678,-1.2919905222342598,-2.7615552746225087,1.9932545230488066
mecoprop,CC1=C(C=CC(=C1)Cl)OC(C)C(=O)O,1,-3.115362963231374,-0.6589012142083627,-2.2183818491360263,-3.8395475243625166,1.9161830365352355
medinoterb,CC1=C(C=C(C(=C1[N+](=O)[O-])O)C(C)(C)C)[N+](=O)[O-],1,2.3419582273471002,-0.9109520028062651,-0.3545765030351624,1.9920863832991031,8.882269158483025
mefenacet,CN(C1=CC=CC=C1)C(=O)COC2=NC3=CC=CC=C3S2,1,2.495746917768375,2.7982429087617313,-2.4424936880443764,0.9655505744283791,-2.0890005501535462
mesosulfuron,COC1=CC(=NC(=N1)NC(=O)NS(=O)(=O)C2=C(C=CC(=C2)CNS(=O)(=O)C)C(=O)O)OC,1,12.388400298908406,0.7665085471194363,4.003065729481021,-2.8946542785954783,-2.7320027099040227
mesotrione,CS(=O)(=O)C1=CC(=C(C=C1)C(=O)C2C(=O)CCCC2=O)[N+](=O)[O-],1,6.3195953584753655,-2.129881728441294,5.146049560368016,0.29636256174933023,6.9539743893898045
metamifop,CC(C(=O)N(C)C1=CC=CC=C1F)OC2=CC=C(C=C2)OC3=NC4=C(O3)C=C(C=C4)Cl,1,2.525232997476393,3.2779290283581712,-5.032087120704603,-2.640030453679267,0.8005203574669963
metamitron,CC1=NN=C(C(=O)N1N)C2=CC=CC=C2,1,5.274594991449258,-0.10405436665751996,-5.265233863838027,0.20124529071958325,-0.8412101521511899
metazachlor,CC1=C(C(=CC=C1)C)N(CN2C=CC=N2)C(=O)CCl,1,3.505131429679735,1.481323210967295,-4.317833059975725,4.789676353574126,-2.100946378316014
metazosulfuron,CC1CON=C(O1)C2=C(N(N=C2Cl)C)S(=O)(=O)NC(=O)NC3=NC(=CC(=N3)OC)OC,1,14.685427507151493,3.210797237062992,1.9958439224577862,-2.2076281797071045,0.6731367362112514
methabenzthiazuron,CNC(=O)N(C)C1=NC2=CC=CC=C2S1,1,3.650145121046767,-0.5151736159219503,-3.7642794787311455,1.7583665736315413,-4.483187171023633
methoprotryne,CC(C)NC1=NC(=NC(=N1)NCCCOC)SC,1,2.6508581909107978,2.2477776930360345,0.27247206466421464,5.596150642856025,-5.640140433731658
metobenzuron,CC1(CC(OC2=C1C=CC(=C2)OC3=CC=C(C=C3)NC(=O)N(C)OC)(C)OC)C,1,3.0901675736175127,3.7496286236629297,-1.4224321451369133,-0.6085151150451652,2.968363838674245
metobromuron,CN(C(=O)NC1=CC=C(C=C1)Br)OC,1,2.1774630519708293,-1.9185002076767548,-3.493148696143079,1.5246460625203913,2.2202889274449724
metolachlor,CCC1=CC=CC(=C1N(C(C)COC)C(=O)CCl)C,1,-0.4323360780755078,1.3010213825094954,-1.397094450596718,3.9218288615312744,-0.1766428667993085
metosulam,CC1=C(C(=C(C=C1)Cl)NS(=O)(=O)C2=NN3C(=CC(=NC3=N2)OC)OC)Cl,1,13.203570947395063,0.47513270351548914,1.2927815356740924,-4.236795851397481,-1.878251044899254
metoxuron,CN(C)C(=O)NC1=CC(=C(C=C1)OC)Cl,1,1.5597254206844515,-0.6628914682071984,-4.452473587315793,0.04226653914404695,0.04593319868107102
metribuzin,CC(C)(C)C1=NN=C(N(C1=O)N)SC,1,6.8250740372911585,-0.3336432566065528,-3.0772390909094156,0.7466452558478672,-2.6052773800205933
metsulfuron,CC1=NC(=NC(=N1)OC)NC(=O)NS(=O)(=O)C2=CC=CC=C2C(=O)O,1,12.603671049035732,-0.4517280138924061,3.348262158593794,-4.950889189594989,-2.1978392870705736
molinate,CCSC(=O)N1CCCCCC1,1,-0.7376166571851309,-0.5350934276090007,0.17978024153748853,6.000509832525739,-3.8878991670320815
neburon,CCCCN(C)C(=O)NC1=CC(=C(C=C1)Cl)Cl,1,0.5020457863466096,0.49123709456456005,-2.529257363207632,5.049423386108639,-1.9406413466389103
nicosulfuron,CN(C)C(=O)C1=C(N=CC=C1)S(=O)(=O)NC(=O)NC2=NC(=CC(=N2)OC)OC,1,13.736312779119826,-0.1008451833814145,2.7935723636874825,-2.531577677876976,-2.8090311515495423
nitralin,CCCN(CCC)C1=C(C=C(C=C1[N+](=O)[O-])S(=O)(=O)C)[N+](=O)[O-],1,7.117634167851745,-1.4432831999430724,6.249348306072476,6.3963003728905115,5.135016753617208
nitrofen,C1=CC(=CC=C1[N+](=O)[O-])OC2=C(C=C(C=C2)Cl)Cl,1,1.2256371922375855,-2.9013605947155505,-2.6426895678632456,0.5895382878205708,9.435428979595923
norflurazon,CNC1=C(C(=O)N(N=C1)C2=CC=CC(=C2)C(F)(F)F)Cl,1,4.891280673513648,0.05669201085312771,-6.8332353487691195,-0.3407559900255047,-0.1898277738170083
orbencarb,CCN(CC)C(=O)SCC1=CC=CC=C1Cl,1,-0.46290930400700514,-1.758008672676187,-2.0440815184108434,3.469638929079535,-1.920006771748475
orthosulfamuron,CN(C)C(=O)C1=CC=CC=C1NS(=O)(=O)NC(=O)NC2=NC(=CC(=N2)OC)OC,1,10.713868028977311,0.5989346792547479,1.5640881815856846,-2.05036741688035,-1.8467289479464946
oryzalin,CCCN(CCC)C1=C(C=C(C=C1[N+](=O)[O-])S(=O)(=O)N)[N+](=O)[O-],1,9.430471083380345,-2.1691844096244512,6.7795897228638315,5.873496804405196,4.4023308328652115
oxadiargyl,CC(C)(C)C1=NN(C(=O)O1)C2=CC(=C(C=C2Cl)Cl)OCC#C,1,3.9697286329469113,3.767244525940879,-5.208912135718742,-0.965994449414098,0.8543121447463402
oxasulfuron,CC1=CC(=NC(=N1)NC(=O)NS(=O)(=O)C2=CC=CC=C2C(=O)OC3COC3)C,1,11.81544345332897,1.2502127832987404,4.97875161765385,-4.137806148753774,-2.051354932514468
oxyfluorfen,CCOC1=C(C=CC(=C1)OC2=C(C=C(C=C2)C(F)(F)F)Cl)[N+](=O)[O-],1,2.236985796149897,-1.1371816652086912,-1.4586844811951998,1.1625264355839315,9.941960073801418
parafluron,CN(C)C(=O)NC1=CC=C(C=C1)C(F)(F)F,1,1.0637345219964045,-2.5502474428702437,-3.6790854082765407,1.9273655650036157,-2.1290550241559663
penoxsulam,COC1=CN=C(N2C1=NC(=N2)NS(=O)(=O)C3=C(C=CC=C3OCC(F)F)C(F)(F)F)OC,1,13.552776132729846,1.3518226304998597,2.07800641182652,-4.375881925677981,-1.4798144890266256
pentanochlor,CCCC(C)C(=O)NC1=CC(=C(C=C1)C)Cl,1,-1.4778178687569439,-0.12332692946708622,-2.6889062150667513,1.9682656284616107,-1.10756395741112
pentoxazone,CC(=C1C(=O)N(C(=O)O1)C2=CC(=C(C=C2F)Cl)OC3CCCC3)C,1,1.4946145481475321,5.46112546993935,-3.1763698661777195,-1.4132153942099575,1.266224941064538
pethoxamid,CCOCCN(C(=O)CCl)C(=C(C)C)C1=CC=CC=C1,1,-2.34354271664417,3.0372594596692717,0.19526275183392686,5.06199598137034,-0.9540847549165626
phenisopham,CCN(C1=CC=CC=C1)C(=O)OC2=CC=CC(=C2)NC(=O)OC(C)C,1,1.2355729123712396,0.8882983724368471,-2.0303768248956766,1.0929522675369352,0.5224774898645583
phenmedipham,CC1=CC(=CC=C1)NC(=O)OC2=CC=CC(=C2)NC(=O)OC,1,0.8041570194406144,0.09784579818556104,-2.2530936960025634,-1.454887113298676,0.5804289606079571
picloram,C1(=C(C(=NC(=C1Cl)Cl)C(=O)O)Cl)N,1,0.15391966554429498,-1.4385328553451202,-4.68503912738829,-0.7712270439216369,-0.5669437906246632
picolinafen,C1=CC(=CC(=C1)OC2=CC=CC(=N2)C(=O)NC3=CC=C(C=C3)F)C(F)(F)F,1,1.6718387907727899,-0.4982194698670806,-5.295302292344674,-1.9270806412271126,-0.10244787896974515
pinoxaden,CCC1=CC(=CC(=C1C2=C(N3CCOCCN3C2=O)OC(=O)C(C)(C)C)CC)C,1,2.7060819227191084,7.518089099809632,-0.17141651962917898,2.3574951829716637,-0.09251738538908429
piperophos,CCCOP(=S)(OCCC)SCC(=O)N1CCCCC1C,1,1.2216156380702419,1.995373007568602,3.572894918733737,4.808540714954208,-1.564394839874306
pretilachlor,CCCOCCN(C1=C(C=CC=C1CC)CC)C(=O)CCl,1,-0.8356143003604026,2.0659593985513527,-0.7538268380933439,5.323087893495943,-0.3544636112173357
primisulfuron,C1=CC=C(C(=C1)C(=O)O)S(=O)(=O)NC(=O)NC2=NC(=CC(=N2)OC(F)F)OC(F)F,1,12.33491351710769,-1.0853475890879567,2.2013112496017158,-5.492685072902603,-1.4295893396862978
procyazine,CC(C)(C#N)NC1=NC(=NC(=N1)NC2CC2)Cl,1,0.9159716533329634,-0.6564959777004371,-4.593042426904309,1.5393307958762659,-4.125522799428998
prodiamine,CCCN(CCC)C1=C(C=C(C(=C1[N+](=O)[O-])N)C(F)(F)F)[N+](=O)[O-],1,3.026469534342809,-0.6527849422758142,0.7126966954045532,8.483795231282084,7.063330703542008
profluralin,CCCN(CC1CC1)C2=C(C=C(C=C2[N+](=O)[O-])C(F)(F)F)[N+](=O)[O-],1,2.4123702366739184,-0.6671916675553017,0.6902307599674335,7.8203091140178245,7.358411007010309
proglinazine,CC(C)NC1=NC(=NC(=N1)NCC(=O)O)Cl,1,1.1291127621793537,0.6516244296396629,-3.6620298715464896,2.131439483398201,-3.2236624349384195
prometon,CC(C)NC1=NC(=NC(=N1)OC)NC(C)C,1,2.8847378052977293,0.20774792055590866,-4.0119108621709625,0.19724311023747323,-3.4013295730058632
prometryn,CC(C)NC1=NC(=NC(=N1)SC)NC(C)C,1,2.7792717684064825,-2.1498215263133678,-2.471746369915925,1.3320428096791697,-5.684604849070236
propanil,CCC(=O)NC1=CC(=C(C=C1)Cl)Cl,1,-1.0812933414536645,-1.8299775782315235,-3.835841198749784,1.2951549035997878,-0.7220161582513751
propazine,CC(C)NC1=NC(=NC(=N1)Cl)NC(C)C,1,1.053826991473821,-1.9119953885109968,-4.863814957525083,0.8377138257130349,-3.967023419147747
propham,CC(C)OC(=O)NC1=CC=CC=C1,1,-1.2425951183846722,-1.676697401419054,-2.402991718384146,-0.04278635624846385,-0.7874400993039702
propisochlor,CCC1=CC=CC(=C1N(COC(C)C)C(=O)CCl)C,1,-0.871423720285726,2.166499731668238,-1.0660161554918104,4.0867380773159985,-0.22368103116748958
propoxycarbazone,CCCOC1=NN(C(=O)N1C)C(=O)NS(=O)(=O)C2=CC=CC=C2C(=O)OC,1,11.636450281007088,2.589717679279572,4.76887510767296,-1.2617424100184034,-1.8505900097287464
propyrisulfuron,CCCC1=NN2C(=NC(=C2S(=O)(=O)NC(=O)NC3=NC(=CC(=N3)OC)OC)Cl)C=C1,1,14.311963776921255,2.2983765734024297,2.375014967674067,-2.694389903777133,-2.8328168014356376
propyzamide,CC(C)(C#C)NC(=O)C1=CC(=CC(=C1)Cl)Cl,1,-1.7029256682705374,-2.256554593553652,-3.8442035400071775,-0.26276706312030107,-1.6840177913318861
prosulfocarb,CCCN(CCC)C(=O)SCC1=CC=CC=C1,1,-1.1372332229504054,-0.5691704389622527,0.5004924704734574,6.143159517226112,-2.91618630157066
pyraclonil,CN(CC#C)C1=C(C=NN1C2=NN3CCCCC3=C2Cl)C#N,1,3.0968018361389773,1.8024873557987122,-4.4961812631938916,4.5686705250061905,-2.4181146516850545
pyrasulfotole,CC1=C(C(=O)N(N1)C)C(=O)C2=C(C=C(C=C2)C(F)(F)F)S(=O)(=O)C,1,10.277003746787223,-0.2250081913827638,1.5953546113388393,-3.4895125575337897,-0.5993596078843317
pyrazolynate,CC1=CC=C(C=C1)S(=O)(=O)OC2=C(C(=NN2C)C)C(=O)C3=C(C=C(C=C3)Cl)Cl,1,9.960749150304988,-0.5243694773993216,3.054213682618579,-4.973716217183412,0.1457228990395703
pyrazosulfuron,CN1C(=C(C=N1)C(=O)O)S(=O)(=O)NC(=O)NC2=NC(=CC(=N2)OC)OC,1,14.04339503772086,0.8432811679894824,2.730658425721781,-3.3624330936629527,-2.7615108542283338
pyrazoxyfen,CC1=NN(C(=C1C(=O)C2=C(C=C(C=C2)Cl)Cl)OCC(=O)C3=CC=CC=C3)C,1,3.4452543433175955,3.707128074969959,-3.8615884931269173,-1.1049098220915572,1.405995330391855
pyridate,CCCCCCCCSC(=O)OC1=CC(=NN=C1C2=CC=CC=C2)Cl,1,0.855387029286885,2.593567499690732,-2.118903905552739,-0.4536332899946662,0.48374505180374044
pyriftalid,CC1C2=C(C(=CC=C2)SC3=NC(=CC(=N3)OC)OC)C(=O)O1,1,3.5151801333941513,2.902889465040103,-1.8415599858580312,-3.233580219616104,-2.140985553302658
pyriminobac,CC(=NOC)C1=C(C(=CC=C1)OC2=NC(=CC(=N2)OC)OC)C(=O)O,1,3.6586257831965905,1.884218916797438,-2.5439852712260547,-1.2443478912314927,3.192857369394963
pyrithiobac,COC1=CC(=NC(=N1)SC2=C(C(=CC=C2)Cl)C(=O)O)OC,1,3.657702905565189,0.7361904478061324,-3.4129885380651523,-3.31627848494785,-1.1108755575438372
quinmerac,CC1=CC2=C(C(=C(C=C2)Cl)C(=O)O)N=C1,1,-1.3989969599459229,-0.5031464107240691,-3.995645624399236,-2.8305292177164914,-0.4130252844666288
quizalofop,CC(C(=O)O)OC1=CC=C(C=C1)OC2=CN=C3C=C(C=CC3=N2)Cl,1,0.2527734997133177,1.8655572223330528,-4.219867016559016,-3.5849104617239713,0.2590341936978787
rimsulfuron,CCS(=O)(=O)C1=C(N=CC=C1)S(=O)(=O)NC(=O)NC2=NC(=CC(=N2)OC)OC,1,13.171270575342342,0.49263044908084397,3.72624735902339,-2.8005211291475254,-2.6207522634634195
saflufenacil,CC(C)N(C)S(=O)(=O)NC(=O)C1=CC(=C(C=C1Cl)F)N2C(=O)C=C(N(C2=O)C)C(F)(F)F,1,10.607903826547853,-0.26650283000564123,-0.6559377345565587,-2.7369962366075127,-0.8191932954582735
sebuthylazine,CCC(C)NC1=NC(=NC(=N1)NCC)Cl,1,1.0568879127244104,-0.6819955114518432,-3.9198853862680823,3.7887900439479134,-4.393743193318299
secbumeton,CCC(C)NC1=NC(=NC(=N1)NCC)OC,1,2.8877987265483185,1.4377477976150632,-3.067981290913966,3.1483193284723536,-3.8280493471764134
sethoxydim,CCCC(=NOCC)C1=C(CC(CC1=O)CC(C)SCC)O,1,-2.1106944633735583,4.467315985458085,4.027603847116697,3.411928795840261,3.6099138617440203
siduron,CC1CCCCC1NC(=O)NC2=CC=CC=C2,1,-0.48745435680675314,0.6302167121496769,-0.9647285029914489,3.363047730584994,-2.635395598123898
simetryn,CCNC1=NC(=NC(=N1)SC)NCC,1,2.829438873742547,-1.418786887088773,-1.6977796195930541,3.5937826503364474,-6.089279513681338
sulcotrione,CS(=O)(=O)C1=CC(=C(C=C1)C(=O)C2C(=O)CCCC2=O)Cl,1,3.114302688016131,-2.0959307943136487,4.814349715696373,-4.63284327299517,0.7848062172131789
sulfentrazone,CC1=NN(C(=O)N1C(F)F)C2=C(C=C(C(=C2)NS(=O)(=O)C)Cl)Cl,1,12.079403066732258,-0.69080215100303,-0.7620160749700277,-2.866016661985675,-1.249132864452597
sulfometuron,CC1=CC(=NC(=N1)NC(=O)NS(=O)(=O)C2=CC=CC=C2C(=O)O)C,1,11.620692310656557,-1.5019478680199292,3.6251685020236706,-3.800362954614576,-2.776483429503865
sulfosulfuron,CCS(=O)(=O)C1=C(N2C=CC=CC2=N1)S(=O)(=O)NC(=O)NC3=NC(=CC(=N3)OC)OC,1,14.038683547566002,2.159654443985877,3.395069175299293,-2.745296699525163,-3.2783315094387793
swep,COC(=O)NC1=CC(=C(C=C1)Cl)Cl,1,-0.6618044428131983,-2.052309327139784,-3.9348933747180888,-0.9121420273385055,-0.021984048436710604
tebuthiuron,CC(C)(C)C1=NN=C(S1)N(C)C(=O)NC,1,4.661196591609363,-0.7351836478229855,-3.070684365247552,2.9599413014245006,-4.302428044134413
tepraloxydim,CCC(=NOCC=CCl)C1=C(CC(CC1=O)C2CCOCC2)O,1,-1.8786395269009242,4.938259778047972,1.9987870621703658,1.8838334200057882,4.334397799100847
terbacil,CC1=C(C(=O)N(C(=O)N1)C(C)(C)C)Cl,1,3.5872083926789804,0.8173892159600797,-5.309237293660697,-0.4365364299378018,-1.670101364293321
terbumeton,CCNC1=NC(=NC(=N1)OC)NC(C)(C)C,1,2.955455145900035,1.3356070487520277,-3.2497378292944377,1.781574273144388,-3.9480812039903124
terbuthylazine,CCNC1=NC(=NC(=N1)Cl)NC(C)(C)C,1,1.1245443320761257,-0.7841362603148789,-4.101641924648555,2.4220449886199504,-4.513775050132199
terbutryn,CCNC1=NC(=NC(=N1)SC)NC(C)(C)C,1,2.8499891090087854,-1.0219623981172488,-1.709573337039399,2.9163739725860873,-6.2313564800546875
thenylchlor,CC1=C(C(=CC=C1)C)N(CC2=C(C=CS2)OC)C(=O)CCl,1,1.4897040378673578,2.2958281230851236,-2.1958303247736444,1.984083109675238,-0.35704256653645733
thiazafluron,CNC(=O)N(C)C1=NN=C(S1)C(F)(F)F,1,4.968887617600952,-1.521549359456022,-3.9305480457909776,2.4755144325765106,-3.6094192316621747
thiazopyr,CC(C)CC1=C(C(=NC(=C1C(=O)OC)C(F)F)C(F)(F)F)C2=NCCS2,1,1.8456263077425379,2.084931919210362,-1.8492187395641346,2.6332312938416442,-1.8098831760132403
thiencarbazone,CC1=C(C(=CS1)C(=O)O)S(=O)(=O)NC(=O)N2C(=O)N(C(=N2)OC)C,1,12.226327453042826,0.503716281482338,3.4667993476439323,-3.114546798354173,-2.3009045867741267
thiobencarb,CCN(CC)C(=O)SCC1=CC=C(C=C1)Cl,1,-0.7636368649446025,-2.040291917168905,-1.7463602085276948,3.798798596243866,-2.4345229291968598
tiocarbazil,CCC(C)N(C(C)CC)C(=O)SCC1=CC=CC=C1,1,-0.9087141338967837,-1.4009171325319214,-0.3907023284516748,4.007511614867148,-2.6007997604262973
tolpyralate,CCN1C(=C(C=N1)C(=O)C2=C(C(=C(C=C2)S(=O)(=O)C)OCCOC)C)OC(C)OC(=O)OC,1,8.638159997877002,4.095628442818262,4.9691671211367385,0.5205604260810671,-0.2783151523743291
topramezone,CC1=C(C=CC(=C1C2=NOCC2)S(=O)(=O)C)C(=O)C3=CNN(C3=O)C,1,9.898418791821575,2.9905690784925136,3.729392405228598,-0.5383116921834084,1.9523853643719942
tralkoxydim, CC/C(=N\\OCC)/C1=C(CC(CC1=O)C2=C(C=C(C=C2C)C)C)O,1,-1.5919944627091027,3.75641820690131,1.3205115402965375,1.1259822749599662,4.779477282329248
triafamone,CN(C1=C(C=CC=C1F)C(=O)C2=NC(=NC(=N2)OC)OC)S(=O)(=O)C(F)F,1,11.03969376770308,-0.08349423455167272,0.8616996534298417,-4.479977755062264,0.1395896041261547
tri-allate,CC(C)N(C(C)C)C(=O)SCC(=C(Cl)Cl)Cl,1,-1.6863254574213185,-2.552915748813052,-1.1959564261869673,2.0332943506786645,-2.782707029199399
triasulfuron,CC1=NC(=NC(=N1)OC)NC(=O)NS(=O)(=O)C2=CC=CC=C2OCCCl,1,12.394146402293721,0.9121608269898223,3.9324563742832304,-3.5263288876115437,-1.9739729368778498
triaziflam,CC1=CC(=CC(=C1)OCC(C)NC2=NC(=NC(=N2)N)C(C)(C)F)C,1,2.5091199351501663,2.028544628622403,-3.907125868288331,0.2520187802983662,-2.218947837867289
tribenuron,CC1=NC(=NC(=N1)OC)N(C)C(=O)NS(=O)(=O)C2=CC=CC=C2C(=O)O,1,12.63600429477707,0.007821720033172651,3.0326567949988084,-4.016691678508569,-2.1011613733842083
triclopyr,C1=C(C(=NC(=C1Cl)Cl)OCC(=O)O)Cl,1,-1.0751408407078675,1.1234887501051936,-3.3268109654264983,-2.327146931306027,0.5578611396356945
tridiphane,C1C(O1)(CC(Cl)(Cl)Cl)C2=CC(=CC(=C2)Cl)Cl,1,-4.249905934389686,-0.6600450707811553,-1.5766245576591909,-2.1186962730399674,-0.6694472117240914
trietazine,CCNC1=NC(=NC(=N1)Cl)N(CC)CC,1,1.494991397076349,-1.269622168005405,-4.003743878950838,4.649460110663031,-4.009752836718379
trifloxysulfuron,COC1=CC(=NC(=N1)NC(=O)NS(=O)(=O)C2=C(C=CC=N2)OCC(F)(F)F)OC,1,13.401070950758179,0.21041231224963247,2.5451957164121595,-4.036133587402543,-1.7481380594978828
trifludimoxazin,CN1C(=O)N(C(=O)N(C1=S)C)C2=CC3=C(C=C2F)OC(C(=O)N3CC#C)(F)F,1,6.8738015191454105,3.4668313619624516,-3.678115253087193,-1.270344076031628,-1.3476329730145036
trifluralin,CCCN(CCC)C1=C(C=C(C=C1[N+](=O)[O-])C(F)(F)F)[N+](=O)[O-],1,2.6649253251412066,-0.5934815857644901,0.8394063660680162,8.22359568354248,7.270892551712261
triflusulfuron,CC1=C(C(=CC=C1)C(=O)O)S(=O)(=O)NC(=O)NC2=NC(=NC(=N2)OCC(F)(F)F)N(C)C,1,12.894194750282255,0.644804598597913,3.0471366019230444,-3.38303512828251,-1.9084936979530838
vernolate,CCCCCC1C(O1)CC=CCCCCCCCC(=O)[O-],1,-5.644145818764598,1.6165255055235355,2.300598835259893,0.015840223561288516,-0.2626318415473283
diquat,C1C[N+]2=CC=CC=C2C3=CC=CC=[N+]31,1,-0.3824970800827643,-1.008093123646471,-2.8520713585502486,3.073212432077688,-2.5343360093615575
morfamquat,CC1COCC(N1C(=O)C[N+]2=CC=C(C=C2)C3=CC=[N+](C=C3)CC(=O)N4C(COCC4C)C)C,1,1.3717500653498576,3.4886014084068506,-1.3848885325288907,3.8990734539156144,-1.178128402551466
trifluralin,CCCN(CCC)C1=C(C=C(C=C1[N+](=O)[O-])C(F)(F)F)[N+](=O)[O-],1,2.6649253251412066,-0.5934815857644901,0.8394063660680162,8.22359568354248,7.270892551712261
triflusulfuron,CC1=C(C(=CC=C1)C(=O)O)S(=O)(=O)NC(=O)NC2=NC(=NC(=N2)OCC(F)(F)F)N(C)C,1,12.894194750282255,0.644804598597913,3.0471366019230444,-3.38303512828251,-1.9084936979530838
vernolate,CCCCCC1C(O1)CC=CCCCCCCCC(=O)[O-],1,-5.644145818764598,1.6165255055235355,2.300598835259893,0.015840223561288516,-0.2626318415473283
diquat,C1C[N+]2=CC=CC=C2C3=CC=CC=[N+]31,1,-0.3824970800827643,-1.008093123646471,-2.8520713585502486,3.073212432077688,-2.5343360093615575
morfamquat,CC1COCC(N1C(=O)C[N+]2=CC=C(C=C2)C3=CC=[N+](C=C3)CC(=O)N4C(COCC4C)C)C,1,1.3717500653498576,3.4886014084068506,-1.3848885325288907,3.8990734539156144,-1.178128402551466
"cis-N-(1,1,2,2-Tetrachloroethylthio)-4-cyclohexene-1,2-dicarboximide",C1C=CC[C@H]2[C@@H]1C(=O)N(C2=O)SC(C(Cl)Cl)(Cl)Cl,0,2.970212563431062,-0.1754007314846059,-0.5621030067452899,-1.9298018665915386,-1.4997203180356042
Aldrin,C1[C@@H]2C=C[C@H]1[C@H]3[C@@H]2[C@]4(C(=C([C@@]3(C4(Cl)Cl)Cl)Cl)Cl)Cl,0,-4.370979069682251,-1.918063866085385,-2.1928865418314056,-2.577277799956737,-1.399841964463483
2-[1-[[[(2E)-3-chloro-2-propen-1-yl]oxy]imino]propyl]-5-[2-(ethylthio)propyl]-3-hydroxy-2-cyclohexen-1-one,CC/C(=N\OC/C=C/Cl)/C1=C(CC(CC1=O)CC(C)SCC)O,0,-1.906193840241648,3.8452512929717897,2.9130345328381027,2.5598774104111457,3.8838775219492896
Bioallethrin,CC1=C(C(=O)CC1OC(=O)[C@@H]2[C@H](C2(C)C)C=C(C)C)CC=C,0,-4.859890616937241,3.477606778723856,2.4160112043741337,-2.0289686541179983,0.11840918657186873
Fenaminosulf,CN(C)C1=CC=C(C=C1)N=NS(=O)(=O)[O-].[Na+],0,5.623202329256731,-6.235541872105205,5.467404859228653,0.6476968623808731,0.9365104297509569
Warfarin Sodium,CC(=O)CC(C1=CC=CC=C1)C2=C(C3=CC=CC=C3OC2=O)[O-].[Na+],0,-2.9032780455360707,0.8022071416557276,0.18641157270929584,-3.863184534647458,1.6163165842942273
Flusilazole,C[Si](CN1C=NC=N1)(C2=CC=C(C=C2)F)C3=CC=C(C=C3)F,0,1.8180992386515726,-0.9516554418932546,-3.571857931099174,3.7689409696349694,-2.692258579587539
Glyphosate,C(C(=O)O)NCP(=O)(O)O,0,-0.9529447168596052,-1.748348236625648,4.394598789306841,3.2191287802077535,-0.953917681765042
cis-Chlorfenvinphos,CCOP(=O)(OCC)O/C(=C\Cl)/C1=C(C=C(C=C1)Cl)Cl,0,-2.3111235674731003,-1.2108444457933385,1.801032788676875,-0.9912916595060323,2.1014262679051257
"3,5-Dioxa-6-aza-4-phosphaoct-6-ene-8-nitrile, 4-ethoxy-7-phenyl-, 4-sulfide",CCOP(=S)(OCC)O/N=C(\C#N)/C1=CC=CC=C1,0,1.492291229513507,-2.440138009495807,3.1030365532272914,2.776224671496389,3.126974132660608
Imidacloprid,C1CN(/C(=N/[N+](=O)[O-])/N1)CC2=CN=C(C=C2)Cl,0,4.47358274216924,0.8708563639668763,-2.3892675031015598,8.427133731602696,2.6493556729750845
(E)-Methomyl,C/C(=N\OC(=O)NC)/SC,0,0.8527122837870997,-2.47970718293532,-0.040607276888223603,2.8173341527394014,0.9532650351269142
Alpha-Naphthylthiourea,C1=CC=C2C(=C1)C=CC=C2NC(=S)N,0,0.5138869604328454,-3.6845665879911125,-2.0302710092302547,0.4894431256048355,-3.4461603670104632
Carbendazim,COC(=O)NC1=NC2=CC=CC=C2N1,0,2.4625173239391693,0.5946480318409488,-3.5770913965958697,-0.2767689487006125,-3.364230891729791
Sodium Fluoroacetate,C(C(=O)[O-])F.[Na+],0,-5.023683261009795,-3.9645498254953493,0.599758712825998,-0.5478805038552543,-0.5046593374827409
Amitraz,CC1=CC(=C(C=C1)N=CN(C)C=NC2=C(C=C(C=C2)C)C)C,0,0.29065599026571215,-2.3507032829844956,-3.446794401960855,2.195239905035018,-0.42981191928241724
Permethrin,CC1(C(C1C(=O)OCC2=CC(=CC=C2)OC3=CC=CC=C3)C=C(Cl)Cl)C,0,-3.641203282510734,1.113080730073351,-1.4523329904496063,-4.227741734265232,1.4928095794641159
N-Ethyl-o-crotonotoluidide,CCN(C1=CC=CC=C1C)C(=O)/C=C/C,0,-0.859250891026417,-0.7429113421343138,-2.194613942801235,3.1204790209046807,-1.231167215347772
Bentazone-sodium,CC(C)N1C(=O)C2=CC=CC=C2[N-]S1(=O)=O.[Na+],0,7.395165199172756,-1.5287768747408403,1.9818346148385875,-2.1422265771489815,-1.0314180958455352
Phenylmercuric Acetate,CC(=O)O[Hg]C1=CC=CC=C1,0,-3.6808001787806717,-3.5028778772428613,0.09646849725713909,-1.3872683506823191,0.12451904783764808
Bis(tributyltin) oxide,CCCC[Sn](CCCC)(CCCC)O[Sn](CCCC)(CCCC)CCCC,0,-4.470203406671941,-1.8330173045696652,4.664839115829232,3.9610831087642144,-1.434715249653654
Thimerosal,CC[Hg]SC1=CC=CC=C1C(=O)[O-].[Na+],0,-2.162452100688232,-4.127520248121048,1.779210467338903,-1.3660292711500956,-0.48322716839116725
Thiophanate,CCOC(=O)NC(=S)NC1=CC=CC=C1NC(=S)NC(=O)OCC,0,2.3251206371632747,0.11121900278212266,-0.06298601965829256,2.0499615477448354,-1.572559065218194
Sodium pentachlorophenolate,C1(=C(C(=C(C(=C1Cl)Cl)Cl)Cl)Cl)[O-].[Na+],0,-3.7948734574155534,-3.924376954812044,-2.565132003364612,-3.067208489939523,1.346870638890584
Pentachlorophenol,C1(=C(C(=C(C(=C1Cl)Cl)Cl)Cl)Cl)O,0,-3.39449169913827,-2.6158108224313867,-3.0761798603130197,-3.0966867848825657,1.079610351605134
Cypermethrin,CC1(C(C1C(=O)OC(C#N)C2=CC(=CC=C2)OC3=CC=CC=C3)C=C(Cl)Cl)C,0,-3.1536161328648302,0.521375276162634,-2.5015907097204026,-4.566610410868664,1.5995975939993088
Quintozene,C1(=C(C(=C(C(=C1Cl)Cl)Cl)Cl)Cl)[N+](=O)[O-],0,0.5156352080032387,-4.712674715941455,-2.446959187771579,2.770229237706095,7.601742759746055
cis-Mevinphos,C/C(=C\C(=O)OC)/OP(=O)(OC)OC,0,-2.5923108850963175,-1.8126839605801566,3.8005280515322193,-1.4440350299239495,0.748081532800556
Metam-sodium,CNC(=S)[S-].[Na+],0,-2.3625860383116954,-6.066329083428785,0.5092711520932793,1.2368882861071542,-3.154853303774768
Monocrotophos,C/C(=C\C(=O)NC)/OP(=O)(OC)OC,0,-0.23776519398982807,-1.3535002281033852,2.4048824579406,-0.03684208488852625,0.19610708351388423
Endrin,C1[C@@H]2[C@@H]3[C@H]([C@H]1[C@H]4[C@@H]2O4)[C@@]5(C(=C([C@]3(C5(Cl)Cl)Cl)Cl)Cl)Cl,0,-4.5221336181139575,0.6805932279244074,-1.9341900351140249,-4.215936777378492,-1.0652562686114206
"Phosphoric acid, (7-chloro-bicyclo(3.2.0)hepta-2,6-dien-6-yl) dimethyl ester",COP(=O)(OC)OC1=C([C@H]2[C@@H]1CC=C2)Cl,0,-2.3302917350493515,-0.9359694573907239,1.8532213594385296,-3.070038567978216,1.4329769243134651
Thiobencarb,CCN(CC)C(=O)SCC1=CC=C(C=C1)Cl,0,-0.7636368649446025,-2.040291917168905,-1.7463602085276948,3.798798596243866,-2.4345229291968598
Glufosinate-Ammonium,CP(=O)(CCC(C(=O)[O-])N)O.[NH4+],0,-1.2288415808663913,-0.5728886958124735,4.273930939633438,3.6703292343144285,-0.04930416022306857
Warfarin,CC(=O)CC(C1=CC=CC=C1)C2=C(C3=CC=CC=C3OC2=O)O,0,-2.61087377411354,2.5092875634138356,-0.13757143674565145,-3.7486922267962135,1.3323083651445706
Pyraclostrobin,COC(=O)N(C1=CC=CC=C1COC2=NN(C=C2)C3=CC=C(C=C3)Cl)OC,0,5.312064862365451,2.8164894733835046,-4.55527916708141,0.025616249042232354,3.856199774107029
Tricyclohexylzinnhydroxid [German],C1CCC(CC1)[Sn](C2CCCCC2)C3CCCCC3.O,0,-4.8935703837845566,-3.360469094301723,0.8347639273548072,0.4190079110701489,-1.236494889545444
f-16(Pesticide),C1=CC(=C(C=C1NC2=NC=NC=N2)S(=O)(=O)O)/C=C/C3=C(C=C(C=C3)NC4=NC=NC=N4)S(=O)(=O)O,0,8.28440488364965,-4.043180001727797,5.153022750562295,-3.730486234961261,-2.4473904884811364
Pyrethrin I,CC1=C(C(=O)C[C@@H]1OC(=O)[C@@H]2[C@H](C2(C)C)C=C(C)C)C/C=C\C=C,0,-4.859890616937241,3.477606778723856,2.4160112043741337,-2.0289686541179983,0.11840918657186873
Cyhalothrin,CC1(C(C1C(=O)OC(C#N)C2=CC(=CC=C2)OC3=CC=CC=C3)/C=C(/C(F)(F)F)\Cl)C,0,-2.6044197754536476,0.3527410866477951,-2.509600257264523,-4.475380633652619,1.4992131912575462
Bifenthrin,CC1=C(C=CC=C1C2=CC=CC=C2)COC(=O)[C@@H]3[C@@H](C3(C)C)/C=C(/C(F)(F)F)\Cl,0,-3.3494651240008904,0.7702600497965006,-1.4336093825717167,-2.749420683062223,0.17881973447182561
Thiophanate-Methyl,COC(=O)NC(=S)NC1=CC=CC=C1NC(=S)NC(=O)OC,0,2.661003584282653,-1.1521779309607763,-0.9896771084483607,0.6184256952464604,-1.5857861587353304
Picloram-potassium,C1(=C(C(=NC(=C1Cl)Cl)C(=O)[O-])Cl)N.[K+],0,-0.3548245380156208,-2.9373707793357,-4.294779931347361,-0.7521191621973964,-0.0883782697634008
Brodifacoum,C1C(CC2=CC=CC=C2C1C3=C(C4=CC=CC=C4OC3=O)O)C5=CC=C(C=C5)C6=CC=C(C=C6)Br,0,-2.80687982099758,1.649660739089089,-2.507542430814265,-4.8158842494865635,1.4446456180029406
Sodium Chlorate,[O-]Cl(=O)=O.[Na+],0,-3.6704246570823513,-6.801792842536084,1.8116197730659742,-0.597070224148772,0.4077737330179776
Disulfoton,CCOP(=S)(OCC)SCCSCC,0,-2.2562891663953795,-1.6254006628084898,5.852319302260946,2.925282845317068,-1.2792207075494089
Methyl Parathion,COP(=S)(OC)OC1=CC=C(C=C1)[N+](=O)[O-],0,2.717694439445306,-3.5228134723420594,2.35853470196276,1.789740957513898,7.681305410500177
Dinoseb,CCC(C)C1=C(C(=CC(=C1)[N+](=O)[O-])[N+](=O)[O-])O,0,2.017764110082723,-0.639841489810974,0.11621416643784199,3.171350051971426,9.152097020710656
Tribufos,CCCCSP(=O)(SCCCC)SCCCC,0,-2.5715507828070607,-2.8277259985589094,4.478323022891455,2.9391009796691496,-1.8496579733892224
Trichlorfon,COP(=O)(C(C(Cl)(Cl)Cl)O)OC,0,-2.546161694645601,-3.498378206002899,2.3302363706340947,-1.2088540919816395,0.7671174588986855
Thiometon,CCSCCSP(=S)(OC)OC,0,-1.9181660910334162,-2.1276102317395185,5.519134549318575,2.664765714937556,-1.455394392264514
lambda-Cyhalothrin,CC1([C@@H]([C@@H]1C(=O)O[C@@H](C#N)C2=CC(=CC=C2)OC3=CC=CC=C3)/C=C(/C(F)(F)F)\Cl)C,0,-2.6044197754536476,0.3527410866477951,-2.509600257264523,-4.475380633652619,1.4992131912575462
Uniconazole,CC(C)(C)C(/C(=C\C1=CC=C(C=C1)Cl)/N2C=NC=N2)O,0,1.7048688111346129,0.7119882096836055,-4.457835499719951,0.272990923205996,-0.8781702658619508
Fentin acetate,CC(=O)O[Sn](C1=CC=CC=C1)(C2=CC=CC=C2)C3=CC=CC=C3,0,-3.262842540293834,-3.1849000795191857,0.6633856557455785,-1.3664869864997058,0.2059426935921837
Phenylmercuric Nitrate,C1=CC=C(C=C1)[Hg]O[N+](=O)[O-],0,-1.1130019967378275,-5.513375688113712,1.1546430213824,1.902198910937362,5.721411116140619
(Acetato-kappaO)(2-methoxyethyl)mercury,CC(=O)O[Hg]CCOC,0,-4.395521118112385,-0.4787660316346454,3.852028118641574,1.6793607708352714,-0.4494494592285185
Triasulfuron,CC1=NC(=NC(=N1)OC)NC(=O)NS(=O)(=O)C2=CC=CC=C2OCCCl,0,12.394146402293721,0.9121608269898223,3.9324563742832304,-3.5263288876115437,-1.9739729368778498
Matox,CC1(CN=C(NC1)NN=C(/C=C/C2=CC=C(C=C2)C(F)(F)F)/C=C/C3=CC=C(C=C3)C(F)(F)F)C,0,2.7323547394130654,-0.0803546892103325,-2.6731430868455033,3.0810127241091654,-2.919180936166637
Emamectin benzoate [ISO],CC[C@H](C)[C@@H]1[C@H](C=C[C@@]2(O1)C[C@@H]3C[C@H](O2)C/C=C(/[C@H]([C@H](/C=C/C=C/4\CO[C@H]5[C@@]4([C@@H](C=C([C@H]5O)C)C(=O)O3)O)C)O[C@H]6C[C@@H]([C@H]([C@@H](O6)C)O[C@H]7C[C@@H]([C@H]([C@@H](O7)C)[NH2+]C)OC)OC)\C)C.C1=CC=C(C=C1)C(=O)[O-],0,-1.9818858518405325,9.267143880325559,2.599041664588686,-1.3902367421090476,-0.041911298529628924
Bromadiolone,C1=CC=C(C=C1)C(CC(C2=CC=C(C=C2)C3=CC=C(C=C3)Br)O)C4=C(C5=CC=CC=C5OC4=O)O,0,-2.6332274756751737,2.3901575896682647,-1.8571592937451036,-4.469082486284452,1.4292563169303407
(+-)-Coumachlor,CC(=O)CC(C1=CC=C(C=C1)Cl)C2=C(C3=CC=CC=C3OC2=O)O,0,-2.480829129256294,2.3000510929043965,-1.415955734714965,-4.401312495774004,1.7583240753681018
FB7 (pesticide),C(C[Hg])Cl.C1(C(C(C(C(C1Cl)Cl)Cl)Cl)Cl)Cl,0,-4.7165769275831355,-4.08614576322303,-1.0729364859495707,0.2665591461190337,-1.3110714236451155
Anabasine,C1CCN[C@@H](C1)C2=CN=CC=C2,0,-1.3764669104962959,0.11882985619954795,-2.0556802941221726,3.8276077308507026,-3.6439647761336955
Imiprothrin,CC(=CC1C(C1(C)C)C(=O)OCN2C(=O)CN(C2=O)CC#C)C,0,1.481723643486501,6.140962398205326,-0.09623385032517542,3.004783682812422,-1.9712399995402268
Methiocarb,CC1=CC(=CC(=C1SC)C)OC(=O)NC,0,0.5560596601516062,-1.0091595980939647,-1.339697464888012,-1.895759926631566,-0.7028509336803642
Prochloraz,CCCN(CCOC1=C(C=C(C=C1Cl)Cl)Cl)C(=O)N2C=CN=C2,0,2.627281134756061,4.182351424647889,-3.290764976541512,3.5664793774975827,-0.9041861387915389
Phosmet,COP(=S)(OC)SCN1C(=O)C2=CC=CC=C2C1=O,0,3.704370178890276,1.6040059538029596,1.4341070247048109,0.9811772505222129,-0.6762075340508045
Imazalil sulfate,C=CCOC(CN1C=CN=C1)C2=C(C=C(C=C2)Cl)Cl.OS(=O)(=O)O,0,5.568315144172169,-0.8714095896672818,4.834741708189775,-1.779471604317644,-0.8049291101371279
Aluminium phosphide (AlP),[Al]#P,0,-4.685750103250077,-5.704310998242849,0.5710582053595911,-0.05333108949122183,-1.8169532994227104
Fenitrothion,CC1=C(C=CC(=C1)OP(=S)(OC)OC)[N+](=O)[O-],0,3.0768690623366908,-2.9931784755167925,2.1620502901676466,1.5721393701700377,8.087961303332925
Triclopyr,C1=C(C(=NC(=C1Cl)Cl)OCC(=O)O)Cl,0,-1.0751408407078675,1.1234887501051936,-3.3268109654264983,-2.327146931306027,0.5578611396356945
Triflumuron,C1=CC=C(C(=C1)C(=O)NC(=O)NC2=CC=C(C=C2)OC(F)(F)F)Cl,0,2.5611916698682617,-0.3750855448543296,-4.391457952217031,-2.902745759705771,0.9906213045635168
S-Bioallethrin,CC1=C(C(=O)C[C@@H]1OC(=O)[C@@H]2[C@H](C2(C)C)C=C(C)C)CC=C,0,-4.859890616937241,3.477606778723856,2.4160112043741337,-2.0289686541179983,0.11840918657186873
Imazaquin,CC(C)C1(C(=O)NC(=N1)C2=NC3=CC=CC=C3C=C2C(=O)O)C,0,2.828891514937007,3.9390154719440793,-3.7446717744473,-1.616852364346037,-1.1014496928755786
Maneb,C(CNC(=S)[S-])NC(=S)[S-].[Mn+2],0,-1.861352682950645,-4.450534083828748,1.5455065907680396,6.047608922064456,-4.424461392211622
cis-Phosphamidon,CCN(CC)C(=O)/C(=C(\C)/OP(=O)(OC)OC)/Cl,0,-0.11180900332999913,-0.1928177533320146,2.341312680201958,2.5769455705566537,0.255455078069969
Monosodium methanearsonate,C[As](=O)(O)[O-].[Na+],0,-3.060802283173843,-5.935990237714371,3.6082119431798683,-0.520698938607501,-0.0378820267975339
"2,4-D-sodium",C1=CC(=C(C=C1Cl)Cl)OCC(=O)[O-].[Na+],0,-3.8692017565642156,-1.389089638889014,-1.1933246029869369,-3.3855202732261884,2.3691480118343176
MCPB-sodium,CC1=C(C=CC(=C1)Cl)OCCCC(=O)[O-].[Na+],0,-3.9817402873652115,-0.6973969086113418,-0.43470809585556636,-2.2951764286406355,2.1122715418149967
SODIUM o-PHENYLPHENOL,C1=CC=C(C=C1)C2=CC=CC=C2[O-].[Na+],0,-3.5818726406794834,-3.1683184055644134,-1.7991573761766657,-2.98593184354527,1.0798484460274214
Monopotassium methyldithiocarbamate,CNC(=S)[S-].[K+],0,-2.3625860383116954,-6.066329083428785,0.5092711520932793,1.2368882861071542,-3.154853303774768
Azinphos-Methyl,COP(=S)(OC)SCN1C(=O)C2=CC=CC=C2N=N1,0,6.305913486423356,1.5280939305847447,-0.8472175036619382,1.6707223938747728,-0.07083615584453651
Parathion,CCOP(=S)(OCC)OC1=CC=C(C=C1)[N+](=O)[O-],0,2.3383229719093563,-2.321815903849585,3.3739016521467398,3.327046061292001,7.755231018393908
Dichlobenil,C1=CC(=C(C(=C1)Cl)C#N)Cl,0,-3.46091627976693,-4.237202434288211,-3.579004629173756,-1.274560400748156,-0.6392781453578186
Dichlorvos,COP(=O)(OC)OC=C(Cl)Cl,0,-2.9243416544958354,-3.383549211886566,2.2901758088329722,-1.4129558068209966,0.7096868693469814
Methoxychlor,COC1=CC=C(C=C1)C(C2=CC=C(C=C2)OC)C(Cl)(Cl)Cl,0,-2.509548782349438,-1.826455558563328,-1.9668205943017654,-3.1917573450327574,0.6606884219595501
Fenthion,CC1=C(C=CC(=C1)OP(=S)(OC)OC)SC,0,0.8652953675624455,-2.99171330163902,3.232361489622594,-2.9919517243525022,0.8860368897392947
Piperonyl Butoxide,CCCCOCCOCCOCC1=CC2=C(C=C1CCC)OCO2,0,-3.6025963669628918,4.4516348061720885,2.114235832461922,0.4252222692862019,-0.12670141570081325
Naled,COP(=O)(OC)OC(C(Cl)(Cl)Br)Br,0,-2.432911735995029,-4.0471920242591715,1.9187949590164748,-1.0290036843644177,0.6462100542238023
Propoxur,CC(C)OC1=CC=CC=C1OC(=O)NC,0,-0.8845899019858477,0.1367791081991118,-2.127762326013191,-1.7647535147862035,0.4387955488879044
Simazine,CCNC1=NC(=NC(=N1)Cl)NCC,0,1.045547034856098,-1.4283125016189513,-4.191085105290248,2.98789558654984,-4.263837819143208
Temephos,COP(=S)(OC)OC1=CC=C(C=C1)SC2=CC=C(C=C2)OP(=S)(OC)OC,0,0.9739356545014709,-2.802241043055423,3.516492013878781,-3.2537793781751496,0.7639203204264027
Myclobutanil,CCCCC(CN1C=NC=N1)(C#N)C2=CC=C(C=C2)Cl,0,0.845680838769698,0.6918108576372575,-3.077454196557505,4.081451234247726,-2.518383048695243
Phenothrin,CC(=CC1C(C1(C)C)C(=O)OCC2=CC(=CC=C2)OC3=CC=CC=C3)C,0,-3.7288579996325217,2.0226795409791882,-0.06612989238879968,-3.6147826806732573,0.9230171609099421
Dimethrin,CC1=CC(=C(C=C1)COC(=O)C2C(C2(C)C)C=C(C)C)C,0,-4.387808722080963,1.054319219146435,0.37177603572654144,-1.7679058639232266,-0.3417215340853122
"(1,1'-Biphenyl)-2-ol",C1=CC=C(C=C1)C2=CC=CC=C2O,0,-3.181490882402199,-1.8597522731837568,-2.310205233125072,-3.0154101384883116,0.8125881587419702
Allethrins,CC1=C(C(=O)CC1OC(=O)C2C(C2(C)C)C=C(C)C)CC=C,0,-4.859890616937241,3.477606778723856,2.4160112043741337,-2.0289686541179983,0.11840918657186873
"2-Methyl-4,6-dinitrophenol",CC1=CC(=CC(=C1O)[N+](=O)[O-])[N+](=O)[O-],0,2.167188507218772,-1.9048541409583397,-0.7257815455472637,2.038020586478187,9.266022136338645
Chlorfenvinphos,CCOP(=O)(OCC)OC(=CCl)C1=C(C=C(C=C1)Cl)Cl,0,-2.3111235674731003,-1.2108444457933385,1.801032788676875,-0.9912916595060323,2.1014262679051257
Chlorothalonil,C(#N)C1=C(C(=C(C(=C1Cl)Cl)Cl)C#N)Cl,0,-3.1400228815709417,-4.2013556624349055,-3.751562433789291,-1.0661226748029853,-0.693845557301691
"Imazaquin, monoammonium salt",CC(C)C1(C(=O)NC(=N1)C2=NC3=CC=CC=C3C=C2C(=O)O)C.N,0,2.6955247233120225,3.719161101968487,-3.564012510209625,-1.621229765154431,-1.121671288272884
Cyperquat chloride,C[N+]1=CC=C(C=C1)C2=CC=CC=C2.[Cl-],0,-1.204440728014805,-2.806366154700803,-3.674045803696438,0.5162848748932171,-2.0035552586811676
Flutriafol,C1=CC=C(C(=C1)C(CN2C=NC=N2)(C3=CC=C(C=C3)F)O)F,0,2.398144150143843,0.9722699568121497,-4.3961670770682115,1.367647309593073,-0.40680163566254907
Quinclorac,C1=CC(=C(C2=NC=C(C=C21)Cl)C(=O)O)Cl,0,-1.4973975495307439,-0.7543049360038426,-4.084548116489731,-2.943462866095971,-0.3551091526141703
Cyfluthrin,CC1(C(C1C(=O)OC(C#N)C2=CC(=C(C=C2)F)OC3=CC=CC=C3)C=C(Cl)Cl)C,0,-2.744656410737793,0.542236156382139,-3.203706118534979,-5.00297388432671,2.1396361470754126
Methoxyfenozide,CC1=CC(=CC(=C1)C(=O)N(C(C)(C)C)NC(=O)C2=C(C(=CC=C2)OC)C)C,0,2.088995470451062,0.543522994414492,-2.075749690682356,-1.3288285733293848,1.3043136137296294
Dimethenamid,CC1=CSC(=C1N(C(C)COC)C(=O)CCl)C,0,0.5356957188126381,1.7562701750303606,-0.8722624294356358,3.7248114992792907,-1.4027161221928321
Tetramethrin,CC(=CC1C(C1(C)C)C(=O)OCN2C(=O)C3=C(C2=O)CCCC3)C,0,-0.8465447325005483,6.934744359904743,0.8425089145993918,0.7754554685745438,-1.1256376634128291
Carfentrazone-ethyl,CCOC(=O)C(CC1=CC(=C(C=C1Cl)F)N2C(=O)N(C(=N2)C)C(F)F)Cl,0,5.5297663825767325,2.768490747395843,-5.184685703158615,0.45235044278456793,0.3886490801599879
Flurochloridone,C1C(C(C(=O)N1C2=CC=CC(=C2)C(F)(F)F)Cl)CCl,0,0.8899231854378808,-0.2439744161635636,-4.7713355005999105,1.3028858191214618,-1.1367598765056832
Hexaflumuron,C1=CC(=C(C(=C1)F)C(=O)NC(=O)NC2=CC(=C(C(=C2)Cl)OC(C(F)F)(F)F)Cl)F,0,2.5611916698682617,-0.3750855448543296,-4.391457952217031,-2.902745759705771,0.9906213045635168
Isocarbophos,CC(C)OC(=O)C1=CC=CC=C1OP(=S)(N)OC,0,2.365819049678403,-1.4363526522532999,2.169996713867319,-1.869802219931278,1.172967784667493
Nuarimol,C1=CC=C(C(=C1)C(C2=CC=C(C=C2)F)(C3=CN=CN=C3)O)Cl,0,-0.3698841538968278,-1.1827860981604674,-4.734035566052467,-2.661551179827677,-0.7638405883642168
Fonofos,CCOP(=S)(CC)SC1=CC=CC=C1,0,-0.5913194466907228,-2.641278295943497,4.166022387697775,0.6465999398969489,-1.147249180482644
Niclosamide ethanolamine salt,C1=CC(=C(C=C1[N+](=O)[O-])Cl)NC(=O)C2=C(C=CC(=C2)Cl)O.C(CO)N,0,3.414660208422745,1.3003160931554985,-1.0751402658821836,4.871100686790575,8.274811395004603
Ethylmercuric phosphate,CC[Hg+].OP(=O)(O)[O-],0,-2.4418323772617296,-5.066369619407815,4.659265249419203,0.35748733553031586,-0.14006046259692
Lufenuron,C1=CC(=C(C(=C1)F)C(=O)NC(=O)NC2=CC(=C(C=C2Cl)OC(C(C(F)(F)F)F)(F)F)Cl)F,0,2.5611916698682617,-0.3750855448543296,-4.391457952217031,-2.902745759705771,0.9906213045635168
Ametryn,CCNC1=NC(=NC(=N1)SC)NC(C)C,0,2.8264991099593275,-1.4321011249526454,-1.93951109628408,3.2369511068699723,-6.166696241539612
Daminozide,CN(C)NC(=O)CCC(=O)O,0,0.0014124126188947985,0.47883182966194887,1.1989884380293814,3.813241981938931,-1.2691494566833448
Nitrofen,C1=CC(=CC=C1[N+](=O)[O-])OC2=C(C=C(C=C2)Cl)Cl,0,1.2256371922375855,-2.9013605947155505,-2.6426895678632456,0.5895382878205708,9.435428979595923
Aminocarb,CC1=C(C=CC(=C1)OC(=O)NC)N(C)C,0,0.6529066487647407,-0.20746461583092765,-3.0091019288265954,0.5064197054557394,0.17079208325067788
Methidathion,COC1=NN(C(=O)S1)CSP(=S)(OC)OC,0,5.646833093269298,1.5589542785117647,0.7866437372045563,2.164094182163727,-0.7514039904935081
"Phosphoric acid, 2-chloro-1-(2,4,5-trichlorophenyl)ethenyl dimethyl ester",COP(=O)(OC)OC(=CCl)C1=CC(=C(C=C1Cl)Cl)Cl,0,-1.9317520999371507,-2.411842014285813,0.7856658384928935,-2.528596763284134,2.0275006600113965
Picloram,C1(=C(C(=NC(=C1Cl)Cl)C(=O)O)Cl)N,0,0.15391966554429498,-1.4385328553451202,-4.68503912738829,-0.7712270439216369,-0.5669437906246632
Ethyl p-nitrophenyl benzenethiophosphonate,CCOP(=S)(C1=CC=CC=C1)OC2=CC=C(C=C2)[N+](=O)[O-],0,2.630093490747501,-2.4342491443801535,2.009373598954076,2.1486027402176204,8.00835007299245
Molinate,CCSC(=O)N1CCCCCC1,0,-0.7376166571851309,-0.5350934276090007,0.17978024153748853,6.000509832525739,-3.8878991670320815
Chlorophacinone,C1=CC=C(C=C1)C(C2=CC=C(C=C2)Cl)C(=O)C3C(=O)C4=CC=CC=C4C3=O,0,-2.558001871199256,-0.7691310552087974,-2.5528129107836346,-4.16049147432183,1.2194894108202972
Phenthoate,CCOC(=O)C(C1=CC=CC=C1)SP(=S)(OC)OC,0,-0.7146033695470553,-2.040336167882281,3.7528810010938938,-0.4959148747962313,0.09279362518059538
Chinomethionat,CC1=CC2=C(C=C1)N=C3C(=N2)SC(=O)S3,0,0.8632016629380573,-0.2078362357585274,-3.031735468119128,-1.3041117295749691,-2.976417803697862
Formothion,CN(C=O)C(=O)CSP(=S)(OC)OC,0,0.9798560821338674,-1.0177218759234976,4.080415416909506,2.459671538226573,-0.799200655937664
Isoprocarb,CC(C)C1=CC=CC=C1OC(=O)NC,0,-0.9151182331291031,-0.4189422725159519,-2.452256996291482,-1.4342338679779962,0.02941580559081157
Chlordimeform,CC1=C(C=CC(=C1)Cl)N=CN(C)C,0,-0.19349527446347442,-2.7105198110317437,-4.221318487335286,2.39960164481078,-0.355275055699364
Metasystox,CCSCCOP(=S)(OC)OC.CCSCCSP(=O)(OC)OC,0,-1.942129628310107,-1.617013428461741,7.177368839235473,2.3779193789498074,-0.8019419257359044
Phenmedipham,CC1=CC(=CC=C1)NC(=O)OC2=CC=CC(=C2)NC(=O)OC,0,0.8041570194406144,0.09784579818556104,-2.2530936960025634,-1.454887113298676,0.5804289606079571
Carboxin,CC1=C(SCCO1)C(=O)NC2=CC=CC=C2,0,-0.5264631168397493,2.9840297309203776,-0.35853098445131965,0.9238234454059773,-1.5610644256138626
"1,3-Dichloropropene",C(C=CCl)Cl,0,-4.912474318506965,-4.172850056645054,-0.7198846947160061,0.24521959882554573,-2.024685411041455
"3,5,6-Trichloro-2-pyridinol",C1=C(C(=O)NC(=C1Cl)Cl)Cl,0,-0.571422767456991,-1.7689555190035702,-5.134850380236888,-2.020974849972974,-0.934981823342606
Thallous sulfate,[O-]S(=O)(=O)[O-].[Tl+].[Tl+],0,0.27258463855884885,-7.734379687583562,8.205189521696642,-2.8783190056082715,-0.4888443498331468
Maleic Hydrazide,C1=CC(=O)NNC1=O,0,1.6934514893242467,-1.0090618538418485,-3.137527929929127,-0.7415058149426087,-1.1050567884051157
Terbuthylazine,CCNC1=NC(=NC(=N1)Cl)NC(C)(C)C,0,1.1245443320761257,-0.7841362603148789,-4.101641924648555,2.4220449886199504,-4.513775050132199
Ammonium sulfamate,[NH4+].NS(=O)(=O)[O-],0,3.4890839901730253,-7.07917288124824,7.241689424372478,-1.79028848149278,-1.2451426330142166
Demeton,CCOP(=O)(OCC)SCCSCC.CCOP(=S)(OCC)OCCSCC,0,-2.2431815478028256,-1.4296614473588247,7.348007963247014,2.633345959547948,-0.713104049084107
Kadethrin,CC1([C@H]([C@H]1C(=O)OCC2=COC(=C2)CC3=CC=CC=C3)/C=C/4\CCSC4=O)C,0,-2.6671228323920744,4.893426297709267,2.3507176166418917,-2.468436489585139,-0.19428472953009399
Chlortoluron,CC1=C(C=C(C=C1)NC(=O)N(C)C)Cl,0,1.1562961045750153,-2.2103473434498926,-4.5588256066818715,1.705286016448664,-1.6895434668252862
Benomyl,CCCCNC(=O)N1C2=CC=CC=C2N=C1NC(=O)OC,0,4.057755618282157,4.675671022768935,-2.2128153539439577,4.494813722725482,-3.5644557308396267
Oryzalin,CCCN(CCC)C1=C(C=C(C=C1[N+](=O)[O-])S(=O)(=O)N)[N+](=O)[O-],0,9.430471083380345,-2.1691844096244512,6.7795897228638315,5.873496804405196,4.4023308328652115
Leptophos,COP(=S)(C1=CC=CC=C1)OC2=CC(=C(C=C2Cl)Br)Cl,0,0.08746076153518885,-3.0718435689843937,-0.1378531765842741,-3.757539911932801,1.8502804799636414
Cyanazine,CCNC1=NC(=NC(=N1)Cl)NC(C)(C)C#N,0,1.3173655029170197,-0.808903752132661,-4.448497358025799,2.58193638456178,-4.535421908682915
Pirimicarb,CC1=C(N=C(N=C1OC(=O)N(C)C)N(C)C)C,0,3.368902290012867,1.0221962604681376,-4.421101966498787,0.7878677940322943,-1.7205412926915848
Butachlor,CCCCOCN(C1=C(C=CC=C1CC)CC)C(=O)CCl,0,-0.9197296434093816,2.30921186733056,-0.41865845279402847,5.383945944940492,-0.5701843854298153
Isofenphos,CCOP(=S)(NC(C)C)OC1=CC=CC=C1C(=O)OC(C)C,0,2.1958286228570576,-0.21195856588912657,2.7847357415569083,-0.6695034892079476,1.2192940376520167
Ethofumesate,CCOC1C(C2=C(O1)C=CC(=C2)OS(=O)(=O)C)(C)C,0,2.7321834774957625,0.39473034197415874,7.683776810346172,-5.05995415008695,0.456266051443041
Fenamiphos,CCOP(=O)(NC(C)C)OC1=CC(=C(C=C1)SC)C,0,2.1735237363402375,-1.160706425609567,2.598782749364599,-0.5734316672014371,0.8571815066522633
Metribuzin,CC(C)(C)C1=NN=C(N(C1=O)N)SC,0,6.8250740372911585,-0.3336432566065528,-3.0772390909094156,0.7466452558478672,-2.6052773800205933
Norflurazon,CNC1=C(C(=O)N(N=C1)C2=CC=CC(=C2)C(F)(F)F)Cl,0,4.891280673513648,0.05669201085312771,-6.8332353487691195,-0.3407559900255047,-0.1898277738170083
Iprodione,CC(C)NC(=O)N1CC(=O)N(C1=O)C2=CC(=CC(=C2)Cl)Cl,0,4.019090594883288,2.3826348752601607,-4.864524571729219,2.1913690560310264,-1.510414698152246
Pirimiphos-methyl,CCN(CC)C1=NC(=CC(=N1)OP(=S)(OC)OC)C,0,5.278171944084424,-0.07645000249540784,0.7708310372547764,2.8750865667417154,-1.8616129146034546
Roundup,CC(C)N.C(C(=O)O)NCP(=O)(O)O,0,-0.1470774226494657,-1.323263213307265,4.2971809502080935,4.11898403191886,-1.2957466531841253
Imazalil,C=CCOC(CN1C=CN=C1)C2=C(C=C(C=C2)Cl)Cl,0,-0.19353860047551083,1.1325066006795075,-3.6461451807247527,1.4069538654941767,-1.1703377238255652
Pendimethalin,CCC(CC)NC1=C(C=C(C(=C1[N+](=O)[O-])C)C)[N+](=O)[O-],0,2.4677516808914177,-2.051603637492218,-0.006228334709009056,5.830626191524968,7.209279157597971
Profenofos,CCCSP(=O)(OCC)OC1=C(C=C(C=C1)Br)Cl,0,-0.9805469465761009,-1.0708576128367355,2.3685459546559278,-0.8787435256294436,2.0743515128940206
Triadimefon,CC(C)(C)C(=O)C(N1C=NC=N1)OC2=CC=C(C=C2)Cl,0,3.379696087538851,1.96587890605211,-5.160506345229658,-0.8472908037998641,-0.31206335111573386
Hexazinone,CN1C(=NC(=O)N(C1=O)C2CCCCC2)N(C)C,0,3.987981013459273,2.4712635752172134,-3.487096860834411,2.488581828443938,-2.190611968521708
Deltamethrin,CC1([C@H]([C@H]1C(=O)O[C@H](C#N)C2=CC(=CC=C2)OC3=CC=CC=C3)C=C(Br)Br)C,0,-3.1636316944921,0.6007062621228975,-2.446184510990847,-4.5492150589358715,1.6009671049258547
Pyrinuron,C1=CC(=CN=C1)CNC(=O)NC2=CC=C(C=C2)[N+](=O)[O-],0,4.732169357067273,-1.9204068596933217,-1.7463820693698655,4.987127441394964,4.195009505250836
Vinclozolin,CC1(C(=O)N(C(=O)O1)C2=CC(=CC(=C2)Cl)Cl)C=C,0,1.0350249488594372,3.0568052556057026,-3.9153230443701466,-1.7103963163569302,0.31055093590286004
Triadimenol,CC(C)(C)C(C(N1C=NC=N1)OC2=CC=C(C=C2)Cl)O,0,3.279620551156968,1.8656046464414469,-4.9862632542991285,-0.8413732647081886,-0.2053621312131376
Acifluorfen sodium,C1=CC(=C(C=C1C(F)(F)F)Cl)OC2=CC(=C(C=C2)[N+](=O)[O-])C(=O)[O-].[Na+],0,1.9617136875773034,-2.844535756401057,-1.6525051548854874,-0.2645003997231424,9.990679774032971
cis-Permethrin,CC1([C@H]([C@H]1C(=O)OCC2=CC(=CC=C2)OC3=CC=CC=C3)C=C(Cl)Cl)C,0,-3.641203282510734,1.113080730073351,-1.4523329904496063,-4.227741734265232,1.4928095794641159
Triclopyr triethylamine,CCN(CC)CC.C1=C(C(=NC(=C1Cl)Cl)OCC(=O)O)Cl,0,0.22704483951444526,2.5514427481424424,-2.6001948148026335,1.3981161041719574,-0.09768060597595762
Fluridone,CN1C=C(C(=O)C(=C1)C2=CC(=CC=C2)C(F)(F)F)C3=CC=CC=C3,0,0.6493720733713165,-0.5033204911083896,-4.496782509841192,-1.6689389402281376,-0.25086611848706025
Lactofen,CCOC(=O)C(C)OC(=O)C1=C(C=CC(=C1)OC2=C(C=C(C=C2)C(F)(F)F)Cl)[N+](=O)[O-],0,2.317801172887337,0.07611364389504992,-0.993837055503928,1.1482557099548014,9.98051093868363
Metalaxyl,CC1=C(C(=CC=C1)C)N(C(C)C(=O)OC)C(=O)COC,0,-0.04445732187159824,1.8885520413153565,-0.48088327077206394,2.5713545700127742,0.5420685691645731
Fenarimol,C1=CC=C(C(=C1)C(C2=CC=C(C=C2)Cl)(C3=CN=CN=C3)O)Cl,0,-0.5446130885263887,-1.1865927051804341,-4.545914825455697,-2.5357901003947467,-0.9333791164167214
Fenpropathrin,CC1(C(C1(C)C)C(=O)OC(C#N)C2=CC(=CC=C2)OC3=CC=CC=C3)C,0,-2.6664097909009516,0.2715873956825012,-1.5820614101182464,-3.498409845642338,1.0264870858675157
Sodium arsenate,[O-][As](=O)([O-])[O-].[Na+].[Na+].[Na+],0,-3.5595309215327458,-6.206828715414092,3.327370733007603,-0.4433949411069162,0.36392823785991973
Chlorsulfuron,CC1=NC(=NC(=N1)OC)NC(=O)NS(=O)(=O)C2=CC=CC=C2Cl,0,12.90409366801441,-1.089213162413018,1.907821365097815,-5.291939712087522,-1.934554864492882
Sodium diarsenate,[O-][As](=O)([O-])O[As](=O)([O-])[O-].[Na+].[Na+].[Na+].[Na+],0,-3.1360298178414503,-5.620399470613204,3.7813687539451126,-0.8089336158285259,0.7871520994760216
Carbendazim phosphate,COC(=O)NC1=NC2=CC=CC=C2N1.OP(=O)(O)O,0,4.313878465252183,0.02542108102188792,-0.017706608643999342,-0.661097106805689,-1.6593614595871355
Fluazifop-butyl,CCCCOC(=O)C(C)OC1=CC=C(C=C1)OC2=NC=C(C=C2)C(F)(F)F,0,-0.7471166299343386,3.3202446967211094,-0.9564790508220807,-1.203862508333286,0.2200673740581069
Fenoxycarb,CCOC(=O)NCCOC1=CC=C(C=C1)OC2=CC=CC=C2,0,-1.2623782311193588,2.4266305358402067,-0.10673977945223077,2.133134308049446,0.0774791243701193
Tralomethrin,CC1([C@H]([C@H]1C(=O)O[C@H](C#N)C2=CC(=CC=C2)OC3=CC=CC=C3)C(C(Br)(Br)Br)Br)C,0,-2.3975288142177598,-0.2264092928039295,-2.5220720752564234,-4.0231510093857565,1.3260727478848264
Fluvalinate,CC(C)C(C(=O)OC(C#N)C1=CC(=CC=C1)OC2=CC=CC=C2)NC3=C(C=C(C=C3)C(F)(F)F)Cl,0,0.0381849482053434,-0.5928781204967358,-4.255089534222901,-2.8239688482394034,1.861414511319287
Cyromazine,C1CC1NC2=NC(=NC(=N2)N)N,0,0.4892597263467327,-1.4637178178208845,-3.3537054873672614,2.242059007061891,-4.210702099470227
Fenoxaprop-ethyl,CCOC(=O)C(C)OC1=CC=C(C=C1)OC2=NC3=C(O2)C=C(C=C3)Cl,0,-0.32548195784580836,3.687313771261414,-2.7046112600231154,-2.961129897490484,0.11254619278481971
Imazethapyr,CCC1=CC(=C(N=C1)C2=NC(C(=O)N2)(C)C(C)C)C(=O)O,0,2.537217405741083,3.306922656504815,-3.121829456253784,-0.12189243733442949,-1.0420927711972519
Sulfometuron-methyl,CC1=CC(=NC(=N1)NC(=O)NS(=O)(=O)C2=CC=CC=C2C(=O)OC)C,0,11.973816528673833,-1.0969788109228773,3.7878476381967214,-3.722076417162252,-2.916521051539025
Quizalofop-ethyl,CCOC(=O)C(C)OC1=CC=C(C=C1)OC2=CN=C3C=C(C=CC3=N2)Cl,0,0.21944040693062394,3.1211497233213876,-3.3196780282007525,-2.2364584772745246,0.11847515809274287
Imazapyr,CC(C)C1(C(=O)NC(=N1)C2=C(C=CC=N2)C(=O)O)C,0,2.5879937446022723,2.958795631343001,-3.4616654712263917,-0.7146184879596424,-1.0351192021730975
Metaldehyde,CC1OC(OC(OC(O1)C)C)C,0,-3.554225079873885,-0.7165728343669872,0.6319093882142911,-1.4756293006273398,-1.0136760959683815
"2,4-Dinitrophenol",C1=CC(=C(C=C1[N+](=O)[O-])[N+](=O)[O-])O,0,2.06878791763395,-2.1560126662381136,-0.8146840376377592,1.925086938098708,9.323938268191101
Benzyl Benzoate,C1=CC=C(C=C1)COC(=O)C2=CC=CC=C2,0,-3.771815392725421,-1.8316241243364841,-0.78394027159186,-1.4430293295591239,-0.19148547110693248
Dimethylarsinic Acid,C[As](=O)(C)O,0,-2.9864843577165523,-4.494170256557975,2.4871326459093304,0.33948439472138897,-0.9213155857402398
Diazinon,CCOP(=S)(OCC)OC1=NC(=NC(=C1)C)C(C)C,0,3.7261468239446915,-0.0899422816628708,1.3768706972595266,0.4549947721368758,-1.4500126605106758
Heptachlor,C1=CC(C2C1C3(C(=C(C2(C3(Cl)Cl)Cl)Cl)Cl)Cl)Cl,0,-4.463714199806292,-2.1361670720515735,-2.0874678779150044,-2.3174824094435977,-1.4877386754980622
Metolachlor,CCC1=CC=CC(=C1N(C(C)COC)C(=O)CCl)C,0,-0.4323360780755078,1.3010213825094954,-1.397094450596718,3.9218288615312744,-0.1766428667993085
Trichlorophenoxyacetic acid,C1=C(C(=CC(=C1Cl)Cl)Cl)OCC(=O)O,0,-3.5133870635888873,0.08782498102849431,-1.6133356506750391,-3.104300072692189,2.050581538287526
4-Chloro-3-methylphenol,CC1=C(C=CC(=C1)O)Cl,0,-3.2960911095534473,-2.3646522971516144,-2.987277368222523,-2.9837531365030863,1.0216942197526755
Acetochlor,CCC1=CC=CC(=C1N(COCC)C(=O)CCl)C,0,-0.7640957368276514,1.8525208095079422,-0.8883189286560894,4.7468146653234635,-0.47921295980510825
Atrazine,CCNC1=NC(=NC(=N1)Cl)NC(C)C,0,1.1010543330266656,-1.1942749871502754,-4.331579683893237,2.742622122903836,-4.449114811617123
Bentazon,CC(C)N1C(=O)C2=CC=CC=C2NS1(=O)=O,0,8.525206185077257,-0.5357008695665922,1.5761441016554436,-2.1120382957248256,-1.6858530004764438
Chlorpropham,CC(C)OC(=O)NC1=CC(=CC=C1)Cl,0,-1.1125504735274256,-1.8859338719284933,-3.68137601635346,-0.6954066252262535,-0.3614243890804388
Diuron,CN(C)C(=O)NC1=CC(=C(C=C1)Cl)Cl,0,1.097849042621228,-2.457699095782442,-4.660062504769908,1.5937279366281953,-1.581683202209647
Endosulfan,C1C2C(COS(=O)O1)C3(C(=C(C2(C3(Cl)Cl)Cl)Cl)Cl)Cl,0,0.8691040404266628,-0.6479059393668594,6.054779274578173,-4.542679387608116,-0.6164552839370353
Methamidophos,COP(=O)(N)SC,0,0.465940883660318,-4.477294564204386,2.613481644115364,0.8015416842290777,-1.2331650753706316
Chlordecone,C1(=O)C2(C3(C4(C1(C5(C2(C3(C(C45Cl)(Cl)Cl)Cl)Cl)Cl)Cl)Cl)Cl)Cl,0,-3.764678910058196,-0.7739579328219268,-2.1286851274263254,-3.5585551163151474,-0.4500512369119851
Coumaphos,CCOP(=S)(OCC)OC1=CC2=C(C=C1)C(=C(C(=O)O2)Cl)C,0,0.4259939499309425,1.2154373317879736,2.497980037266089,-3.492384966412263,1.8080065275022288
Arsenic Acid,O[As](=O)(O)O,0,-2.409750650653485,-5.205818446252485,3.6256129347577173,-0.7773852819331439,-0.4280267530564992
"(2,4-Dichlorophenoxy)Acetic Acid",C1=CC(=C(C=C1Cl)Cl)OCC(=O)O,0,-3.5133870635888873,0.08782498102849431,-1.6133356506750391,-3.104300072692189,2.050581538287526
Acephate,CC(=O)NP(=O)(OC)SC,0,1.675674193097636,-2.9878854523452376,2.7462642549358143,0.679817724711996,-1.0340732974923503
Alachlor,CCC1=C(C(=CC=C1)CC)N(COC)C(=O)CCl,0,-0.40947649676887343,1.640498445828571,-1.0916442671723667,4.635665492258555,-0.513299762172058
Aldicarb [ISO],CC(C)(C=NOC(=O)NC)SC,0,0.6818151409252848,-1.8520604772871063,0.12875109481217484,2.291099827896926,1.0937659373775943
Bendiocarb,CC1(OC2=C(O1)C(=CC=C2)OC(=O)NC)C,0,-0.1504635871613809,2.9774851937119458,-1.3399070492398748,-2.82187024267169,-0.3274016408304235
Carbofuran,CC1(CC2=C(O1)C(=CC=C2)OC(=O)NC)C,0,-0.9137244979790035,3.115140005143611,-1.2767668199109798,-2.339016203746728,-0.5184402119797948
Chlorpyrifos,CCOP(=S)(OCC)OC1=NC(=C(C=C1Cl)Cl)Cl,0,2.4287822394695895,-0.8474313267028172,0.5209825446659841,-0.9247661800127587,0.5188734633538036
"Cyclopropanecarboxylic acid, 3-(2,2-dibromoethenyl)-2,2-dimethyl-, cyano(3-phenoxyphenyl)methyl ester, (1R-(1alpha(S*),3alpha))-",CC1(C(C1C(=O)OC(C#N)C2=CC(=CC=C2)OC3=CC=CC=C3)C=C(Br)Br)C,0,-3.1636316944921,0.6007062621228975,-2.446184510990847,-4.5492150589358715,1.6009671049258547
Dicamba,COC1=C(C=CC(=C1C(=O)O)Cl)Cl,0,-2.8178585551815645,-0.8134364004511853,-2.164741442344977,-3.949006745232617,1.9155135961168759
Dimethoate,CNC(=O)CSP(=S)(OC)OC,0,0.3354730147546857,-1.5991093428241134,3.649278232330633,2.4096656566290755,-1.533224660766169
Ethion,CCOP(=S)(OCC)SCSP(=S)(OCC)OCC,0,-1.496900666903307,-2.628739025319626,5.161199466272942,1.3453333165109753,-0.6228667486205757
Oxydemeton-methyl,CCS(=O)CCSP(=O)(OC)OC,0,-0.010879208384533622,-2.02383494479736,8.543756128543643,1.3597593784046564,-1.0789817485657638
Phorate,CCOP(=S)(OCC)SCSCC,0,-1.8198236077292105,-2.6371779082888427,4.943452121709529,2.2004629003593346,-1.319763359936874
"P,P'-ddd",C1=CC(=CC=C1C(C2=CC=C(C=C2)Cl)C(Cl)Cl)Cl,0,-3.687849178779063,-4.205964219716993,-3.149678877332993,-1.622715345510527,-1.0126489526273195
Rotenone,CC(=C)[C@H]1CC2=C(O1)C=CC3=C2O[C@@H]4COC5=CC(=C(C=C5[C@@H]4C3=O)OC)OC,0,-2.6637007449163743,5.561583863599188,0.4669300479146869,-4.30601658370522,0.5327863446206267
Diquat Dibromide,C1C[N+]2=CC=CC=C2C3=CC=CC=[N+]31.[Br-].[Br-],0,-0.5004454515924892,-1.2802923684110181,-3.2370970738405394,2.822269850746087,-2.363307339007364
"3-Chloro-1,2-propanediol",C(C(CCl)O)O,0,-4.885773164332548,-1.2362776616732858,0.922067891188009,1.0270995807400876,-1.1766760594134915
Propargyl bromide,C#CCBr,0,-4.69060175777846,-4.241747656011866,-1.0594388049135783,0.45465356630629117,-2.0397984651738494
Ethylmercury Chloride,CC[Hg]Cl,0,-4.751169076257209,-5.254018134785931,0.026511752228067183,0.6823001574014678,-1.7747329725714556
"N,N-diethyl-m-toluamide",CCN(CC)C(=O)C1=CC=CC(=C1)C,0,-1.5331160560754007,-1.2017817385966572,-1.3616175219647135,4.020693262222192,-2.152958891128603
(4-chloro-2-Methylphenoxy)acetic acid,CC1=C(C=CC(=C1)Cl)OCC(=O)O,0,-3.5148928411817164,0.6640146172072678,-1.2919905222342598,-2.7615552746225087,1.9932545230488066
"1,2-Dibromo-3-Chloropropane",C(C(CBr)Br)Cl,0,-4.662972870656796,-4.389706861561616,-1.2521537423913278,0.4549758442997152,-1.8474057523507428
Boric Acid,B(O)(O)O,0,-2.5476224354528556,-5.596061568263983,3.085759196780531,-0.8039181670447846,-0.6265599895785529
Propachlor,CC(C)N(C1=CC=CC=C1)C(=O)CCl,0,-1.0597109759428487,-1.3750422477035815,-2.7210524092235624,2.9533035781614294,-1.3960053666313141
Thiram,CN(C)C(=S)SSC(=S)N(C)C,0,-0.3431903903950763,-4.821467755224473,1.0310997998283897,3.1934287456874695,-3.8961836821866136
Triallate,CC(C)N(C(C)C)C(=O)SCC(=C(Cl)Cl)Cl,0,-1.6863254574213185,-2.552915748813052,-1.1959564261869673,2.0332943506786645,-2.782707029199399
Famphur,CN(C)S(=O)(=O)C1=CC=C(C=C1)OP(=S)(OC)OC,0,6.509173961842938,-3.35034298275774,6.378202570143303,-3.1456526115726007,-0.08057671816943114
Sulfamic Acid,NS(=O)(=O)O,0,3.660263721964484,-6.4971193597423875,7.396008368471086,-2.3387009316174026,-1.6313172744549143
Biphenyl,C1=CC=C(C=C1)C2=CC=CC=C2,0,-3.767805160442656,-3.7242608112525133,-2.067274258578057,-1.0305681177997965,-1.437403559668248
"Butanoic acid, 4-(4-chloro-2-methylphenoxy)-",CC1=C(C=CC(=C1)Cl)OCCCC(=O)O,0,-3.815601290073228,1.5696987243948342,-0.5122666864437142,-1.7133579440000222,1.7056151862490352
"1,2-Dichlorobenzene",C1=CC=C(C(=C1)Cl)Cl,0,-3.680078416241128,-4.198036116007425,-3.130970195649151,-1.441004431358382,-0.6558652093566998
Phenylmercuric Chloride,C1=CC=C(C=C1)[Hg]Cl,0,-4.206672446809012,-5.5943138824423375,-1.5611664801723164,-0.8181778538486628,-1.1137465384927772
"Mercurate(2-), (orthoborato(3-)-O)phenyl-, dihydrogen",B(O)(O)[O-].C1=CC=C(C=C1)[Hg+],0,-2.2539736144724483,-5.905372137645487,2.567677147130395,-1.1983576221204142,0.22285436100630734
Chloranil,C1(=C(C(=O)C(=C(C1=O)Cl)Cl)Cl)Cl,0,-3.9096366939807785,-1.9921841998118284,-1.9130449089627466,-2.8963515029624123,0.5559023582548521
"1,4-Dichlorobenzene",C1=CC(=CC=C1Cl)Cl,0,-3.980805977178724,-4.480319360500147,-2.833248885766003,-1.1118447641940512,-1.1703813668050855
Phosalone,CCOP(=S)(OCC)SCN1C2=C(C=C(C=C2)Cl)OC1=O,0,3.9511201444009676,2.9776846429415373,-0.39965697795628174,0.03705294015713464,0.024915794767090136
Prometryn,CC(C)NC1=NC(=NC(=N1)SC)NC(C)C,0,2.7792717684064825,-2.1498215263133678,-2.471746369915925,1.3320428096791697,-5.684604849070236
Propanil,CCC(=O)NC1=CC(=C(C=C1)Cl)Cl,0,-1.0812933414536645,-1.8299775782315235,-3.835841198749784,1.2951549035997878,-0.7220161582513751
Propazine,CC(C)NC1=NC(=NC(=N1)Cl)NC(C)C,0,1.053826991473821,-1.9119953885109968,-4.863814957525083,0.8377138257130349,-3.967023419147747
Resmethrin,CC(=CC1C(C1(C)C)C(=O)OCC2=COC(=C2)CC3=CC=CC=C3)C,0,-3.99123183869234,3.6208144677808245,0.9899711923495881,-2.7319873907770416,-0.16573969022325208
Fluoroacetic acid,C(C(=O)O)F,0,-4.66786856803447,-2.487635205577841,0.17974766513789464,-0.2666603033212548,-0.8232258110295313
Trifluralin,CCCN(CCC)C1=C(C=C(C=C1[N+](=O)[O-])C(F)(F)F)[N+](=O)[O-],0,2.6649253251412066,-0.5934815857644901,0.8394063660680162,8.22359568354248,7.270892551712261
Carbaryl,CNC(=O)OC1=CC=CC2=CC=CC=C21,0,-1.1262277448108342,-0.3047690877242694,-2.578809272896662,-2.2819510083048624,-0.2323381032195082
Linalool,CC(=CCCC(C)(C=C)O)C,0,-6.002655727791993,1.2915665294514556,2.655063518826183,1.0474772240612336,-1.8758948980517725
Mecoprop,CC1=C(C=CC(=C1)Cl)OC(C)C(=O)O,0,-3.115362963231374,-0.6589012142083627,-2.2183818491360263,-3.8395475243625166,1.9161830365352355
Cythioate,COP(=S)(OC)OC1=CC=C(C=C1)S(=O)(=O)N,0,6.651732092476426,-4.026581975655387,6.724554149826395,-4.327707088211676,-0.1652653989609604
Hexachlorobenzene,C1(=C(C(=C(C(=C1Cl)Cl)Cl)Cl)Cl)Cl,0,-3.680078416241128,-4.198036116007425,-3.130970195649151,-1.441004431358382,-0.6558652093566998
Sulfoxide,CCCCCCCCS(=O)C(C)CC1=CC2=C(C=C1)OCO2,0,-0.4233839982675146,2.7412152607994633,5.590403404524983,-0.29153358359483506,-0.9759234301516672
Dimethyl Phthalate,COC(=O)C1=CC=CC=C1C(=O)OC,0,-2.8845087098140905,-1.4745400475148212,-0.1981318836949693,-1.8977399318236803,0.5506804715511234
Naptalam,C1=CC=C2C(=C1)C=CC=C2NC(=O)C3=CC=CC=C3C(=O)O,0,-0.6365490213124946,-0.5578843149820473,-2.536185023930469,-1.4432105104079485,-0.1381949688234678
Captan,C1C=CCC2C1C(=O)N(C2=O)SC(Cl)(Cl)Cl,0,2.970212563431062,-0.1754007314846059,-0.5621030067452899,-1.9298018665915386,-1.4997203180356042
Ziram,CN(C)C(=S)[S-].CN(C)C(=S)[S-].[Zn+2],0,-1.4552319049839326,-5.296383264468535,0.6226206482241528,3.1700992051084533,-3.402501088728903
Linuron,CN(C(=O)NC1=CC(=C(C=C1)Cl)Cl)OC,0,2.488206174535698,-1.715547949144299,-3.846276204755781,1.1780910434232668,2.73343557396681
N-(ethylmercury)-p-toluenesulphonanilide,CC[Hg]N(C1=CC=CC=C1)S(=O)(=O)C2=CC=C(C=C2)C,0,6.453927025348297,-4.907188124836383,5.131513054127362,-0.4608011112538323,-0.46370590345071483
Malachite Green,CN(C)C1=CC=C(C=C1)C(=C2C=CC(=[N+](C)C)C=C2)C3=CC=CC=C3.[Cl-],0,-1.4002234434950809,-1.9944468472202554,-2.606014479808506,2.2143338561674413,-0.3412344901102567
Schradan,CN(C)P(=O)(N(C)C)OP(=O)(N(C)C)N(C)C,0,1.0413365795962457,-2.7189096181559274,1.2177305077749885,2.2428442252198324,-0.2784345731731425
Folpet,C1=CC=C2C(=C1)C(=O)N(C2=O)SC(Cl)(Cl)Cl,0,3.7221193963924475,-0.7335143061039143,-1.4603864324378792,-2.3168499836230483,-1.0312736953659525
Disodium methylarsonate,C[As](=O)([O-])[O-].[Na+].[Na+],0,-3.401676191177332,-6.0111551750696,3.1868583661469323,-0.24337420106301808,-0.028136380380436664
Paraoxon,CCOP(=O)(OCC)OC1=CC=C(C=C1)[N+](=O)[O-],0,1.2526184309366475,-1.6383486025577136,2.1887448217794656,3.596286797345566,8.525006796302456
Bromacil,CCC(C)N1C(=O)C(=C(NC1=O)C)Br,0,3.395349651286005,1.577153777785793,-4.636210503344913,1.3736021352654135,-1.5211153111798936
Methyl isothiocyanate,CN=C=S,0,-2.752591287552199,-4.592053627896728,-0.11474433146840346,1.4712397616428718,-2.0739718702727665
Terbutryn,CCNC1=NC(=NC(=N1)SC)NC(C)(C)C,0,2.8499891090087854,-1.0219623981172488,-1.709573337039399,2.9163739725860873,-6.2313564800546875
Norbormide,C1=CC=C(C=C1)C(=C2C3C=C(C2C4C3C(=O)NC4=O)C(C5=CC=CC=C5)(C6=CC=CC=N6)O)C7=CC=CC=N7,0,0.23941360637619516,3.579575270486395,-2.3256054693737185,-3.152155768206069,-1.3803415937519774
Dinoterb,CC(C)(C)C1=C(C(=CC(=C1)[N+](=O)[O-])[N+](=O)[O-])O,0,2.3419582273471002,-0.9109520028062651,-0.3545765030351624,1.9920863832991031,8.882269158483025
Paraquat dichloride,C[N+]1=CC=C(C=C1)C2=CC=[N+](C=C2)C.[Cl-].[Cl-],0,-0.56397344362434,-2.2438516643772375,-3.821922267335543,0.8031410644711465,-2.3723872772307
Tribenuron-methyl,CC1=NC(=NC(=N1)OC)N(C)C(=O)NS(=O)(=O)C2=CC=CC=C2C(=O)OC,0,12.596700972941136,-0.36988437127609053,2.803708775141749,-3.9059458568765333,-1.98209934791788
Isomate-M,CCC/C=C\CCCCCCCO.CCC/C=C/CCCCCCCOC(=O)C,0,-5.805291606272781,2.268681963687941,4.245360204448586,3.1615583468452226,-1.4366462105107598
Dinocap,CCCCCCCC.C/C=C/C(=O)OC1=CC=CC=C1[N+](=O)[O-].N(=O)O,0,1.1754582062857781,1.6564207103706978,2.364809179846208,3.754806113322405,8.978461292837656
Anilinocadmium dilactate,CC(C(=O)[O-])O.CC(C(=O)[O-])O.C1=CC=C(C=C1)N.[Cd+2],0,-2.118559726032942,-2.0907973805666926,-0.2227281369993934,-0.45500173671485156,0.5499899066411387
Mgk 264,CCCCC(CC)CN1C(=O)[C@H]2[C@@H]3C[C@H]([C@H]2C1=O)C=C3,0,-1.04914240669693,3.8693552234125463,-0.013787383186203131,3.1024890733639783,-1.8875700412047762
Tralkoxydim,CC/C(=N\OCC)/C1=C(CC(CC1=O)C2=C(C=C(C=C2C)C)C)O,0,-1.5919944627091027,3.75641820690131,1.3205115402965375,1.1259822749599662,4.779477282329248
Tefluthrin,CC1=C(C(=C(C(=C1F)F)COC(=O)[C@H]2[C@H](C2(C)C)/C=C(/C(F)(F)F)\Cl)F)F,0,-3.4936583172014433,-0.12602906793275295,-1.509918079112726,-2.525940938986308,0.20315388208450025
Chlorbicyclen,C(C1C([C@@]2(C(=C([C@]1(C2(Cl)Cl)Cl)Cl)Cl)Cl)CCl)Cl,0,-4.59228629182225,-1.6375182449096746,-1.3573431045158373,-0.8820869973499627,-1.501856578640072
Chlordane,C1C2C(C(C1Cl)Cl)[C@]3(C(=C([C@@]2(C3(Cl)Cl)Cl)Cl)Cl)Cl,0,-4.463714199806292,-2.1361670720515735,-2.0874678779150044,-2.3174824094435977,-1.4877386754980622
Intersept,CCCCCCCCCCCCCCCC[N+]1=CC=CC=C1.CC1=[N+](C2=CC=CC=C2C(=C1)N)CCCCCCCCCC[N+]3=C(C=C(C4=CC=CC=C43)N)C.CC(=O)[O-].CC(=O)[O-].CC(=O)[O-],0,1.1050377913381115,3.7039246956667626,-0.3141140773536582,4.43367601459031,-1.2776739403638044
Potassium ethylxanthate,CCOC(=S)[S-].[K+],0,-3.879708463326784,-4.622322432732343,2.1614266692638444,0.3222455201028044,-1.686504580446606
"2,4-D-Dimethylammonium",CNC.C1=CC(=C(C=C1Cl)Cl)OCC(=O)O,0,-2.2870115866834255,0.9036521434198979,-1.4940982806986893,-1.6645484709200253,1.1387989706769293
Azinphos-Ethyl,CCOP(=S)(OCC)SCN1C(=O)C2=CC=CC=C2N=N1,0,6.059531170234377,1.991906197453281,-0.3894997664106616,2.406352352991836,0.054637142230404195
Methoprene,CC(C)OC(=O)/C=C(\C)/C=C/CC(C)CCCC(C)(C)OC,0,-5.575572755767939,2.2448114271633024,3.346891460022743,0.3377388734335737,-1.0868374013702544
"11-Tetradecenyl acetate, (11E)-",CC/C=C/CCCCCCCCCCOC(=O)C,0,-5.478589164655661,0.4618077816974173,2.7262176638794657,1.5838793292704219,-1.2387916002619948
alpha-Chlorfenvinphos,CCOP(=O)(OCC)O/C(=C/Cl)/C1=C(C=C(C=C1)Cl)Cl,0,-2.3111235674731003,-1.2108444457933385,1.801032788676875,-0.9912916595060323,2.1014262679051257
Troclosene sodium,C1(=NC(=O)N(C(=O)N1Cl)Cl)[O-].[Na+],0,2.8263691675705966,-2.1505621526455356,-3.61978973334107,-1.688795684980034,1.025126481014608
Sodium Dimethyldithiocarbamate,CN(C)C(=S)[S-].[Na+],0,-1.8506480585856362,-5.577823751815579,0.6427168723030565,2.715808397633564,-3.180956677566179
Monobasic potassium phosphate,OP(=O)(O)[O-].[K+],0,-2.5050909061660858,-5.891870210185782,4.012247866181144,-0.7643941289458254,0.029308944922473597
Fenbutatin oxide,CC(C)(C[Sn](CC(C)(C)C1=CC=CC=C1)(CC(C)(C)C2=CC=CC=C2)O[Sn](CC(C)(C)C3=CC=CC=C3)(CC(C)(C)C4=CC=CC=C4)CC(C)(C)C5=CC=CC=C5)C6=CC=CC=C6,0,-3.2966882919309852,-1.6060073335025484,2.350000381660373,1.7422276847609952,-0.7313796292617565
Clofentezine,C1=CC=C(C(=C1)C2=NN=C(N=N2)C3=CC=CC=C3Cl)Cl,0,1.4432259915136088,-2.524862762623671,-5.2867745669577095,-0.8810844513695841,-1.3404191871600561
Volcano,CCNS(=O)(=O)C(C(C(C(C(C(C(C(F)(F)F)(F)F)(F)F)(F)F)(F)F)(F)F)(F)F)(F)F,0,4.812662941242739,-5.294739086210112,5.294845814158275,-0.14361253473233931,-2.2159276388500664
"O,O-Dimethyl phosphoramidothioate",COP(=S)(N)OC,0,0.8210459182493599,-4.654247155215736,3.038013081868913,0.6698926072167494,-1.3723436985839514
Gossyplure,CCCC/C=C\CC/C=C\CCCCCCOC(=O)C,0,-5.555062797025667,0.7531411186819587,2.934842640070734,1.8627309056045356,-1.2450910038926404
"9-Dodecenyl acetate, (9Z)-",CC/C=C\CCCCCCCCOC(=O)C,0,-5.478589164655661,0.4618077816974173,2.7262176638794657,1.5838793292704219,-1.2387916002619948
Dinoseb ammonium salt,CCC(C)C1=C(C(=CC(=C1)[N+](=O)[O-])[N+](=O)[O-])[O-].[NH4+],0,2.312101001489519,-1.4614309140263122,-0.09802829113603771,3.238877127429593,8.863437594358686
"2,3,5-Trimethylphenyl Methylcarbamate",CC1=CC(=C(C(=C1)OC(=O)NC)C)C,0,-0.9221478313042872,-0.5283159318765225,-2.385817508143097,-1.4795374835227022,0.15674406920673903
Dikegulac-sodium,CC1(OC[C@H]2[C@@H](O1)[C@H]3[C@@](O2)(OC(O3)(C)C)C(=O)[O-])C.[Na+],0,-3.80621071106766,1.9934725012090277,1.8100875513657513,-2.3683634242110356,-0.7598070238743704
Potassium Ricinoleate,CCCCCC[C@H](C/C=C\CCCCCCCC(=O)[O-])O.[K+],0,-6.394272614690028,0.23996625574732558,3.820929458486629,1.578282872751316,-0.4696159837074226
Tributylphosphine oxide,CCCCP(=O)(CCCC)CCCC,0,-4.415799483465196,-1.4104987544030503,3.9822498291855535,4.19268059865377,-1.7743882070911854
"2,4-D tetrahydrofurfuryl ester",C1CC(OC1)COC(=O)COC2=C(C=C(C=C2)Cl)Cl,0,-3.4199288600954967,2.6626506068508187,-0.317730834017748,-2.279894899925528,1.6600495783098863
epi-Ivermectin B1a,CCC(C)C1C(CCC2(O1)CC3CC(O2)CC=C(C(C(C=CC=C4COC5C4(C(C=C(C5O)C)C(=O)O3)O)C)OC6CC(C(C(O6)C)OC7CC(C(C(O7)C)O)OC)OC)C)C,0,-4.323172774962043,10.165513475522598,4.170399387147164,-1.8905442516243778,-0.7889983338964275
"(10E)-8-[hydroxy(phenyl)pyridin-2-ylmethyl]-10-[phenyl(pyridin-2-yl)methylidene]-4-azatricyclo[5.2.1.02,6]dec-8-ene-3,5-dione",C1=CC=C(C=C1)/C(=C\2/C3C=C(C2C4C3C(=O)NC4=O)C(C5=CC=CC=C5)(C6=CC=CC=N6)O)/C7=CC=CC=N7,0,0.23941360637619516,3.579575270486395,-2.3256054693737185,-3.152155768206069,-1.3803415937519774
"2-(Nitromethylidene)-1,3-thiazinane",C1CN/C(=C/[N+](=O)[O-])/SC1,0,1.4736653547217244,-0.8377059780605638,0.8169721605382629,7.83911912956588,3.9726106206561136
Dodecylamine lactate,CCCCCCCCCCCC[NH3+].CC(C(=O)[O-])O,0,-4.653182617231854,1.6275376245470567,3.1826327589708017,4.340617463834869,-1.3874322080403774
"Guanidine, N,N'''-(iminodi-8,1-octanediyl)bis-",C(CCCCNC(=N)N)CCCNCCCCCCCCN=C(N)N,0,-1.827628875606329,-1.5222546156823984,0.6956948465107232,6.688900222675446,-3.6063024887141655
"(1'R,2R,3S,4'S,6S,8'R,10'E,12'S,13'S,14'E,20'R,21'R,24'S)-2-cyclohexyl-21',24'-dihydroxy-12'-[(2R,4S,5S,6S)-5-[(2S,4S,5S,6S)-5-hydroxy-4-methoxy-6-methyloxan-2-yl]oxy-4-methoxy-6-methyloxan-2-yl]oxy-3,11',13',22'-tetramethylspiro[2,3-dihydropyran-6,6'-3,7,19-trioxatetracyclo[15.6.1.14,8.020,24]pentacosa-10,14,16,22-tetraene]-2'-one",C[C@H]1/C=C/C=C2CO[C@H]3[C@@]2([C@@H](C=C([C@H]3O)C)C(=O)O[C@H]4C[C@@H](C/C=C(/[C@H]1O[C@H]5C[C@@H]([C@H]([C@@H](O5)C)O[C@H]6C[C@@H]([C@H]([C@@H](O6)C)O)OC)OC)\C)O[C@]7(C4)C=C[C@@H]([C@H](O7)C8CCCCC8)C)O,0,-4.145834140537197,9.798520051331279,3.425958716768908,-2.8225949198507614,-0.7744642580590241
Dipropylene Glycol,CC(CO)OC(C)CO.CC(COCC(C)O)O,0,-4.834017030541738,0.8220772887879336,3.363297183274439,2.059551838914256,-0.8960614368990355
"(1R,4S,5'S,6R,6'R,8R,10E,12S,13S,14E,16E,20R,21R,24S)-6'-[(2S)-butan-2-yl]-21,24-dihydroxy-12-[(2R,4S,5S,6R)-5-[(2S,4S,5S,6R)-5-hydroxy-4-methoxy-6-methyloxan-2-yl]oxy-4-methoxy-6-methyloxan-2-yl]oxy-5',11,13,22-tetramethylspiro[3,7,19-trioxatetracyclo[15.6.1.14,8.020,24]pentacosa-10,14,16,22-tetraene-6,2'-oxane]-2-one",CC[C@H](C)[C@@H]1[C@H](CC[C@@]2(O1)C[C@@H]3C[C@H](O2)C/C=C(/[C@H]([C@H](/C=C/C=C/4\CO[C@H]5[C@@]4([C@@H](C=C([C@H]5O)C)C(=O)O3)O)C)O[C@H]6C[C@@H]([C@H]([C@H](O6)C)O[C@H]7C[C@@H]([C@H]([C@H](O7)C)O)OC)OC)\C)C,0,-4.323172774962043,10.165513475522598,4.170399387147164,-1.8905442516243778,-0.7889983338964275
"benzoic acid;(6S,24'S)-2-butan-2-yl-21',24'-dihydroxy-12'-[4-methoxy-5-[4-methoxy-6-methyl-5-(methylamino)oxan-2-yl]oxy-6-methyloxan-2-yl]oxy-3,11',13',22'-tetramethylspiro[2,3-dihydropyran-6,6'-3,7,19-trioxatetracyclo[15.6.1.14,8.020,24]pentacosa-10,14,16,22-tetraene]-2'-one",CCC(C)C1C(C=C[C@@]2(O1)CC3CC(O2)CC=C(C(C(C=CC=C4COC5[C@@]4(C(C=C(C5O)C)C(=O)O3)O)C)OC6CC(C(C(O6)C)OC7CC(C(C(O7)C)NC)OC)OC)C)C.C1=CC=C(C=C1)C(=O)O,0,-2.0514351067236385,9.58021426766477,2.501656101332918,-1.696034410973462,-0.36739207506219573
Sodium Lauryl Sulfate,CCCCCCCCCCCCOS(=O)(=O)[O-].[Na+],0,-0.6010316333064284,-3.676664306579967,10.777707486520676,-0.34686216660557306,-0.27927465403193746
Potassium cyanate,C(#N)[O-].[K+],0,-4.341286755327959,-5.1711056840509855,-0.48366156498574114,-0.1429794325500626,-1.4165474424617606
Iodosulfuron,CC1=NC(=NC(=N1)OC)NC(=O)NS(=O)(=O)C2=C(C=CC(=C2)I)C(=O)O,0,12.913925996524169,-0.7929347671522549,2.459984413667411,-5.835418655023472,-1.9090496049977497
Prothidathion,CCOP(=S)(OCC)SCN1C(=O)SC(=N1)OC(C)C,0,5.340494436601351,2.386302622818633,1.1671119965984056,2.6764889924830015,-0.46643197693510086
Strobilurin E,CC(=C[C@H]1O[C@@]2(COC3=C(O2)C=C(C=C3)/C=C/C=C(/C)\C(=C/OC)\C(=O)OC)C(O1)(C)C)C,0,-3.11442390059132,5.283586628101337,1.0347806525596068,-3.813936141434022,-0.3402846505710863
"[(2R,3R,4S,6S,8R,16S,17R,18S)-11-ethyl-8,9-dihydroxy-4,6,16,18-tetramethoxy-11-azahexacyclo[7.7.2.12,5.01,10.03,8.013,17]nonadecan-13-yl]methyl 2-[(3S)-3-methyl-2,5-dioxopyrrolidin-1-yl]benzoate",CCN1CC2(CCC(C34[C@@H]2[C@@H](C(C31)([C@]5(C[C@@H](C6C[C@@H]4[C@@H]5[C@H]6OC)OC)O)O)OC)OC)COC(=O)C7=CC=CC=C7N8C(=O)C[C@@H](C8=O)C,0,1.6095072570048827,10.506657504402142,0.9655579935282608,4.070605389427042,-0.8926070163892489
Fluoxastrobin,CO/N=C(\C1=CC=CC=C1OC2=C(C(=NC=N2)OC3=CC=CC=C3Cl)F)/C4=NOCCO4,0,3.6592993054176266,3.1135290132025246,-2.682481412006993,0.12244378548806475,4.5757249245242155
Copper abietate,CC(C)C1=CC2=CC[C@@H]3[C@@]([C@H]2CC1)(CCC[C@@]3(C)C(=O)[O-])C.CC(C)C1=CC2=CC[C@@H]3[C@@]([C@H]2CC1)(CCC[C@@]3(C)C(=O)[O-])C.[Cu+2],0,-5.460204550537542,2.3851431735602966,3.5449811540449736,-0.9225333069836782,-0.5544643290437941
Bilanafos-sodium,C[C@@H](C(=O)N[C@@H](C)C(=O)O)NC(=O)[C@H](CCP(=O)(C)[O-])N.[Na+],0,-0.8442477530739523,0.4080167379838595,4.145141449991973,4.774503486102646,-0.6111806794328509
"(1S,4R,5'R,6S,6'S,8S,10E,13S,14E,16E,20S,21S,24R)-21,24-dihydroxy-5',11,13,22-tetramethyl-6'-propan-2-ylspiro[3,7,19-trioxatetracyclo[15.6.1.14,8.020,24]pentacosa-10,14,16,22-tetraene-6,2'-oxane]-2-one",C[C@@H]1CC[C@@]2(C[C@H]3C[C@@H](O2)C/C=C(/C[C@@H](/C=C/C=C/4\CO[C@@H]5[C@]4([C@H](C=C([C@@H]5O)C)C(=O)O3)O)C)\C)O[C@H]1C(C)C,0,-4.490984870542465,9.58170850525751,3.594522286991567,-2.2835789094859,-0.9694188791781615
"(6S,24'S)-2-cyclohexyl-21',24'-dihydroxy-12'-[5-(5-hydroxy-4-methoxy-6-methyloxan-2-yl)oxy-4-methoxy-6-methyloxan-2-yl]oxy-3,11',13',22'-tetramethylspiro[2,3-dihydropyran-6,6'-3,7,19-trioxatetracyclo[15.6.1.14,8.020,24]pentacosa-10,14,16,22-tetraene]-2'-one",CC1C=CC=C2COC3[C@@]2(C(C=C(C3O)C)C(=O)OC4CC(CC=C(C1OC5CC(C(C(O5)C)OC6CC(C(C(O6)C)O)OC)OC)C)O[C@]7(C4)C=CC(C(O7)C8CCCCC8)C)O,0,-4.145834140537197,9.798520051331279,3.425958716768908,-2.8225949198507614,-0.7744642580590241
"(6R,24S)-6'-butan-2-yl-21,24-dihydroxy-12-[5-(5-hydroxy-4-methoxy-6-methyloxan-2-yl)oxy-4-methoxy-6-methyloxan-2-yl]oxy-5',11,13,22-tetramethylspiro[3,7,19-trioxatetracyclo[15.6.1.14,8.020,24]pentacosa-10,14,16,22-tetraene-6,2'-oxane]-2-one",CCC(C)C1C(CC[C@@]2(O1)CC3CC(O2)CC=C(C(C(C=CC=C4COC5[C@@]4(C(C=C(C5O)C)C(=O)O3)O)C)OC6CC(C(C(O6)C)OC7CC(C(C(O7)C)O)OC)OC)C)C,0,-4.323172774962043,10.165513475522598,4.170399387147164,-1.8905442516243778,-0.7889983338964275
Bensulide,CC(C)OP(=S)(OC(C)C)SCCNS(=O)(=O)C1=CC=CC=C1,0,6.252410538560595,-2.564239432780271,7.487176171511541,0.37198286333697317,-1.7618393421737277
Eptam,CCCN(CCC)C(=O)SCC,0,-1.670465625897246,-0.8087815665900742,1.5936149001724111,6.767609145529819,-3.5747803273487957
Bis(p-chlorophenyl)disulfide,C1=CC(=CC=C1SSC2=CC=C(C=C2)Cl)Cl,0,-1.5509653610063705,-5.3347822462105015,-1.0246477841270893,-1.9729511862389224,-2.0655397881804127
Nicosulfuron,CN(C)C(=O)C1=C(N=CC=C1)S(=O)(=O)NC(=O)NC2=NC(=CC(=N2)OC)OC,0,13.736312779119826,-0.1008451833814145,2.7935723636874825,-2.531577677876976,-2.8090311515495423
Dinobuton,CCC(C)C1=C(C(=CC(=C1)[N+](=O)[O-])[N+](=O)[O-])OC(=O)OC(C)C,0,2.4189917206618623,-0.3820957781403941,0.08790417008163402,2.9352252454692804,9.237955395340506
Mobam,CNC(=O)OC1=C2C=CSC2=CC=C1,0,-0.099426633622829,0.283017597457471,-2.0818027354845285,-2.1182619470456547,-1.3507975557505956
Lenacil,C1CCC(CC1)N2C(=O)C3=C(CCC3)NC2=O,0,3.033060789638256,3.6236749959551395,-3.4788000986354377,1.7293432435898588,-2.0761585888726946
"2,4-Dinitrophenyl thiocyanate",C1=CC(=C(C=C1[N+](=O)[O-])[N+](=O)[O-])SC#N,0,3.1307201713989237,-4.646509527254844,0.10537183901428582,3.1885203322548836,6.569148488064051
"2,4-D, butoxypropyl ester",CCCCOCCCOC(=O)COC1=C(C=C(C=C1)Cl)Cl,0,-3.669713391001183,2.5668950981078016,0.6198861815925443,-0.7207316641049856,1.9735300659347141
Sulfotep,CCOP(=S)(OCC)OP(=S)(OCC)OCC,0,-1.3570539777731443,-2.732513807471168,5.768049659878155,0.7191285806211555,-0.2955971103036606
Cypromid,C1CC1C(=O)NC2=CC(=C(C=C2)Cl)Cl,0,-1.512188701113067,-1.9034709613693745,-4.083476971154751,0.00377737964561521,-0.7312977974809877
Endothion,COC1=COC(=CC1=O)CSP(=O)(OC)OC,0,0.11485420510125678,0.6990479432496701,3.615988713741924,-2.4782811043425386,1.6489929349601804
"1,1,1-Trichloro-2,2-diphenylethane",C1=CC=C(C=C1)C(C2=CC=CC=C2)C(Cl)(Cl)Cl,0,-3.3589626556497283,-4.235827219684033,-2.532365853979744,-1.5693077712585142,-1.2542254923523957
"Sodium Phosphate, Dibasic",OP(=O)([O-])[O-].[Na+].[Na+],0,-2.9998909316697104,-6.023200129489103,3.7127804419517827,-0.6918856173624395,0.45372096539621853
Demeton-S,CCOP(=O)(OCC)SCCSCC,0,-2.482231395761572,-1.559817302715328,6.21834850621006,2.771179881478991,-0.7970563482150476
Magnesium arsenate,[O-][As](=O)([O-])[O-].[O-][As](=O)([O-])[O-].[Mg+2].[Mg+2].[Mg+2],0,-3.3203473701135113,-6.129591493357039,3.634761378206007,-0.35898478608726747,0.4712629581754054
Drazoxolon,CC1=C(C(=O)ON1)N=NC2=CC=CC=C2Cl,0,3.6432254544712337,-0.23286754234209775,-4.316913427299477,-0.6776210704818576,2.4518341535483255
Oxycarboxin,CC1=C(S(=O)(=O)CCO1)C(=O)NC2=CC=CC=C2,0,4.551761470262248,2.5261023934371685,5.014253734835195,-1.7256436805717292,-0.28217440107163294
Allyxycarb,CC1=CC(=CC(=C1N(CC=C)CC=C)C)OC(=O)NC,0,0.25409430151842477,1.1385325414907805,-1.970233465182272,2.1875422708312438,-0.017707389512454114
Orthosulfamuron,CN(C)C(=O)C1=CC=CC=C1NS(=O)(=O)NC(=O)NC2=NC(=CC(=N2)OC)OC,0,10.713868028977311,0.5989346792547479,1.5640881815856846,-2.05036741688035,-1.8467289479464946
Edifenphos,CCOP(=O)(SC1=CC=CC=C1)SC2=CC=CC=C2,0,-0.3379576817692763,-3.3163578727312255,2.701905598099258,-0.9850945263415405,-0.3485743582559072
Ammonium silicofluoride,[NH4+].[NH4+].F[Si-2](F)(F)(F)(F)F,0,-2.727148831971035,-6.3195927632255815,-0.3130502647717212,0.5457261739239014,-1.4086595920177893
2-Phenylethyl propionate,CCC(=O)OCCC1=CC=CC=C1,0,-4.61509601655778,0.09677531158113675,1.2359512704497921,0.9023975103010914,-0.5165720768025724
Oxamyl,CNC(=O)ON=C(C(=O)N(C)C)SC,0,2.542225092464773,-1.3334439900794104,0.21701324850345693,4.011135041019486,1.3815655804386093
Fosthietan,CCOP(=O)(N=C1SCS1)OCC,0,0.5663834627570753,-1.777999852312528,3.53898896632635,2.7333844980366906,-0.0972334778577968
Chlorthiophos I,CCOP(=S)(OCC)OC1=CC(=C(C=C1Cl)SC)Cl,0,0.7918337351312967,-1.858036826298103,3.042768488826123,-2.1002965375582754,1.2864968954263867
Isoprothiolane,CC(C)OC(=O)C(=C1SCCS1)C(=O)OC(C)C,0,-3.139153271506647,1.945634679325669,2.328411727242139,-1.0244422106242757,-1.3396129461393713
Fluoridamid,CC1=C(C=C(C=C1)NC(=O)C)NS(=O)(=O)C(F)(F)F,0,7.742668409347918,-3.5855612975881503,2.8464193911202713,-2.2789496347350027,-1.0148698625861514
"N-(4,6-Bis((1-methylethyl)amino)-1,3,5-triazin-2-yl)-N-methylcyanamide",CC(C)NC1=NC(=NC(=N1)N(C)C#N)NC(C)C,0,1.6417067738373141,-1.5552451372592413,-3.84510489022339,2.354670429018762,-4.39649523640904
Magnesium phosphide,[Mg+2].[Mg+2].[Mg+2].[P-3].[P-3],0,-5.150883400990209,-6.014381048935315,0.48185915560822434,0.19974863004556667,-1.7448872639346344
Dodemorph acetate,CC1CN(CC(O1)C)C2CCCCCCCCCCC2.CC(=O)O,0,-1.5954460937386254,3.536314480486149,0.4314453749785778,4.032863066686707,-1.5571285543372673
Butoxycarboxim,CC(C(=NOC(=O)NC)C)S(=O)(=O)C,0,5.356900825090681,-2.9403474580596685,4.775459758612665,0.47583901882237306,1.5948303150609466
Metsulfuron-methyl,CC1=NC(=NC(=N1)OC)NC(=O)NS(=O)(=O)C2=CC=CC=C2C(=O)OC,0,12.731177234436219,-0.39181056125919633,3.341339697732246,-4.718214874923681,-2.3979427597956957
Disodium cyanodithioimidocarbonate,C(#N)N=C([S-])[S-].[Na+].[Na+],0,-2.411532252712796,-6.15996029005149,-0.6211955100913813,1.877825955164818,-2.0704704720724165
(S)-(-)-1-Amino-2-(methoxymethyl)pyrrolidine,COC[C@@H]1CCCN1N,0,0.4607094091136308,2.4075947214538918,0.6609964688953828,6.211895326819164,-1.6848569465385204
1S-cis-Bifenthrin,CC1=C(C=CC=C1C2=CC=CC=C2)COC(=O)[C@H]3[C@H](C3(C)C)/C=C(/C(F)(F)F)\Cl,0,-3.3494651240008904,0.7702600497965006,-1.4336093825717167,-2.749420683062223,0.17881973447182561
Chlorhexidine Gluconate,C1=CC(=CC=C1N/C(=N/C(=NCCCCCCN=C(/N=C(/NC2=CC=C(C=C2)Cl)\N)N)N)/N)Cl.C(O)[C@@H](O)[C@@H](O)[C@H](O)[C@@H](O)C(=O)O.C(O)[C@@H](O)[C@@H](O)[C@H](O)[C@@H](O)C(=O)O,0,0.305701434164455,2.8096423366385133,-0.19066861145155103,3.5888903330442186,-0.12741836870496254
"(20-Ethyl-7,8-dihydroxy-1beta,6beta,14beta,16beta-tetramethoxy-10alpha-aconitan-4-yl)methyl 2-[(3S)-3-methyl-2,5-dioxopyrrolidin-1-yl]benzoate",CCN1C[C@@]2(CC[C@H]([C@@]34[C@@H]2[C@@H]([C@]([C@H]31)([C@]5(C[C@@H]([C@H]6C[C@H]4[C@@H]5[C@H]6OC)OC)O)O)OC)OC)COC(=O)C7=CC=CC=C7N8C(=O)C[C@@H](C8=O)C,0,1.6095072570048827,10.506657504402142,0.9655579935282608,4.070605389427042,-0.8926070163892489
Potassium polysilicate,[O-][Si]([O-])([O-])[O-].[K+].[K+].[K+].[K+],0,-3.5232825140475206,-6.303578808300348,3.0881855163305865,-0.4220715335013621,0.30783239986241717
Vapam,CNC(=S)S.[Na+],0,-1.8677860128080706,-5.9349991641254665,0.8087385763226411,1.1643797745237676,-3.5792653242485155
Methanediol dipropanoate,CCC(=O)OCOC(=O)CC,0,-4.197835232411328,-0.10423365407107352,2.5840281837566894,0.5805813881518372,-0.41204952735441924
5-(2-Chloro-4-(trifluoromethyl)phenoxy)-2-nitrobenzoate,C1=CC(=C(C=C1C(F)(F)F)Cl)OC2=CC(=C(C=C2)[N+](=O)[O-])C(=O)[O-],0,2.389826687713121,-1.992957419710578,-2.1472946522327554,-0.032505494480527385,9.971276348631465
"dimethyl (1S,4S,5R,6S,7S,8R,11S,12R,14S,15R)-12-acetyloxy-4,7-dihydroxy-6-[(1R,2S,6S,8R,9R,11S)-2-hydroxy-11-methyl-5,7,10-trioxatetracyclo[6.3.1.02,6.09,11]dodec-3-en-9-yl]-6-methyl-14-[(E)-2-methylbut-2-enoyl]oxy-3,9-dioxatetracyclo[6.6.1.01,5.011,15]pentadecane-4,11-dicarboxylate",C/C=C(\C)/C(=O)O[C@H]1C[C@H]([C@]2(CO[C@@H]3[C@@H]2[C@]14CO[C@@]([C@H]4[C@]([C@@H]3O)(C)[C@@]56[C@H]7C[C@@H]([C@@]5(O6)C)[C@]8(C=CO[C@H]8O7)O)(C(=O)OC)O)C(=O)OC)OC(=O)C,0,-4.004844020145831,9.279837772151735,3.1100945443964347,-3.485158341361526,-0.5619947644640111
Spinosad [ISO],CC[C@H]1CCCC([C@H](C(=O)C2=C[C@H]3[C@@H]4C[C@@H](C[C@H]4C=C[C@H]3[C@@H]2CC(=O)O1)O[C@H]5[C@@H]([C@@H]([C@H]([C@@H](O5)C)OC)OC)OC)C)O[C@H]6CC[C@@H]([C@H](O6)C)N(C)C.CC[C@H]1CCCC([C@H](C(=O)C2=C[C@H]3[C@@H]4C[C@@H](C[C@H]4C(=C[C@H]3[C@@H]2CC(=O)O1)C)O[C@H]5[C@@H]([C@@H]([C@H]([C@@H](O5)C)OC)OC)OC)C)O[C@H]6CC[C@@H]([C@H](O6)C)N(C)C,0,-1.6454377287757345,7.68537109928079,2.0871614270472,0.9421246860323532,-0.07808264623778523
Caswell No. 413F,CCCCCCCCCCCC(CC1=CC=CC=C1)[N+]2=CC=CC=C2.[Cl-],0,-1.8443216902601156,-0.5759498159231772,-1.7006785744696318,3.7053068261744775,-2.106437841041288
Benthiavalicarb isopropyl,C[C@H](C1=NC2=C(S1)C=C(C=C2)F)NC(=O)[C@H](C(C)C)NC(=O)OC(C)C,0,2.336071473488141,1.4256940153370001,-3.3300489980695356,-0.7184259573397818,-2.736256589711286
Methyllycaconitine,CCN1C[C@@]2(CC[C@@H]([C@]34[C@@H]2[C@@H]([C@@]([C@H]31)([C@]5(C[C@@H]([C@H]6C[C@@H]4[C@@H]5[C@H]6OC)OC)O)O)OC)OC)COC(=O)C7=CC=CC=C7N8C(=O)C[C@@H](C8=O)C,0,1.6095072570048827,10.506657504402142,0.9655579935282608,4.070605389427042,-0.8926070163892489
Dihydrogen ethyl(phosphato-kappaO)mercurate(2-),[H+].[H+].CC[Hg]OP(=O)([O-])[O-],0,-3.326852912881875,-4.740165794910112,4.256251047308347,0.6242717510054695,0.4623297111978926
Orysastrobin 100 |Ig/mL in Acetonitrile,C/C(=N/OC)/C(=N\OC)/C(=N/OCC1=CC=CC=C1/C(=N\OC)/C(=O)NC)/C,0,2.187013545767696,0.6005023346697153,-0.3680093464225464,3.0380738976968926,3.766903860196601
"(2-methyl-3-phenyl-phenyl)methyl (3S)-3-[(Z)-2-chloro-3,3,3-trifluoro-prop-1-enyl]-2,2-dimethyl-cyclopropanecarboxylate",CC1=C(C=CC=C1C2=CC=CC=C2)COC(=O)C3[C@H](C3(C)C)/C=C(/C(F)(F)F)\Cl,0,-3.3494651240008904,0.7702600497965006,-1.4336093825717167,-2.749420683062223,0.17881973447182561
Copper oxychloride sulfate,[OH-].[OH-].[OH-].[OH-].[OH-].[OH-].[OH-].[OH-].[OH-].[O-]S(=O)(=O)[O-].[Cl-].[Cu+2].[Cu+2].[Cu+2].[Cu+2].[Cu+2].[Cu+2],0,0.31638133388760864,-7.450164259422443,7.616566404124408,-3.073720232699157,-0.4386101998928112
"Endothall di(N,N-dimethyltridecylamine)",CCCCCCCCCCCCCN(C)C.CCCCCCCCCCCCCN(C)C.C1C[C@H]2[C@@H]([C@@H]([C@@H]1O2)C(=O)O)C(=O)O,0,-2.3296733130821687,5.186135578535249,3.086942590460904,4.098537536514381,-1.0993145675490734
Phenylmercury ammonium propionate,CCC(=O)[O-].C1=CC=C(C=C1)[Hg+].N,0,-3.9990407529029013,-3.203970270447003,-0.05196308162150241,-0.1435395496870056,-0.48394258269890855
"(1R,2R,3R,6S,7S)-1,8,9,10,11,11-hexachlorotetracyclo[6.2.1.13,6.02,7]dodeca-4,9-diene",C1[C@@H]2C=C[C@H]1[C@H]3[C@@H]2[C@]4(C(=C(C3(C4(Cl)Cl)Cl)Cl)Cl)Cl,0,-4.370979069682251,-1.918063866085385,-2.1928865418314056,-2.577277799956737,-1.399841964463483
Silver sodium zirconium phosphate,[H+].[O-]P(=O)([O-])[O-].[Na+].[Zr+4].[Ag+],0,-3.6680452725126598,-6.92901038674731,3.838501694798107,-0.48871105725141,0.5083252421490676
Venom,CNC(=N[N+](=O)[O-])NCC1CCOC1,0,2.25238100039394,1.5627905487611817,2.453603963316884,7.889877728903217,2.7997158489636647
"(1S,2S,7R,8S)-1,8,9,10,11,11-hexachlorotetracyclo[6.2.1.13,6.02,7]dodeca-4,9-diene",C1C2C=CC1[C@@H]3[C@H]2[C@@]4(C(=C([C@@]3(C4(Cl)Cl)Cl)Cl)Cl)Cl,0,-4.370979069682251,-1.918063866085385,-2.1928865418314056,-2.577277799956737,-1.399841964463483
SureCN2704065,CCCCCCCCCC[C@H](C1CC[C@@H](O1)C2CC[C@@H](O2)[C@@H](CCCCCCCCCC[C@@H](CC3=C[C@@H](OC3=O)C)O)O)O,0,-4.970347590073353,6.335824375458509,3.2806961735867097,-0.28254807131454707,-0.5040262744381283
"Cyclo[(3R)-3-(4-hydroxyphenyl)-|A-alanyl-(2S,4E,6R,8S)-8-hydroxy-2,4,6-trimethyl-4-nonenoyl-L-alanyl-2-bromo-N-methyl-D-tryptophyl]",C[C@@H]1C[C@@H](OC(=O)C[C@@H](NC(=O)[C@H](N(C(=O)[C@@H](NC(=O)[C@H](CC(=C1)C)C)C)C)CC2=C(NC3=CC=CC=C32)Br)C4=CC=C(C=C4)O)C,0,1.6102764911542469,8.262651178964623,-2.343593542658071,-0.062380327580473204,-0.29650928065126936
Heptachlor Epoxide B,[C@H]12[C@H]([C@H]3[C@@H]([C@@H]1Cl)O3)C4(C(=C([C@]2(C4(Cl)Cl)Cl)Cl)Cl)Cl,0,-4.49416479377036,0.24990431152158715,-2.0831542500096814,-4.266778568480569,-0.9228681662595544
Dimethirimol,CCCCC1=C(N=C(NC1=O)N(C)C)C,0,2.7822888110761084,2.601472236419704,-2.9360193462351023,3.7733609091998477,-2.963818019712061
Avermectin,CCC(C)[C@@H]1[C@H](C=C[C@@]2(O1)C[C@@H]3C[C@H](O2)C/C=C(/[C@H]([C@H](/C=C/C=C/4\CO[C@H]5[C@@]4([C@@H](C=C([C@H]5O)C)C(=O)O3)O)C)O[C@H]6C[C@@H]([C@H]([C@@H](O6)C)O[C@H]7C[C@@H]([C@H]([C@@H](O7)C)O)OC)OC)\C)C,0,-4.016775870812679,9.36172425912374,3.435659617335945,-2.738860664529626,-0.6811289838805776
Phenolate Sodium,C1=CC=C(C=C1)[O-].[Na+],0,-4.225645663210397,-3.9974237287953267,-0.9890263955121479,-2.085428553797405,0.40633877121867057
Picoxystrobin,CO/C=C(\C1=CC=CC=C1COC2=CC=CC(=N2)C(F)(F)F)/C(=O)OC,0,0.057045649957403695,2.6597534154970126,-2.2073972475497285,-3.35641455359686,0.5200916036471471
Deltamethrinic acid,CC1([C@H]([C@H]1C(=O)O)C=C(Br)Br)C,0,-4.795426832805036,-1.0856016592693714,-0.8547523770207492,-2.6222909072011302,-0.4258514358955613
Flubendiamide,CC1=C(C=CC(=C1)C(C(F)(F)F)(C(F)(F)F)F)NC(=O)C2=C(C(=CC=C2)I)C(=O)NC(C)(C)CS(=O)(=O)C,0,6.036126782647308,-0.9753992517587565,2.5058935056720886,-0.641007838761342,-0.4989311822571117
"4-((13R)-2,13-Dihydroxy-13-((2R)-5-((5R)-5-(1-Hydroxyundecyl)Oxolan-2-Yl)Oxolan-2-Yl)Tridecyl)-2-Methyl-2H-Furan-5-One",CCCCCCCCCCC([C@H]1CCC(O1)C2CC[C@@H](O2)[C@@H](CCCCCCCCCCC(CC3=CC(OC3=O)C)O)O)O,0,-4.970347590073353,6.335824375458509,3.2806961735867097,-0.28254807131454707,-0.5040262744381283
"2,2-Dimethyl-3-(1-propenyl)cyclopropanecarboxylic Acid (2,3,5,6-Tetrafluoro-4-methylphenyl)methyl Ester",C/C=C/C1C(C1(C)C)C(=O)OCC2=C(C(=C(C(=C2F)F)C)F)F,0,-3.5413207062984244,-0.2601951526424791,-1.3728743694323484,-2.2563871966494333,0.22206628213203358
Dimethyl carbate,COC(=O)[C@H]1[C@@H]2C[C@H]([C@H]1C(=O)OC)C=C2,0,-3.4804228711246266,-0.5223607509253502,0.48677745510510106,-2.059747801500661,-0.12508581915614497
2-Chloro-4-((hydroxymethyl)amino)-6-(isopropylamino)-s-triazine,CC(C)NC1=NC(=NC(=N1)NCO)Cl,0,2.3193285079774824,-0.13799782132291527,-4.30224824457604,2.2858673446870843,-4.095071616763045
"(1AR,1bS,2S,5R,5aR,6S,6aR)-2,3,4,5,6,7,7-heptachloro-1a,1b,5,5a,6,6a-hexahydro-2H-2,5-methanoindeno[1,2-b]oxirene",[C@H]12[C@H]([C@@H]([C@H]3[C@@H]1O3)Cl)[C@]4(C(=C([C@@]2(C4(Cl)Cl)Cl)Cl)Cl)Cl,0,-4.49416479377036,0.24990431152158715,-2.0831542500096814,-4.266778568480569,-0.9228681662595544
Pesticide4_Doramectin_C50H74O14_Dectomax,CC1/C=C/C=C/2\COC3C2(C(C=C(C3O)C)C(=O)OC4CC(C/C=C(/C1OC5CC(C(C(O5)C)OC6CC(C(C(O6)C)O)OC)OC)\C)OC7(C4)C=CC(C(O7)C8CCCCC8)C)O,0,-4.145834140537197,9.798520051331279,3.425958716768908,-2.8225949198507614,-0.7744642580590241
Optase,CCCCCCC(O)C/C=C\CCCCCCCC(=O)OCC(OC(=O)CCCCCCC/C=C\CC(O)CCCCCC)COC(=O)CCCCCCC/C=C\CC(O)CCCCCC,0,-5.2278841089747266,3.849993538954644,4.84815347031978,1.9936194060578865,-0.46677030316259016
zinc;manganese(2+);N-[2-(sulfidocarbothioylamino)ethyl]carbamodithioate,C(CNC(=S)[S-])NC(=S)[S-].C(CNC(=S)[S-])NC(=S)[S-].[Mn+2].[Zn+2],0,-1.984688653657715,-4.7573996672041945,1.714233089940424,6.030081450945644,-4.445659277385382
Hyamine-2389,C.C.CCCCCCCCCCCC.CCCCCCCCCCCC.C[N+](C)(C)C.C[N+](C)(C)CC1=CC=CC=C1.C[N+](C)(C)CC1=CC=CC=C1.[Cl-].[Cl-].[Cl-],0,-2.748139944201454,-0.46880592364166046,0.4405723961103287,5.359590169439174,-2.1220779156682696
"Copper, (mu-(carbonato(2-)-kappaO:kappaO'))dihydroxydi-",C(=O)([O-])[O-].[OH-].[OH-].[Cu].[Cu],0,-4.655875220472058,-4.134728199253387,1.5590789786238535,-1.0453672871992974,-0.20382775941243605
"(1S,4R)-1,2,2,3,3,4,7-Heptachloro-5,5-dimethyl-6-methylidenebicyclo(2.2.1)heptane",CC1(C(=C)[C@@]2(C([C@]1(C(C2(Cl)Cl)(Cl)Cl)Cl)Cl)Cl)C,0,-4.579286362385399,-1.2057625427602707,-1.640938763826022,-1.9074077071825783,-1.676461017425956
p-Mercuribenzenesulfonic acid,C1=CC(=CC=C1S(=O)(=O)[O-])[Hg],0,2.596701182914423,-7.608568326694574,7.742705633183034,-3.8728960351616872,-0.9443722160600291
Arbinex,C12C(C(C(C1Cl)Cl)Cl)[C@@]3(C(=C([C@]2(C3(Cl)Cl)Cl)Cl)Cl)Cl,0,-4.463714199806292,-2.1361670720515735,-2.0874678779150044,-2.3174824094435977,-1.4877386754980622
"(4S,7R)-5-[hydroxy(phenyl)pyridin-2-ylmethyl]-8-[phenyl(pyridin-2-yl)methylidene]-3a,4,7,7a-tetrahydro-1H-4,7-methanoisoindole-1,3(2H)-dione",C1=CC=C(C=C1)C(=C2[C@@H]3C=C([C@H]2C4C3C(=O)NC4=O)C(C5=CC=CC=C5)(C6=CC=CC=N6)O)C7=CC=CC=N7,0,0.23941360637619516,3.579575270486395,-2.3256054693737185,-3.152155768206069,-1.3803415937519774
Clothianidin,CN/C(=N\[N+](=O)[O-])/NCC1=CN=C(S1)Cl,0,5.435592594848763,-1.6601115759399534,-1.7329618679871073,5.979195886066831,1.3775713433365868
"(10Z,14Z)-6'-butan-2-yl-21,24-dihydroxy-12-[5-(5-hydroxy-4-methoxy-6-methyloxan-2-yl)oxy-4-methoxy-6-methyloxan-2-yl]oxy-5',11,13,22-tetramethylspiro[3,7,19-trioxatetracyclo[15.6.1.14,8.020,24]pentacosa-10,14,16,22-tetraene-6,2'-oxane]-2-one",CCC(C)C1C(CCC2(O1)CC3CC(O2)C/C=C(\C(C(/C=C\C=C4COC5C4(C(C=C(C5O)C)C(=O)O3)O)C)OC6CC(C(C(O6)C)OC7CC(C(C(O7)C)O)OC)OC)/C)C,0,-4.323172774962043,10.165513475522598,4.170399387147164,-1.8905442516243778,-0.7889983338964275
Milbemycin alpha10,CCC1C(CCC2(O1)CC3CC(O2)C/C=C(/CC(/C=C/C=C/4\COC5C4(C(C=C(C5O)COC(=O)C6=CC=CN6)C(=O)O3)O)C)\C)C,0,-2.3361272030349562,10.723441440576584,2.9894939592300993,-0.9698361279806401,-0.9581726578368082
(+/-)-cis-Heptachlor epoxide,C12C(C(C3C1O3)Cl)[C@@]4(C(=C([C@]2(C4(Cl)Cl)Cl)Cl)Cl)Cl,0,-4.49416479377036,0.24990431152158715,-2.0831542500096814,-4.266778568480569,-0.9228681662595544
ZINC PHOSPHIDE (Zn3P2),P=[Zn].P=[Zn].[Zn],0,-4.051818165756552,-5.998552449876116,1.3430601415396974,0.010148279441151228,-1.893095565439253
Fluoromidine,C1=C(C=NC2=C1NC(=N2)C(F)(F)F)Cl,0,0.680344743675335,-1.64963679868535,-5.055314456486489,-1.2166326404120626,-3.381680793323967
Chloralose,C([C@H]([C@@H]1[C@@H]([C@@H]2[C@H](O1)O[C@@H](O2)C(Cl)(Cl)Cl)O)O)O,0,-3.2380110625488627,3.3837776057544144,0.9405448116872782,-2.1383011144967323,-0.5526776220755301
Pyridalyl,C1=CC(=NC=C1C(F)(F)F)OCCCOC2=C(C=C(C=C2Cl)OCC=C(Cl)Cl)Cl,0,-0.5950229154830569,1.9332303157309632,-2.867892966555705,-2.7248571523731266,0.975652454037249
p-Hydroxymercuribenzoate,C1=CC(=CC=C1C(=O)[O-])[Hg].O,0,-4.468233185850037,-3.790747197522556,-0.004560565339877968,-1.5972257900967908,0.14257911312482993
Strobilurin N,C/C(=C/C=C/C1=CC2=C(C=C1)OCC(O2)(C(C)(C)O)O)/C(=C\OC)/C(=O)OC,0,-3.1414980834548643,6.213822248010075,1.4975170315923505,-3.535490299399656,-0.0056588379896691755
Methyl (2Z)-(methoxyimino)(2-((((E)-(1-(3-(trifluoromethyl)phenyl)ethylidene)amino)oxy)methyl)phenyl)acetate,C/C(=N\OCC1=CC=CC=C1/C(=N/OC)/C(=O)OC)/C2=CC(=CC=C2)C(F)(F)F,0,0.7398431627772812,0.2616904170674711,0.009318673811167275,0.6380607006274681,4.8297324831209485
Chlorantraniliprole,CC1=CC(=CC(=C1NC(=O)C2=CC(=NN2C3=C(C=CC=N3)Cl)Br)C(=O)NC)Cl,0,5.38297735362674,1.3727937909657588,-6.4649897948108705,0.3857981074197439,-1.603388344739614
"(2Z)-2-[2-[[(Z)-[(3Z,4Z)-3,4-bis(methoxyimino)pentan-2-ylidene]amino]oxymethyl]phenyl]-2-methoxyimino-N-methylacetamide",C/C(=N/OC)/C(=N/OC)/C(=N\OCC1=CC=CC=C1/C(=N/OC)/C(=O)NC)/C,0,2.187013545767696,0.6005023346697153,-0.3680093464225464,3.0380738976968926,3.766903860196601
Jasplakinolide,C[C@@H]\1C[C@@H](OC(=O)C[C@@H](NC(=O)[C@H](N(C(=O)[C@@H](NC(=O)[C@H](C/C(=C1)/C)C)C)C)CC2=C(NC3=CC=CC=C32)Br)C4=CC=C(C=C4)O)C,0,1.6102764911542469,8.262651178964623,-2.343593542658071,-0.062380327580473204,-0.29650928065126936
Bullatacin,CCCCCCCCCC[C@@H]([C@H]1CC[C@@H](O1)[C@H]2CC[C@@H](O2)[C@@H](CCCCCCCCCC[C@H](CC3=C[C@@H](OC3=O)C)O)O)O,0,-4.970347590073351,6.335824375458512,3.280696173586708,-0.28254807131454707,-0.504026274438129
Cyantraniliprole,CC1=CC(=CC(=C1NC(=O)C2=CC(=NN2C3=C(C=CC=N3)Cl)Br)C(=O)NC)C#N,0,5.302635840247719,1.2916421421621125,-6.691378443150943,0.2694114245113538,-1.5955828987254603
Moxidectin,C[C@@H]\1C/C(=C/C[C@@H]2C[C@@H](C[C@@]3(O2)C/C(=N\OC)/[C@@H]([C@H](O3)/C(=C/C(C)C)/C)C)OC(=O)[C@@H]4C=C([C@H]([C@@H]5[C@]4(/C(=C/C=C1)/CO5)O)O)C)/C,0,-1.3669864598827917,9.721788207440987,3.2365881560297205,-0.2520039721988934,2.9307699895894745
Cyclanilide,C1CC1(C(=O)NC2=C(C=C(C=C2)Cl)Cl)C(=O)O,0,-0.6758515657271517,0.6688259914017756,-2.683185312192495,-1.2751002486680034,0.1308264844824193
Mandipropamid,COC1=C(C=CC(=C1)CCNC(=O)C(C2=CC=C(C=C2)Cl)OCC#C)OCC#C,0,-0.5105058073935985,2.3810419384248176,-2.5291217477522787,0.6136778997364358,1.0586102508439874
Orysastrobin,C/C(=N\OC)/C(=N\OC)/C(=N/OCC1=CC=CC=C1/C(=N\OC)/C(=O)NC)/C,0,2.187013545767696,0.6005023346697153,-0.3680093464225464,3.0380738976968926,3.766903860196601
Didecyl dimethyl ammonium carbonate,CCCCCCCCCC[N+](C)(C)CCCCCCCCCC.CCCCCCCCCC[N+](C)(C)CCCCCCCCCC.C(=O)([O-])[O-],0,-3.2300006302756827,0.23462421351703397,3.335411032236903,6.1984054555073245,-1.507464731763039
Pyrasulfotole,CC1=C(C(=O)N(N1)C)C(=O)C2=C(C=C(C=C2)C(F)(F)F)S(=O)(=O)C,0,10.277003746787223,-0.2250081913827638,1.5953546113388393,-3.4895125575337897,-0.5993596078843317
Emamectin B1A,CC[C@H](C)[C@@H]1[C@H](C=C[C@@]2(O1)C[C@@H]3C[C@H](O2)C/C=C(/[C@H]([C@H](/C=C/C=C/4\CO[C@H]5[C@@]4([C@@H](C=C([C@H]5O)C)C(=O)O3)O)C)O[C@H]6C[C@@H]([C@H]([C@@H](O6)C)O[C@H]7C[C@@H]([C@@H]([C@@H](O7)C)NC)OC)OC)\C)C,0,-2.383989492799315,9.708525945301506,2.4459032591799357,-1.5323579884880867,-0.6503792346533694
C14H6ClF3NNaO5,C1=CC(=C(C=C1C(F)(F)F)Cl)OC2=CC(=C(C=C2)[N+](=O)[O-])C(=O)[O-].[Na+],0,1.9617136875773034,-2.844535756401057,-1.6525051548854874,-0.2645003997231424,9.990679774032971
"2,3,5,6-Tetrafluoro-4-(methoxymethyl)benzyl (E)-(1R,3R)-3-(2-cyanoprop-1-enyl)-2,2-dimethylcyclopropanecarboxylate",C/C(=C\[C@@H]1[C@H](C1(C)C)C(=O)OCC2=C(C(=C(C(=C2F)F)COC)F)F)/C#N,0,-3.4394294176267897,1.3416372470541909,-0.6671369939942962,-1.4750466874338553,0.2994576855130708
Endothal disodium salt,C1C[C@H]2[C@@H]([C@@H]([C@@H]1O2)C(=O)[O-])C(=O)[O-].[Na+].[Na+],0,-4.136948248108361,-0.265602692380004,1.4809893967888481,-2.1917635793878563,0.37619661850029373
Glyphosphate-trimesium,C[S+](C)C.C(C(=O)O)NCP(=O)(O)[O-],0,-0.3121279091768624,-1.502627944756562,5.636767548633609,3.513728845923401,-1.2137005227489308
Milbemycin alpha5,CCCCC(C)C(=O)OC1C(C(OC2(C1O)CC3CC(O2)C/C=C(/CC(/C=C/C=C/4\COC5C4(C(C=C(C5O)C)C(=O)O3)O)C)\C)C)C,0,-4.264698094458477,10.101417942198605,4.311903120589633,-1.943538618459856,-0.5562145332733994
Methyl (2Z)-(methoxyimino)(2-((((Z)-(1-(3-(trifluoromethyl)phenyl)ethylidene)amino)oxy)methyl)phenyl)acetate,C/C(=N/OCC1=CC=CC=C1/C(=N/OC)/C(=O)OC)/C2=CC(=CC=C2)C(F)(F)F,0,0.7398431627772812,0.2616904170674711,0.009318673811167275,0.6380607006274681,4.8297324831209485
"(1R,4S,4'Z,5'S,6R,6'S,8R,10E,13R,14E,20R,21R,24S)-21,24-dihydroxy-4'-methoxyimino-5',11,13,22-tetramethyl-6'-[(E)-4-methylpent-2-en-2-yl]spiro[3,7,19-trioxatetracyclo[15.6.1.14,8.020,24]pentacosa-10,14,16,22-tetraene-6,2'-oxane]-2-one",C[C@@H]\1C/C(=C/C[C@@H]2C[C@@H](C[C@@]3(O2)C/C(=N/OC)/[C@@H]([C@H](O3)/C(=C/C(C)C)/C)C)OC(=O)[C@@H]4C=C([C@H]([C@@H]5[C@]4(C(=C/C=C1)CO5)O)O)C)/C,0,-1.3669864598827917,9.721788207440987,3.2365881560297205,-0.2520039721988934,2.9307699895894745
Edetate copper,C(CN(CC(=O)O)CC(=O)[O-])N(CC(=O)O)CC(=O)[O-].[Cu],0,-2.9707236431210235,-0.8269617884460122,2.5902998047907393,4.803145014713295,-0.6936437188768901
"trans-(5-benzylfuran-3-yl)methyl (1R,3S)-2,2-dimethyl-3-[(Z)-(2-oxothiolan-3-ylidene)methyl]cyclopropane-1-carboxylate",CC1([C@H]([C@H]1C(=O)OCC2=COC(=C2)CC3=CC=CC=C3)/C=C\4/CCSC4=O)C,0,-2.6671228323920744,4.893426297709267,2.3507176166418917,-2.468436489585139,-0.19428472953009399
"Spiro[11,15-methano-2H,13H,17H-furo[4,3,2-pq][2,6]benzodioxacyclooctadecin-13,2'-[2H]pyran], Avermectin A1a Deriv.",CC[C@H](C)[C@@H]1[C@H](CC[C@@]2(O1)C[C@@H]3C[C@H](O2)C/C=C(\[C@H]([C@H](/C=C\C=C4CO[C@H]5[C@@]4([C@@H](C=C([C@H]5O)C)C(=O)O3)O)C)O[C@H]6C[C@@H]([C@H]([C@@H](O6)C)O[C@H]7C[C@@H]([C@H]([C@@H](O7)C)O)OC)OC)/C)C,0,-4.323172774962043,10.165513475522598,4.170399387147164,-1.8905442516243778,-0.7889983338964275
"Endrin, analytical standard",C1[C@@H]2[C@@H]3[C@@H]([C@@H]1[C@H]4[C@@H]2O4)[C@@]5(C(=C([C@@]3(C5(Cl)Cl)Cl)Cl)Cl)Cl,0,-4.5221336181139575,0.6805932279244074,-1.9341900351140249,-4.215936777378492,-1.0652562686114206
Moxidectin EP L,C[C@@H]/1C/C(=C\C[C@@H]2C[C@@H](C[C@@]3(O2)C/C(=N/OC)/[C@@H]([C@H](O3)/C(=C/C(C)C)/C)C)OC(=O)[C@@H]4C=C([C@H]([C@@H]5[C@]4(C(=C/C=C1)CO5)O)O)C)/C,0,-1.3669864598827917,9.721788207440987,3.2365881560297205,-0.2520039721988934,2.9307699895894745
Fuklasin,CN(C)C(=S)[S-].CN(C)C(=S)[S-].CN(C)C(=S)[S-].[Fe+3],0,-1.5160586143432,-5.206397734040335,0.6493318517486364,3.464890103559364,-3.662246904101694
Cyclo[N-methyl-L-alanyl-beta-alanyl-(2R)-2-hydroxy-4-pentenoyl-L-prolyl-L-isoleucyl-N-methyl-L-valyl],CC[C@@H](C)[C@H]1C(=O)N([C@H](C(=O)N([C@H](C(=O)NCCC(=O)O[C@H](C(=O)N2CCC[C@H]2C(=O)N1)CC=C)C)C)C(C)C)C,0,0.27866667972020065,7.872430800978662,1.3527868125742688,5.235118283192113,-2.1276606872929897
Antimony Potassium Tartrate,[C@@H]([C@H](C(=O)[O-])[O-])(C(=O)[O-])[O-].[C@@H]([C@H](C(=O)[O-])[O-])(C(=O)[O-])[O-].O.O.O.[K+].[K+].[Sb+3].[Sb+3],0,-4.815008609813603,-3.119023186226009,2.132057988400856,-1.8421517876322575,0.3094637267286255
Raticate|Shoxin,C1=CC=C(C=C1)/C(=C/2\[C@@H]3C=C([C@H]2C4C3C(=O)NC4=O)C(C5=CC=CC=C5)(C6=CC=CC=N6)O)/C7=CC=CC=N7,0,0.23941360637619516,3.579575270486395,-2.3256054693737185,-3.152155768206069,-1.3803415937519774
"[2-Methyl(1,1'-biphenyl)-3-yl]methyl cis-3-(2-chloro-3,3,3-trifluoropropenyl)-2,2-dimethylcyclopropanecarboxylate",CC1=C(C=CC=C1C2=CC=CC=C2)COC(=O)[C@H]3[C@H](C3(C)C)C=C(C(F)(F)F)Cl,0,-3.3494651240008904,0.7702600497965006,-1.4336093825717167,-2.749420683062223,0.17881973447182561
"(1R,2R,3S,6R,7S)-1,8,9,10,11,11-hexachlorotetracyclo[6.2.1.13,6.02,7]dodeca-4,9-diene",C1[C@H]2C=C[C@@H]1[C@H]3[C@@H]2[C@]4(C(=C(C3(C4(Cl)Cl)Cl)Cl)Cl)Cl,0,-4.370979069682251,-1.918063866085385,-2.1928865418314056,-2.577277799956737,-1.399841964463483
"(1R,4S,5'S,6R,6'S,8R,10E,13R,14E,20R,21R,24S)-21,24-dihydroxy-4'-methoxyimino-5',11,13,22-tetramethyl-6'-[(E)-4-methylpent-2-en-2-yl]spiro[3,7,19-trioxatetracyclo[15.6.1.14,8.020,24]pentacosa-10,14,16,22-tetraene-6,2'-oxane]-2-one",C[C@@H]\1C/C(=C/C[C@@H]2C[C@@H](C[C@@]3(O2)CC(=NOC)[C@@H]([C@H](O3)/C(=C/C(C)C)/C)C)OC(=O)[C@@H]4C=C([C@H]([C@@H]5[C@]4(C(=C/C=C1)CO5)O)O)C)/C,0,-1.3669864598827917,9.721788207440987,3.2365881560297205,-0.2520039721988934,2.9307699895894745
Dehydroabietylammonium pentachlorophenoxide,CC(C)C1=CC2=C(C=C1)[C@]3(CCC[C@@]([C@@H]3CC2)(C)CN)C.C1(=C(C(=C(C(=C1Cl)Cl)Cl)Cl)Cl)O,0,-2.845239419763401,3.0163537284480633,-0.7438714101724151,0.642694583470991,-0.6566156210537081
Strobilurin M,CC(C)[C@]1(COC2=C(O1)C=C(C=C2)/C=C/C=C(/C)\C(=C/OC)\C(=O)OC)OCC=C(C)C,0,-3.2226927520256994,5.7397155992770825,1.6907733130707099,-2.9101802138731503,0.3249751148943354
Off-Shoot-T,CCCCCCCCCCCCO.CCCCCCCCCCO.CCCCCCCCO.CCCCCCO,0,-5.357673086999312,1.6199775695329262,4.446018453509353,3.6870083521396233,-1.6135629801118798
cyclo[N(Me)Ala-bAla-OGly(allyl)-D-Pro-Ile-DL-N(Me)Val],CC[C@H](C)[C@H]1C(=O)N(C(C(=O)N([C@H](C(=O)NCCC(=O)O[C@H](C(=O)N2CCC[C@@H]2C(=O)N1)CC=C)C)C)C(C)C)C,0,0.27866667972020065,7.872430800978662,1.3527868125742688,5.235118283192113,-2.1276606872929897
"4-[(13R)-2,13-dihydroxy-13-[(2R,5S)-5-[(2R)-5-[(1S)-1-hydroxyundecyl]oxolan-2-yl]oxolan-2-yl]tridecyl]-2-methyl-2H-furan-5-one",CCCCCCCCCC[C@@H](C1CC[C@@H](O1)[C@@H]2CC[C@@H](O2)[C@@H](CCCCCCCCCCC(CC3=CC(OC3=O)C)O)O)O,0,-4.970347590073353,6.335824375458509,3.2806961735867097,-0.28254807131454707,-0.5040262744381283
Momfluorothrin,CC(=CC1C(C1(C)C)C(=O)OCC2=C(C(=C(C(=C2F)F)COC)F)F)C#N,0,-3.4394294176267897,1.3416372470541909,-0.6671369939942962,-1.4750466874338553,0.2994576855130708
Plantomycin,C[C@H]1[C@@]([C@H]([C@@H](O1)O[C@@H]2[C@H]([C@@H]([C@H]([C@@H]([C@H]2O)O)N=C(N)N)O)NC(=N)N)O[C@H]3[C@H]([C@@H]([C@H]([C@@H](O3)CO)O)O)NC)(C=O)O.C[C@H]1[C@@]([C@H]([C@@H](O1)O[C@@H]2[C@H]([C@@H]([C@H]([C@@H]([C@H]2O)O)N=C(N)N)O)N=C(N)N)O[C@H]3[C@H]([C@@H]([C@H]([C@@H](O3)CO)O)O)NC)(C=O)O.OS(=O)(=O)O.OS(=O)(=O)O.OS(=O)(=O)O,0,6.630335865312064,3.263343774694204,7.501174453183144,-1.5353562024750511,-0.7920524474656997
Glyphosate-ethanolamine,C(CO)N.C(C(=O)O)NCP(=O)(O)O,0,-0.7867748955310635,-1.0086549959935025,5.077284882611122,4.683732676406237,-1.0544241353092099
Imazamethabenz [ANSI],CC1=CC(=C(C=C1)C(=O)OC)C2=NC(C(=O)N2)(C)C(C)C.CC1=CC(=C(C=C1)C2=NC(C(=O)N2)(C)C(C)C)C(=O)OC,0,2.667185204632063,3.038521707564306,-2.8490197484160134,-1.1874629001380386,-0.2643581213652501
Ripost Pepite,CCNC(=O)NC(=O)/C(=N/OC)/C#N.CC1=C(C(=CC=C1)C)N(C(=O)COC)N2CCOC2=O.C(CNC(=S)[S-])NC(=S)[S-].C(CNC(=S)[S-])NC(=S)[S-].[Mn+2].[Zn+2],0,6.764887153405978,4.4716434623771155,1.964168735281285,7.301206633394865,1.090351582500843
"1-Chloro-4-(2,2,2-trichloro-1-(4-chlorophenyl)ethyl)benzene",C1=CC(=CC=C1C(C2=CC=C(C=C2)Cl)C(Cl)(Cl)Cl)Cl,0,-3.31543170226054,-4.265054291552303,-2.8681521959559935,-1.7500116980633997,-1.1431808576869593
"4-Chloro-3,5-dimethylphenol",CC1=CC(=CC(=C1Cl)C)O,0,-3.210288048603551,-2.137614297528055,-2.880807494894754,-2.8659719007634594,0.9377900086436965
"1,2,4,5-Tetrachloro-3-nitrobenzene",C1=C(C(=C(C(=C1Cl)Cl)[N+](=O)[O-])Cl)Cl,0,0.5156352080032387,-4.712674715941455,-2.446959187771579,2.770229237706095,7.601742759746055
"1,1-Bis(4-chlorophenyl)ethanol",CC(C1=CC=C(C=C1)Cl)(C2=CC=C(C=C2)Cl)O,0,-3.6501680355250996,-2.5879701061113343,-2.4718181299791357,-2.6268466515960163,-0.11318822990486165
Dichlofenthion,CCOP(=S)(OCC)OC1=C(C=C(C=C1)Cl)Cl,0,-0.34605858525033667,-2.043038591650949,2.3380495755346833,-1.7765610111726249,1.938752845856787
2-Heptadecylimidazoline,CCCCCCCCCCCCCCCCCC1=NCCN1,0,-1.6388955232124498,1.7377673061710779,0.2448228246017245,6.881410406966272,-3.64393203111185
"N-sec-Butyl-3,4-dimethyl-2,6-dinitroaniline",CCC(C)NC1=C(C=C(C(=C1[N+](=O)[O-])C)C)[N+](=O)[O-],0,2.5465993635249897,-2.0805102676304688,-0.050535383863865635,5.942317816156344,7.2752627842749265
M-Cumenyl Methylcarbamate,CC(C)C1=CC(=CC=C1)OC(=O)NC,0,-1.2158457940667002,-0.7012255170086712,-2.1545356864083334,-1.1050742008136651,-0.48510035185757305
4-Nitro-3-trifluoromethylphenol,C1=CC(=C(C=C1O)C(F)(F)F)[N+](=O)[O-],0,1.3313113771309528,-3.151649288973385,-1.582603690568822,1.1864666310273568,9.052921756826603
Thioquinox,C1=CC=C2C(=C1)N=C3C(=N2)SC(=S)S3,0,1.2001632824567185,-2.155197087271018,-1.882539773365571,-0.8822564630722491,-4.695155044868091
1-Pentanethiol,CCCCCS,0,-5.221067208154798,-1.3459263765529412,2.2303804149534794,3.647273692940169,-3.043478775250391
Sulphenone,C1=CC=C(C=C1)S(=O)(=O)C2=CC=C(C=C2)Cl,0,2.6093457872142554,-5.648188915555121,3.2809231219381765,-4.212077711196515,-0.8040707259896327
Anilazine,C1=CC=C(C(=C1)NC2=NC(=NC(=N2)Cl)Cl)Cl,0,1.2743772620861196,-2.7354875331394917,-5.868701551089768,-0.417640614114157,-2.4757242452046166
Isolan,CC1=NN(C(=C1)OC(=O)N(C)C)C(C)C,0,3.26459424019286,1.5343624807020444,-3.624642711548992,0.9992104563828347,-0.9220335730019699
Dinex,C1CCC(CC1)C2=C(C(=CC(=C2)[N+](=O)[O-])[N+](=O)[O-])O,0,1.6720505907023644,-0.1338716580797861,0.04978570753654732,2.8595024546101,9.277835364749853
Trisodium N-hydroxyethylethylenediaminetriacetate,C(CN(CC(=O)[O-])CC(=O)[O-])N(CCO)CC(=O)[O-].[Na+].[Na+].[Na+],0,-3.2379584433967774,-0.3327944749053798,2.868288436617754,5.396309593908731,-0.6068515229862385
Dazomet,CN1CN(C(=S)SC1)C,0,1.7120817789263307,-1.09827959115478,-0.6796461608799311,4.816705654971204,-4.9538296191542015
Pentasodium Pentetate,C(CN(CC(=O)[O-])CC(=O)[O-])N(CCN(CC(=O)[O-])CC(=O)[O-])CC(=O)[O-].[Na+].[Na+].[Na+].[Na+].[Na+],0,-2.998744835497336,-1.4405052613699711,2.276088916731728,4.587323668956807,-0.45805427646017377
Isobenzan,C12C(C(OC1Cl)Cl)C3(C(=C(C2(C3(Cl)Cl)Cl)Cl)Cl)Cl,0,-4.1856931903826995,-0.4947984019402082,-1.7940294856315588,-3.0444217319905413,-1.1418494683132743
"1,2,3,4-Tetrachlorobenzene",C1=CC(=C(C(=C1Cl)Cl)Cl)Cl,0,-3.680078416241128,-4.198036116007425,-3.130970195649151,-1.441004431358382,-0.6558652093566998
Methoprotryne,CC(C)NC1=NC(=NC(=N1)NCCCOC)SC,0,2.6508581909107978,2.2477776930360345,0.27247206466421464,5.596150642856025,-5.640140433731658
Chloridazon,C1=CC=C(C=C1)N2C(=O)C(=C(C=N2)N)Cl,0,4.180745619004459,-0.324615318317549,-7.116000283923657,-0.04216185488350216,-0.08605624598810567
Prothoate,CCOP(=S)(OCC)SCC(=O)NC(C)C,0,0.15153524456681652,-1.0211322728187973,4.020067092437684,3.2532504292783093,-1.4622074793858097
Mecoprop-isoctyl,CC1=C(C=CC(=C1)Cl)OC(C)C(=O)OCCCCCC(C)C,0,-3.913365512122301,2.6366251202547386,0.090440835172294,-1.119769730609758,1.4361295421276443
Cupric hexafluorosilicate,F[Si-2](F)(F)(F)(F)F.[Cu+2],0,-3.98524591309211,-7.205392195602412,0.4253970950475645,-0.14399402569366296,-0.9781177235778383
"(5-Benzylfuran-3-yl)methyl 2,2-dimethyl-3-[(2-oxothiolan-3-ylidene)methyl]cyclopropane-1-carboxylate",CC1(C(C1C(=O)OCC2=COC(=C2)CC3=CC=CC=C3)C=C4CCSC4=O)C,0,-2.6671228323920744,4.893426297709267,2.3507176166418917,-2.468436489585139,-0.19428472953009399
"2-Methyl-4-oxo-3-(2,4-pentadien-1-yl)-2-cyclopenten-1-yl 3-(3-methoxy-2-methyl-3-oxo-1-propen-1-yl)-2,2-dimethylcyclopropanecarboxylate",CC1=C(C(=O)CC1OC(=O)C2C(C2(C)C)C=C(C)C(=O)OC)CC=CC=C,0,-4.567614377212726,3.8169225183748963,2.792274757303024,-2.1021150417945873,0.2535950480994268
"(4R,5'R,6R,6'R,8S,10E,13S,14E,16E)-21,24-Dihydroxy-5',11,13,22-tetramethyl-6'-propan-2-ylspiro[3,7,19-trioxatetracyclo[15.6.1.14,8.020,24]pentacosa-10,14,16,22-tetraene-6,2'-oxane]-2-one",C[C@@H]1CC[C@]2(C[C@H]3C[C@@H](O2)C/C=C(/C[C@@H](/C=C/C=C/4\COC5C4(C(C=C(C5O)C)C(=O)O3)O)C)\C)O[C@@H]1C(C)C,0,-4.490984870542465,9.58170850525751,3.594522286991567,-2.2835789094859,-0.9694188791781615
Flonicamid,C1=CN=CC(=C1C(F)(F)F)C(=O)NCC#N,0,1.2381787481741584,-1.3926231110733427,-4.642920919351063,1.9034196731939765,-2.366553826825308
Isodrin,C1[C@@H]2C=C[C@H]1[C@@H]3[C@H]2[C@@]4(C(=C([C@]3(C4(Cl)Cl)Cl)Cl)Cl)Cl,0,-4.370979069682251,-1.918063866085385,-2.1928865418314056,-2.577277799956737,-1.399841964463483
(+)-Cismethrin,CC(=C[C@H]1[C@H](C1(C)C)C(=O)OCC2=COC(=C2)CC3=CC=CC=C3)C,0,-3.99123183869234,3.6208144677808245,0.9899711923495881,-2.7319873907770416,-0.16573969022325208
RU-11679,CC1([C@@H]([C@H]1C(=O)OCC2=COC(=C2)CC3=CC=CC=C3)C=C4CCCC4)C,0,-4.356075804795493,4.177251931847131,1.623474064072773,-1.9952290576922618,-0.16574877562346407
"2-Diazo-4,6-dinitrophenol",C1=C(C=C(C(C1=[N+]=[N-])O)[N+](=O)[O-])[N+](=O)[O-],0,1.6070349615266908,-1.2779253031681181,-0.1993107228385341,2.6021589746802065,9.09296841882529
Profluthrin,CC=CC1C(C1(C)C)C(=O)OCC2=C(C(=C(C(=C2F)F)C)F)F,0,-3.5413207062984244,-0.2601951526424791,-1.3728743694323484,-2.2563871966494333,0.22206628213203358
"(1S,2S,6R,7R)-1,4,4,7,8,9,10,10-octachlorotricyclo[5.2.1.02,6]dec-8-ene",C1[C@@H]2[C@H](CC1(Cl)Cl)[C@@]3(C(=C([C@]2(C3(Cl)Cl)Cl)Cl)Cl)Cl,0,-4.59104446256628,-1.8227666873897916,-1.8462062441248606,-2.0572568495114605,-1.5115251201335906
Pharmakon1600-01505902,C[C@H]1/C=C/C=C/2\CO[C@H]3[C@@]2([C@@H](C=C([C@H]3O)C)C(=O)O[C@H]4C[C@@H](C/C=C(/[C@H]1OC5C[C@@H](C([C@@H](O5)C)O[C@H]6C[C@@H]([C@H]([C@@H](O6)C)O)OC)OC)\C)O[C@]7(C4)C=C[C@@H]([C@H](O7)C8CCCCC8)C)O,0,-4.145834140537197,9.798520051331279,3.425958716768908,-2.8225949198507614,-0.7744642580590241
Benzovindiflupyr,CN1C=C(C(=N1)C(F)F)C(=O)NC2=CC=CC3=C2[C@@H]4CC[C@H]3C4=C(Cl)Cl,0,2.54425646731539,2.270741491739385,-4.866168731817621,0.19943891759897306,-1.1954664080477337
Alloxydim sodium,CCCC(=NOCC=C)[C-]1C(=O)CC(C(C1=O)C(=O)OC)(C)C.[Na+],0,-1.8776394254702917,2.297615115774748,3.4420082151561306,1.7344116420218203,4.604034824684874
Calcium bis(hydrogen methylarsonate),C[As](=O)(O)[O-].C[As](=O)(O)[O-].[Ca+2],0,-2.511042176045117,-5.244042862130679,4.44570032855355,-0.38825387429992575,0.008910422790888071
"(1'R,2R,3S,4'S,6S,8'R,10'Z,12'S,14'Z,16'Z,20'R,21'R,24'S)-2-cyclohexyl-21',24'-dihydroxy-12'-[(2R,4S,6S)-5-[(2S,4S,5S,6S)-5-hydroxy-4-methoxy-6-methyloxan-2-yl]oxy-4-methoxy-6-methyloxan-2-yl]oxy-3,11',13',22'-tetramethylspiro[2,3-dihydropyran-6,6'-3,7,19-trioxatetracyclo[15.6.1.14,8.020,24]pentacosa-10,14,16,22-tetraene]-2'-one",C[C@H]1C=C[C@]2(C[C@@H]3C[C@H](O2)C/C=C(\[C@H](C(/C=C\C=C/4\CO[C@H]5[C@@]4([C@@H](C=C([C@H]5O)C)C(=O)O3)O)C)O[C@H]6C[C@@H](C([C@@H](O6)C)O[C@H]7C[C@@H]([C@H]([C@@H](O7)C)O)OC)OC)/C)O[C@@H]1C8CCCCC8,0,-4.145834140537197,9.798520051331279,3.425958716768908,-2.8225949198507614,-0.7744642580590241
Mercury orange,C1=CC=C2C(=C1)C=CC(=C2N=NC3=CC=C(C=C3)[Hg+])O.[Cl-],0,-0.2665683322240653,-2.227084590465406,-3.338053514387495,-1.4331437329469887,2.668563940381645
Glyoxime,C(=NO)C=NO,0,-1.1806274270517312,-4.140332799655975,0.7959343264853116,1.7956919340643243,2.249380284361076
CID 135529435,CN/C(=N/[N+](=O)[O-])/NCC1=CN=C(S1)Cl,0,5.435592594848763,-1.6601115759399534,-1.7329618679871073,5.979195886066831,1.3775713433365868
"4-[(2R,13R)-2,13-dihydroxy-13-[(2S,5S)-5-[(2S,5S)-5-[(1S)-1-hydroxyundecyl]oxolan-2-yl]oxolan-2-yl]tridecyl]-2-methyl-2H-furan-5-one",CCCCCCCCCC[C@@H]([C@@H]1CC[C@H](O1)[C@@H]2CC[C@H](O2)[C@@H](CCCCCCCCCC[C@H](CC3=CC(OC3=O)C)O)O)O,0,-4.970347590073353,6.335824375458509,3.2806961735867097,-0.28254807131454707,-0.5040262744381283
(Z)-N-(1-((6-chloropyridin-3-yl)methyl)imidazolidin-2-ylidene)nitramide,C1CN(/C(=N\[N+](=O)[O-])/N1)CC2=CN=C(C=C2)Cl,0,4.47358274216924,0.8708563639668763,-2.3892675031015598,8.427133731602696,2.6493556729750845
"[(1S,2R,3R,4S,5R,6S,8R,9S,13S,16R,17R,18S)-11-ethyl-8,9-dihydroxy-4,6,16,18-tetramethoxy-11-azahexacyclo[7.7.2.12,5.01,10.03,8.013,17]nonadecan-13-yl]methyl 2-(3-methyl-2,5-dioxopyrrolidin-1-yl)benzoate",CCN1C[C@@]2(CC[C@H]([C@@]34[C@@H]2[C@@H]([C@@](C31)([C@]5(C[C@@H]([C@H]6C[C@@H]4[C@@H]5[C@H]6OC)OC)O)O)OC)OC)COC(=O)C7=CC=CC=C7N8C(=O)CC(C8=O)C,0,1.6095072570048827,10.506657504402142,0.9655579935282608,4.070605389427042,-0.8926070163892489
Copper(II) hydroxide sulfate,O.[OH-].[OH-].[OH-].[OH-].[OH-].[OH-].[O-]S(=O)(=O)[O-].[Cu+2].[Cu+2].[Cu+2].[Cu+2],0,0.29094735214507755,-7.318488398673227,8.237657582381928,-2.809759700243158,-0.6284909547177615
Remanex,B(O)(O)O[Hg]C1=CC=CC=C1.C1=C(C(=C(C(=C1Cl)Cl)CC2=C(C(=CC(=C2Cl)Cl)Cl)O)O)Cl,0,-1.1683622904293132,-3.1590451899682264,1.0195147260903172,-3.9637258473669625,2.5196105736852283
Destruxin A,CC[C@H](C)[C@H]1C(=O)N([C@H](C(=O)N([C@H](C(=O)NCCC(=O)O[C@@H](C(=O)N2CCC[C@H]2C(=O)N1)CC=C)C)C)C(C)C)C,0,0.27866667972020065,7.872430800978662,1.3527868125742688,5.235118283192113,-2.1276606872929897
Emmamectin isomer,CC[C@H](C)[C@@H]1[C@H](C=C[C@@]2(O1)C[C@@H]3C[C@H](O2)C/C=C(/[C@H]([C@H](/C=C/C=C/4\CO[C@H]5[C@@]4([C@@H](C=C([C@H]5O)C)C(=O)O3)O)C)O[C@H]6C[C@@H]([C@H]([C@@H](O6)C)O[C@H]7C[C@@H]([C@H]([C@@H](O7)C)NC)OC)OC)\C)C,0,-2.383989492799315,9.708525945301506,2.4459032591799357,-1.5323579884880867,-0.6503792346533694
"(1'R,2R,3S,4'S,6S,8'R,10'E,12'S,13'S,14'E,16'E,20'R,21'R,24'S)-2-Cyclohexyl-21',24'-dihydroxy-12'-[(2R,4S,5S,6S)-5-[(2S,5S,6S)-5-hydroxy-4-methoxy-6-methyloxan-2-yl]oxy-4-methoxy-6-methyloxan-2-yl]oxy-3,11',13',22'-tetramethylspiro[2,3-dihydropyran-6,6'-3,7,19-trioxatetracyclo[15.6.1.14,8.020,24]pentacosa-10,14,16,22-tetraene]-2'-one",C[C@H]1/C=C/C=C/2\CO[C@H]3[C@@]2([C@@H](C=C([C@H]3O)C)C(=O)O[C@H]4C[C@@H](C/C=C(/[C@H]1O[C@H]5C[C@@H]([C@H]([C@@H](O5)C)O[C@H]6CC([C@H]([C@@H](O6)C)O)OC)OC)\C)O[C@]7(C4)C=C[C@@H]([C@H](O7)C8CCCCC8)C)O,0,-4.145834140537197,9.798520051331279,3.425958716768908,-2.8225949198507614,-0.7744642580590241
Magnesium Silicate,[O-2].[O-2].[O-2].[Mg+2].[Si+4],0,-5.063976790032261,-5.60562272582082,0.9912425687111006,-0.3400993714869535,-0.8324333240604519
"3-(3-(4'-Bromo-(1,1'-biphenyl)-4-yl)-3-hydroxy-1-phenylpropyl)-4-hydroxycoumarin",C1=CC=C(C=C1)[C@H](C[C@H](C2=CC=C(C=C2)C3=CC=C(C=C3)Br)O)C4=C(C5=CC=CC=C5OC4=O)O,0,-2.6332274756751737,2.3901575896682647,-1.8571592937451036,-4.469082486284452,1.4292563169303407
Dithane M-45,C(CNC(=S)[S-])NC(=S)[S-].C(CNC(=S)[S-])NC(=S)[S-].C(CNC(=S)[S-])NC(=S)[S-].C(CNC(=S)[S-])NC(=S)[S-].C(CNC(=S)[S-])NC(=S)[S-].C(CNC(=S)[S-])NC(=S)[S-].C(CNC(=S)[S-])NC(=S)[S-].C(CNC(=S)[S-])NC(=S)[S-].C(CNC(=S)[S-])NC(=S)[S-].C(CNC(=S)[S-])NC(=S)[S-].[Mn+2].[Mn+2].[Mn+2].[Mn+2].[Mn+2].[Mn+2].[Mn+2].[Mn+2].[Mn+2].[Zn+2],0,-1.984688653657715,-4.7573996672041945,1.714233089940424,6.030081450945644,-4.445659277385382
Mefluidide-potassium,CC1=CC(=C(C=C1NC(=O)C)[N-]S(=O)(=O)C(F)(F)F)C.[K+],0,6.798287780066268,-4.892280608900723,3.093103770266307,-2.130568603990785,-0.21919604615630134
Tetraglycine hydroperiodide,C(C(=O)O)N.C(C(=O)O)N.C(C(=O)O)N.C(C(=O)O)N.C(C(=O)O)N.C(C(=O)O)N.C(C(=O)O)N.C(C(=O)O)N.C(C(=O)O)N.C(C(=O)O)N.C(C(=O)O)N.C(C(=O)O)N.C(C(=O)O)N.C(C(=O)O)N.C(C(=O)O)N.C(C(=O)O)N.I.I.I.I.II.II.II.II.II,0,-2.2328359695777165,-2.3515101070158617,1.6905220498039808,2.1945831622461403,-0.7730907180703449
4-Dansyl aminophenylmercuric acetate,CC(=O)O[Hg]C1=CC=C(C=C1)NS(=O)(=O)C2=CC=CC3=C2C=CC=C3N(C)C,0,7.741288651218642,-2.8857921775061297,5.464153993069584,-2.4711410671981917,-1.5205163664951296
Milbemycin alpha9,CC1CCC2(CC3CC(O2)C/C=C(/CC(/C=C/C=C/4\COC5C4(C(C=C(C5O)COC(=O)C6=CC=CN6)C(=O)O3)O)C)\C)OC1C,0,-2.317992233071888,10.55949552896452,2.8078103271135477,-1.2726249473972115,-0.9579729235680368
"(10E,14E,16E)-21,24-dihydroxy-5',11,13,22-tetramethyl-6'-propan-2-ylspiro[3,7,19-trioxatetracyclo[15.6.1.14,8.020,24]pentacosa-10,14,16,22-tetraene-6,2'-oxane]-2-one",CC1CCC2(CC3CC(O2)C/C=C(/CC(/C=C/C=C/4\COC5C4(C(C=C(C5O)C)C(=O)O3)O)C)\C)OC1C(C)C,0,-4.490984870542465,9.58170850525751,3.594522286991567,-2.2835789094859,-0.9694188791781615
Strobilurin,CC(=CC1OC(C2(O1)COC3=C(O2)C=C(C=C3)/C=C/C=C(\C)/C(=C/OC)/C(=O)O)(C)C)C,0,-3.1834830240380176,5.471020927800675,1.1429400115091881,-3.9350523762848577,-0.24804144246160217
Methylbromfenvinphos,COP(=O)(OC)O/C(=C/Br)/C1=C(C=C(C=C1)Cl)Cl,0,-1.9555951529144906,-2.3983357952045687,0.5385905431553407,-2.62937078406051,2.1143030128462756
"[cyano-(4-fluoro-3-phenoxyphenyl)methyl] 3-[(Z)-2-chloro-2-(4-chlorophenyl)ethenyl]-2,2-dimethylcyclopropane-1-carboxylate",CC1(C(C1C(=O)OC(C#N)C2=CC(=C(C=C2)F)OC3=CC=CC=C3)/C=C(/C4=CC=C(C=C4)Cl)\Cl)C,0,-2.621018896752367,0.5197618833203096,-3.0720129156957,-4.827320933994897,1.9943284053641175
Calcium cyanide,[C-]#N.[C-]#N.[Ca+2],0,-4.627071753322283,-5.883079771036712,-0.4719015136608491,0.46734503977579145,-1.8515754586185456
Ammonium Sulfate,[NH4+].[NH4+].[O-]S(=O)(=O)[O-],0,1.5097411114302177,-6.810395057605653,7.270262202705577,-2.0092936789935556,-0.9399707976913837
Copper oxychloride,[OH-].[OH-].[OH-].[Cl-].[Cu+2].[Cu+2],0,-4.821733686297921,-5.020933344340646,0.42793444545149234,-0.8107195868687166,-0.7078371962156922
Lauryldimethylammonium acetate,CCCCCCCCCCCCN(C)C.CC(=O)O,0,-3.808530865025821,0.5505843691668638,2.348496649290146,5.1869765126994,-1.962256293728896
"(1R,2S,3R,5R,6S,7R,8S)-1,6,8,9,10,11,11-Heptachloro-4-oxatetracyclo[6.2.1.02,7.03,5]undec-9-ene",[C@H]12[C@H]([C@@H]([C@H]3[C@@H]1O3)Cl)[C@@]4(C(=C([C@]2(C4(Cl)Cl)Cl)Cl)Cl)Cl,0,-4.49416479377036,0.24990431152158715,-2.0831542500096814,-4.266778568480569,-0.9228681662595544
Propoxycarbazone sodium,CCCOC1=NN(C(=O)N1C)C(=O)[N-]S(=O)(=O)C2=CC=CC=C2C(=O)OC.[Na+],0,10.50640929510259,1.5966416741053246,5.174565620856105,-1.291930691442563,-1.1961551050978387
"(1R,4S,5'S,6R,6'R,8R,10E,12S,13S,14E,16E,20R,21R,24S)-6'-[(2R)-Butan-2-yl]-21,24-dihydroxy-12-[(2R,4S,5S,6S)-5-[(2S,4S,5S,6S)-5-hydroxy-4-methoxy-6-methyloxan-2-yl]oxy-4-methoxy-6-methyloxan-2-yl]oxy-5',11,13,22-tetramethylspiro[3,7,19-trioxatetracyclo[15.6.1.14,8.020,24]pentacosa-10,14,16,22-tetraene-6,2'-oxane]-2-one",CC[C@@H](C)[C@@H]1[C@H](CC[C@@]2(O1)C[C@@H]3C[C@H](O2)C/C=C(/[C@H]([C@H](/C=C/C=C/4\CO[C@H]5[C@@]4([C@@H](C=C([C@H]5O)C)C(=O)O3)O)C)O[C@H]6C[C@@H]([C@H]([C@@H](O6)C)O[C@H]7C[C@@H]([C@H]([C@@H](O7)C)O)OC)OC)\C)C,0,-4.323172774962043,10.165513475522598,4.170399387147164,-1.8905442516243778,-0.7889983338964275
CID 12358497,C1[C@@H]2[C@H]3[C@@H]([C@H]1[C@@H]4[C@H]2O4)[C@]5(C(=C([C@@]3(C5(Cl)Cl)Cl)Cl)Cl)Cl,0,-4.5221336181139575,0.6805932279244074,-1.9341900351140249,-4.215936777378492,-1.0652562686114206
Npc328442,[C@@H]12[C@@H]([C@H](C([C@H]1Cl)Cl)Cl)[C@]3(C(=C([C@@]2(C3(Cl)Cl)Cl)Cl)Cl)Cl,0,-4.463714199806292,-2.1361670720515735,-2.0874678779150044,-2.3174824094435977,-1.4877386754980622
Metaboric acid,B(O)(O)OB(O)OB(O)O,0,-2.2269588202570816,-4.535115003505834,3.667445199075896,-1.186172367952033,-0.332707939745746
"(1R,2R,3R,7S)-1,8,9,10,11,11-hexachlorotetracyclo[6.2.1.13,6.02,7]dodeca-4,9-diene",C1[C@@H]2C=CC1[C@H]3[C@@H]2[C@]4(C(=C(C3(C4(Cl)Cl)Cl)Cl)Cl)Cl,0,-4.370979069682251,-1.918063866085385,-2.1928865418314056,-2.577277799956737,-1.399841964463483
"(4R,7R,10S,13S,15Z,17R,19S)-7-[(2-bromo-1H-indol-3-yl)methyl]-4-(4-hydroxyphenyl)-8,10,13,15,17,19-hexamethyl-1-oxa-5,8,11-triazacyclononadec-15-ene-2,6,9,12-tetrone",C[C@@H]/1C[C@@H](OC(=O)C[C@@H](NC(=O)[C@H](N(C(=O)[C@@H](NC(=O)[C@H](C/C(=C1)/C)C)C)C)CC2=C(NC3=CC=CC=C32)Br)C4=CC=C(C=C4)O)C,0,1.6102764911542469,8.262651178964623,-2.343593542658071,-0.062380327580473204,-0.29650928065126936
2-Ammonio-4-(methylphosphinato)butanoate,CP(=O)(CCC(C(=O)[O-])[NH3+])[O-],0,-1.976481677194789,-0.6108009353069699,3.7507193973658373,3.5677825299737354,0.26115502057187595
3-Acetyl-4-hydroxy-6-methyl-2H-pyran-2-one,CC1=CC(=C(C(=O)O1)C(=O)C)O,0,-2.4497765508932288,0.5525145284742861,-0.5235670158434611,-3.519745820567415,1.33587047120447
"2-Naphthacenecarboxamide, 4-(dimethylamino)-1,4,4a,5,5a,6,11,12a-octahydro-3,5,6,10,12,12a-hexahydroxy-6-methyl-1,11-dioxo-, hydrochloride (1:1), (4S,4aR,5S,5aR,6S,12aS)-",C[C@@]1([C@H]2[C@@H]([C@H]3[C@@H](C(=O)C(=C([C@]3(C(=O)C2=C(C4=C1C=CC=C4O)O)O)O)C(=O)N)N(C)C)O)O.Cl,0,0.7373467207760034,4.783095678671088,-1.4071605189642438,-1.2122296244632569,0.48313981246242577
"Mercurate(1-), hydroxy(4-sulfonatophenyl)-, hydrogen",[H+].C1=CC(=CC=[C-]1)S(=O)(=O)[O-].[OH-].[Hg+2],0,2.510686317319702,-7.443588034677663,8.334363462310321,-4.078506410491425,-0.6376834293901217
Calcium oxytetracycline,C[C@@]1([C@H]2[C@@H]([C@H]3[C@@H](C(=O)C(=C([C@]3(C(=O)C2=C(C4=C1C=CC=C4[O-])[O-])O)O)C(=O)N)N(C)C)O)O.[Ca+2],0,0.38068232960258724,4.012911454737739,-0.25505882427933924,-0.9050954612454455,0.647016380552341
Griseofulvin,C[C@@H]1CC(=O)C=C([C@]12C(=O)C3=C(O2)C(=C(C=C3OC)OC)Cl)OC,0,-2.4385206226421103,3.9699513781866003,-0.6630545068915511,-5.036139103560995,1.4351471878011481
CID 441748,CCN1C[C@@]2(CC[C@@H]([C@@]34[C@@H]2[C@@H]([C@@](C31)([C@]5(C[C@@H]([C@H]6C[C@@H]4[C@@H]5[C@H]6OC)OC)O)O)OC)OC)COC(=O)C7=CC=CC=C7N8C(=O)CC(C8=O)C,0,1.6095072570048827,10.506657504402142,0.9655579935282608,4.070605389427042,-0.8926070163892489
Azadirachtin A+B,CC=C(C)C(=O)O[C@H]1C[C@H]([C@]2(CO[C@@H]3[C@@H]2[C@]14CO[C@@]([C@H]4[C@]([C@@H]3O)(C)[C@@]56[C@@H]7C[C@H]([C@@]5(O6)C)[C@]8(C=CO[C@H]8O7)O)(C(=O)OC)O)C(=O)OC)OC(=O)C,0,-4.004844020145831,9.279837772151735,3.1100945443964347,-3.485158341361526,-0.5619947644640111
7-Dehydrocholesterol,C[C@H](CCCC(C)C)[C@H]1CC[C@@H]2[C@@]1(CC[C@H]3C2=CC=C4[C@@]3(CC[C@@H](C4)O)C)C,0,-5.480844082688418,4.9930282747722785,2.3183948445655416,-0.6248465439431253,-1.075254447193834
Strychnine,C1CN2CC3=CCO[C@H]4CC(=O)N5[C@H]6[C@H]4[C@H]3C[C@H]2[C@@]61C7=CC=CC=C75,0,0.10728861373084785,6.997749195377,-0.6826618228068078,1.5800470984183128,-1.5148789843763693
Digitoxin,C[C@@H]1[C@H]([C@H](C[C@@H](O1)O[C@@H]2[C@H](O[C@H](C[C@@H]2O)O[C@@H]3[C@H](O[C@H](C[C@@H]3O)O[C@H]4CC[C@]5([C@@H](C4)CC[C@@H]6[C@@H]5CC[C@]7([C@@]6(CC[C@@H]7C8=CC(=O)OC8)O)C)C)C)C)O)O,0,-4.285585302420794,9.220022211817511,3.481600099381493,-1.7245375888362389,-0.5800746926512176
"(2S)-4-((2S,13R)-2,13-Dihydroxy-13-((2R,5R)-5-((2R,5R)-5-((1R)-1-Hydroxyundecyl)Oxolan-2-Yl)Oxolan-2-Yl)Tridecyl)-2-Methyl-2H-Furan-5-One",CCCCCCCCCC[C@H]([C@H]1CC[C@@H](O1)[C@H]2CC[C@@H](O2)[C@@H](CCCCCCCCCC[C@@H](CC3=C[C@@H](OC3=O)C)O)O)O,0,-4.970347590073353,6.335824375458509,3.2806961735867097,-0.28254807131454707,-0.5040262744381283
Scilliroside,CC(=O)O[C@@H]1C[C@@]2([C@H](CC[C@]3([C@@]2(CC[C@@H]3C4=COC(=O)C=C4)O)C)[C@@]5(C1=C[C@H](CC5)O[C@H]6[C@@H]([C@H]([C@@H]([C@H](O6)CO)O)O)O)C)O,0,-3.931717039707743,10.283096011604348,3.6950430686969096,-1.5019515450072005,-0.4380841795465141
alpha-Cubebene,C[C@@H]1CC[C@H]([C@H]2[C@]13[C@@H]2C(=CC3)C)C(C)C,0,-5.502602532104819,2.048482398691093,1.424916917099987,0.06788441025762489,-2.7948606109209178
Bispyribac,COC1=CC(=NC(=N1)OC2=C(C(=CC=C2)OC3=NC(=CC(=N3)OC)OC)C(=O)O)OC,0,2.2569197373490706,2.0686641436700195,-3.1808419060444844,-2.7380750506320166,-0.37496876069560103
Sodium Arsenite,[O-][As]=O.[Na+],0,-4.43959923909475,-6.16726371785541,1.8209906349431855,-0.1842219668117846,-0.17998113513338942
Fumaric Acid,C(=C/C(=O)O)\C(=O)O,0,-4.349729526111472,-2.3846108266955217,1.0944279783481545,-1.3591125616645425,-0.5671755011349527
Oleic Acid,CCCCCCCC/C=C\CCCCCCCC(=O)O,0,-5.956408013636358,0.9261000272739962,2.9442443193498757,2.1094710302670596,-1.4098596520985616
"(1R,4S,5'S,6R,6'R,8R,10E,13S,14E,16E,20R,21R,24S)-6'-[(2S)-butan-2-yl]-21,24-dihydroxy-12-[(2R,4S,5S,6S)-5-[(2S,4S,5S,6S)-5-hydroxy-4-methoxy-6-methyloxan-2-yl]oxy-4-methoxy-6-methyloxan-2-yl]oxy-5',11,13,22-tetramethylspiro[3,7,19-trioxatetracyclo[15.6.1.14,8.020,24]pentacosa-10,14,16,22-tetraene-6,2'-oxane]-2-one",CC[C@H](C)[C@@H]1[C@H](CC[C@@]2(O1)C[C@@H]3C[C@H](O2)C/C=C(/C([C@H](/C=C/C=C/4\CO[C@H]5[C@@]4([C@@H](C=C([C@H]5O)C)C(=O)O3)O)C)O[C@H]6C[C@@H]([C@H]([C@@H](O6)C)O[C@H]7C[C@@H]([C@H]([C@@H](O7)C)O)OC)OC)\C)C,0,-4.323172774962043,10.165513475522598,4.170399387147164,-1.8905442516243778,-0.7889983338964275
alpha-Cyhalothrin,CC1(C(C1C(=O)OC(C#N)C2=CC(=CC=C2)OC3=CC=CC=C3)C=C(C(F)(F)F)Cl)C,0,-2.6044197754536476,0.3527410866477951,-2.509600257264523,-4.475380633652619,1.4992131912575462
Neofos 2,CC(=CC1C(C1(C)C)C(=O)OCN2C(=O)C3=C(C2=O)CC=CC3)C.COP(=O)(OC)OC=C(Cl)Cl,0,0.3996027251061776,5.153951124355683,1.3839957083396144,-0.2871055312839065,0.15648812823858704
Farnesol,CC(=CCC/C(=C/CC/C(=C/CO)/C)/C)C,0,-5.966889493350602,1.172540481263392,2.8947078103163815,2.435856747799237,-2.2239886841037895
2-(Phosphonomethylamino)acetic acid; propan-2-amine,CC(C)[NH3+].C(C(=O)[O-])NCP(=O)(O)O,0,-0.29928244070890375,-1.549299817949732,4.448630824053767,4.093900293724084,-0.9410272897298392
Selenium,[Se],0,-5.060386826145722,-5.327746663025172,0.002761659417723499,0.0563233071970356,-2.176255194036235
Tyrothricin,CC(C)C[C@H]1C(=O)N[C@@H](C(=O)N2CCC[C@H]2C(=O)N[C@H](C(=O)N[C@@H](C(=O)[C@@H](NC(=O)[C@@H](N[C@H](C(=O)N[C@H](C(=O)N[C@H](C(=O)N1)CCCN)C(C)C)CC3=CC=C(C=C3)O)CCC(=O)O)CC(=O)N)CC4=CC=CC=C4)CC5=CC=CC=C5)CC6=CC=CC=C6,0,1.7791800939686195,6.964496060073535,-0.4067308068206864,4.364890054951371,-1.5216645880672242
Phosphinidene,[PH],0,-4.686286199934342,-4.8926665942771566,-0.22981062505683864,0.16095240009214962,-2.078422991452194
"((1S)-2-methyl-4-oxo-3-((2E)-penta-2,4-dienyl)cyclopent-2-en-1-yl) (1R,3R)-3-((E)-3-methoxy-2-methyl-3-oxo-prop-1-enyl)-2,2-dimethyl-cyclopropanecarboxylate",CC1=C(C(=O)C[C@@H]1OC(=O)[C@@H]2[C@H](C2(C)C)/C=C(\C)/C(=O)OC)C/C=C/C=C,0,-4.567614377212726,3.8169225183748963,2.792274757303024,-2.1021150417945873,0.2535950480994268
Mercury oleate,CCCCCCCC/C=C\CCCCCCCC(=O)[O-].CCCCCCCC/C=C\CCCCCCCC(=O)[O-].[Hg+2],0,-5.571355116973962,-0.6596597935434954,3.9655526650335564,1.4825765752978037,-0.48434138619739325
"(3E,5E)-1,3,5-Decatriene",CCCC/C=C/C=C/C=C,0,-5.413514256770508,-2.564364642832064,1.0783301727753771,1.7561320394762978,-2.4196216819941494
"N-Oleyl-1,3-propylenediamine 2,4-dichlorophenoxyacetate",CCCCCCCC/C=C\CCCCCCCCNCCCN.C1=CC(=C(C=C1Cl)Cl)OCC(=O)O,0,-2.7142799258163226,4.562532325356873,0.6613599314351314,2.900569897620562,0.3258628276963035
"(Z,Z)-11,13-Hexadecadienal",CC/C=C\C=C/CCCCCCCCCC=O,0,-5.270952213889575,-1.8619113643424505,1.3294839998633472,1.5078493698477264,-1.9308656095543666
Strobilurin A,C/C(=C/C=C/C1=CC=CC=C1)/C(=C\OC)/C(=O)OC,0,-3.9129927975407117,-0.3198318809550409,0.29262552682394993,-1.9442794726283148,-0.3059733127827549
Chimeric small nucleolar RNA-TAR decoy,CCN1CC2(CCC(C34C2[C@@H]([C@](C31)([C@]5(CC(C6CC4C5C6OC)OC)O)O)OC)OC)COC(=O)C7=CC=CC=C7N8C(=O)CC(C8=O)C,0,1.6095072570048827,10.506657504402142,0.9655579935282608,4.070605389427042,-0.8926070163892489
Milbemycin D,C[C@H]1CC[C@]2(C[C@@H]3C[C@H](O2)C/C=C(/C[C@H](/C=C/C=C/4\CO[C@H]5[C@@]4([C@@H](C=C([C@H]5O)C)C(=O)O3)O)C)\C)O[C@@H]1C(C)C,0,-4.490984870542465,9.58170850525751,3.594522286991567,-2.2835789094859,-0.9694188791781615
Strobilurin F,CC(=CCOC1=C(C=C(C=C1)/C=C/C=C(/C)\C(=C/OC)\C(=O)OC)O)C,0,-3.656560118646757,3.1570023077455343,1.0083789789737485,-2.828524890748405,1.4700249985849714
RU 39568,CCCCOC(=O)/C=C\[C@H]1[C@H](C1(C)C)C(=O)O[C@H](C#N)C2=CC(=C(C=C2)F)OC3=CC=CC=C3,0,-2.606903338118151,3.0806835138570214,-0.4214465070485885,-2.53885691929353,2.0297542853284782
Milbemycin alpha6,CCCCC(C)C(=O)OC1[C@@H]([C@H](O[C@]2([C@@H]1O)C[C@@H]3C[C@H](O2)C/C=C(/C[C@H](/C=C/C=C/4\CO[C@H]5[C@@]4(C(C=C([C@H]5OC)C)C(=O)O3)O)C)\C)C)C,0,-4.103924236989562,9.888396517858496,4.345550611729339,-1.9539454651092418,-0.4249593481554044
Bromacil-lithium,[Li+].CCC(C)N1C(=O)C(=C([N-]C1=O)C)Br,0,2.783219183686449,0.07329412088998018,-4.104390619571869,1.0432347483533226,-0.9519213292113601
Pharmakon1600-01300027,CCC(C)[C@@H]1[C@H](CC[C@@]2(O1)C[C@@H]3C[C@H](O2)C/C=C(/[C@H]([C@H](/C=C/C=C/4\CO[C@H]5[C@@]4([C@@H](C=C([C@H]5O)C)C(=O)O3)O)C)OC6C[C@@H](C([C@@H](O6)C)O[C@H]7C[C@@H]([C@H]([C@@H](O7)C)O)OC)OC)\C)C,0,-4.323172774962043,10.165513475522598,4.170399387147164,-1.8905442516243778,-0.7889983338964275
Cytoline,CC12[C@H](CC[C@@]3([C@@H]1[C@@H]([C@]45[C@H]3CC[C@H](C4)C(=C)C5)C(=O)O)OC2=O)O.CC12[C@H](C=C[C@@]3([C@@H]1[C@@H]([C@]45[C@H]3CC[C@H](C4)C(=C)C5)C(=O)O)OC2=O)O.C1=CC=C(C=C1)CNC2=NC=NC3=C2NC=N3,0,0.21776360821979135,9.009334066890027,0.9687422059193539,1.124559440393395,-2.1525418274840304
Sodium 2-mercaptobenzothiazole,C1=CC=C2C(=C1)N=C(S2)[S-].[Na+],0,-0.4849130032775899,-3.6600181102169014,-1.1755481640197025,-0.9602936115827928,-4.00847313990983
CID 146158032,[2H]C([2H])([2H])NC(=N[N+](=O)[O-])NCC1=CN=C(S1)Cl,0,5.557180162571097,-1.56923512430229,-1.4998531768234773,5.810561627196796,1.3716546273599177
"(6R,24S)-21,24-dihydroxy-5',11,13,22-tetramethyl-6'-propan-2-ylspiro[3,7,19-trioxatetracyclo[15.6.1.14,8.020,24]pentacosa-10,14,16,22-tetraene-6,2'-oxane]-2-one",CC1CC[C@]2(CC3CC(O2)CC=C(CC(C=CC=C4COC5[C@@]4(C(C=C(C5O)C)C(=O)O3)O)C)C)OC1C(C)C,0,-4.490984870542465,9.58170850525751,3.594522286991567,-2.2835789094859,-0.9694188791781615
Toxaphene,C=C1C(C2(C(C(C1(C2(Cl)Cl)Cl)Cl)Cl)Cl)(CCl)CCl,0,-4.793633033306219,-1.2584906390747914,-1.2693730759708404,-1.2094270528643747,-1.5093607534011935
"(1R,4S,5'S,6R,6'S,8R,10E,12S,13S,14E,16E,20R,21R,24S)-6'-[(2S)-butan-2-yl]-21,24-dihydroxy-12-[(2R,4S,5S,6S)-5-[(2S,4S,5S,6S)-5-hydroxy-4-methoxy-6-methyloxan-2-yl]oxy-4-methoxy-6-methyloxan-2-yl]oxy-5',11,13,22-tetramethylspiro[3,7,19-trioxatetracyclo[15.6.1.14,8.020,24]pentacosa-10,14,16,22-tetraene-6,2'-oxane]-2-one",CC[C@H](C)[C@H]1[C@H](CC[C@@]2(O1)C[C@@H]3C[C@H](O2)C/C=C(/[C@H]([C@H](/C=C/C=C/4\CO[C@H]5[C@@]4([C@@H](C=C([C@H]5O)C)C(=O)O3)O)C)O[C@H]6C[C@@H]([C@H]([C@@H](O6)C)O[C@H]7C[C@@H]([C@H]([C@@H](O7)C)O)OC)OC)\C)C,0,-4.323172774962043,10.165513475522598,4.170399387147164,-1.8905442516243778,-0.7889983338964275
"[(1S,2R,3R,4S,5R,6S,8R,9S,13S,16S,17R,18S)-11-Ethyl-8,9-dihydroxy-4,6,16,18-tetramethoxy-11-azahexacyclo[7.7.2.12,5.01,10.03,8.013,17]nonadecan-13-yl]methyl 2-[(3S)-3-methyl-2,5-dioxopyrrolidin-1-yl]benzoate",CCN1C[C@@]2(CC[C@@H]([C@@]34[C@@H]2[C@@H]([C@@](C31)([C@]5(C[C@@H]([C@H]6C[C@@H]4[C@@H]5[C@H]6OC)OC)O)O)OC)OC)COC(=O)C7=CC=CC=C7N8C(=O)C[C@@H](C8=O)C,0,1.6095072570048827,10.506657504402142,0.9655579935282608,4.070605389427042,-0.8926070163892489
Rolliniastatin-2,CCCCCCCCCC[C@@H]([C@H]1CC[C@@H](O1)[C@H]2CC[C@@H](O2)[C@@H](CCCCCCCCCCC(CC3=C[C@@H](OC3=O)C)O)O)O,0,-4.970347590073353,6.335824375458509,3.2806961735867097,-0.28254807131454707,-0.5040262744381283
p-Mercuribenzoate,C1=CC(=CC=C1C(=O)[O-])[Hg],0,-4.364369490102824,-3.939162770323189,-0.5616671014749397,-1.3007207011721114,-0.22335569348416184
[3H]methyllycaconitine,CCN1C[C@@]2(CC[C@@H]([C@@]34[C@@H]2[C@@H]([C@@]([C@H]31)([C@]5(C[C@@H]([C@H]6C[C@@H]4[C@@H]5[C@H]6OC)OC)O)O)OC)OC)COC(=O)C7=CC=CC=C7N8C(=O)C[C@@H](C8=O)C,0,1.6095072570048827,10.506657504402142,0.9655579935282608,4.070605389427042,-0.8926070163892489
Methyl (2E)-(methoxyimino)(2-((((Z)-(1-(3-(trifluoromethyl)phenyl)ethylidene)amino)oxy)methyl)phenyl)acetate,C/C(=N/OCC1=CC=CC=C1/C(=N\OC)/C(=O)OC)/C2=CC(=CC=C2)C(F)(F)F,0,0.7398431627772812,0.2616904170674711,0.009318673811167275,0.6380607006274681,4.8297324831209485
"(4Z)-3-((2-chloro-1,3-thiazol-5-yl)methyl)-5-methyl-N-nitro-1,3,5-oxadiazinan-4-imine",CN\1COCN(/C1=N\[N+](=O)[O-])CC2=CN=C(S2)Cl,0,5.954868124167331,1.0600975309087908,-1.9507490211083909,6.768471494684303,2.5939769340771326
"Bromonitrostyrene, (E)-",C1=CC=C(C=C1)/C=C(\[N+](=O)[O-])/Br,0,-0.9144335512310844,-4.253334546425943,-1.4269128621246798,2.744139981806239,7.232719460981267
Methyl beta-eleostearate,CCCC/C=C/C=C/C=C/CCCCCCCC(=O)OC,0,-5.341685035637663,0.35222583103653593,2.6786671644024085,1.5826839440548826,-1.3865451523465508
Ivermectin (USAN:USP:INN:BAN),CCC(C)[C@@H]1[C@H](CC[C@@]2(O1)CC3C[C@H](O2)C/C=C(/[C@H]([C@H](/C=C/C=C/4\CO[C@H]5[C@@]4([C@@H](C=C([C@H]5O)C)C(=O)O3)O)C)O[C@H]6C[C@@H]([C@H]([C@@H](O6)C)OC7C[C@@H]([C@H]([C@@H](O7)C)O)OC)OC)\C)C.C[C@H]1CC[C@]2(CC3C[C@H](O2)C/C=C(/[C@H]([C@H](/C=C/C=C/4\CO[C@H]5[C@@]4([C@@H](C=C([C@H]5O)C)C(=O)O3)O)C)O[C@H]6C[C@@H]([C@H]([C@@H](O6)C)OC7C[C@@H]([C@H]([C@@H](O7)C)O)OC)OC)\C)O[C@@H]1C(C)C,0,-4.205200735702318,10.255540506165906,4.674839232210421,-1.4935068927184503,-0.8531572404744509
Eprinomectin,C[C@H]1/C=C\C=C/2\CO[C@H]3[C@@]2([C@@H](C=C([C@H]3O)C)C(=O)O[C@H]4C[C@@H](C/C=C(\[C@H]1O[C@H]5C[C@@H]([C@@H]([C@@H](O5)C)O[C@H]6C[C@H]([C@@H]([C@@H](O6)C)NC(=O)C)OC)OC)/C)O[C@]7(C4)C=C[C@@H]([C@H](O7)C(C)C)C)O,0,-1.2518778578181755,9.664907349084395,1.5002096685033535,-2.230822292992244,-0.9865947528053267
"N-2,4-dinitrophenyl (bis)glycine",C1=C(C(=CC(=C1NCC(=O)O)[N+](=O)[O-])[N+](=O)[O-])NCC(=O)O,0,2.4881557186959378,-0.7301070655652271,0.16230716880302964,6.11233966796536,6.973246100977059
Abamectin [ANSI:ISO],CCC(C)[C@@H]1[C@H](C=C[C@@]2(O1)C[C@@H]3C[C@H](O2)C/C=C(/[C@H]([C@H](/C=C/C=C/4\CO[C@H]5[C@@]4([C@@H](C=C([C@H]5O)C)C(=O)O3)O)C)O[C@H]6C[C@@H]([C@H]([C@@H](O6)C)O[C@H]7C[C@@H]([C@H]([C@@H](O7)C)O)OC)OC)\C)C.C[C@H]1/C=C/C=C/2\CO[C@H]3[C@@]2([C@@H](C=C([C@H]3O)C)C(=O)O[C@H]4C[C@@H](C/C=C(/[C@H]1O[C@H]5C[C@@H]([C@H]([C@@H](O5)C)O[C@H]6C[C@@H]([C@H]([C@@H](O6)C)O)OC)OC)\C)O[C@]7(C4)C=C[C@@H]([C@H](O7)C(C)C)C)O,0,-3.898803831552954,9.451751289767053,3.940099462399203,-2.3418233056236994,-0.7452878904586008
"3,5,7-Triaza-1-azoniatricyclo(3.3.1.13,7)decane, 1,1'-(2-butene-1,4-diyl)bis-, chloride (1:2)",C1N2CN3CN1C[N+](C2)(C3)C/C=C/C[N+]45CN6CN(C4)CN(C6)C5.[Cl-].[Cl-],0,-1.4346071459087932,-0.723091971960947,-1.5815725236877665,3.7888375742503926,-3.3991757235989493
Oleyltrimethylammonium chloride,CCCCCCCC/C=C\CCCCCCCC[N+](C)(C)C.[Cl-],0,-4.082030521254824,-0.9219699195950259,1.9307257225311867,6.158349962103897,-2.755714719612465
Acrinathrin,CC1([C@H]([C@H]1C(=O)O[C@H](C#N)C2=CC(=CC=C2)OC3=CC=CC=C3)/C=C\C(=O)OC(C(F)(F)F)C(F)(F)F)C,0,-2.050501335526354,0.34382868479214496,-1.8063712709994157,-4.29062973951065,1.7614800643726964
gamma-Cyhalothrin,CC1([C@H]([C@H]1C(=O)O[C@H](C#N)C2=CC(=CC=C2)OC3=CC=CC=C3)/C=C(/C(F)(F)F)\Cl)C,0,-2.6044197754536476,0.3527410866477951,-2.509600257264523,-4.475380633652619,1.4992131912575462
Strobilurin B,C/C(=C/C=C/C1=CC(=C(C=C1)Cl)OC)/C(=C\OC)/C(=O)OC,0,-3.0629993184398883,0.8303061054847121,-1.295681025480074,-4.1339094461265375,1.8694911758181225
Strobilurin H,C/C(=C/C=C/C1=CC(=CC=C1)OC)/C(=C\OC)/C(=O)OC,0,-3.493771524234731,0.7572593315014319,0.28042458237238904,-3.152129509984417,0.9289593081462075
"(R)-Cyano(3-phenoxyphenyl)methyl (1R,3S)-3-(2,2-dichloroethenyl)-2,2-dimethylcyclopropanecarboxylate",CC1([C@@H]([C@H]1C(=O)O[C@@H](C#N)C2=CC(=CC=C2)OC3=CC=CC=C3)C=C(Cl)Cl)C,0,-3.1536161328648302,0.521375276162634,-2.5015907097204026,-4.566610410868664,1.5995975939993088
Fenfluthrin,CC1([C@@H]([C@H]1C(=O)OCC2=C(C(=C(C(=C2F)F)F)F)F)C=C(Cl)Cl)C,0,-3.92657280193685,-0.20094002373049658,-1.7912661702534094,-2.8544898754557524,0.5809370774944046
Zinc arsenate,[O-][As](=O)([O-])[O-].[O-][As](=O)([O-])[O-].[Zn+2].[Zn+2].[Zn+2],0,-3.3091153573297003,-6.130766908219009,3.593523495887529,-0.3551239542392299,0.43811399144956403
Zinc bis(pentachlorophenolate),C1(=C(C(=C(C(=C1Cl)Cl)Cl)Cl)Cl)[O-].C1(=C(C(=C(C(=C1Cl)Cl)Cl)Cl)Cl)[O-].[Zn+2],0,-3.4008946159647477,-3.4604473129908673,-2.576396991644448,-3.6079946315477702,1.7989223721962069
Mecoprop-trolamine,CC1=C(C=CC(=C1)Cl)OC(C)C(=O)O.C(CO)N(CCO)CCO,0,-2.1307333619349382,3.0846230002916415,0.09335073802580826,2.3426925353255985,1.3775598263262203
"cis-(2-methyl-3-phenylphenyl)methyl (1R,3S)-3-[(E)-2-chloro-3,3,3-trifluoroprop-1-enyl]-2,2-dimethylcyclopropane-1-carboxylate",CC1=C(C=CC=C1C2=CC=CC=C2)COC(=O)[C@@H]3[C@H](C3(C)C)/C=C(\C(F)(F)F)/Cl,0,-3.3494651240008904,0.7702600497965006,-1.4336093825717167,-2.749420683062223,0.17881973447182561
"4,3(2H)-dione, 3a,4,7,7a-tetrahydro-5-(hydroxyphenyl-2-pyridinylmethyl)-8-(phenyl-2-pyridinylmethylene)-",C1=CC=C(C=C1)/C(=C/2\C3C=C(C2C4C3C(=O)NC4=O)C(C5=CC=CC=C5)(C6=CC=CC=N6)O)/C7=CC=CC=N7,0,0.23941360637619516,3.579575270486395,-2.3256054693737185,-3.152155768206069,-1.3803415937519774
Quizalofop-p-ethyl,CCOC(=O)[C@@H](C)OC1=CC=C(C=C1)OC2=CN=C3C=C(C=CC3=N2)Cl,0,0.21944040693062394,3.1211497233213876,-3.3196780282007525,-2.2364584772745246,0.11847515809274287
Methoquin-butyl,CCCCOC(=O)C1=C(C=NC2=CC=CC=C21)C,0,-2.259271123123107,2.1113687710039315,-0.6730813215947882,-0.1828562563959081,-1.0474629954724886
Copper arsenate hydroxide (Cu2(AsO4)(OH)),[OH-].[O-][As](=O)([O-])[O-].[Cu+2].[Cu+2],0,-3.612514351527518,-6.021152452553564,3.4867547744057785,-0.430216174248504,0.3970547113661893
Dicyclanil,C1CC1NC2=NC(=C(C(=N2)N)C#N)N,0,1.0972103171845187,-1.182946404553681,-4.020093225372416,1.6595687325708492,-3.8832406721362043
"(1R,4S,5'S,6R,6'R,8R,12S,13S,20R,21R,24S)-6'-[(2S)-butan-2-yl]-21,24-dihydroxy-12-[(2R,4S,5S,6S)-5-[(2S,4S,5S,6S)-5-hydroxy-4-methoxy-6-methyloxan-2-yl]oxy-4-methoxy-6-methyloxan-2-yl]oxy-5',11,13,22-tetramethylspiro[3,7,19-trioxatetracyclo[15.6.1.14,8.020,24]pentacosa-10,14,16,22-tetraene-6,2'-oxane]-2-one",CC[C@H](C)[C@@H]1[C@H](CC[C@@]2(O1)C[C@@H]3C[C@H](O2)CC=C([C@H]([C@H](C=CC=C4CO[C@H]5[C@@]4([C@@H](C=C([C@H]5O)C)C(=O)O3)O)C)O[C@H]6C[C@@H]([C@H]([C@@H](O6)C)O[C@H]7C[C@@H]([C@H]([C@@H](O7)C)O)OC)OC)C)C,0,-4.323172774962043,10.165513475522598,4.170399387147164,-1.8905442516243778,-0.7889983338964275
"(R)-cyano(3-phenoxyphenyl)methyl (1S,3S)-3-(2,2-dichloroethenyl)-2,2-dimethylcyclopropanecarboxylate",CC1([C@@H]([C@@H]1C(=O)O[C@@H](C#N)C2=CC(=CC=C2)OC3=CC=CC=C3)C=C(Cl)Cl)C,0,-3.1536161328648302,0.521375276162634,-2.5015907097204026,-4.566610410868664,1.5995975939993088
"2,4-Dinitro-6-(1'-methylheptyl)phenol",CCCCCCC(C)C1=C(C(=CC(=C1)[N+](=O)[O-])[N+](=O)[O-])O,0,1.330952794506968,1.1384861630704686,1.5803920689458772,4.6790344988616654,8.961890321222567
Azithiram,CN(C)NC(=S)SSC(=S)NN(C)C,0,1.2731822221458968,-4.999336363313503,1.6437658051704356,2.979334047952715,-3.686935912055638
Oxine-copper,C1=CC2=C(C(=C1)[O-])N=CC=C2.C1=CC2=C(C(=C1)[O-])N=CC=C2.[Cu+2],0,-1.5230224638475829,-1.4365023289134178,-2.513249225310574,-2.4420805438070756,-0.3756309601605885
Phenylmercury dimethyldithiocarbamate,CN(C)C(=S)[S-].C1=CC=[C-]C=C1.[Hg+2],0,-1.242892900233082,-5.0926189086940195,-0.29794397685926494,2.337211850859575,-2.6893396510068954
Nithiazine,C1CN/C(=C\[N+](=O)[O-])/SC1,0,1.4736653547217244,-0.8377059780605638,0.8169721605382629,7.83911912956588,3.9726106206561136
"Manganese, (N-(2-((dithiocarboxy)amino)ethyl)carbamodithioato(2-)-kappaS,kappaS')-, mixt. with C,C'-dimethyl N,N'-(1,2-phenylenebis(iminocarbonothioyl))bis(carbamate) and (N-(2-((dithiocarboxy)amino)ethyl)carbamodithioato(2-)-kappaS,kappaS')zinc",COC(=O)NC(=S)NC1=CC=CC=C1NC(=S)NC(=O)OC.C(CNC(=S)[S-])NC(=S)[S-].C(CNC(=S)[S-])NC(=S)[S-].[Mn+2].[Zn+2],0,2.124961786685519,-1.016232742541846,1.0273639598655078,4.592637167964193,-2.269098164151293
Tecoram,CN(C)C(=S)SSC(=S)NCCNC(=S)SSC(=S)N(C)C,0,0.510893067462038,-3.121578386218662,2.5832263650739233,7.366352798770321,-4.8435320861580795
Nitenpyram,CCN(CC1=CN=C(C=C1)Cl)/C(=C/[N+](=O)[O-])/NC,0,2.6597028130785794,-0.6095178659577392,-1.997168474406974,6.518398889642983,4.855683637140843
Methiuron,CC1=CC(=CC=C1)NC(=S)N(C)C,0,0.7626299223657668,-3.6394549351266883,-1.7223680329350957,3.1038858459753027,-3.4251021997724482
Benazolin-ethyl,CCOC(=O)CN1C2=C(C=CC=C2Cl)SC1=O,0,2.0081585691947397,3.1329404861879926,-2.460351988783468,0.6702878092947958,-1.1010981072552022
Diammonium ethylenebis(dithiocarbamate),C(CNC(=S)S)NC(=S)S.N.N,0,-1.4496499208200504,-2.8847890680320183,1.5549341056505732,5.674177386737138,-4.76530887730886
Piproctanyl bromide,CC(C)CCCC(C)CC[N+]1(CCCCC1)CC=C.[Br-],0,-3.1131918561791365,0.5326599880259094,0.6820477049052325,5.958486147180877,-3.0985850132551387
Metam,CNC(=S)S,0,-1.3983451310840875,-4.813867331444151,0.18953136042465193,1.2560177144315634,-3.9387688196434483
"2(3H)-Benzothiazolethione, compd. with 2-aminoethanol (1:1)",C1=CC=C2C(=C1)NC(=S)S2.C(CO)N,0,1.2806295538626895,0.4523118492385119,0.4064413160008792,3.194883889800464,-4.867218107736859
"Manganese, (N-(2-((dithiocarboxy)amino)ethyl)carbamodithioato(2-)-kappaS,kappaS')-, mixt. with C,C'-dimethyl N,N'-(1,2-phenylenebis(iminocarbonothioyl))bis(carbamate)",COC(=O)NC(=S)NC1=CC=CC=C1NC(=S)NC(=O)OC.C(CNC(=S)[S-])NC(=S)[S-].[Mn+2],0,2.2482977573925895,-0.7093671591663999,0.8586374606931223,4.610164639083005,-2.247900278977535
"11-Tetradecen-1-ol, (11E)-",CC/C=C/CCCCCCCCCCO,0,-5.757308325689697,0.17605803469413342,2.61392629028683,2.9025171751017904,-1.959092648184191
S-Methoprene,C[C@@H](CCCC(C)(C)OC)C/C=C/C(=C/C(=O)OC(C)C)/C,0,-5.575572755767939,2.2448114271633024,3.346891460022743,0.3377388734335737,-1.0868374013702544
Potassium o-phenylphenate,C1=CC=C(C=C1)C2=CC=CC=C2[O-].[K+],0,-3.5818726406794834,-3.1683184055644134,-1.7991573761766657,-2.98593184354527,1.0798484460274214
Sodium 3-(3-ethylcyclopentyl)propanoate,CCC1CCC(C1)CCC(=O)[O-].[Na+],0,-5.594469361849798,-1.2993064291233318,2.3431750053564886,1.0687753011333763,-0.9152482176595421
"Sulfamic acid, monopotassium salt",NS(=O)(=O)[O-].[K+],0,2.765081938183572,-7.937015411426359,7.607588801190128,-2.236714125090973,-0.9396449666957196
3-Chloro-2-biphenylol sodium,C1=CC=C(C=C1)C2=C(C(=CC=C2)Cl)[O-].[Na+],0,-3.4518279958222386,-3.377554876073852,-3.07754167414598,-3.6385521125230587,1.5058641562509525
Proxan-sodium,CC(C)OC(=S)[S-].[Na+],0,-3.765572832854222,-4.92270604583557,1.5212112271043903,-0.662951757124142,-1.6459093430717038
"Benzenesulfonic acid, methyl-, potassium salt (1:1)",CC1=CC=CC=C1S(=O)(=O)[O-].[K+],0,2.8463868483599297,-7.293222890058861,7.663321397179461,-4.227794456464184,-0.4488770512581921
Sodium Perborate Monohydrate,B(=O)O[O-].O.[Na+],0,-4.211839307152067,-5.12553775612256,2.648755279283299,-1.1526166010064072,0.7460733748100492
"Potassium 3,4-dichloro-5-isothiazolecarboxylate",C1(=C(SN=C1Cl)C(=O)[O-])Cl.[K+],0,0.9194648932155259,-3.0991301288727255,-1.0842903787029812,-2.430690585575596,-0.9241631892658059
Acrofol,C(=C\Cl)\C(=O)[O-].[Na+],0,-5.282352887481409,-4.47118046083926,0.07754079681240157,-1.3068130046187867,-0.56061208149614
Potassium Iodate,[O-]I(=O)=O.[K+],0,-3.4902143544511715,-6.933763125286492,2.201726326108901,-0.8289794205994624,0.27054770486727237
Thiosultap-monosodium,CN(C)C(CSS(=O)(=O)O)CSS(=O)(=O)[O-].[Na+],0,2.3750459841441853,-5.610900189441911,9.409636272616444,1.26526998027287,-1.784460943704633
Sodium 4-(2-methylbutan-2-yl)phenolate,CCC(C)(C)C1=CC=C(C=C1)[O-].[Na+],0,-4.0797253247284395,-2.1129027032171215,0.01954213025432499,-1.146851481637682,-0.04860331114421088
Potassium 4-(2-methylbutan-2-yl)phenolate,CCC(C)(C)C1=CC=C(C=C1)[O-].[K+],0,-4.0797253247284395,-2.1129027032171215,0.01954213025432499,-1.146851481637682,-0.04860331114421088
"3,5-Dichloro-2-biphenylol potassium salt",C1=CC=C(C=C1)C2=C(C(=CC(=C2)Cl)Cl)[O-].[K+],0,-3.4518279958222386,-3.377554876073852,-3.07754167414598,-3.6385521125230587,1.5058641562509525
"Sodium 2-(2,4,5-trichlorophenoxy)propionate",CC(C(=O)[O-])OC1=CC(=C(C=C1Cl)Cl)Cl.[Na+],0,-3.6015477824585562,-2.1945053462125768,-1.8138038655153903,-3.9278504651590977,2.267347534929664
Sodium nitriloacetate,C(C(=O)O)N(CC(=O)O)CC(=O)[O-].[Na+],0,-3.3583623903843765,-1.8831952073828382,2.0517669181584353,2.833896330525778,-0.4282868623239646
Sodium cresylate,CC1=CC=CC=C1[O-].[Na+],0,-3.8265175126879782,-3.463981959022832,-1.1978452133048023,-2.301654572582254,0.8629387968145947
Fluoressigaeure,C(C(=O)O)F.[Na+],0,-5.13730944975845,-3.6087670382591557,0.7989548810358842,-0.35829824322905,-0.46372231563459854
Difenacoum,C1C(CC2=CC=CC=C2C1C3=C(C4=CC=CC=C4OC3=O)O)C5=CC=C(C=C5)C6=CC=CC=C6,0,-2.926908904227558,1.7795662236382646,-1.284564331574505,-4.180659332441568,1.0172603968528624
Coumatetralyl,C1CC(C2=CC=CC=C2C1)C3=C(C4=CC=CC=C4OC3=O)O,0,-3.1059755456169382,2.2699550553753416,-0.7910861955534286,-3.5925684794684516,0.9331774914725403
Coumafuryl,CC(=O)CC(C1=CC=CO1)C2=C(C3=CC=CC=C3OC2=O)O,0,-2.2055192558681243,3.5371806504830903,-0.2035205630240996,-3.944283856256243,0.8718604132772183
Strobilurin C,CC(=CCOC1=CC=CC(=C1)/C=C/C=C(/C)\C(=C/OC)\C(=O)OC)C,0,-3.7122171811016904,1.9138847365378462,0.9546693250833713,-2.3627113979847643,0.7645470154910294
Para-chloromercuriphenol,C1=CC(=CC=C1O)[Hg+].[Cl-],0,-4.253195111462638,-3.943423326684014,-1.4507335323714876,-2.336210319394991,0.6293459995498889
"(1'R,2R,3S,4'S,6S,8'R,10'Z,12'S,13'S,14'Z,16'Z,20'R,21'R,24'S)-2-cyclohexyl-21',24'-dihydroxy-12'-[(2R,4S,5S,6S)-5-[(2S,4S,5S,6S)-5-hydroxy-4-methoxy-6-methyloxan-2-yl]oxy-4-methoxy-6-methyloxan-2-yl]oxy-3,11',13',22'-tetramethylspiro[2,3-dihydropyran-6,6'-3,7,19-trioxatetracyclo[15.6.1.14,8.020,24]pentacosa-10,14,16,22-tetraene]-2'-one",C[C@H]1/C=C\C=C/2\CO[C@H]3[C@@]2([C@@H](C=C([C@H]3O)C)C(=O)O[C@H]4C[C@@H](C/C=C(\[C@H]1O[C@H]5C[C@@H]([C@H]([C@@H](O5)C)O[C@H]6C[C@@H]([C@H]([C@@H](O6)C)O)OC)OC)/C)O[C@]7(C4)C=C[C@@H]([C@H](O7)C8CCCCC8)C)O,0,-4.145834140537197,9.798520051331279,3.425958716768908,-2.8225949198507614,-0.7744642580590241
"(1'R,2R,3S,4'S,6S,8'R,10'Z,12'S,13'S,14'Z,16'Z,20'R,21'R,24'S)-2-[(2S)-butan-2-yl]-21',24'-dihydroxy-12'-[(2R,4S,5S,6S)-4-methoxy-5-[(2S,4S,5R,6S)-4-methoxy-6-methyl-5-(methylamino)oxan-2-yl]oxy-6-methyloxan-2-yl]oxy-3,11',13',22'-tetramethylspiro[2,3-dihydropyran-6,6'-3,7,19-trioxatetracyclo[15.6.1.14,8.020,24]pentacosa-10,14,16,22-tetraene]-2'-one",CC[C@H](C)[C@@H]1[C@H](C=C[C@@]2(O1)C[C@@H]3C[C@H](O2)C/C=C(\[C@H]([C@H](/C=C\C=C/4\CO[C@H]5[C@@]4([C@@H](C=C([C@H]5O)C)C(=O)O3)O)C)O[C@H]6C[C@@H]([C@H]([C@@H](O6)C)O[C@H]7C[C@@H]([C@@H]([C@@H](O7)C)NC)OC)OC)/C)C,0,-2.383989492799315,9.708525945301506,2.4459032591799357,-1.5323579884880867,-0.6503792346533694
"(1R,4S,5'S,6R,6'S,8R,10E,13R,16E,20R,21R,24S)-21,24-dihydroxy-4'-methoxyimino-5',11,13,22-tetramethyl-6'-[(E)-4-methylpent-2-en-2-yl]spiro[3,7,19-trioxatetracyclo[15.6.1.14,8.020,24]pentacosa-10,14,16,22-tetraene-6,2'-oxane]-2-one",C[C@@H]1C/C(=C/C[C@@H]2C[C@@H](C[C@@]3(O2)CC(=NOC)[C@@H]([C@H](O3)/C(=C/C(C)C)/C)C)OC(=O)[C@@H]4C=C([C@H]([C@@H]5[C@]4(/C(=C/C=C1)/CO5)O)O)C)/C,0,-1.3669864598827917,9.721788207440987,3.2365881560297205,-0.2520039721988934,2.9307699895894745
"Methyllycaconitine Perchlorate, Delphinium sp.",CCN1CC2(CCC(C34C2C(C(C31)(C5(CC(C6CC4C5C6OC)OC)O)O)OC)OC)COC(=O)C7=CC=CC=C7N8C(=O)CC(C8=O)C,0,1.6095072570048827,10.506657504402142,0.9655579935282608,4.070605389427042,-0.8926070163892489
"1,3-Oxazolidine",C1COCN1,0,-2.4493612784348526,1.6616790566861885,0.24469545451208294,4.491534662004671,-3.5194285184069294
Potassium nitrite,N(=O)[O-].[K+],0,-2.7752782776298335,-6.151944865401023,1.3407736471042522,2.0921945155259913,4.597075026820106
Dalapon sodium,CC(C(=O)[O-])(Cl)Cl.[Na+],0,-4.798989591305151,-4.482196405144074,-0.06093376081388267,-1.4541185078699743,-0.4840560877117845
Fenoprop-isoctyl,CC(C)CCCCCOC(=O)C(C)OC1=CC(=C(C=C1Cl)Cl)Cl,0,-3.913365512122301,2.6366251202547386,0.090440835172294,-1.119769730609758,1.4361295421276443
Potassium thiocyanate,C(#N)[S-].[K+],0,-4.464232292657869,-6.179096728637615,-0.10572115337771665,0.37967574501298584,-2.304044067127896
Sodium Bicarbonate,C(=O)(O)[O-].[Na+],0,-4.896724408683576,-4.520642316317663,1.084226429327754,-1.1099159624568478,-0.16807296519113687
Potassium bisulfate,OS(=O)(=O)[O-].[K+],0,0.5764422448607077,-7.619271515788451,8.378838457109204,-3.110633617864856,-0.4600578410653144
Potassium Bicarbonate,C(=O)(O)[O-].[K+],0,-4.896724408683576,-4.520642316317663,1.084226429327754,-1.1099159624568478,-0.16807296519113687
Sodium Acetate,CC(=O)[O-].[Na+],0,-5.007090850495543,-4.393063458140568,0.6485555040155501,-0.8135679068270357,-0.7931104472932089
Dioctyl Sodium Sulfosuccinate,CCCCCCCCOC(=O)CC(C(=O)OCCCCCCCC)S(=O)(=O)[O-].[Na+],0,0.3966886198096041,-2.7104676584663987,11.869497847679911,-0.6058103784450366,-0.5530032188782931
Sodium thiocyanate,C(#N)[S-].[Na+],0,-4.464232292657869,-6.179096728637615,-0.10572115337771665,0.37967574501298584,-2.304044067127896
Potassium Permanganate,[O-][Mn](=O)(=O)=O.[K+],0,-3.1409473075772816,-6.124260357329936,3.3638440848240223,-0.04128128058161142,0.2259058280846091
Sodium Bisulfate,OS(=O)(=O)[O-].[Na+],0,0.5764422448607077,-7.619271515788451,8.378838457109204,-3.110633617864856,-0.4600578410653144
Sodium Benzoate,C1=CC=C(C=C1)C(=O)[O-].[Na+],0,-4.5138119751797365,-4.157259103459971,-0.4322325196858612,-1.439393103689755,-0.18446055427825186
Ammonium Carbonate,C(=O)([O-])[O-].[NH4+].[NH4+],0,-3.553492510663881,-3.824035220478979,0.28884439300747744,-0.1647845262791928,-0.749974776343785
"2,4-DB isooctyl ester",CC(C)CCCCCOC(=O)CCCOC1=C(C=C(C=C1)Cl)Cl,0,-3.893809323936471,2.1370755275084545,0.10828916829641222,-0.669684457876289,1.378611721585352
Vamidothion,CC(C(=O)NC)SCCSP(=O)(OC)OC,0,0.1444073542457153,-1.087432653266562,4.762362399369276,2.5437007505081093,-1.0707743082775956
"(1aR,4E,6R,6aR,9aS,10aR)-6-(Acetyloxy)-1a,3,6,6a,7,9a,10,10a-octahydro-4,10a-dimethyl-7-methyleneoxireno(8,9)cyclodeca(1,2-b)furan-8(2H)-one",C/C/1=C\[C@H]([C@H]2[C@H](C[C@@]3([C@H](O3)CC1)C)OC(=O)C2=C)OC(=O)C,0,-4.793984955835513,6.540807322944736,3.3060653709766523,-2.6874526266200336,-0.43351216510844276
cinerin II,C/C=C\CC1=C([C@H](CC1=O)OC(=O)[C@@H]2[C@H](C2(C)C)/C=C(\C)/C(=O)OC)C,0,-4.422162974561718,3.629206460872181,2.6737181361083113,-2.1811688649455214,0.28323233082693466
Discipline,CC1=C(C=CC=C1C2=CC=CC=C2)COC(=O)C3C(C3(C)C)/C=C(/C(F)(F)F)\Cl,0,-3.3494651240008904,0.7702600497965006,-1.4336093825717167,-2.749420683062223,0.17881973447182561
"5-Decen-1-ol, (5E)-",CCCC/C=C/CCCCO,0,-5.88919690588562,0.46260022790246685,2.843040655473942,3.1187175534484397,-2.0382641987361834
Di-allate,CC(C)N(C(C)C)C(=O)SC/C(=C/Cl)/Cl,0,-1.5626879434358898,-2.5753900218748798,-1.0642632233476896,2.20894730101048,-2.9280147709106967
Zineb,C(CNC(=S)[S-])NC(=S)[S-].[Zn+2],0,-1.9664102020047676,-4.519063708358616,1.5235755193376463,5.503492490042562,-4.143503852202734
Vinylene bisthiocyanate,C(=C/SC#N)\SC#N,0,-3.8761934418814716,-4.717400740772692,-0.7585072107463771,0.5634004939096785,-2.733413495347041
Emamectin,CC[C@H](C)C1[C@H](C=C[C@@]2(O1)C[C@@H]3C[C@H](O2)C/C=C(/[C@H]([C@H](/C=C/C=C/4\CO[C@H]5[C@@]4([C@@H](C=C([C@H]5O)C)C(=O)O3)O)C)O[C@H]6C[C@@H]([C@H]([C@@H](O6)C)O[C@H]7C[C@@H]([C@@H]([C@@H](O7)C)NC)OC)OC)\C)C,0,-2.383989492799315,9.708525945301506,2.4459032591799357,-1.5323579884880867,-0.6503792346533694
Ethylenebis(dithiocarbamate),C(CNC(=S)[S-])NC(=S)[S-],0,-1.5543728953208773,-3.665727334829325,0.9775613395417835,5.601192393575926,-4.103790543001029
Picramic Acid,C1=C(C=C(C(=C1N)O)[N+](=O)[O-])[N+](=O)[O-],0,2.555040124779155,-1.8626206538266126,-0.6789141941378943,2.547818433629277,8.795008219447253
Lead(IV) arsenate (3:4),[O-][As](=O)([O-])[O-].[O-][As](=O)([O-])[O-].[O-][As](=O)([O-])[O-].[Pb].[Pb].[Pb].[Pb],0,-3.185779386622631,-5.823901324843566,3.424796996715145,-0.3375964831204147,0.45931187662332296
"Crotonic acid, 3-(((ethylamino)methoxyphosphinothioyl)oxy)-, isopropyl ester",CCNP(=S)(OC)O/C(=C\C(=O)OC(C)C)/C,0,0.835163260495913,-1.0500158882944792,4.647850310786443,1.827987820275393,-1.0990638277143692
"(1R,4S,4'Z,5'S,6R,8R,10E,13R,14E,16E,20R,21R,24S)-21,24-Dihydroxy-4'-methoxyimino-5',11,13,22-tetramethyl-6'-[(E)-4-methylpent-2-en-2-yl]spiro[3,7,19-trioxatetracyclo[15.6.1.14,8.020,24]pentacosa-10,14,16,22-tetraene-6,2'-oxane]-2-one",C[C@@H]\1C/C(=C/C[C@@H]2C[C@@H](C[C@@]3(O2)C/C(=N/OC)/[C@@H](C(O3)/C(=C/C(C)C)/C)C)OC(=O)[C@@H]4C=C([C@H]([C@@H]5[C@]4(/C(=C/C=C1)/CO5)O)O)C)/C,0,-1.3669864598827917,9.721788207440987,3.2365881560297205,-0.2520039721988934,2.9307699895894745
"Gossyplure, (Z,E)-",CCCC/C=C/CC/C=C\CCCCCCOC(=O)C,0,-5.555062797025667,0.7531411186819587,2.934842640070734,1.8627309056045356,-1.2450910038926404
"(1'R,2R,3S,4'S,6S,8'R,10'E,13'S,14'E,16'E,20'R,21'R,24'S)-2-cyclohexyl-21',24'-dihydroxy-12'-[(2R,4S,6S)-5-[(2S,4S,5S,6S)-5-hydroxy-4-methoxy-6-methyloxan-2-yl]oxy-4-methoxy-6-methyloxan-2-yl]oxy-3,11',13',22'-tetramethylspiro[2,3-dihydropyran-6,6'-3,7,19-trioxatetracyclo[15.6.1.14,8.020,24]pentacosa-10,14,16,22-tetraene]-2'-one",C[C@H]1C=C[C@]2(C[C@@H]3C[C@H](O2)C/C=C(/C([C@H](/C=C/C=C/4\CO[C@H]5[C@@]4([C@@H](C=C([C@H]5O)C)C(=O)O3)O)C)O[C@H]6C[C@@H](C([C@@H](O6)C)O[C@H]7C[C@@H]([C@H]([C@@H](O7)C)O)OC)OC)\C)O[C@@H]1C8CCCCC8,0,-4.145834140537197,9.798520051331279,3.425958716768908,-2.8225949198507614,-0.7744642580590241
"(4R,7R,10S,13R,15E,17R,19S)-7-[(2-bromo-1H-indol-3-yl)methyl]-4-(4-hydroxyphenyl)-8,10,13,15,17,19-hexamethyl-1-oxa-5,8,11-triazacyclononadec-15-ene-2,6,9,12-tetrone",C[C@@H]\1C[C@@H](OC(=O)C[C@@H](NC(=O)[C@H](N(C(=O)[C@@H](NC(=O)[C@@H](C/C(=C1)/C)C)C)C)CC2=C(NC3=CC=CC=C32)Br)C4=CC=C(C=C4)O)C,0,1.6102764911542469,8.262651178964623,-2.343593542658071,-0.062380327580473204,-0.29650928065126936
CID 6436601,C/C=C(\C)/C(=O)O[C@H]1C[C@H]([C@]2(CO[C@@H]3[C@@H]2[C@]14CO[C@@]([C@H]4[C@]([C@@H]3O)(C)[C@@]56C7C[C@H]([C@@]5(O6)C)[C@]8(C=CO[C@H]8O7)O)(C(=O)OC)O)C(=O)OC)OC(=O)C,0,-4.004844020145831,9.279837772151735,3.1100945443964347,-3.485158341361526,-0.5619947644640111
Diniconazole,CC(C)(C)C(/C(=C\C1=C(C=C(C=C1)Cl)Cl)/N2C=NC=N2)O,0,2.0055963720722096,0.9942714541763255,-4.755556809603104,-0.05616874395833419,-0.3636541084135655
"9,12-Tetradecadien-1-ol, 1-acetate, (9E,12Z)-",C/C=C\C/C=C/CCCCCCCCOC(=O)C,0,-5.460454194692595,0.2978618700853515,2.544534031762917,1.2810905098538494,-1.2385918659932251
Copper oleate,CCCCCCCC/C=C\CCCCCCCC(=O)[O-].CCCCCCCC/C=C\CCCCCCCC(=O)[O-].[Cu+2],0,-5.571355116973962,-0.6596597935434954,3.9655526650335564,1.4825765752978037,-0.48434138619739325
"Moxidectin, (23Z)-",C[C@@H]\1C/C(=C/C[C@@H]2C[C@@H](C[C@@]3(O2)C/C(=N/OC)/[C@@H]([C@H](O3)/C(=C/C(C)C)/C)C)OC(=O)[C@@H]4C=C([C@H]([C@@H]5[C@]4(/C(=C/C=C1)/CO5)O)O)C)/C,0,-1.3669864598827917,9.721788207440987,3.2365881560297205,-0.2520039721988934,2.9307699895894745
Nitrostyrene,C/C(=C/C1=CC=C(C=C1)SC#N)/[N+](=O)[O-],0,1.1512825388577013,-4.5582547441471215,0.32218807976397573,3.4140369767888568,5.474308627734364
Strobilurin G,CC(=CCO[C@H]1COC2=C(C=C(C=C2)/C=C/C=C(/C)\C(=C/OC)\C(=O)OC)OC1(C)C)C,0,-3.505205705218238,6.257257837865799,1.9363448539545487,-2.8438749789487114,0.4828843269355483
"(5-benzylfuran-3-yl)methyl (1S,3R)-2,2-dimethyl-3-[(E)-(2-oxothiolan-3-ylidene)methyl]cyclopropane-1-carboxylate",CC1([C@@H]([C@@H]1C(=O)OCC2=COC(=C2)CC3=CC=CC=C3)/C=C/4\CCSC4=O)C,0,-2.6671228323920744,4.893426297709267,2.3507176166418917,-2.468436489585139,-0.19428472953009399
"N-Trichloromethylthio-cis-delta(sup 4)-cyclohexene-1,2-dicarboximide",C1C=CC[C@H]2[C@@H]1C(=O)N(C2=O)SC(Cl)(Cl)Cl,0,2.970212563431062,-0.1754007314846059,-0.5621030067452899,-1.9298018665915386,-1.4997203180356042
Milbemycin beta2,CCC1C(CCC2(O1)CC3CC(O2)C/C=C(\CC(/C=C/C=C(\C4(CC(C(=CC4C(=O)O3)C)OC)O)/CO)C)/C)C,0,-4.274056322401881,8.2159242714601,3.948637429483087,-0.4119022200534562,-0.8424484613953146
Triarathene,C1=CC=C(C=C1)C2=C(SC(=C2)C3=CC=C(C=C3)Cl)C4=CC=CC=C4,0,-2.2174967133357657,-2.8453241461213046,-3.2517919929347903,-2.108454383195849,-1.5274344334928414
MCPA-trolamine,CC1=C(C=CC(=C1)Cl)OCC(=O)O.C(CO)N(CCO)CCO,0,-2.316442790062488,3.182616111567082,0.21932350104832113,2.4547224492761703,1.4620531540489394
Ivermectin B1a,CC[C@H](C)[C@@H]1[C@H](CC[C@@]2(O1)C[C@@H]3C[C@H](O2)C/C=C(/[C@H]([C@H](/C=C/C=C/4\CO[C@H]5[C@@]4([C@@H](C=C([C@H]5O)C)C(=O)O3)O)C)O[C@H]6C[C@@H]([C@H]([C@@H](O6)C)O[C@H]7C[C@@H]([C@H]([C@@H](O7)C)O)OC)OC)\C)C,0,-4.323172774962043,10.165513475522598,4.170399387147164,-1.8905442516243778,-0.7889983338964275
"2,4-D Methylamine salt",CN.C1=CC(=C(C=C1Cl)Cl)OCC(=O)O,0,-2.3163387523163363,0.4741664378093629,-1.6616085701513184,-2.0990340578844364,1.4314453650951269
9-Tricosene,CCCCCCCCCCCCC/C=C/CCCCCCCC,0,-5.534683152352404,-1.5573438466896439,1.7840111660492686,2.5472930942793797,-2.5077293741757836
"pyran]-7-yl 4-O-[4-(acetylamino)-2,4,6-trideoxy-3-O-met",CCC(C)C1C(C=CC2(O1)CC3CC(O2)C/C=C(/C(C(/C=C/C=C/4\COC5C4(C(C=C(C5O)C)C(=O)O3)O)C)OC6CC(C(C(O6)C)OC7CC(C(C(O7)C)NC(=O)C)OC)OC)\C)C,0,-1.3861574272245523,10.194994051870184,2.115110147815619,-1.4045482815776242,-0.8725394618442001
Paraclox,C1=CC(=CC=C1C(=O)/C(=N\O)/Cl)O,0,-0.650810293010582,-1.7284625767667383,-1.315332388491781,-1.2505381664257107,4.622756553367081
Tributyltin acetate,CCCC[Sn](CCCC)(CCCC)OC(=O)C,0,-4.859489822313352,-0.3242597495508492,4.856470324364206,3.465089190252904,-1.080390006783122
"(Z)-5,5,12,12-Tetrabutyl-7,10-dioxo-6,11-dioxa-5,12-distannahexadec-8-ene",CCCC[Sn](CCCC)(CCCC)OC(=O)/C=C\C(=O)O[Sn](CCCC)(CCCC)CCCC,0,-4.242621884091328,-0.07909233624016947,5.902901602601331,2.856164648047376,-0.15643679132836144
"Bomyl, (Z)-",COC(=O)C/C(=C/C(=O)OC)/OP(=O)(OC)OC,0,-2.8793730134802837,-0.9787004258573271,4.433242008840106,-0.9086285514523912,0.6777100115214044
Nystatin [USP:INN:BAN:JAN],C[C@H]1/C=C/C=C/CC/C=C/C=C/C=C/C=C/C(CC2C(C(C[C@](O2)(CC(C(CCC(CC(CC(CC(=O)O[C@H]([C@@H]([C@@H]1O)C)C)O)O)O)O)O)O)O)C(=O)O)O[C@@H]3[C@H]([C@H]([C@@H]([C@H](O3)C)O)N)O,0,-1.4157260286780498,6.437347644239332,1.6687489261298079,-0.1309221103784524,-0.17125738286217865
"O-((E)-2-Chloro-1-(2,5-dichlorophenyl)ethenyl) O,O-diethyl phosphorothioate",CCOP(=S)(OCC)O/C(=C/Cl)/C1=C(C=CC(=C1)Cl)Cl,0,-1.107490205226232,-2.0138922653444777,2.8982784935354533,-1.2264396707306593,1.230285804231708
Triphenylplumbyl acetate,CC(=O)O[Pb](C1=CC=CC=C1)(C2=CC=CC=C2)C3=CC=CC=C3,0,-3.262842540293834,-3.1849000795191857,0.6633856557455785,-1.3664869864997058,0.2059426935921837
Triethanolamine Oleate,CCCCCCCC/C=C\CCCCCCCC(=O)O.C(CO)N(CCO)CCO,0,-4.157347194083822,2.636796965476897,3.8875779899323675,6.187070666152265,-1.469914273519448
Quaternium-15 trans-,C1N2CN3CN1C[N+](C2)(C3)C/C=C/Cl.[Cl-],0,-1.307276883148808,-1.0364923566227267,-1.8228341574779094,3.528612014318257,-3.37538927896342
Aluminum hydroxybenzenesulfonate,C1=CC=C(C=C1)S(=O)(=O)O[Al].O.O,0,2.7310700948094433,-6.8188117175720135,8.623391613884596,-4.549156218817487,-1.0089569904209446
1-(1-Methylethyl) 4-(tributylstannyl) butanedioate,CCCC[Sn](CCCC)(CCCC)OC(=O)CCC(=O)OC(C)C,0,-4.4701330232397725,0.49533217729142076,5.565276045825939,2.944701833677598,-0.2590084352522552
Tributylstannyl 2-hydroxy-5-(((tributylstannyl)oxy)sulfonyl)benzoate,CCCC[Sn](CCCC)(CCCC)OC(=O)C1=C(C=CC(=C1)S(=O)(=O)O[Sn](CCCC)(CCCC)CCCC)O,0,2.601329694876482,-0.9144394480759493,10.974696854250878,-2.3608677824972073,0.3218469493618012
Tributyltin linoleate,CCCCC/C=C\C/C=C\CCCCCCCC(=O)O[Sn](CCCC)(CCCC)CCCC,0,-5.061785251456928,-0.0195423662205481,4.995449287509064,3.3487382732966333,-1.0956885276634594
"(mu-((3,3'-Methylenebis(2-naphthalenesulfonato-kappaO))(2-)))diphenyldimercury",C1=CC=C(C=C1)[Hg]OS(=O)(=O)C2=CC3=CC=CC=C3C=C2CC4=CC5=CC=CC=C5C=C4S(=O)(=O)O[Hg]C6=CC=CC=C6,0,3.3131769187230034,-5.491794042661067,7.59472914037008,-5.19618418172199,-0.44884611698507654
Grandlure IV,CC1(CCC/C(=C\C=O)/C1)C,0,-5.348922558913803,0.47146329698238276,1.4076300243156752,0.6166372820639241,-1.8870193100537047
Kinoprene,CC(C)CCCC(C)C/C=C/C(=C/C(=O)OCC#C)/C,0,-5.715324659181241,1.627516270771618,2.6380403583196586,1.3752915899065574,-1.5019296171205967
Chloromethoxypropylmercuric acetate,CC(=O)O[Hg]CCCOCCl,0,-4.761723535430661,-1.1367309221935935,2.9902333584702205,1.8787237634379355,-0.310227723432754
Vaporthrin,CC/C=C(\C)/C(C#C)OC(=O)C1C(C1(C)C)C=C(C)C,0,-4.997744921790334,0.8393863014484145,0.7900391182340898,-1.499934163326876,-0.7539201165372829
Bis(tributyltin) dodecenylsuccinate,CCCCCCCCCC/C=C/C(CC(=O)O[Sn](CCCC)(CCCC)CCCC)C(=O)O[Sn](CCCC)(CCCC)CCCC,0,-4.3425282512689805,0.24593877465883068,6.135344238951612,3.0859757977375755,-0.1558476747146209
Icone,CC1([C@H]([C@H]1C(=O)OC(C#N)C2=CC(=CC=C2)OC3=CC=CC=C3)/C=C(/C(F)(F)F)\Cl)C,0,-2.6044197754536476,0.3527410866477951,-2.509600257264523,-4.475380633652619,1.4992131912575462
Tributyltin monopropyleneglycol maleate,CCCC[Sn](CCCC)CCCC.CC(CO)O.C(=C\C(=O)O)\C(=O)O.O,0,-5.273431404331057,1.620647548665728,5.197573462735261,3.274341129573327,-1.0881668191738938
Bis(tripropyltin) oxide,CCC[Sn](CCC)(CCC)O[Sn](CCC)(CCC)CCC,0,-4.414788458846019,-1.8282261607934565,4.644349726833391,4.023734306751678,-1.361843102732308
p-Aminophenylmercuric acetate,CC(=O)O[Hg]C1=CC=C(C=C1)N,0,-1.8394239081736385,-3.3756647388432452,-1.001024154720922,0.06805811775903409,0.1147922272409489
"2,7-Dihydroxy-1,3,2-benzodioxabismole-5-carboxylic acid",C1=C(C=C2C(=C1O)O[Bi]O2)C(=O)O.O,0,-2.485654581026602,0.5414106029063859,1.141701386997566,-3.9994936840894377,1.3158106245421124
"Mercury, (mu-(metasilicato(2-)-O:O))bis(2-methoxyethyl)di-",COCC[Hg]O[Si](=O)O[Hg]CCOC,0,-3.461723709416662,-2.1740064467353704,5.120522406312185,1.9816740699225805,-0.05912411682287594
Phenylmercuric lactate,CC(C(=O)O[Hg]C1=CC=CC=C1)O,0,-3.7863169097382703,-2.505559778750694,0.5183125367759713,-2.1074429966838624,0.9129689783436168
Phenylmercuric ammonium acetate,CC(=O)O[Hg]C1=CC=CC=C1.N,0,-3.26399624782211,-3.696533381858548,-0.044195539058228116,-1.0140561937620896,-0.07986348428432476
Bis(tributyltin) adipate,CCCC[Sn](CCCC)(CCCC)OC(=O)CCCCC(=O)O[Sn](CCCC)(CCCC)CCCC,0,-4.040326454947752,-0.3838097195704703,5.763922639456467,2.9725155650036488,-0.1411382704480229
"Mercury, (acetato-kappaO)[4-[[4-(dimethylamino)phenyl]azo]phenyl]-",CC(=O)O[Hg]C1=CC=C(C=C1)N=NC2=CC=C(C=C2)N(C)C,0,0.5308875544128402,-2.29771473370241,-0.9862558205165389,1.7582906503181903,1.2662364330869704
4-(Acetoxymercuri)phenyl azide,CC(=O)O[Hg]C1=CC=C(C=C1)N=[N+]=[N-],0,-0.26608764919910505,-3.79945277976289,-0.9412295905126608,1.2243951730518603,2.5304877765963227
Japonilure,CCCCCCCC/C=C\[C@H]1CCC(=O)O1,0,-5.029472177819555,2.356661176609628,1.9540414977168201,0.14774372946902037,-0.8502889720712312
Tributyltin methacrylate,CCCC[Sn](CCCC)(CCCC)OC(=O)C(=C)C,0,-5.479895916872375,0.697811888438836,5.209258107667284,2.85909035207929,-1.1072983165467476
Phenylmercuric propionate,CCC(=O)O[Hg]C1=CC=CC=C1,0,-3.8306759621241326,-2.8251883980307584,0.6579340613354493,-0.716233004496923,0.12623082259733157
Tolylmercuric acetate,CC1=CC=C(C=C1)[Hg]OC(=O)C,0,-3.594997117830776,-3.275839877619301,0.2029383705849087,-1.2694871149426918,0.040614836728669106
Tributyltin acrylate,CCCC[Sn](CCCC)(CCCC)OC(=O)C=C,0,-5.107330286930287,-0.15685741961683322,4.881563272353496,3.1979809467573697,-1.12591492700471
Bis(tributyltin) salicylate,CCCC[Sn](CCCC)(CCCC)OC1=CC=CC=C1C(=O)O[Sn](CCCC)(CCCC)CCCC,0,-3.056451734937653,1.295380222379915,3.7844010516598967,0.9707152755153958,1.6867816432866185
Phenylmercury salicylate,C1=CC=C(C=C1)[Hg]OC(=O)C2=CC=CC=C2O,0,-2.71379469875051,-1.6439640506461872,-0.4022854843172539,-3.9182497640116396,2.3714798105968975
Methylmercury benzoate,C[Hg]OC(=O)C1=CC=CC=C1,0,-3.504934988533118,-3.3609624998849807,0.16989284424600123,-1.3802979986884043,0.025037735407478074
"3H-2,1-Benzoxamercurol-3-one",C1=CC=C2C(=C1)C(=O)O[Hg]2,0,-2.9563808329719636,-0.8695791789538397,-0.4158053724271028,-2.9047376407393304,-0.13160629889297223
Phenylmercury 2-ethylhexanoate,CCCCC(CC)C(=O)O[Hg]C1=CC=CC=C1,0,-4.409058404637723,-0.858051862591503,2.215577264256824,1.1097749589068742,-0.16286483541422356
"mercury, (acetato-O)(phenylmethyl)-",CC(=O)O[Hg]CC1=CC=CC=C1,0,-3.912888774609917,-2.436130121568634,0.8757472592955452,-0.5072839104610989,0.08165670144027543
Pyrethrins,CC1=C(C(=O)C[C@@H]1OC(=O)[C@@H]2[C@H](C2(C)C)C=C(C)C)C/C=C\C=C.CC1=C(C(=O)C[C@@H]1OC(=O)[C@@H]2[C@H](C2(C)C)/C=C(\C)/C(=O)OC)C/C=C\C=C,0,-4.700981168837711,3.5970681483993037,2.9729340215406963,-2.1064924426029803,0.23337345270212176
Dtxcid5022065,C1[C@@H]2C=C[C@@H]1[C@H]3[C@@H]2[C@]4(C(=C([C@@]3(C4(Cl)Cl)Cl)Cl)Cl)Cl,0,-4.370979069682251,-1.918063866085385,-2.1928865418314056,-2.577277799956737,-1.399841964463483
Methoxymethyl-tetrafluorobenzyl tetramethyl-cyclopropanecarboxylate,CC1(C(C1(C)C)C(=O)OC(C2=C(C(=C(C=C2)COC)F)F)(F)F)C,0,-2.842869948177533,-0.05123754674841262,-0.8126503572576125,-1.5470464591037472,0.20484887861124992
Magnesium 2-ethylhexanoate quinolin-8-olate,CCCCC(CC)C(=O)[O-].C1=CC2=C(C(=C1)[O-])N=CC=C2.[Mg+2],0,-2.6905165547592635,1.834539715878396,0.24644757060889916,-0.4935381103671218,-0.052910939458468184
(Rac)-Epoxiconazole,C1=CC=C(C(=C1)C2[C@@](O2)(CN3C=NC=N3)C4=CC=C(C=C4)F)Cl,0,2.0703100958304796,1.6675836069365315,-5.001107202926794,0.16895445306030707,-0.41784434772424
Triethanolamine thiocyanate,C(CO)N(CCO)CCO.C(#N)S,0,-2.9388980485741105,-0.4432769780525644,2.2251117120291872,5.796106425600899,-2.117627614999687
Fluorethrin,CC1(C(C1C(=O)OCC2=COC(=C2)CC3=CC=CC=C3)C=C(F)F)C,0,-3.7150206955909226,2.7808470307739723,-0.28187115224088216,-3.352538151092779,0.48815841447509045
4-Nitrobenzenecarboperoxoic acid,C1=CC(=CC=C1C(=O)OO)[N+](=O)[O-],0,0.7523864665248806,-2.8746595407030076,0.5480272072787169,2.3294611317885288,7.866619883652017
"Carbamo(dithioperoxo)thioic acid, N,N-dimethyl-, 1,1-dimethylethyl ester",CC(C)(C)SSC(=S)N(C)C,0,-0.6405937895416061,-4.447175800242385,1.433595363688605,2.664413885458412,-3.906276508757817
Thifensulfuron methyl,CC1=NC(=NC(=N1)OC)NC(=O)NS(=O)(=O)C2=C(SC=C2)C(=O)OC,0,12.987404066478854,0.1686107227416895,3.4422573433516774,-4.503778456159561,-2.8975779122280167
"3,3,4,4-Tetrachlorotetrahydrothiophene 1,1-dioxide",C1C(C(CS1(=O)=O)(Cl)Cl)(Cl)Cl,0,1.4246529125249938,-2.8747317446094844,4.021150695669452,-2.4180858304390913,-0.7792578178062823
Paclobutrazol,CC(C)(C)[C@@H]([C@H](CC1=CC=C(C=C1)Cl)N2C=NC=N2)O,0,1.9493248207034268,1.1249237078977175,-3.95106057719769,1.5073619586283606,-1.2836653736744987
"O-(4-Bromo-3,6-dichlorophenyl) O-methyl ethylphosphonothionate",CCP(=S)(OC)OC1=CC(=C(C=C1Cl)Br)Cl,0,-0.42533148953281225,-1.8932581866339089,1.2664984714612895,-2.008766033226369,1.4927096270894065
"2-Methyl-N,N-diethylbenzamide",CCN(CC)C(=O)C1=CC=CC=C1C,0,-1.2323884951378032,-0.9194984941039371,-1.659338831847863,3.691533595057861,-1.6384427336802185
Brompyrazon,C1=CC=C(C=C1)N2C(=O)C(=C(C=N2)N)Br,0,4.170730057377188,-0.2452843323572856,-7.060594085194102,-0.024766502950708463,-0.08468673506155897
"Acetic acid, copper salt (1:?)",CC(=O)O.[Cu],0,-5.01874639890215,-3.937833699289204,0.6835218268630058,-0.9407461053034415,-1.100084043780364
Haloxydine,C1(=C(NC(=C(C1=O)Cl)F)F)Cl,0,-0.8905773644663216,-1.7596912605691921,-4.891651634864288,-2.514466725726726,-0.050312584658171525
Isofenchlorfos,COP(=O)(OC)SC1=CC=C(C=C1)Cl,0,-0.02174986888975421,-4.433323028125689,2.040970316086435,-2.167588031288499,0.044309883372166826
"4-Phenyl-3H-1,2-dithiole-3-thione",C1=CC=C(C=C1)C2=CSSC2=S,0,-0.2992426029504881,-3.2278728852579754,-0.29666340374134453,-1.9606275798593722,-2.6780374574298005
Isopropyl trichloroacetate,CC(C)OC(=O)C(Cl)(Cl)Cl,0,-4.003119237944812,-2.7173207917678783,-0.506325340982423,-1.5879547039160782,-0.7330331046950689
N-1-Naphthylphthalimide,C1=CC=C2C(=C1)C=CC=C2N3C(=O)C4=CC=CC=C4C3=O,0,1.0471538948957368,0.9837659954516041,-3.9182614359490366,-0.725872056066652,-0.520063508454408
Tetraconazole,C1=CC(=C(C=C1Cl)Cl)C(CN2C=NC=N2)COC(C(F)F)(F)F,0,2.744600553349138,-0.2541854048326077,-4.4041707649409965,1.8774270593252673,-0.7400150324436143
"Benzenecarbothioic acid, 2-hydroxy-",C1=CC=C(C(=C1)C(=O)S)O,0,-2.5710839895533013,-1.3534297896460215,-0.7904183912284715,-2.839678255562188,0.26622453299618454
"1,2-Benzenediol, 1-(N-methylcarbamate)",CNC(=O)OC1=CC=CC=C1O,0,-0.9965663012287824,-0.06927821180830258,-2.0400815894235502,-2.1501422675230413,0.638826262762121
"Acetamide, 2-((p-methoxybenzyl)oxy)-N,N-dipropyl-",CCCN(CCC)C(=O)COCC1=CC=C(C=C1)OC,0,-1.2299311881872466,3.4533559456785103,0.6258894645043488,4.143303757579896,0.047546210967851714
Cyproconazole,CC(C1CC1)C(CN2C=NC=N2)(C3=CC=C(C=C3)Cl)O,0,1.2726820440921425,2.0969256790348854,-3.1375153608591253,2.6552683562216206,-1.293964076082001
Spiroxamine,CCCN(CC)CC1COC2(O1)CCC(CC2)C(C)(C)C,0,-2.667135159554266,4.900695846755997,1.9958915591467774,4.26781176771283,-1.7160714206894632
Acibenzolar-S-Methyl,CSC(=O)C1=C2C(=CC=C1)N=NS2,0,2.9677126224967694,-1.8647931109736293,-0.9009501002596492,-0.44933742778222147,-2.3173663466540915
Tetraamminecopper carbonate,C(=O)([O-])[O-].N.N.N.N.[Cu+2],0,-3.8321630257227848,-4.457517224032676,0.6541993085656662,-0.25810702900416255,-0.7694664901481866
"4-[(13R)-2,13-dihydroxy-13-[(2R,5S)-5-[(2S)-5-[(1S)-1-hydroxyundecyl]oxolan-2-yl]oxolan-2-yl]tridecyl]-2-methyl-2H-furan-5-one",CCCCCCCCCC[C@@H](C1CC[C@H](O1)[C@@H]2CC[C@@H](O2)[C@@H](CCCCCCCCCCC(CC3=CC(OC3=O)C)O)O)O,0,-4.970347590073353,6.335824375458509,3.2806961735867097,-0.28254807131454707,-0.5040262744381283
"(1R,4S,5'S,6R,6'R,8R,12S,13S,20R,21R,24S)-6'-[(2R)-butan-2-yl]-21,24-dihydroxy-12-[(2R,4S,5S,6S)-5-[(2S,4S,5S,6S)-5-hydroxy-4-methoxy-6-methyloxan-2-yl]oxy-4-methoxy-6-methyloxan-2-yl]oxy-5',11,13,22-tetramethylspiro[3,7,19-trioxatetracyclo[15.6.1.14,8.020,24]pentacosa-10,14,16,22-tetraene-6,2'-oxane]-2-one",CC[C@@H](C)[C@@H]1[C@H](CC[C@@]2(O1)C[C@@H]3C[C@H](O2)CC=C([C@H]([C@H](C=CC=C4CO[C@H]5[C@@]4([C@@H](C=C([C@H]5O)C)C(=O)O3)O)C)O[C@H]6C[C@@H]([C@H]([C@@H](O6)C)O[C@H]7C[C@@H]([C@H]([C@@H](O7)C)O)OC)OC)C)C,0,-4.323172774962043,10.165513475522598,4.170399387147164,-1.8905442516243778,-0.7889983338964275
Dihydrorotenone,CC(C)[C@H]1CC2=C(O1)C=CC3=C2O[C@@H]4COC5=CC(=C(C=C5[C@@H]4C3=O)OC)OC,0,-1.9363586850045171,4.323854774071076,-0.1847398598870654,-3.8845252796770984,0.4317772741545856
Potassium Bromide,[K+].[Br-],0,-5.156552548545321,-5.93152247742135,-0.5094568198157472,-0.28453606716402263,-1.5963770770446828
Sodium Bromide,[Na+].[Br-],0,-5.156552548545321,-5.93152247742135,-0.5094568198157472,-0.28453606716402263,-1.5963770770446828
"Phoxim, (E)-",CCOP(=S)(OCC)O/N=C(/C#N)\C1=CC=CC=C1,0,1.492291229513507,-2.440138009495807,3.1030365532272914,2.776224671496389,3.126974132660608
Benzphenazone,C1=CC=C(C=C1)/C(=N/NC2=C(C=C(C=C2Cl)Cl)Cl)/Cl,0,0.2866769045559233,-3.795349892600346,-4.35978361969429,0.1938815207450055,0.8271355313555225
"3,13-Octadecadien-1-ol acetate, (3Z,13Z)-",CCCC/C=C\CCCCCCCC/C=C\CCOC(=O)C,0,-5.555062797025667,0.7531411186819587,2.934842640070734,1.8627309056045356,-1.2450910038926404
(E)-9-Dodecenyl acetate,CC/C=C/CCCCCCCCOC(=O)C,0,-5.478589164655661,0.4618077816974173,2.7262176638794657,1.5838793292704219,-1.2387916002619948
Myristoleyl alcohol,CCCC/C=C\CCCCCCCCO,0,-5.88919690588562,0.46260022790246685,2.843040655473942,3.1187175534484397,-2.0382641987361834
"Thiofanox, (E)-",CC(C)(C)/C(=N\OC(=O)NC)/CSC,0,0.26074530407283136,-0.4928447030315166,0.8374382919337088,4.221938534741025,1.0668286736187227
"4-Tridecen-1-yl acetate, (4E)-",CCCCCCCC/C=C/CCCOC(=O)C,0,-5.555062797025667,0.7531411186819587,2.934842640070734,1.8627309056045356,-1.2450910038926404
"11-Tetradecenyl acetate, (11Z)-",CC/C=C\CCCCCCCCCCOC(=O)C,0,-5.478589164655661,0.4618077816974173,2.7262176638794657,1.5838793292704219,-1.2387916002619948
Squamocin G,CCCCCCCCCC[C@H]([C@@H]1CC[C@H](O1)[C@@H]2CC[C@H](O2)[C@H](CCCCCCCCCC[C@@H](CC3=CC(OC3=O)C)O)O)O,0,-4.970347590073353,6.335824375458509,3.2806961735867097,-0.28254807131454707,-0.5040262744381283
Chrysanthemumdicarboxylic acid,C/C(=C\C1C(C1(C)C)C(=O)O)/C(=O)O,0,-4.3153904034643675,0.39099380669006084,1.382888382537148,-2.3135090001006606,-0.5464357429046927
Hydroprene,CCOC(=O)/C=C(\C)/C=C/CC(C)CCCC(C)C,0,-5.76305232235651,1.6349733843804595,3.075705336218472,1.6023927107314486,-1.4703482654500848
Vitamin D3,C[C@H](CCCC(C)C)[C@H]1CC[C@@H]\2[C@@]1(CCC/C2=C\C=C/3\C[C@H](CCC3=C)O)C,0,-5.470394979185847,4.4769932699828034,2.164441412503431,-0.36509944552377355,-1.073051417602095
Cinoxate,CCOCCOC(=O)/C=C/C1=CC=C(C=C1)OC,0,-4.078767170875574,2.5664763262288885,2.1517264716046696,0.11616811424558106,0.7214718995629572
Dicrotophos,C/C(=C\C(=O)N(C)C)/OP(=O)(OC)OC,0,-0.07370726155733555,-1.0255268390153967,2.3004047357778794,1.0903046321196093,0.15711955285727341
"Cyclopropanecarboxylic acid, 3-(3-methoxy-2-methyl-3-oxo-1-propenyl)-2,2-dimethyl-, 2-methyl-4-oxo-3-(2,4-pentadienyl)-2-cyclopenten-1-yl ester, (1R-(1alpha(S*(Z)),3beta(E)))-",CC1=C(C(=O)CC1OC(=O)C2C(C2(C)C)/C=C(\C)/C(=O)OC)C/C=C/C=C,0,-4.567614377212726,3.8169225183748963,2.792274757303024,-2.1021150417945873,0.2535950480994268
Hydrogen methylarsonate,C[As](=O)(O)[O-],0,-2.7880238273898605,-5.411028321202144,3.310050862218406,-0.36449906497104223,-0.05557928082968399
p-Chloromercuribenzenesulfonate,C1=CC(=CC=C1S(=O)(=O)[O-])[Hg]Cl,0,2.521283869706822,-8.158340112781584,7.132014869562756,-4.196871031207868,-0.7026067901353912
Miedzian 50,[OH-].[OH-].[OH-].[Cl-].[Cl-].[Cu+2].[Cu+2],0,-4.821733686297921,-5.020933344340646,0.42793444545149234,-0.8107195868687166,-0.7078371962156922
Sodium;sulfane,[Na+].S,0,-4.884811169218524,-6.031796090904583,0.34817338075099163,-0.03772909170053596,-1.9881417267450934
S-Hydroprene,CCOC(=O)/C=C(\C)/C=C/C[C@@H](C)CCCC(C)C,0,-5.76305232235651,1.6349733843804595,3.075705336218472,1.6023927107314486,-1.4703482654500848
Tetrachlorvinphos,COP(=O)(OC)O/C(=C\Cl)/C1=CC(=C(C=C1Cl)Cl)Cl,0,-1.9317520999371507,-2.411842014285813,0.7856658384928935,-2.528596763284134,2.0275006600113965
Azadirachtin,C/C=C(\C)/C(=O)O[C@H]1C[C@H]([C@]2(CO[C@@H]3[C@@H]2[C@]14CO[C@@]([C@H]4[C@]([C@@H]3O)(C)[C@@]56[C@@H]7C[C@H]([C@@]5(O6)C)[C@]8(C=CO[C@H]8O7)O)(C(=O)OC)O)C(=O)OC)OC(=O)C,0,-4.004844020145831,9.279837772151735,3.1100945443964347,-3.485158341361526,-0.5619947644640111
Cinerin I,C/C=C\CC1=C([C@H](CC1=O)OC(=O)[C@@H]2[C@H](C2(C)C)C=C(C)C)C,0,-4.714439214286232,3.2898907212211403,2.297454583179422,-2.108022477268934,0.1480464692993772
Pyrethrin II,CC1=C(C(=O)C[C@@H]1OC(=O)[C@@H]2[C@H](C2(C)C)/C=C(\C)/C(=O)OC)C/C=C\C=C,0,-4.567614377212726,3.8169225183748963,2.792274757303024,-2.1021150417945873,0.2535950480994268
Hexadecenoic Acid,CCCCCCCCCCCCC/C=C/C(=O)O,0,-5.731043295023537,0.03652236197564057,2.4761903513773764,1.5638355579175043,-1.2958968594660951
Nerolidol,CC(=CCC/C(=C/CCC(C)(C=C)O)/C)C,0,-6.255172719797143,1.9342342725740298,3.1403886236167295,1.5700997165854245,-1.9103247784656734
Strychnine sulfate,C1CN2CC3=CCO[C@H]4CC(=O)N5[C@H]6[C@H]4[C@H]3C[C@H]2[C@@]61C7=CC=CC=C75.C1CN2CC3=CCO[C@H]4CC(=O)N5[C@H]6[C@H]4[C@H]3C[C@H]2[C@@]61C7=CC=CC=C75.OS(=O)(=O)O,0,5.862830109332593,4.7678759503326775,7.1001647264549375,-1.5246087413257905,-1.4271540052991434
Cobalt naphthenate,CCC1CCC(C1)CCC(=O)[O-].CCC1CCC(C1)CCC(=O)[O-].[Co+2],0,-5.10410417725469,-0.5279850865064475,3.3136359639765036,1.3184902292556488,-0.6561321226971248
4-(para-Sulfophenylazo)-2-mercuriphenol,[H+].C1=CC(=CC=C1N=NC2=C[C-]=C(C=C2)O)S(=O)(=O)[O-].[OH-].[Hg+2],0,5.832605454643698,-5.566577276883509,6.566393051884358,-3.9866249021320743,1.6636516795837177
Chlortetracycline,C[C@@]1([C@H]2C[C@H]3[C@@H](C(=O)C(=C([C@]3(C(=O)C2=C(C4=C(C=CC(=C41)Cl)O)O)O)O)C(=O)N)N(C)C)O,0,0.5304207976511303,6.360841529996919,-1.4172857841173525,-0.8989425746771023,0.5797125675452729
Prosulfalin,CCCN(CCC)C1=C(C=C(C=C1[N+](=O)[O-])S(=O)(=O)N=S(C)C)[N+](=O)[O-],0,8.900335693105081,-1.4989709017180128,6.701326932372449,5.933337806718327,4.377211694900315
Tralocythrin,CC1(C(C1C(=O)OC(C#N)C2=CC(=CC=C2)OC3=CC=CC=C3)C(C(Cl)(Cl)Br)Br)C,0,-2.4113563055678298,-0.2922340596829483,-2.8245535693235277,-4.141320382094927,1.4115055897931588
"Acetamide, 2-chloro-N-(2,6-diethylphenyl)-N-(methoxymethyl)-, mixt. with 6-chloro-N-ethyl-N'-(1-methylethyl)-1,3,5-triazine-2,4-diamine",CCC1=C(C(=CC=C1)CC)N(COC)C(=O)CCl.CCNC1=NC(=NC(=N1)Cl)NC(C)C,0,3.1863355914523366,3.3122539287410753,-3.1977075929124066,4.614258990627715,-3.144772604905463
"Sulfamic acid, magnesium salt (2:1)",NS(=O)(=O)[O-].NS(=O)(=O)[O-].[Mg+2],0,3.315592511807267,-7.514079107646808,7.95112142818917,-1.9675885557362893,-0.9968182061350496
Cacodylate,C[As](=O)(C)[O-],0,-3.368686147308208,-4.838888689904044,2.190196787427113,0.75716609760069,-0.5714698693297163
Propisochlor,CCC1=CC=CC(=C1N(COC(C)C)C(=O)CCl)C,0,-0.871423720285726,2.166499731668238,-1.0660161554918104,4.0867380773159985,-0.22368103116748958
Bifenazate,CC(C)OC(=O)NNC1=C(C=CC(=C1)C2=CC=CC=C2)OC,0,2.583032556975299,0.7721409609237316,-3.1438584442869986,-1.233039063179099,1.2729994325586325
"Isobutyric acid, ammonium salt",CC(C)C(=O)[O-].[NH4+],0,-4.069341260276082,-3.398728967081646,0.05313235553229681,-0.0452759933798585,-1.2281288795415943
Endothall,C1C[C@H]2[C@@H]([C@@H]([C@@H]1O2)C(=O)O)C(=O)O,0,-3.7361815314032003,1.6317495209880266,1.2777950482413765,-2.06690085831781,-0.11911683422517548
Grandisol,CC(=C)[C@@H]1CC[C@]1(C)CCO,0,-6.019946170457534,2.46019034554788,3.260655563714494,1.8675000527192573,-1.7378095067455144
"1-[4-Chloro-2-fluoro-5-(2-propyn-1-yloxy)phenyl]-3,5-dimethyl-4-nitro-1h-pyrazole",CC1=C(C(=NN1C2=CC(=C(C=C2F)Cl)OCC#C)C)[N+](=O)[O-],0,4.615307485523065,0.6172645944818049,-4.164804997691852,2.1937922369953466,8.02767610087459
"Benzoic acid, 2-((((4,5-dihydro-4-methyl-5-oxo-3-propoxy-1H-1,2,4-triazol-1-yl)carbonyl)amino)sulfonyl)-, methyl ester",CCCOC1=NN(C(=O)N1C)C(=O)NS(=O)(=O)C2=CC=CC=C2C(=O)OC,0,11.636450281007088,2.589717679279572,4.76887510767296,-1.2617424100184034,-1.8505900097287464
Quizalofop,CC(C(=O)O)OC1=CC=C(C=C1)OC2=CN=C3C=C(C=CC3=N2)Cl,0,0.2527734997133177,1.8655572223330528,-4.219867016559016,-3.5849104617239713,0.2590341936978787
DL-Plus,CCOP(=S)(OCC)OC1=NC(=NC(=C1)C)C(C)C.C1C=CCC2C1C(=O)N(C2=O)SC(Cl)(Cl)Cl.C1(C(C(C(C(C1Cl)Cl)Cl)Cl)Cl)Cl,0,7.034640306515759,2.9286286942896465,1.4788245174032935,-1.351830765749284,-0.9547347022455558
"trans-2-Butene-1,4-diol",C(/C=C/CO)O,0,-5.004771332046178,-1.7690191418817327,1.4553229250241932,1.1091553099297777,-1.6006574804879343
"(2S)-4-[(2R,13R)-2,13-dihydroxy-13-[(5R)-5-[(2R,5R)-5-[(1S)-1-hydroxyundecyl]oxolan-2-yl]oxolan-2-yl]tridecyl]-2-methyl-2H-furan-5-one",CCCCCCCCCC[C@@H]([C@H]1CC[C@@H](O1)[C@H]2CCC(O2)[C@@H](CCCCCCCCCC[C@H](CC3=C[C@@H](OC3=O)C)O)O)O,0,-4.970347590073353,6.335824375458509,3.2806961735867097,-0.28254807131454707,-0.5040262744381283
Mavrik,CC(C)[C@@H](C(=O)OC(C#N)C1=CC(=CC=C1)OC2=CC=CC=C2)NC3=C(C=C(C=C3)C(F)(F)F)Cl,0,0.0381849482053434,-0.5928781204967358,-4.255089534222901,-2.8239688482394034,1.861414511319287
Pyraflufen-ethyl,CCOC(=O)COC1=C(C=C(C(=C1)C2=NN(C(=C2Cl)OC(F)F)C)F)Cl,0,3.33401478652849,4.270287806914152,-3.4946994327336207,-0.09125081339756592,1.331863901845575
"trans-(2-methyl-3-phenylphenyl)methyl (1R,3R)-3-(2-chloro-3,3,3-trifluoroprop-1-enyl)-2,2-dimethylcyclopropane-1-carboxylate",CC1=C(C=CC=C1C2=CC=CC=C2)COC(=O)[C@@H]3[C@@H](C3(C)C)C=C(C(F)(F)F)Cl,0,-3.3494651240008904,0.7702600497965006,-1.4336093825717167,-2.749420683062223,0.17881973447182561
((N-acryloylamino)phenyl)mercuric chloride,C=CC(=O)NC1=CC=C(C=C1)[Hg]Cl,0,-1.9434958203004284,-3.992989706399758,-2.795499788387675,0.2840954324846238,-1.1029716922160684
"2,2,2-Trichloro-N-(pentachlorophenyl)ethanimidoyl chloride",C1(=C(C(=C(C(=C1Cl)Cl)Cl)Cl)Cl)N=C(C(Cl)(Cl)Cl)Cl,0,-1.5820801014636308,-3.942139543799524,-3.8595971550996335,0.18577186647739988,0.3368267886685057
"N-(4-chloromercuriphenyl)-4-chloro-3,5-dinitrobenzamide",C1=CC(=CC=C1NC(=O)C2=CC(=C(C(=C2)[N+](=O)[O-])Cl)[N+](=O)[O-])[Hg]Cl,0,2.6200927669726193,-4.282268794717454,-2.639040853782604,2.2948996275789466,7.806705249129075
4-(Chloromercurio)benzenesulfonyl fluoride,C1=CC(=CC=C1S(=O)(=O)F)[Hg]Cl,0,2.3188950688421204,-7.091054829814507,4.169192035293447,-3.7582633425060736,-0.9955314785680145
Bromethrin,CC1(C(C1C(=O)OCC2=COC(=C2)CC3=CC=CC=C3)C=C(Br)Br)C,0,-3.913592683197823,2.790546642835251,-0.3408257069816647,-3.327551092436224,0.4054222392574668
[4-[2-(2-Methoxyethoxy)ethylcarbamoyl]phenyl]mercury;hydrate,COCCOCCNC(=O)C1=CC=C(C=C1)[Hg].O,0,-2.4754114543591763,2.1551907498300484,1.9783569519058921,4.433713046454449,-1.3672739104281508
1-methyl-4-phenyl-2H-pyridine,CN1CC=C(C=C1)C2=CC=CC=C2,0,-2.0817325132951194,-0.4944646380594215,-2.1232029720612613,2.2995516801366085,-2.3494307748671184
"Benzenamine, compd. with 1,3,5-trinitrobenzene (1:1)",C1=CC=C(C=C1)N.C1=C(C=C(C=C1[N+](=O)[O-])[N+](=O)[O-])[N+](=O)[O-],0,1.7518441082742728,-4.263465722977991,-0.6732585434062508,3.5442798849479065,7.168860262480508
"Carbonic acid, 2,4-dinitro-6-(1-propylpentyl)phenyl methyl ester, mixt. with 2-(1-ethylhexyl)-4,6-dinitrophenyl methyl carbonate",CCCCCC(CC)C1=C(C(=CC(=C1)[N+](=O)[O-])[N+](=O)[O-])OC(=O)OC.CCCCC(CCC)C1=C(C(=CC(=C1)[N+](=O)[O-])[N+](=O)[O-])OC(=O)OC,0,2.060606003933153,1.4832743635459196,1.5561751803976018,3.889328446683858,9.213106465818639
Merthiolate-iodine-formalin fixative,C[CH2-].C=O.C1=CC=C(C(=C1)C(=O)[O-])[S-].[Na+].II.[Hg+2],0,-2.209302623566868,-4.7868743103152145,1.1940175646319118,-2.724890734016484,0.15384120680851138
"2,4-Dinitrophenyl-beta-alanine hydrazide",C1=CC(=C(C=C1[N+](=O)[O-])[N+](=O)[O-])NCCC(=O)NN,0,4.150491165045638,0.1057638987111442,-0.14409644820632445,7.7000119820594985,6.235858404133793
"2,4-Dioxo-3-(alpha-acetonylbenzyl)-dihydro-benzopyran thallium salt",CC(=O)CC(C1=CC=CC=C1)C2=C(C3=CC=CC=C3OC2=O)[O-].[Tl+],0,-2.866261743834441,0.7622639072158452,0.4341162143296696,-3.908194659935357,1.5777844291092973
Triethanolamine methanearsonate,C[As](=O)(O)O.C(CO)N(CCO)CCO,0,-1.671785850315978,-1.1170901658229815,5.6158655239800455,5.150795457396317,-1.0219697142203201
Methyl (methoxyimino)(2-((((1-(3-(trifluoromethyl)phenyl)ethylidene)amino)oxy)methyl)phenyl)acetate,CC(=NOCC1=CC=CC=C1C(=NOC)C(=O)OC)C2=CC(=CC=C2)C(F)(F)F,0,0.7398431627772812,0.2616904170674711,0.009318673811167275,0.6380607006274681,4.8297324831209485
Famoxadone,CC1(C(=O)N(C(=O)O1)NC2=CC=CC=C2)C3=CC=C(C=C3)OC4=CC=CC=C4,0,4.020338388906181,3.39392171302832,-2.8767084928652293,-1.9629253193828788,1.1597903007494035
"Arsenous acid, zinc salt (2:3)",[O-][As]([O-])[O-].[O-][As]([O-])[O-].[Zn+2].[Zn+2].[Zn+2],0,-3.665042795803153,-6.299463203890567,3.1454867242925673,-0.14046568052763164,0.31072821923337596
Boscalid,C1=CC=C(C(=C1)C2=CC=C(C=C2)Cl)NC(=O)C3=C(N=CC=C3)Cl,0,1.299052993123359,-1.5372240373699828,-6.31431854670072,-0.656050412375016,-1.3284427403279637
N-((6-Chloro-3-pyridinyl)methyl)-N'-cyano-N-methylethanimidamide,CC(=NC#N)N(C)CC1=CN=C(C=C1)Cl,0,0.35194507400582786,-1.4542633070105984,-4.08324056711399,3.5083836060171643,-2.231121808396888
"Zinc 2,3,4-trichlorophenate",C1=CC(=C(C(=C1[O-])Cl)Cl)Cl.C1=CC(=C(C(=C1[O-])Cl)Cl)Cl.[Zn+2],0,-3.4008946159647477,-3.4604473129908673,-2.576396991644448,-3.6079946315477702,1.7989223721962069
1-[(2-Chlorothiazol-5-yl)methyl]-2-methyl-3-nitro-guanidine,CN=C(NCC1=CN=C(S1)Cl)N[N+](=O)[O-],0,5.845525626298953,-1.772380938284067,-1.4197676499037506,5.822987383373186,1.2755824888100076
"Chromic acid (H2CrO4), mercury zinc salt",[O-][Cr](=O)(=O)[O-].[Zn+2].[Hg+2],0,-3.124871614125355,-6.126018394168748,3.415068767272617,0.09301372112763912,0.16678909348139528
Sodium hydrogen difluoride,F.[F-].[Na+],0,-4.957980560938421,-5.9412220894826255,-0.4505022650749632,-0.30952312582057806,-1.5136409018270591
"Hexachlorohexahydro-endo, exo-dimethanonaphthalene",C1[C@@H]2C=C[C@H]1[C@H]3[C@@H]2[C@@]4(C(=C([C@]3(C4(Cl)Cl)Cl)Cl)Cl)Cl,0,-4.370979069682251,-1.918063866085385,-2.1928865418314056,-2.577277799956737,-1.399841964463483
Sulfamate ion,NS(=O)(=O)[O-],0,3.1931949383193885,-7.085437074735881,7.11279930384286,-2.004719219848358,-0.9590483920972264
Methyl 3-hydroxy-4-(4-((5-(trifluoromethyl)-2-pyridinyl)oxy)phenoxy)valerate,CC(C(CC(=O)OC)O)OC1=CC=C(C=C1)OC2=NC=C(C=C2)C(F)(F)F,0,-0.13437505582395343,2.3098861787402294,-1.9867950484992596,-2.8520261383378815,0.33991738442144814
"3-(2,2-Dibromovinyl)-2,2-dimethylcyclopropane-1-carboxylic acid",CC1(C(C1C(=O)O)C=C(Br)Br)C,0,-4.795426832805036,-1.0856016592693714,-0.8547523770207492,-2.6222909072011302,-0.4258514358955613
Acetoarsenite de cuivre [French],CC(=O)[O-].CC(=O)[O-].[O-][As]1O[As](O[As](O1)[O-])[O-].[O-][As]1O[As](O[As](O1)[O-])[O-].[Cu+2].[Cu+2].[Cu+2].[Cu+2],0,-2.022552697698914,-2.0873195419152646,2.688176697703074,-2.295823327974528,1.0278908241504947
"N,N-Dimethylpiperidinium pentaborate",B(=O)OB1OB2OB(OB(O2)O1)[O-].C[N+]1(CCCCC1)C,0,-0.8609974083499133,1.758167338934343,3.9923346071959736,3.2436749687270323,-0.7390397613673403
"16-Butan-2-yl-10,11,14-trimethyl-13-propan-2-yl-3-prop-2-enyl-4-oxa-1,8,11,14,17-pentazabicyclo[17.3.0]docosane-2,5,9,12,15,18-hexone",CCC(C)C1C(=O)N(C(C(=O)N(C(C(=O)NCCC(=O)OC(C(=O)N2CCCC2C(=O)N1)CC=C)C)C)C(C)C)C,0,0.27866667972020065,7.872430800978662,1.3527868125742688,5.235118283192113,-2.1276606872929897
Dnp-peptide,CC[C@H](C)[C@@H](C(=O)N[C@@H](C)C(=O)NCC(=O)N[C@@H](CCC(=O)N)C(=O)N[C@H](CCCN=C(N)N)C(=O)O)NC(=O)CNC(=O)[C@H](CCC(=O)N)NC(=O)[C@@H]1CCCN1C2=C(C=C(C=C2)[N+](=O)[O-])[N+](=O)[O-],0,5.447268769886971,4.564837933974389,0.920935084979456,10.063825651088411,4.651147870001871
Nrdc 157,CC1(C(C1C(=O)OCC2=CC(=CC=C2)OC3=CC=CC=C3)C=C(Br)Br)C,0,-3.6512188441380093,1.1924117160336147,-1.396926791720054,-4.210346382332438,1.4941790903906624
Thiosultap,CN(C)C(CSS(=O)(=O)O)CSS(=O)(=O)O,0,2.952849311150798,-4.299496565150673,8.911217717625933,1.3672783333994676,-2.3552696726753766
"2,4-dinitrophenyl-4-O-(4,4'-dimethoxytrityl)butyrate",COC1=CC=C(C=C1)C(C2=CC=CC=C2)(C3=CC=C(C=C3)OC)OCCCC(=O)OC4=C(C=C(C=C4)[N+](=O)[O-])[N+](=O)[O-],0,2.445493058031525,1.2397810330105214,0.5463116287793748,2.2169499719578822,9.258844250887952
Pyroxyfur,C1=COC(=C1)COC2=NC(=CC(=C2)C(Cl)(Cl)Cl)Cl,0,-0.46198958226305586,1.5005380132042248,-3.348630276810423,-2.7272993245801307,-0.5634590395537229
"3,4-Dinitrophenyl-beta-galactopyranoside",C1=CC(=C(C=C1O[C@H]2[C@@H]([C@H]([C@H]([C@H](O2)CO)O)O)O)[N+](=O)[O-])[N+](=O)[O-],0,2.1652911865315763,2.4800775565898867,0.6346510045265842,2.7339421968077664,8.470681180666555
Methanotetramethrin,CC1(CC1C2C(C2(C)C)C(=O)OCN3C(=O)C4=C(C3=O)CCCC4)C,0,-1.128157383858122,8.143815712866115,1.3405288732726939,1.3908051050345334,-1.2023698775547382
Etoxazole,CCOC1=C(C=CC(=C1)C(C)(C)C)C2COC(=N2)C3=C(C=CC=C3F)F,0,0.8896093496381623,3.5645925232502296,-3.5660666624814357,-0.7046191415571876,1.1475278141747787
"2,4-Dinitro-6-tert-butylphenyl methanesulfonate",CC(C)(C)C1=C(C(=CC(=C1)[N+](=O)[O-])[N+](=O)[O-])OS(=O)(=O)C,0,6.821677324429506,-3.097583696578767,5.517060070103585,-0.7090469896695921,7.684024855816807
Urea sulfate,C(=O)(N)N.OS(=O)(=O)O,0,4.345145407936877,-5.886797811500116,6.626748850805244,-1.7551357917134784,-2.3280697243555353
Diammonium succinate,C(CC(=O)[O-])C(=O)[O-].[NH4+].[NH4+],0,-3.692812980724582,-2.299992339141266,1.5317456018563629,0.556698818084723,-0.6451414587883824
Thiosultap disodium,CN(C)C(CSS(=O)(=O)[O-])CSS(=O)(=O)[O-].[Na+].[Na+],0,2.1158702849692883,-6.077731850508354,8.832895085977011,1.3859670365050245,-1.703373347132569
Bioresmethrin,CC(=C[C@@H]1[C@H](C1(C)C)C(=O)OCC2=COC(=C2)CC3=CC=CC=C3)C,0,-3.99123183869234,3.6208144677808245,0.9899711923495881,-2.7319873907770416,-0.16573969022325208
1-Methylcyclopropene,CC1=CC1,0,-5.387078787764289,-2.2960544867048456,0.0743252538149701,-0.3258733709653785,-2.0915798240140466
D-Camphor,C[C@@]12CC[C@@H](C1(C)C)CC2=O,0,-4.527883775519664,1.6449753443749253,1.0228997397236805,-0.0814091270323246,-1.2224193018554914
Copper silicate,[O-][Si](=O)[O-].[Cu+2],0,-3.745205437794887,-6.593613659069985,2.603462301675522,-0.0390255332515747,0.01996520727814521
Calcium nitrite,N(=O)[O-].N(=O)[O-].[Ca+2],0,-2.0002280592131783,-5.660624866120619,2.046733606574956,2.13391420355486,5.178422703046262
Chloroethylene bisthiocyanate,C(C(SC#N)Cl)SC#N,0,-3.332999481605616,-4.913933145626892,-1.2907603993001175,0.8054987838147734,-2.669446951257156
Nordihydrocapsaicin,CC(C)CCCCCC(=O)NCC1=CC(=C(C=C1)O)OC,0,-1.825113189514411,4.6119868183953905,0.7210253489006486,2.900009501374938,-0.5040827546024944
Benzyldidecylmethylammonium chloride,CCCCCCCCCC[N+](C)(CCCCCCCCCC)CC1=CC=CC=C1.[Cl-],0,-3.285115863427399,-0.726410185101083,1.0415927044664335,6.118640874043402,-2.1122657097113517
Potassium hexafluoroarsenate,F[As-](F)(F)(F)(F)F.[K+],0,-4.03757001402926,-7.106884065877346,0.6133576292759882,-0.2996124350084678,-0.8629051509771228
Cupric octanoate,CCCCCCCC(=O)[O-].CCCCCCCC(=O)[O-].[Cu+2],0,-5.3690596878303865,-0.9643771768737962,3.8265737018886954,1.5989274922540753,-0.4690428653170541
Neopybuthrin,CCCCOCCOCCOCC1=CC2=C(C=C1CCC)OCO2.CC1=C(C(=O)CC1OC(=O)C2C(C2(C)C)C=C(C)C)CC=C.CC(=C[C@H]1[C@@](C1(C)C)(C2=COC(=C2)CC3=CC=CC=C3)C(=O)OC)C,0,-3.4951661199721116,8.742199493707503,3.0488617973590073,-1.6568649381082956,0.29615466653237904
Sodium metaborate,B(=O)[O-].[Na+],0,-4.339472406694827,-6.269230025936084,1.817084794069658,-0.4595058504639613,-0.14976391367438557
Carbetamide,CCNC(=O)[C@@H](C)OC(=O)NC1=CC=CC=C1,0,-0.20610288899277227,0.46732305200137797,-1.3898865673291656,1.9989892674243355,-0.8063932196068538
"2,6-Dichloromercuri-4-nitrophenol",C1=C(C=C(C(=C1[Hg]Cl)O)[Hg]Cl)[N+](=O)[O-],0,0.3297359548982334,-4.165434982036599,-1.2812290174851857,1.3759735337057468,9.006650612304213
"4H-1,3,2-Benzodioxaphosphorin, 2-phenyl-, 2-oxide",C1C2=CC=CC=C2OP(=O)(O1)C3=CC=CC=C3,0,-1.0227818054884337,-0.08827406817167345,0.7753935979088118,-3.465643511676861,1.4012687909062425
4-Aminophenylmercury chloride,C1=CC(=CC=C1N)[Hg]Cl,0,-2.3652961762019786,-5.467100744042722,-2.6586591321503756,0.6371486145926899,-1.1234733590894779
2-(Decylthio)ethanamine hydrochloride,CCCCCCCCCCSCCN.Cl,0,-4.096110462794244,-1.1094535083683952,1.79065029076138,6.275255460250065,-3.5843667461278828
"2,2-Bis(4-ethoxyphenyl)-3,3-dimethyloxetane",CCOC1=CC=C(C=C1)C2(C(CO2)(C)C)C3=CC=C(C=C3)OCC,0,-2.6804420919950447,1.8402380693544158,0.4034229262202996,-2.1969675529464077,0.4952677158214251
Reslin,CCCCOCCOCCOCC1=CC2=C(C=C1CCC)OCO2.CC(=C[C@@H]1[C@H](C1(C)C)C(=O)OCC2=COC(=C2)CC3=CC=CC=C3)C,0,-3.9252279841067184,7.178896057697921,2.743977298482268,-1.2796783017864226,-0.16619083139030966
Xylachlor,CC1=C(C(=CC=C1)N(C(C)C)C(=O)CCl)C,0,-0.700536353051464,-0.8454072508783129,-2.9175368210186767,2.7357019908175673,-0.9893494737985677
Terbuchlor,CCCCOCN(C1=C(C=CC=C1C(C)(C)C)C)C(=O)CCl,0,-0.9891164133623899,3.153755364425527,-0.022717545347449953,5.33848357589151,-0.7615837709470781
Imazethapyr-ammonium,CCC1=CC(=C(N=C1)C2=NC(C(=O)N2)(C)C(C)C)C(=O)[O-].[NH4+],0,2.4315818559746303,2.6300804908390463,-2.924911832414972,0.1352033620428336,-0.8144575047106147
Flumezin,CN1C(=O)N(C(=O)CO1)C2=CC=CC(=C2)C(F)(F)F,0,4.910403640843033,3.0902275591504673,-3.238318153628292,1.4324320560310078,2.4982181495458633
Dinitropropylphenol,C1=CC=C(C(=C1)CCC([N+](=O)[O-])[N+](=O)[O-])O,0,1.5306641988597371,-0.5005916208470302,0.40919230211025903,3.0839901402976526,8.477875615325758
Parafluron,CN(C)C(=O)NC1=CC=C(C=C1)C(F)(F)F,0,1.0637345219964045,-2.5502474428702437,-3.6790854082765407,1.9273655650036157,-2.1290550241559663
Neosaxitoxin,C1CN2C(=N)N([C@H]([C@H]3[C@]2(C1(O)O)NC(=N3)N)COC(=O)N)O,0,5.536276834440896,6.055684905477707,-0.13457999519571937,4.539972946899757,1.1493814677717533
"(1'R,2R,3S,4'S,6S,8'R,12'S,13'S,20'R,21'R,24'S)-2-cyclohexyl-21',24'-dihydroxy-12'-[(2R,4S,5S,6S)-5-[(2S,4S,5S,6S)-5-hydroxy-4-methoxy-6-methyloxan-2-yl]oxy-4-methoxy-6-methyloxan-2-yl]oxy-3,11',13',22'-tetramethylspiro[2,3-dihydropyran-6,6'-3,7,19-trioxatetracyclo[15.6.1.14,8.020,24]pentacosa-10,14,16,22-tetraene]-2'-one",C[C@H]1C=CC=C2CO[C@H]3[C@@]2([C@@H](C=C([C@H]3O)C)C(=O)O[C@H]4C[C@@H](CC=C([C@H]1O[C@H]5C[C@@H]([C@H]([C@@H](O5)C)O[C@H]6C[C@@H]([C@H]([C@@H](O6)C)O)OC)OC)C)O[C@]7(C4)C=C[C@@H]([C@H](O7)C8CCCCC8)C)O,0,-4.145834140537197,9.798520051331279,3.425958716768908,-2.8225949198507614,-0.7744642580590241
25-cyclohexyl-5-O-demethyl-25-de(1-methylpropyl)avermectin A1a,C[C@H]1/C=C\C=C2CO[C@H]3[C@@]2([C@@H](C=C([C@H]3O)C)C(=O)O[C@H]4C[C@@H](C/C=C(\[C@H]1O[C@H]5C[C@@H]([C@H]([C@@H](O5)C)O[C@H]6C[C@@H]([C@H]([C@@H](O6)C)O)OC)OC)/C)O[C@]7(C4)C=C[C@@H]([C@H](O7)C8CCCCC8)C)O,0,-4.145834140537197,9.798520051331279,3.425958716768908,-2.8225949198507614,-0.7744642580590241
Abamectin,CC[C@H](C)[C@@H]1[C@H](C=C[C@@]2(O1)C[C@@H]3C[C@H](O2)C/C=C(/[C@H]([C@H](/C=C/C=C/4\CO[C@H]5[C@@]4([C@@H](C=C([C@H]5O)C)C(=O)O3)O)C)O[C@H]6C[C@@H]([C@H]([C@@H](O6)C)O[C@H]7C[C@@H]([C@H]([C@@H](O7)C)O)OC)OC)\C)C.C[C@H]1/C=C/C=C/2\CO[C@H]3[C@@]2([C@@H](C=C([C@H]3O)C)C(=O)O[C@H]4C[C@@H](C/C=C(/[C@H]1O[C@H]5C[C@@H]([C@H]([C@@H](O5)C)O[C@H]6C[C@@H]([C@H]([C@@H](O6)C)O)OC)OC)\C)O[C@]7(C4)C=C[C@@H]([C@H](O7)C(C)C)C)O,0,-3.898803831552954,9.451751289767053,3.940099462399203,-2.3418233056236994,-0.7452878904586008
Rolliniastatin-1,CCCCCCCCCC[C@@H]([C@H]1CC[C@H](O1)[C@@H]2CC[C@@H](O2)[C@@H](CCCCCCCCCC[C@H](CC3=C[C@@H](OC3=O)C)O)O)O,0,-4.970347590073353,6.335824375458509,3.2806961735867097,-0.28254807131454707,-0.5040262744381283
C22H19Br4NO3,CC1(C(C1C(=O)OC(C#N)C2=CC(=CC=C2)OC3=CC=CC=C3)C(C(Br)(Br)Br)Br)C,0,-2.3975288142177598,-0.2264092928039295,-2.5220720752564234,-4.0231510093857565,1.3260727478848264
Avermectin A1a,CC[C@H](C)[C@@H]1[C@H](C=C[C@@]2(O1)C[C@@H]3C[C@H](O2)C/C=C(/[C@H]([C@H](/C=C/C=C/4\CO[C@H]5[C@@]4([C@@H](C=C([C@H]5OC)C)C(=O)O3)O)C)O[C@H]6C[C@@H]([C@H]([C@@H](O6)C)O[C@H]7C[C@@H]([C@H]([C@@H](O7)C)O)OC)OC)\C)C,0,-4.031867203591317,9.006787457425744,3.3958827614867864,-2.7562378631729243,-0.4503924863324135
Doramectin,C[C@H]1/C=C/C=C/2\CO[C@H]3[C@@]2([C@@H](C=C([C@H]3O)C)C(=O)O[C@H]4C[C@@H](C/C=C(/[C@H]1O[C@H]5C[C@@H]([C@H]([C@@H](O5)C)O[C@H]6C[C@@H]([C@H]([C@@H](O6)C)O)OC)OC)\C)O[C@]7(C4)C=C[C@@H]([C@H](O7)C8CCCCC8)C)O,0,-4.145834140537197,9.798520051331279,3.425958716768908,-2.8225949198507614,-0.7744642580590241
Ivermectin CRS,CC[C@H](C)[C@@H]1[C@H](CC[C@@]2(O1)C[C@@H]3C[C@H](O2)C/C=C(/[C@H]([C@H](/C=C/C=C/4\CO[C@H]5[C@@]4([C@@H](C=C([C@H]5O)C)C(=O)O3)O)C)O[C@H]6C[C@@H]([C@H]([C@@H](O6)C)O[C@H]7C[C@@H]([C@H]([C@@H](O7)C)O)OC)OC)\C)C.C[C@H]1CC[C@]2(C[C@@H]3C[C@H](O2)C/C=C(/[C@H]([C@H](/C=C/C=C/4\CO[C@H]5[C@@]4([C@@H](C=C([C@H]5O)C)C(=O)O3)O)C)O[C@H]6C[C@@H]([C@H]([C@@H](O6)C)O[C@H]7C[C@@H]([C@H]([C@@H](O7)C)O)OC)OC)\C)O[C@@H]1C(C)C,0,-4.205200735702318,10.255540506165906,4.674839232210421,-1.4935068927184503,-0.8531572404744509
Prallethrin,CC1=C(C(=O)CC1OC(=O)C2C(C2(C)C)C=C(C)C)CC#C,0,-4.684846521074032,3.446379519224365,2.0414732373971614,-2.0323347786772534,0.11626538336009604
Rel-Squamocin-H,CCCCCCCCCC[C@H]([C@H]1CC[C@@H](O1)[C@H]2CC[C@@H](O2)[C@@H](CCCCCCCCCC[C@H](CC3=C[C@@H](OC3=O)C)O)O)O,0,-4.970347590073353,6.335824375458509,3.2806961735867097,-0.28254807131454707,-0.5040262744381283
Npc113961,C1=C(C=C(C(=C1O)O)O)C(=O)OC2=CC(=CC(=C2O)O)C(=O)OC[C@H]3[C@@H]([C@H]([C@@H]([C@H](O3)OC(=O)C4=CC(=C(C(=C4)OC(=O)C5=CC(=C(C(=C5)O)O)O)O)O)OC(=O)C6=CC(=C(C(=C6)OC(=O)C7=CC(=C(C(=C7)O)O)O)O)O)OC(=O)C8=CC(=C(C(=C8)OC(=O)C9=CC(=C(C(=C9)O)O)O)O)O)OC(=O)C1=CC(=C(C(=C1)OC(=O)C1=CC(=C(C(=C1)O)O)O)O)O,0,-2.388758502638858,2.690901512322405,0.12865275917894164,-3.5470246220119988,1.4022165877945147
"(1R,4S,5'S,6R,6'R,8R,10Z,13R,14Z,20R,21R,24S)-21,24-dihydroxy-5',11,13,22-tetramethyl-6'-propan-2-ylspiro[3,7,19-trioxatetracyclo[15.6.1.14,8.020,24]pentacosa-10,14,16,22-tetraene-6,2'-oxane]-2-one",C[C@H]1CC[C@]2(C[C@@H]3C[C@H](O2)C/C=C(\C[C@H](/C=C\C=C4CO[C@H]5[C@@]4([C@@H](C=C([C@H]5O)C)C(=O)O3)O)C)/C)O[C@@H]1C(C)C,0,-4.490984870542465,9.58170850525751,3.594522286991567,-2.2835789094859,-0.9694188791781615
Ethylenebisdithiocarbamic acid,C(CNC(=S)S)NC(=S)S,0,-1.3162831291950645,-2.6649346980564257,1.3742748414129002,5.678554787545534,-4.745087281911558
Zinc Oxide,[O-2].[Zn+2],0,-5.0699795588000764,-5.639131755854408,0.2978493700655827,-0.10079121751421359,-1.426005173202196
Nabam,C(CNC(=S)[S-])NC(=S)[S-].[Na+].[Na+],0,-1.982485895456694,-4.5173056715198046,1.472350836889051,5.369197488333313,-4.084387117599522
Azoxystrobin,CO/C=C(\C1=CC=CC=C1OC2=NC=NC(=C2)OC3=CC=CC=C3C#N)/C(=O)OC,0,0.9440747326972534,2.8293345884189818,-3.101966371500238,-3.2587852093160543,-0.014484364833925671
Diiodomethyl p-chlorophenyl sulfone,C1=CC(=CC=C1S(=O)(=O)C(I)I)Cl,0,2.7336017088918996,-6.270305629440678,3.733396162694359,-4.009947792722737,-1.1382115154927408
Anisuron,CN(C)C(=O)N(C1=CC(=C(C=C1)Cl)Cl)C(=O)C2=CC=C(C=C2)OC,0,2.6147259635249656,0.52783246376813,-4.338903869636084,-0.8254597180991456,0.9600504302717495
"2,4,5-Trichlorophenylacetic acid",C1=C(C(=CC(=C1Cl)Cl)Cl)CC(=O)O,0,-3.858965889789956,-2.0935541419591446,-2.048567243264666,-1.7717063125290533,0.43941634887532627
Zinc-ethylenebis(dithiocarbamate),C(CNC(=S)[S-])NC(=S)[S-].[Zn+2],0,-1.9664102020047676,-4.519063708358616,1.5235755193376463,5.503492490042562,-4.143503852202734
Aziprotryne,CC(C)NC1=NC(=NC(=N1)SC)N=[N+]=[N-],0,4.456442736958599,-3.3210997023893234,-2.2031332296111596,2.7740616299882404,-2.4651747828819732
Ammonium aluminum sulfate,[NH4+].[O-]S(=O)(=O)[O-].[O-]S(=O)(=O)[O-].[Al+3],0,0.8227553611423956,-7.7081808222236585,7.8838662211436015,-2.500729447879648,-0.6730052865578153
"Benzamide, 3,5-dichloro-N-(3,4-dichlorophenyl)-2-[methyl(methylsulfonyl)amino]-",CN(C1=C(C=C(C=C1Cl)Cl)C(=O)NC2=CC(=C(C=C2)Cl)Cl)S(=O)(=O)C,0,8.099004505914662,-3.4829294117330356,1.4444952368099728,-2.396855857188984,-0.17501682128634782
Sodium 5-nitroguaiacolate,COC1=C(C=C(C=C1)[N+](=O)[O-])[O-].[Na+],0,1.0337602918118904,-2.6927541032393236,-0.13530469474704102,1.4759549898060602,9.136661575820357
Mancozeb,C(CNC(=S)[S-])NC(=S)[S-].C(CNC(=S)[S-])NC(=S)[S-].[Mn+2].[Zn+2],0,-1.984688653657715,-4.7573996672041945,1.714233089940424,6.030081450945644,-4.445659277385382
Diafenthiuron,CC(C)C1=CC(=CC(=C1NC(=S)NC(C)(C)C)C(C)C)OC2=CC=CC=C2,0,1.4333654055960436,-1.2216432675534423,-1.831468091129648,-1.2427187527050214,-1.331851604956567
Potassium Oleate,CCCCCCCC/C=C\CCCCCCCC(=O)[O-].[K+],0,-6.122547010928338,-1.3409956057321804,3.0218029099380277,1.5276525456264423,-1.0032032965325997
Sodium chloroacetate,C(C(=O)[O-])Cl.[Na+],0,-5.212239686989426,-4.034181199394335,0.4853979593556607,-0.5402887971314931,-0.5887650236269123
Sodium Bisulfite,OS(=O)[O-].[Na+],0,0.10410375691029207,-7.985368173753168,7.627962479574216,-2.8158586044827545,-0.8221107872392306
Lithium hypochlorite,[Li+].[O-]Cl,0,-4.667384567679678,-6.474708860398851,0.23340749914327613,-0.45682741861161663,-0.5387792326267823
"Phenol, 4-(1,1-dimethylethyl)-, sodium salt (1:1)",CC(C)(C)C1=CC=C(C=C1)[O-].[Na+],0,-3.9524753534972468,-2.752363065363477,-0.528918860909552,-2.018429108597009,-0.03533033848941033
"2(1H)-Pyridinone, 3,5,6-trichloro-, sodium salt (1:1)",C1=C(C(=O)[N-]C(=C1Cl)Cl)Cl.[Na+],0,-1.2915307219113035,-2.874300886521931,-4.415965648970386,-2.207371634090777,-0.3825357732382797
"2,4-DB-sodium",C1=CC(=C(C=C1Cl)Cl)OCCCC(=O)[O-].[Na+],0,-3.980234509772381,-1.2735865447901153,-0.7560532242963451,-2.637921226710316,2.169598557053716
Sodium 1-naphthaleneacetate,C1=CC=C2C(=C1)C=CC=C2CC(=O)[O-].[Na+],0,-4.404655018225393,-2.6632956952588542,-0.3354568909450113,-1.973380453307325,-0.24887953595227996
Sodium 2-carboxylatophenyl--mercury--water (1/1/1/1),C1=CC=C(C(=C1)C(=O)[O-])[Hg].O.[Na+],0,-4.3069172890714364,-3.81357149956647,-0.18478005849923762,-2.0782079300891865,0.695014120002669
Warfarin Potassium,CC(=O)CC(C1=CC=CC=C1)C2=C(C3=CC=CC=C3OC2=O)[O-].[K+],0,-2.9032780455360707,0.8022071416557276,0.18641157270929584,-3.863184534647458,1.6163165842942273
Potassium 4-chloro-2-cyclopentylphenolate,C1CCC(C1)C2=C(C=CC(=C2)Cl)[O-].[K+],0,-3.9923318543704216,-2.496925748174871,-2.0202726287001878,-2.378002948187252,1.1215023002183173
5-Chloro-2-biphenylol potassium salt,C1=CC=C(C=C1)C2=C(C=CC(=C2)Cl)[O-].[K+],0,-3.4518279958222386,-3.377554876073852,-3.07754167414598,-3.6385521125230587,1.5058641562509525
Sodium di(monoethanolamine) phosphate,C(COP(=O)([O-])OCCN)N.[Na+],0,-2.0755337898665203,-2.72763282362271,4.565781054597606,4.134944709237321,-0.12160844199056386
Sodium hydrogen oxalate,C(=O)(C(=O)[O-])O.[Na+],0,-4.793271312155723,-3.6258460966788855,1.5100743275242878,-1.5042781913776275,0.13439829811641285
Pyrithione Sodium,C1=CC(=S)N(C=C1)[O-].[Na+],0,1.8926299258335477,-4.15379553286444,-0.8955662017379095,-0.07065504219497502,1.3258626186280245
Sodium Thiosalicylate,C1=CC=C(C(=C1)C(=O)[O-])S.[Na+],0,-2.7348769227862455,-4.355819525184693,0.31616621368607273,-2.1847752139629493,-0.5295393997169715
"thiosulfuric acid (h2s2o3), potassium salt",OS(=O)(=S)[O-].[K+],0,0.5131589484661696,-8.018451535723177,8.085188324739612,-2.9586931432019004,-1.0421937487695
Coumafuryl sodium,CC(=O)CC(C1=CC=CO1)C2=C(C3=CC=CC=C3OC2=O)[O-].[Na+],0,-2.4979235272906557,1.8301002287249837,0.12046244643084794,-4.058776164107487,1.1558686324268745
Sodium 4-chloro-2-cyclopentylphenate,C1CCC(C1)C2=C(C=CC(=C2)Cl)[O-].[Na+],0,-3.9923318543704216,-2.496925748174871,-2.0202726287001878,-2.378002948187252,1.1215023002183173
"Bromacil, sodium salt",CCC(C)N1C(=O)C(=C(N=C1[O-])C)Br.[Na+],0,2.514799213247284,0.2687705369526773,-4.248044101129832,0.8795412747897867,-0.8629958157202987
Potassium peroxymonosulfate,OOS(=O)(=O)[O-].[K+],0,0.5581611990487338,-7.041249551044313,8.53122246448543,-3.431499940620511,-0.1850441285449032
"Benzenesulfonic acid, dimethyl-, potassium salt (1:1)",CC1=C(C(=CC=C1)S(=O)(=O)[O-])C.[K+],0,2.9321899093098285,-7.066184890435301,7.769791270507231,-4.110013220724555,-0.5327812623671726
Troclosene potassium,C1(=NC(=O)N(C(=O)N1Cl)Cl)[O-].[K+],0,2.8263691675705966,-2.1505621526455356,-3.61978973334107,-1.688795684980034,1.025126481014608
Potassium p-tert-butylphenolate,CC(C)(C)C1=CC=C(C=C1)[O-].[K+],0,-3.9524753534972468,-2.752363065363477,-0.528918860909552,-2.018429108597009,-0.03533033848941033
Fenridazon potassium,CC1=CC(=O)C(=NN1C2=CC=C(C=C2)Cl)C(=O)[O-].[K+],0,2.390737827507901,-0.11173916498684908,-4.467160217821349,-2.075323447228167,2.3281920364240714
Sodium Nitrite,N(=O)[O-].[Na+],0,-2.7752782776298335,-6.151944865401023,1.3407736471042522,2.0921945155259913,4.597075026820106
Sodium Chlorite,[O-]Cl=O.[Na+],0,-4.312494357445063,-6.473951031046579,0.8411875721052169,-0.5866482483941776,0.09261481800572652
Sodium Lauroyl Sarcosinate,CCCCCCCCCCCC(=O)N(C)CC(=O)[O-].[Na+],0,-2.6292262757990295,0.3415253702127812,2.482321081821662,5.425055623210332,-1.217019684559766
Sulcofuron-sodium,C1=CC(=C(C=C1NC(=O)NC2=C(C=CC(=C2)Cl)OC3=C(C=C(C=C3)Cl)S(=O)(=O)[O-])Cl)Cl.[Na+],0,7.842672208595715,-4.531756418525162,4.499742683317548,-5.745240976681762,0.7953587971788689
"2,2'-methylenebis(3,4,6-trichlorophenol) monosodium salt",C1=C(C(=C(C(=C1Cl)Cl)CC2=C(C(=CC(=C2Cl)Cl)Cl)[O-])O)Cl.[Na+],0,-3.6003690105900845,-2.695407139191751,-2.2059223226809084,-3.4168409555868893,1.872166529998555
3-Chloro-2-biphenylol potassium salt,C1=CC=C(C=C1)C2=C(C(=CC=C2)Cl)[O-].[K+],0,-3.4518279958222386,-3.377554876073852,-3.07754167414598,-3.6385521125230587,1.5058641562509525
Pindone sodium salt,CC(C)(C)C(=O)[C-]1C(=O)C2=CC=CC=C2C1=O.[Na+],0,-3.177273886466996,-0.7103208947319822,0.1213161292532569,-3.0216391187349645,0.5535756721058538
Diphacinone-sodium,C1=CC=C(C=C1)C(C2=CC=CC=C2)C(=O)[C-]3C(=O)C4=CC=CC=C4C3=O.[Na+],0,-3.1574873977804856,-1.6810264173806757,-0.6552213969163299,-3.5995091452518357,1.1529771959916992
Cloprop-sodium,CC(C(=O)[O-])OC1=CC(=CC=C1)Cl.[Na+],0,-3.902275343396154,-2.4767885907052962,-1.516082555632241,-3.5986907979947707,1.7528313774812798
Imazaquin sodium salt,CC(C)C1(C(=O)NC(=N1)C2=NC3=CC=CC=C3C=C2C(=O)[O-])C.[Na+],0,2.3201473113770907,2.440177547953499,-3.3544125784063707,-1.5977444826217964,-0.6228841720143166
"Ethanesulfonic acid, 2-(methyl(9Z)-9-octadecen-1-ylamino)-, sodium salt (1:1)",CCCCCCCC/C=C\CCCCCCCCN(C)CCS(=O)(=O)[O-].[Na+],0,1.412092593024112,-3.252615895782645,10.495140960134133,3.113002485755371,-1.5819938511317366
Sodium Hypochlorite,[O-]Cl.[Na+],0,-4.667384567679678,-6.474708860398851,0.23340749914327613,-0.45682741861161663,-0.5387792326267823
"MERCURY, (p-CARBOXYPHENYL)HYDROXY-, SODIUM SALT",C1=CC(=CC=C1C(=O)[O-])[Hg].O.[Na+],0,-4.607644850009034,-4.095854744059192,0.11294125138391102,-1.7490482629248552,0.18049796255428513
Sodium Xylenesulfonate,CC1=C(C=C(C=C1)S(=O)(=O)[O-])C.[Na+],0,2.9321899093098285,-7.066184890435301,7.769791270507231,-4.110013220724555,-0.5327812623671726
Clorophene sodium,C1=CC=C(C=C1)CC2=C(C=CC(=C2)Cl)[O-].[Na+],0,-3.534558027914014,-3.46584070047914,-2.7234096120755487,-3.288141840047359,1.4978292183129667
Potassium pentachlorophenolate,C1(=C(C(=C(C(=C1Cl)Cl)Cl)Cl)Cl)[O-].[K+],0,-3.7948734574155534,-3.924376954812044,-2.565132003364612,-3.067208489939523,1.346870638890584
Potassim 2-chloro-4-phenylphenate,C1=CC=C(C=C1)C2=CC(=C(C=C2)[O-])Cl.[K+],0,-3.4518279958222386,-3.377554876073852,-3.07754167414598,-3.6385521125230587,1.5058641562509525
"Potassium (2,4-dichlorophenoxy)acetate",C1=CC(=C(C=C1Cl)Cl)OCC(=O)[O-].[K+],0,-3.8692017565642156,-1.389089638889014,-1.1933246029869369,-3.3855202732261884,2.3691480118343176
Monosodium arsenate,O[As](=O)(O)[O-].[Na+],0,-2.7238569880256316,-6.000333858755547,4.0481917342699045,-0.793228190234785,-0.0702294290309232
Propylparaben Sodium,CCCOC(=O)C1=CC=C(C=C1)[O-].[Na+],0,-4.407214728315476,-0.640195544897015,1.299263483954433,-0.9615672464380298,1.1646514196299256
Sodium p-chloro-m-cresol,CC1=C(C=CC(=C1)[O-])Cl.[Na+],0,-3.696472867830732,-3.673218429532271,-2.4762295112741164,-2.954274841560044,1.288954507038126
"2-biphenylol, 5-chloro-, sodium salt",C1=CC=C(C=C1)C2=C(C=CC(=C2)Cl)[O-].[Na+],0,-3.4518279958222386,-3.377554876073852,-3.07754167414598,-3.6385521125230587,1.5058641562509525
"3-amino-2,5-dichlorobenzoic acid sodium salt",C1=C(C=C(C(=C1C(=O)[O-])Cl)N)Cl.[Na+],0,-2.2416634987778585,-3.956999191077074,-3.105830779516386,-0.9658465713905221,0.7463444927969644
EDTA monosodium salt,C(CN(CC(=O)O)CC(=O)[O-])N(CC(=O)O)CC(=O)O.[Na+],0,-2.9867993365729495,-0.8252037516072016,2.5390751223421435,4.668850013004047,-0.6345269842736765
Otimerate Sodium,CC[Hg]SC1=NC2=C(O1)C=CC(=C2)C(=O)[O-].[Na+],0,0.6836515800094424,-0.9601590310611567,0.7437424180179896,-1.559202960036771,-2.2920175045146514
Chwastox D,CC1=C(C=CC(=C1)Cl)OCC(=O)[O-].COC1=C(C=CC(=C1C(=O)O)Cl)Cl.[Na+],0,-2.8949822972076142,0.5985361947417784,-0.23969591001513219,-3.834307988769499,2.8767549677973965
"Lauric acid, potassium salt",CCCCCCCCCCCC(=O)[O-].[K+],0,-5.92025158178476,-1.6457129890624818,2.8828239467931667,1.6440034625827136,-0.9879047756522606
"2,4,5-T-sodium",C1=C(C(=CC(=C1Cl)Cl)Cl)OCC(=O)[O-].[Na+],0,-3.8692017565642156,-1.389089638889014,-1.1933246029869369,-3.3855202732261884,2.3691480118343176
Sodium Dehydroacetate,CC1=CC(=O)[C-](C(=O)O1)C(=O)C.[Na+],0,-2.81607820948247,-1.0293478640029596,-0.08379375776842364,-3.280550037219272,1.3809027568060002
Potassium 2-mercaptobenzothiazole,C1=CC=C2C(=C1)N=C(S2)[S-].[K+],0,-0.4849130032775899,-3.6600181102169014,-1.1755481640197025,-0.9602936115827928,-4.00847313990983
"Potassium 2,4,5-trichlorophenolate",C1=C(C(=CC(=C1Cl)Cl)Cl)[O-].[K+],0,-3.7948734574155534,-3.924376954812044,-2.565132003364612,-3.067208489939523,1.346870638890584
Dodecylguanidine terephthalate,CCCCCCCCCCCCN=C(N)N.CCCCCCCCCCCCN=C(N)N.C1=CC(=CC=C1C(=O)O)C(=O)O,0,-1.1104810928745508,1.9455847493017144,2.118286191551114,4.856276097015713,-1.0815830820025776
Lithium (perfluorooctane)sulfonate,[Li+].C(C(C(C(C(F)(F)S(=O)(=O)[O-])(F)F)(F)F)(F)F)(C(C(C(F)(F)F)(F)F)(F)F)(F)F,0,1.2270692822042797,-8.219740200196327,7.505730875845761,-3.5359209798927256,-0.6122197029297578
Sodium 2-chlorophenolate,C1=CC=C(C(=C1)[O-])Cl.[Na+],0,-3.7948734574155534,-3.924376954812044,-2.565132003364612,-3.067208489939523,1.346870638890584
Fenoprop-potassium,CC(C(=O)[O-])OC1=CC(=C(C=C1Cl)Cl)Cl.[K+],0,-3.6015477824585562,-2.1945053462125768,-1.8138038655153903,-3.9278504651590977,2.267347534929664
"Sodium 2,4,5-trichlorophenoxyethyl sulfate",C1=C(C(=CC(=C1Cl)Cl)Cl)OCCOS(=O)(=O)[O-].[Na+],0,1.1701184219298784,-3.7337667626311295,6.676264075653561,-4.3408076214954034,2.448350499275983
Chlorfenac-sodium,C1=CC(=C(C(=C1Cl)CC(=O)[O-])Cl)Cl.[Na+],0,-4.214780582765285,-3.5704687618766537,-1.6285561955765662,-2.052926513063052,0.7579828224221177
Potassium Sorbate,C/C=C/C=C/C(=O)[O-].[K+],0,-5.209386279639118,-4.088346074810268,0.7875344671604132,-0.9299188237833078,-0.8084089681735488
"Sodium 2,4,6-trichlorophenoxide",C1=C(C=C(C(=C1Cl)[O-])Cl)Cl.[Na+],0,-3.7948734574155534,-3.924376954812044,-2.565132003364612,-3.067208489939523,1.346870638890584
Sodium Trichloroacetate,C(=O)(C(Cl)(Cl)Cl)[O-].[Na+],0,-4.646560272093782,-4.883321453896823,-0.10141826269100865,-1.5257142499322924,-0.5507551449422937
Clorophene potassium,C1=CC=C(C=C1)CC2=C(C=CC(=C2)Cl)[O-].[K+],0,-3.534558027914014,-3.46584070047914,-2.7234096120755487,-3.288141840047359,1.4978292183129667
Bispyribac-sodium,COC1=CC(=NC(=N1)OC2=C(C(=CC=C2)OC3=NC(=CC(=N3)OC)OC)C(=O)[O-])OC.[Na+],0,1.856537979071786,0.7600980112893628,-2.6697940490960774,-2.708596755688974,-0.10770847341015166
Mecoprop-potassium,CC1=C(C=CC(=C1)Cl)OC(C)C(=O)[O-].[K+],0,-3.515744721508659,-1.967467346589018,-1.707333992187621,-3.8100692294194736,2.183443323820686
Potassium Myristate,CCCCCCCCCCCCCC(=O)[O-].[K+],0,-5.92025158178476,-1.6457129890624818,2.8828239467931667,1.6440034625827136,-0.9879047756522606
Naptalam sodium,C1=CC=C2C(=C1)C=CC=C2NC(=O)C3=CC=CC=C3C(=O)[O-].[Na+],0,-1.1452932248724108,-2.056722238972627,-2.1459258278895406,-1.4241026286837086,0.34037055203779354
Disul-sodium,C1=CC(=C(C=C1Cl)Cl)OCCOS(=O)(=O)[O-].[Na+],0,1.1701184219298784,-3.7337667626311295,6.676264075653561,-4.3408076214954034,2.448350499275983
Disodium octaborate tetrahydrate,B(=O)OB1OB2OB(OB(OB(O2)OB(O1)OB=O)[O-])[O-].O.O.O.O.[Na+].[Na+],0,-2.417439237110154,-2.8359425569974777,3.271353785072689,-2.5038342637890483,0.7054791081960206
Trinexapac-ethyl,CCOC(=O)C1CC(=O)C(=C(C2CC2)O)C(=O)C1,0,-4.68043874981819,3.296774995320817,2.382936050816782,-1.8432349688583147,1.17567614711347
Flumioxazin,C#CCN1C(=O)COC2=CC(=C(C=C21)N3C(=O)C4=C(C3=O)CCCC4)F,0,1.4567476057495405,7.9733134718234915,-2.4681044458929073,0.4572802723858754,0.5991978737633509
"Benzaldehyde, pentachloro-, oxime",C(=NO)C1=C(C(=C(C(=C1Cl)Cl)Cl)Cl)Cl,0,-1.5520790961283175,-4.023527191385127,-2.1040092410775406,-0.13888662856637216,3.3317357964986902
Alpha-Cypermethrin,CC1([C@H]([C@H]1C(=O)O[C@H](C#N)C2=CC(=CC=C2)OC3=CC=CC=C3)C=C(Cl)Cl)C,0,-3.1536161328648302,0.521375276162634,-2.5015907097204026,-4.566610410868664,1.5995975939993088
Fenpropimorph,C[C@@H]1CN(C[C@@H](O1)C)CC(C)CC2=CC=C(C=C2)C(C)(C)C,0,-1.5873612496541845,1.909779856445556,-0.6957361896921026,2.9431326400652713,-2.161755059070605
Novaluron,C1=CC(=C(C(=C1)F)C(=O)NC(=O)NC2=CC(=C(C=C2)OC(C(OC(F)(F)F)F)(F)F)Cl)F,0,2.6095688311640095,0.19720055507700848,-4.032411988946516,-3.1423706929190325,1.3407550279215235
N-(3-Chlorophenyl)benzamide,C1=CC=C(C=C1)C(=O)NC2=CC(=CC=C2)Cl,0,-1.0769257204758935,-3.097073484507426,-4.641547769887926,-0.48314496537190443,-0.9569383027427633
Canthin-6-One,C1=CC=C2C(=C1)C3=C4N2C(=O)C=CC4=NC=C3,0,0.6098470753660954,0.3608780808736955,-4.207757205484387,-0.7733107938494811,-2.205149536005452
"3,5-Dinitro-4-hydroxyphenacetic acid",C1=C(C=C(C(=C1[N+](=O)[O-])O)[N+](=O)[O-])CC(=O)O,0,1.9305400464946945,-0.7551258818694675,-0.23526323091208065,2.296915087986444,9.119268425125648
Nornicotine,C1C[C@H](NC1)C2=CN=CC=C2,0,-1.1724316183743364,0.29972265999511943,-2.1784856951332845,3.6687773314186276,-3.9513056077605735
Bioban P-1487,CCC(CN1CCOCC1)[N+](=O)[O-].CCC(CN1CCOCC1)(CN2CCOCC2)[N+](=O)[O-],0,2.002951010914314,2.0875112181058246,2.2301573927457947,7.756122700940933,5.5370928803982515
Permethric acid,CC1(C(C1C(=O)O)C=C(Cl)Cl)C,0,-4.785411271177764,-1.1649326452296347,-0.9101585757503023,-2.6396862591339247,-0.4272209468221085
Fenpropidin,CC(CC1=CC=C(C=C1)C(C)(C)C)CN2CCCCC2,0,-2.0451510980537724,0.8573564983727769,-0.33463509619404164,5.043880343582403,-3.1358876860154887
Pyrazosulfuron-ethyl,CCOC(=O)C1=C(N(N=C1)C)S(=O)(=O)NC(=O)NC2=NC(=CC(=N2)OC)OC,0,14.024165251165917,1.5468045584552623,3.291934904401989,-2.3615734946433298,-2.8187547953382306
Fosthiazate,CCC(C)SP(=O)(N1CCSC1=O)OCC,0,2.405150489198706,2.0758946180197984,3.080223108102115,3.5744526098025897,-1.0335345013474047
Imazapic,CC1=CC(=C(N=C1)C2=NC(C(=O)N2)(C)C(C)C)C(=O)O,0,2.5879937446022723,2.958795631343001,-3.4616654712263917,-0.7146184879596423,-1.0351192021730975
Chlorfenapyr,CCOCN1C(=C(C(=C1C(F)(F)F)Br)C#N)C2=CC=C(C=C2)Cl,0,1.144714141396434,0.5727388542369379,-4.443191729193414,2.3608329545377855,-1.5196929983646608
"Cyclopropanecarboxylic acid, 3-(2-carboxy-1-propenyl)-2,2-dimethyl-",CC(=CC1C(C1(C)C)C(=O)O)C(=O)O,0,-4.3153904034643675,0.3909938066900608,1.382888382537148,-2.3135090001006606,-0.5464357429046927
Fluthiacet-methyl,COC(=O)CSC1=C(C=C(C(=C1)N=C2N3CCCCN3C(=O)S2)F)Cl,0,6.380489064965333,4.12716842611657,-2.6021970731712845,2.0699028792677,-0.23838520191297302
"Silane, (2-chloroethyl)methylbis(phenylmethoxy)-",C[Si](CCCl)(OCC1=CC=CC=C1)OCC2=CC=CC=C2,0,-3.1255275886145846,-0.6459138696137163,2.1530141836284815,1.5061683131772599,0.31886021056623604
Phenisopham,CCN(C1=CC=CC=C1)C(=O)OC2=CC=CC(=C2)NC(=O)OC(C)C,0,1.2355729123712396,0.8882983724368471,-2.030376824895676,1.0929522675369352,0.5224774898645581
"4-(3-(4-(1,1-Dimethylethyl)phenyl)-2-methylpropyl)-2,6-dimethylmorpholine",CC1CN(CC(O1)C)CC(C)CC2=CC=C(C=C2)C(C)(C)C,0,-1.5873612496541845,1.909779856445556,-0.6957361896921026,2.9431326400652713,-2.161755059070605
Flumetsulam,CC1=NC2=NC(=NN2C=C1)S(=O)(=O)NC3=C(C=CC=C3F)F,0,11.860064024041332,-2.1637462398177605,0.9405888397233019,-2.939188047254041,-3.0377003196183563
Tebutam,CC(C)N(CC1=CC=CC=C1)C(=O)C(C)(C)C,0,-1.6417088610028456,-0.693429205616236,-1.423099984155619,2.8334654755357853,-2.198213793465291
2-Cyclohexylcyclohexanol,C1CCC(CC1)C2CCCCC2O,0,-4.723589783309984,0.3779658043374708,0.21851363336915763,-0.44817242469337687,-0.19295979462657162
