name,SMILES,herb,PC1,PC2,PC3,PC4,PC5
alorac,C(=C(C(=O)O)Cl)(C(=O)C(Cl)(Cl)Cl)Cl,1,-1.677731776290495,-0.3813475523975715,1.6142780323605992,0.45017107238553483,3.0019863451879822
amidochlor,CCC1=C(C(=CC=C1)CC)N(CNC(=O)C)C(=O)CCl,1,-1.6742000886878947,-1.131629566954924,-2.1401506446246836,-0.26933428461143083,0.6844611863338432
bentranil,C1=CC=C(C=C1)C2=NC3=CC=CC=C3C(=O)O2,1,-1.2681975066498195,-0.30418038320339874,-0.3088674838499613,1.626597745112329,0.27318118161461746
benzadox,C1=CC=C(C=C1)C(=O)NOCC(=O)O,1,-2.064677611391718,-0.7653806261835259,-1.2028864465776272,0.3244121374612783,0.21839182898913373
benzipram,CC1=CC(=CC(=C1)C(=O)N(CC2=CC=CC=C2)C(C)C)C,1,-1.1215791506791968,-0.8642359601239432,-0.7811117706132266,-0.21842935012832046,-0.4670329709835683
benzofluor,CCSC1=CC(=C(C=C1)NS(=O)(=O)C)C(F)(F)F,1,-2.484676784050545,-1.146855821038066,-2.250341692719296,0.3944662477256266,0.8274851177781586
benzoylprop,CC(C(=O)O)N(C1=CC(=C(C=C1)Cl)Cl)C(=O)C2=CC=CC=C2,1,-1.9160777743719668,-1.1090085916204904,-1.5819919541546945,0.10373843503900651,-0.23626886975654235
buthidazole,CC(C)(C)C1=NN=C(S1)N2C(CN(C2=O)C)O,1,0.8784384017791353,0.8184687552858323,0.6250698274442672,-0.01500345522180517,2.498302297664799
cambendichlor,COC1=C(C=CC(=C1C(=O)OCCN(CCOC(=O)C2=C(C(=CC(=C2)Cl)Cl)OC)C3=CC=CC=C3)Cl)Cl,1,-1.7586343004828158,3.6077835681039385,-0.860831647347419,-1.5520226084749422,2.656915978260346
carboxazole,CC(C)(C)C1=CC(=NO1)NC(=O)OC,1,-1.153643247554987,0.03219802762568755,-0.9874326973691336,-0.8774010846387917,2.201533855073406
chlorflurazole,C1=CC(=C(C2=C1NC(=N2)C(F)(F)F)Cl)Cl,1,-2.398715727829659,0.5354425107723138,-0.3783073314869494,1.6435481292599479,1.986591862868408
chlorflurenol,C1=CC=C2C(=C1)C3=C(C2(C(=O)O)O)C=C(C=C3)Cl,1,-1.5665955269613392,1.415906725872107,0.48861163536180874,-0.7833830033118568,1.6563381226338407
chloroacetic acid,C(C(=O)O)Cl,1,-1.9776530709837885,-0.9383285390802034,-1.2957989283897589,-0.003324258508335419,-0.00611435640555014
chloropon,C(C(C(=O)O)(Cl)Cl)Cl,1,-2.043584542250456,-0.9063200329427211,-0.8919163543522561,1.1423974264107974,-0.007515829053653153
cisanilide,CC1CCC(N1C(=O)NC2=CC=CC=C2)C,1,-1.356031741074224,0.015706486086636426,-0.2829596476040302,0.026610775444026014,0.43260963520233786
clacyfos,CC(OC(=O)COC1=C(C=C(C=C1)Cl)Cl)P(=O)(OC)OC,1,-1.9411670539652957,-0.3664428713245337,-2.6184164377484174,-0.5669882297367619,-0.08445071432934032
cliodinate,CC(=O)OC1=C(C(=NC=C1I)Cl)I,1,-1.915130181430493,-0.8256820480469079,-0.033165065243599266,-0.5407691896897999,0.40201251931343623
CPMF,CN(C)C(=NC1=CC(=C(C=C1)Cl)Cl)Cl,1,-1.988913089742481,-0.9733491746288975,-1.6696483493322134,0.4429938397111083,0.48619877066519335
credazine,CC1=CC=CC=C1OC2=NN=CC=C2,1,-2.1580084369945465,-0.7977781760200982,-1.3215915113098153,0.3653954511049396,0.4394685284354992
cycluron,CN(C)C(=O)NC1CCCCCCC1,1,-0.9121860095085064,-0.40162659793368116,0.08194317899185023,-0.7040319853025502,2.7919719786735797
cyprazole,CC(C)(CCl)C1=NN=C(S1)NC(=O)C2CC2,1,-1.8772814399659654,-0.4764434662057903,-0.3824468969638267,0.574488157689892,2.3092865212332168
cypromid,C1CC1C(=O)NC2=CC(=C(C=C2)Cl)Cl,1,-1.909260583277627,-0.4268872503363059,-1.696601214643505,-0.11589018548536757,0.24614738573682537
dazomet,CN1CN(C(=S)SC1)C,1,-1.0662824553695245,-0.668959471257652,0.89924159412978,3.5752949018578137,0.4413317227953017
dichloralurea,C(C(Cl)(Cl)Cl)(NC(=O)NC(C(Cl)(Cl)Cl)O)O,1,-1.1212271478186742,-0.7157380939032828,-0.8671241219049548,0.3213620786736584,-0.09961227957461918
dichlormate,CNC(=O)OCC1=CC(=C(C=C1)Cl)Cl,1,-1.8706864634480362,-0.5524331855352371,0.28451734278258023,-1.4510258694021976,-1.3556243834883277
difenopenten,CC(C=CC(=O)O)OC1=CC=C(C=C1)OC2=CC=C(C=C2)C(F)(F)F,1,-2.0028485876206235,-1.1135936506520654,0.22833031261150408,-2.211088361570648,-2.334323940763685
disul,C1=CC(=C(C=C1Cl)Cl)OCCOS(=O)(=O)O,1,-2.0401098532512343,-1.1783260863928176,-1.381719001533905,0.2993863354991217,-0.3916061648319533
erbon,CC(C(=O)OCCOC1=CC(=C(C=C1Cl)Cl)Cl)(Cl)Cl,1,-2.0826017520138698,-0.1363981412543385,-1.4784424145663477,0.07333189590103013,-0.03807952555787642
EXD,CCOC(=S)SSC(=S)OCC,1,-1.747017921526287,-0.7790956119957673,-1.4040766664890985,0.09867749566067037,0.6354873043509061
fenteracol,C1=C(C(=CC(=C1Cl)Cl)Cl)OCCO,1,-2.2024588115369466,-0.7715267797089114,-1.354947137940985,-0.47416602286151355,-0.4081046910806608
flamprop,CC(C(=O)O)N(C1=CC(=C(C=C1)F)Cl)C(=O)C2=CC=CC=C2,1,-1.9330511041314462,-1.0711809105101864,-1.2215005382418564,0.19238183934547043,-0.5267249678837712
flumezin,CN1C(=O)N(C(=O)CO1)C2=CC=CC(=C2)C(F)(F)F,1,-0.014079747192822867,0.3276678241488442,-0.4151532559434586,1.102278558860957,-0.37195852085585546
fluoromidine,C1=C(C=NC2=C1NC(=N2)C(F)(F)F)Cl,1,-1.9366725750898743,0.3904433995166981,-0.47876923058339627,1.6261221111634787,0.5646188528185349
haloxydine,C1(=C(NC(=C(C1=O)Cl)F)F)Cl,1,-1.8833415237551434,-0.6087819109953126,1.0263347830398364,3.614352139196547,-0.3145961313320477
herbimycin,CC1CC(C(C(C=C(C(C(C=CC=C(C(=O)NC2=CC(=O)C=C(C1OC)C2=O)C)OC)OC(=O)N)C)C)OC)OC,1,8.856282700599342,3.472927317012613,4.7333074789732645,-2.135973177402059,10.259363908352597
hexachloroacetone,C(=O)(C(Cl)(Cl)Cl)C(Cl)(Cl)Cl,1,-1.3171765964477353,-1.0226478134545334,-1.1185325885633048,0.5576077577182764,0.1953525414289964
isocarbamid,CC(C)CNC(=O)N1CCNC1=O,1,-1.65957510704008,-0.6135629166629777,-0.39646622567754025,1.813919067489353,0.5975433164812213
isonoruron,CN(C)C(=O)NC1CCC2C1C3CCC2C3,1,-0.7405994732048886,0.5779303750690736,0.5046442530720943,0.12269197217326949,2.7226755483564404
karbutilate,CC(C)(C)NC(=O)OC1=CC=CC(=C1)NC(=O)N(C)C,1,-2.4438094861979565,1.3081809182732467,-2.4583315643186876,-1.2576974299818133,-0.4895853898285462
lancotrione,CS(=O)(=O)C1=C(C(=C(C=C1)C(=O)C2C(=O)CCCC2=O)Cl)OCCC3OCCO3,1,0.06591034463697966,0.5476881989255274,-0.12546474469893037,2.110900715928948,1.3100107422726512
MCPA-thioethyl,CCSC(=O)COC1=C(C=C(C=C1)Cl)C,1,-1.8125758207105926,-0.8204315801019021,-1.9733130588659047,0.42948630649739294,-0.07378302212328672
metam,CNC(=S)S,1,-1.9336005917210293,-1.0087818830566082,-1.6612786946590297,0.20457693756654977,0.7226062646721668
methazole,CN1C(=O)N(OC1=O)C2=CC(=C(C=C2)Cl)Cl,1,-1.5227528565905972,-0.8253909326256408,-1.2662345816657279,0.949128736627434,0.5146952068579699
methoxyphenone,CC1=CC(=CC=C1)C(=O)C2=CC(=C(C=C2)OC)C,1,-1.4767262989789454,-0.2028517100617673,-1.4897237845503537,-0.42809800535388,0.5920889946154233
methyl isothiocyanate,CN=C=S,1,-1.9509834830971284,-1.0020329524438085,-0.9382803821673614,0.44878619781025963,0.6507817051752437
noruron,CN(C)C(=O)NC1CC2CC1C3C2CCC3,1,-0.462954361768711,0.8172514100672938,-0.4542278336062628,-0.5764111754647953,0.1353460767624815
o-dichlorobenzene,C1=CC=C(C(=C1)Cl)Cl,1,-2.027362970885559,-0.7781036909942328,-1.4932310222025316,0.25851718493834847,0.27549881707502794
pentachlorophenol,C1(=C(C(=C(C(=C1Cl)Cl)Cl)Cl)Cl)O,1,-1.981762737078858,-1.0500052966217375,-1.4613713981631131,0.6578134622233273,0.5906252925928551
phenobenzuron,CN(C)C(=O)N(C1=CC(=C(C=C1)Cl)Cl)C(=O)C2=CC=CC=C2,1,-2.250629299330572,-0.9225271064999722,-1.0174612808067622,-0.3489340944324735,1.9083740119668082
proxan,CC(C)OC(=S)S,1,-1.5907158475153023,-1.106743095226033,-1.5309861601019867,-0.04060997655094198,0.1441129212738647
pydanon,C1C(=O)NNC(=O)C1(CC(=O)O)O,1,0.11887679749444828,-0.6656445992323856,-0.4976942955662485,0.9632806551913073,0.11759952890928044
pyriclor,C1=C(C(=O)C(=C(N1)Cl)Cl)Cl,1,-1.12540795937388,-0.9950489706506765,-1.1551373767971238,1.3113606489757388,0.4538412996335909
quinonamid,C1=CC=C2C(=C1)C(=O)C(=C(C2=O)Cl)NC(=O)C(Cl)Cl,1,-2.1378040305845527,-0.5561715862066771,-0.457005243068886,-0.7118806196310165,1.487684834664328
sulfallate,CCN(CC)C(=S)SCC(=C)Cl,1,-1.860683890046667,-0.9517472339540314,-1.5256182716343938,0.5677352735181329,0.5051783553917507
sulglycapin,CNS(=O)(=O)OCC(=O)N1CCCCCC1,1,-1.3339198640916239,-0.2342855581277414,-0.5540725181992331,0.17578103624962457,0.17304212954136375
tavron,C1=CC(=CC=C1C2=NSC(=N2)N)Cl,1,-2.013366005964336,-1.1030230274709416,-1.0693952075995483,0.5364535803387227,1.079434561977932
terbucarb,CC1=CC(=C(C(=C1)C(C)(C)C)OC(=O)NC)C(C)(C)C,1,-1.8234634385712656,-1.0019552541663688,-0.9640508563251473,-0.736142890590737,-0.1440433483625062
thidiazuron,C1=CC=C(C=C1)NC(=O)NC2=CN=NS2,1,-2.393396667295868,-0.6985347951513494,-1.2668866094470745,0.7844910725075698,0.734550570122194
trihydroxytriazine,C1(=O)NC(=O)NC(=O)N1,1,-1.6924950287236138,-0.780769422079573,-0.4561361522614603,1.2597229856584435,0.03594868167011132
trimeturon,CN(C)C(=NC1=CC=C(C=C1)Cl)OC,1,-1.6082918637169132,-0.9739752234002073,-1.1397158026733398,0.21126814051463358,0.4181033679012747
tripropindan,CCC(=O)C1=C(C2=C(C=C1C(C)C)C(CC2)(C)C)C,1,1.2048477510561613,-0.4968256212403636,0.9606684699360406,0.19940120266258712,0.050832964522738645
tritac,CC(COCC1=C(C=CC(=C1Cl)Cl)Cl)O,1,-1.7724136675247857,-0.894762573515963,-0.6845261939637792,1.196859287092905,-0.2467894347886105
aclonifen,C1=CC=C(C=C1)OC2=C(C(=C(C=C2)[N+](=O)[O-])N)Cl,1,-2.594996744778085,-1.2072192935233192,-1.1893193173362773,-0.6019211791393962,-1.4316159274412952
amitrole,C1=NNC(=N1)N,1,-1.4933312246846457,-1.1167009572351396,-1.6514344951400894,1.0236886193099048,0.9437501174475308
asulam,COC(=O)NS(=O)(=O)C1=CC=C(C=C1)N,1,-1.5523856198782602,-0.9568382593291588,-2.034004027395007,0.30982050475352224,0.992603002753306
bilanafos,CC(C(=O)NC(C)C(=O)O)NC(=O)C(CCP(=O)(C)O)N,1,-2.0022720134788,-1.3049850879411578,-1.713585500421098,0.34511294116874575,0.6257452542131544
cinmethylin,CC1=CC=CC=C1COC2CC3(CCC2(O3)C)C(C)C,1,1.1543711780143235,0.699845915345819,1.6049038751473936,0.2247213484460645,0.7102055678247413
clomazone,CC1(CON(C1=O)CC2=CC=CC=C2Cl)C,1,-1.297300855995951,0.6145295985544206,0.9309513567787521,0.03843935790063504,1.1580567562192376
cyclopyrimorate,CC1=C(C(=CC=C1)C2CC2)OC3=NN=C(C=C3OC(=O)N4CCOCC4)Cl,1,-1.847229213571163,1.7608402570595534,-0.5365816644420951,0.35975422271885815,0.5435936045759968
diflufenzopyr,CC(=NNC(=O)NC1=CC(=CC(=C1)F)F)C2=C(C=CC=N2)C(=O)O,1,-2.438106581346748,-0.3431906696559757,-0.6686347218951322,1.0898673126243554,0.8799208111264746
endothal,C1CC2C(C(C1O2)C(=O)O)C(=O)O,1,-0.3178444078801047,-0.5313994870712409,0.5883327716521585,1.0552220107952603,-0.030692258215750393
glufosinate,CP(=O)(CCC(C(=O)O)N)O,1,-2.139410984126994,-1.19917020621272,-1.9639630208484669,0.6478739904391368,0.43400039959979986
glyphosate,C(C(=O)O)NCP(=O)(O)O,1,-2.240720651962956,-1.2023982105517523,-1.9014270543258,0.4812408413138101,0.6503156382780644
methiozolin,CC1=C(SC=C1)C2=NOC(C2)(C)COCC3=C(C=CC=C3F)F,1,-0.06177553332501928,3.1922151788432767,1.4878990781090449,0.538605981018658,-2.0181022694555604
naptalam,C1=CC=C2C(=C1)C=CC=C2NC(=O)C3=CC=CC=C3C(=O)O,1,-2.3544468588400522,0.7537947812833673,-0.8080688946113186,0.20329916837986775,0.12486571292020646
bromobutide,CC(C)(C)C(C(=O)NC(C)(C)C1=CC=CC=C1)Br,1,-1.565453828501252,-0.7436719886673022,0.5962779111532832,0.7049464354505705,-0.967473790459536
cumyluron,CC(C)(C1=CC=CC=C1)NC(=O)NCC2=CC=CC=C2Cl,1,-2.291681395738938,0.09248140067580148,-1.4537161929619646,-0.5711007094685375,-0.07497062228196047
daimuron,CC1=CC=C(C=C1)NC(=O)NC(C)(C)C2=CC=CC=C2,1,-1.6597493155829612,-0.8989606295543098,-1.7732653275195214,-0.17485233148024704,0.2418154385637041
difenzoquat,CN1C(=CC(=[N+]1C)C2=CC=CC=C2)C3=CC=CC=C3,1,-1.5967442789170165,-0.7743196160085808,-0.9644752799176599,0.886022156206287,-0.2087255166916411
diphenamid,CN(C)C(=O)C(C1=CC=CC=C1)C2=CC=CC=C2,1,-1.6561517875157152,-0.29876564696193975,-0.9791381286959594,-0.4722402266478508,-0.6636811684564502
etobenzanid,CCOCOC1=CC=C(C=C1)C(=O)NC2=C(C(=CC=C2)Cl)Cl,1,-2.417890132286919,0.16985048082247112,-1.5332964135324068,-0.9674213615020232,-0.16382383677605106
flamprop-M,CC(C(=O)O)N(C1=CC(=C(C=C1)F)Cl)C(=O)C2=CC=CC=C2,1,-1.9330511041314462,-1.0711809105101864,-1.2215005382418564,0.19238183934547043,-0.5267249678837712
fosamine,CCOP(=O)(C(=O)N)O,1,-1.9471464533936207,-0.9295520215540196,-0.8447164230318185,-0.10428515035658524,0.02116015287211306
mefluidide,CC1=CC(=C(C=C1NC(=O)C)NS(=O)(=O)C(F)(F)F)C,1,-1.4027117151102126,-1.1024420033654934,-0.28399356062082515,-0.8463462967973451,0.3255919260895744
methyldymron,CC(C)(C1=CC=CC=C1)NC(=O)N(C)C2=CC=CC=C2,1,-2.395400206983188,-0.8247308634734125,-1.4597786273647158,-0.3915067152234018,0.22715647770390587
monalide,CCCC(C)(C)C(=O)NC1=CC=C(C=C1)Cl,1,-1.2374864974437116,-1.0136853740363432,-0.6432238205196217,2.1724220521042032,-0.08521148630366648
naproanilide,CC(C(=O)NC1=CC=CC=C1)OC2=CC3=CC=CC=C3C=C2,1,-1.5533953041436588,0.5142251788501693,-1.5132571518815716,-0.900053111944975,-0.4928038643534455
napropamide,CCN(CC)C(=O)C(C)OC1=CC=CC2=CC=CC=C21,1,-1.599758507797244,-0.8329993666599202,-1.3320153054369623,0.8907340839237295,-0.2469055536270667
oxaziclomefone,CC1=C(C(=O)N(CO1)C(C)(C)C2=CC(=CC(=C2)Cl)Cl)C3=CC=CC=C3,1,-1.7130079450476998,1.751197011780812,-0.718140335333559,0.2815082958807769,-0.3687045306745048
pelargonic acid,CCCCCCCCC(=O)O,1,-1.974419383476985,-1.010875517129147,-1.3093176939229951,0.8650115325103055,-0.12874574310616171
perfluidone,CC1=C(C=CC(=C1)S(=O)(=O)C2=CC=CC=C2)NS(=O)(=O)C(F)(F)F,1,-1.7854474467094614,-1.0201631122112442,-0.8473800042913662,-0.1564904293389104,0.527266388983295
pyributicarb,CC(C)(C)C1=CC(=CC=C1)OC(=S)N(C)C2=NC(=CC=C2)OC,1,-1.9707139731115966,-1.1713659417046047,-1.944539089789397,-0.6964129921556579,0.3812431026844513
quinoclamine,C1=CC=C2C(=C1)C(=O)C(=C(C2=O)Cl)N,1,-1.954624189771595,-0.5668908178644403,-0.5168219474383662,-0.11850954224578242,1.52867497212766
tebutam,CC(C)N(CC1=CC=CC=C1)C(=O)C(C)(C)C,1,-1.5824142118318623,0.6121388052100155,-0.850737776022302,-0.8034103074101439,0.5504574652999286
2_3_6-TBA,C1=CC(=C(C(=C1Cl)C(=O)O)Cl)Cl,1,-2.122085669530042,-0.20524308911567732,-1.618094357323887,0.6836806765002362,0.3290956947371144
2_4_5-TB,C1=C(C(=CC(=C1Cl)Cl)Cl)OCCCC(=O)O,1,-2.2796352959809365,-0.800260198653706,-1.8299683357814336,0.048322217144685035,0.0812579217526583
2_4-DEB,C1=CC=C(C=C1)C(=O)OCCOC2=C(C=C(C=C2)Cl)Cl,1,-2.468787468185524,-0.31917014184357717,-1.665227256771141,-0.6002266895526517,-0.24053217123640142
3_4-DA,C1=CC(=C(C=C1CC=O)O)O,1,-2.0737008122424774,-0.8965829629968544,-0.10725856263594578,-0.37767323402628095,-0.46792886587324567
3_4-DB,C1=CC(=C(C=C1OCCCC(=O)O)Cl)Cl,1,-2.3133058622583147,-1.0220266779453395,-1.0453995700864847,0.23948657774353646,-0.15163948503414207
3_4-DP,CC1=C(C=C(C=C1)O)C,1,-1.420097232116147,-0.8491901806705388,-0.2549138046970068,1.2566379412211242,-0.2567557502616283
4-CPA,C1=CC(=CC=C1OCC(=O)O)Cl,1,-1.7845549314932347,-0.9774559815476495,-1.2125941546768988,-0.0876481008019059,-0.07060093850685108
4-CPB,C1=CC(=CC=C1OCCCC(=O)O)Cl,1,-1.8865116409664364,-1.0502919050350235,-1.0241958943531748,0.3490701984166354,-0.3620887617257779
4-CPP,CC(C(=O)O)OC1=CC=C(C=C1)Cl,1,-1.5850706383039295,-0.5083078209520365,-1.6704234096900328,-0.41862079090285237,-0.6128281548890805
ametridione,CCSC1=NC(=O)N(C(=O)N1N)CC(C)(C)C,1,-1.0365807203591468,-0.7252727037261497,-0.4186900099218077,2.202286268657028,0.07836229601290205
amibuzin,CC(C)(C)C1=NN=C(N(C1=O)C)N(C)C,1,-1.1176171326506585,-0.9268844421211986,-1.1312440820742429,0.8601640571942186,0.6377528122762096
amiprofos-methyl,CC1=CC(=C(C=C1)OP(=S)(NC(C)C)OC)[N+](=O)[O-],1,-1.7569538866968644,1.725594748214028,-2.899037161324793,0.7194403883033159,0.17284613018314934
amiprophos,CCOP(=S)(NC(C)C)OC1=C(C=C(C=C1)C)[N+](=O)[O-],1,-1.8924583961262391,1.5477396156396057,-3.174619236076528,0.9704926642408818,0.13145211024299128
anisuron,CN(C)C(=O)N(C1=CC(=C(C=C1)Cl)Cl)C(=O)C2=CC=C(C=C2)OC,1,-2.1942026633051612,-1.0376831343124442,-1.1237539283671107,-0.6601000536158684,2.1285781243077744
BCPC,CCC(C)OC(=O)NC1=CC(=CC=C1)Cl,1,-0.8462070401957864,1.4099439548817738,-1.9312471685061654,-0.4813175995692078,-0.2929118045202494
bencarbazone,CCS(=O)(=O)NC1=CC(=C(C=C1C(=S)N)F)N2C(=O)N(C(=N2)C(F)(F)F)C,1,-0.947294626909621,1.4991503890946976,0.8782662615728136,0.5157870550212161,3.19800735601803
benzfendizone,CCC1=CC(=C(C=C1)COC2=CC=C(C=C2)N3C(=O)C=C(N(C3=O)C)C(F)(F)F)OC(C)C(=O)OC,1,-0.03679674079350136,-0.21914735217844852,1.1842411621423399,-0.8698097796115237,-0.39585538085338334
bispyribac,COC1=CC(=NC(=N1)OC2=C(C(=CC=C2)OC3=NC(=CC(=N3)OC)OC)C(=O)O)OC,1,-2.317314410850075,-0.7455943195803623,-1.8228773307383406,0.4094015713816397,0.87984354221468
bromobonil,C1CC(OC1)COC(=O)OC2=C(C=C(C=C2Br)C#N)Br,1,-0.3955081052470041,2.3310589289574075,2.658085669713865,-1.5290478060082686,-1.0548205534950479
buthiuron,CCCCS(=O)(=O)C1=NN=C(S1)N(C)C(=O)NC,1,-2.3169068194183167,-0.47853800265131446,-0.15397058249812098,-0.4333471428306044,1.8417156182483734
carbasulam,COC(=O)NC1=CC=C(C=C1)S(=O)(=O)NC(=O)OC,1,-1.6138099230228395,-0.9762701164665275,-2.3055246192963574,0.20708345877143508,1.0914268629063657
CDEA,CCCCC(CC)CP(=O)(CC(CC)CCCC)OCC,1,-1.449473582265961,-1.2229236431746804,-1.5777734241791546,1.32428298378696,0.32403008466470645
CEPC,C1=CC(=CC(=C1)Cl)NC(=O)OCCCl,1,-2.0679438439247284,-0.3301320118659189,-1.3441831097247816,-0.7631834915214578,0.5211770301765773
chlorazifop,CC(C(=O)O)OC1=CC=C(C=C1)OC2=C(C=C(C=N2)Cl)Cl,1,-1.9707336696001763,-0.6315078373945205,-1.3182566529515614,-0.10297195251366087,-0.6235910930905992
chloreturon,CCOC1=C(C=C(C=C1)NC(=O)N(C)C)Cl,1,-2.47194761896051,-0.7405985860711518,-2.4009206555519933,-0.6755497181210407,0.08381549884014013
chlornidine,CC1=CC(=C(C(=C1)[N+](=O)[O-])N(CCCl)CCCl)[N+](=O)[O-],1,-2.163971634274204,-1.1190250741296295,-2.1829569195498344,0.9912762455164539,0.7951860236477637
chloroxynil,C1=C(C=C(C(=C1Cl)O)Cl)C#N,1,-2.173197697670185,-0.9984508077647749,-0.32715018606343466,-0.492577728735865,-0.870641768997692
cloprop,CC(C(=O)O)OC1=CC(=CC=C1)Cl,1,-2.0640587528432444,-0.3972677702378416,-1.4908273531547014,-1.0254463924350625,-1.0866276794691117
CPPC,CC(CCl)OC(=O)NC1=CC(=CC=C1)Cl,1,-1.3592461052125957,-0.4568685154788382,-1.5022407094143655,-0.3108254191720401,-0.09713868471966247
cyanatryn,CCNC1=NC(=NC(=N1)SC)NC(C)(C)C#N,1,-2.393780997859387,-0.49147693394810726,-2.3867927982658426,-0.08911263262260288,1.3272611316644543
di-allate,CC(C)N(C(C)C)C(=O)SCC(=CCl)Cl,1,-1.643208647913719,-0.8323198127688471,-0.3137789141489954,-0.6369704799969157,-0.36852706470167235
dichlorprop-P,CC(C(=O)O)OC1=C(C=C(C=C1)Cl)Cl,1,-1.6642661587183725,-0.620809520335518,-2.2322278171461107,-0.3518946482263313,-0.5182916654185805
diethamquat,CCN(CC)C(=O)C[N+]1=CC=C(C=C1)C2=CC=[N+](C=C2)CC(=O)N(CC)CC,1,-1.0751011948201665,-1.089665241678376,-1.463984530910892,0.8386412684194371,0.020459002964313404
dimethenamid-P,CC1=CSC(=C1N(C(C)COC)C(=O)CCl)C,1,-1.8017981778112335,-1.195696487460401,-1.7491399387828095,1.0706061663364537,0.7229410531264983
dimexano,COC(=S)SSC(=S)OC,1,-1.814650992598783,-0.9310516747877781,-1.5225042403265094,0.10673764603900393,1.0378303916967437
dimidazon,COC1=C(C(=O)N(N=C1)C2=CC=CC=C2)OC,1,-0.19781400333245863,-0.081940622763678,-0.7877193726498379,0.5172738689573105,0.6872374187042672
dinofenate,CCC(C)C1=C(C(=CC(=C1)[N+](=O)[O-])[N+](=O)[O-])OC(=O)OC2=C(C=C(C=C2)[N+](=O)[O-])[N+](=O)[O-],1,-1.6362509671191516,-0.06452530035841939,-2.210392420773925,0.9533724477248423,-0.5717495721966152
dinoprop,CC1=C(C(=C(C=C1[N+](=O)[O-])[N+](=O)[O-])O)C(C)C,1,-1.2690643563568478,-1.1936333756997002,-0.039305092608327215,2.64812100635527,-0.5755560648291128
dipropalin,CCCN(CCC)C1=C(C=C(C=C1[N+](=O)[O-])C)[N+](=O)[O-],1,-1.8753215271740662,-1.4687283108254827,-2.2393244002217956,1.4146594711959581,0.0304134074600477
epronaz,CCCN(CC)C(=O)N1C=NC(=N1)S(=O)(=O)CCC,1,-2.088887931642585,-0.8481255592404683,-1.33735592491355,0.7259774990011717,1.6883165683596857
erlujixiancaoan,CCCC(C)C(=O)NC1=CC(=C(C=C1)Cl)Cl,1,-1.864212792424087,0.7303276453685135,-1.7193180901711214,-0.5190592318407776,-0.5380525189590063
ethachlor,CCC1=CC=CC=C1N(COCC)C(=O)CCl,1,-1.4961414996078037,-0.9880295367116584,-2.044336117636644,-0.16999167897492432,0.2961765637166664
ethiolate,CCN(CC)C(=O)SCC,1,-1.9545315030124424,-1.034804909661422,-1.7625049633931944,0.41591275163122177,0.34794278100622833
ethoxyfen,CC(C(=O)O)OC(=O)C1=C(C=CC(=C1)OC2=C(C=C(C=C2)C(F)(F)F)Cl)Cl,1,-2.3850189356999896,-0.8403711207188015,-1.8102507760488684,-1.5689819392925561,-1.7892052680136843
etnipromid,CCCCCCOC(=O)C(C)OC1=C(C=CC(=C1)OC2=CC=C(C=C2)Br)[N+](=O)[O-],1,-0.9179434117678111,-1.4466556819220506,0.0012087345165556554,-0.4135511831459622,-2.967627549559658
fenasulam,CC1=C(C=CC(=C1)Cl)OCC(=O)NC2=CC=C(C=C2)S(=O)(=O)NC(=O)OC,1,-1.591478619330589,-1.022163765778716,-3.198185542874572,-0.053030066123371425,1.1611033452717499
fenoxaprop-P,CC(C(=O)O)OC1=CC=C(C=C1)OC2=NC3=C(O2)C=C(C=C3)Cl,1,-1.6322969701681724,-0.5987229767213715,-1.1675628189785874,-1.1245532545669144,-0.299341096635437
fluazifop-P,CC(C(=O)O)OC1=CC=C(C=C1)OC2=NC=C(C=C2)C(F)(F)F,1,-2.1165043980409246,-0.7017291049492802,-2.060897902606593,-0.8262127625011575,-1.200709024276493
fluazolate,CC(C)OC(=O)C1=C(C=C(C(=C1)C2=NN(C(=C2Br)C(F)(F)F)C)F)Cl,1,-2.2466677155839245,-0.045716678843239746,1.2523156066016154,1.8565126502723353,1.0999053545345276
flufenican,C1=CC=C(C=C1)NC(=O)C2=C(N=CC=C2)OC3=CC=CC(=C3)C(F)(F)F,1,-2.6869303083371667,-0.615766709738318,-1.5158804978490337,-1.2464559933235675,-1.1176224012540472
flufenpyr,CC1=C(C=NN(C1=O)C2=CC(=C(C=C2F)Cl)OCC(=O)O)C(F)(F)F,1,-1.081987675237865,-0.6622871835657542,-0.8910826588181097,-0.0014861595463441695,-0.7227933343466998
flupropacil,CC(C)OC(=O)C1=C(C=CC(=C1)N2C(=O)C=C(N(C2=O)C)C(F)(F)F)Cl,1,-0.7735425425970512,0.31814618517611654,-0.06130456828800022,0.8539914113100867,-0.04831716670768059
fucaojing,CC(C)NC1=NC(=NC(=N1)SC(F)F)NC(C)C,1,-1.4479813891181113,-0.6835703027133662,-1.674178691545544,0.7284460790917643,0.5732530943271064
furyloxyfen,C1COCC1OC2=C(C=CC(=C2)OC3=C(C=C(C=C3)C(F)(F)F)Cl)[N+](=O)[O-],1,-2.14250501193538,-1.1280415087031284,-0.09549422718850731,1.710202840750626,-2.3237582111440336
glufosinate-P,CP(=O)(CCC(C(=O)O)N)O,1,-2.139410984126994,-1.19917020621272,-1.9639630208484669,0.6478739904391368,0.43400039959979986
halosafen,CCS(=O)(=O)NC(=O)C1=C(C=CC(=C1)OC2=C(C=C(C=C2Cl)C(F)(F)F)F)[N+](=O)[O-],1,-1.3219851726120457,-0.9370479075656375,-1.8559545140670488,-1.0303264028975028,-1.5970245943996009
haloxyfop-P,CC(C(=O)O)OC1=CC=C(C=C1)OC2=C(C=C(C=N2)C(F)(F)F)Cl,1,-2.376331889239777,-0.7397167202927284,-1.9669058066225822,-0.9733841338163578,-1.0800636305007334
huangcaoling,CN(C(=O)CNCP(=O)(O)O)S(=O)(=O)C,1,-1.838458207322075,-1.3299242606195294,-2.0992736010206614,0.40379957226085306,0.6295594918533617
iodobonil,C=CCOC(=O)OC1=C(C=C(C=C1I)C#N)I,1,-0.9010487562199744,0.5965674992338235,0.8705817991042044,-1.6617886942266047,-1.8655494048686163
iofensulfuron,CC1=NC(=NC(=N1)OC)NC(=O)NS(=O)(=O)C2=CC=CC=C2I,1,-1.7180497707210611,-0.2675392701843805,-1.940073066612876,0.11516585772311952,2.6518800642177
iprymidam,CC(C)NC1=CC(=NC(=N1)N)Cl,1,-1.1146105915377056,1.3112847110936885,-2.7573577440329124,0.7713278119025655,0.8176835227340012
isopolinate,CC(C)SC(=O)N1CCCCCC1,1,-1.2276126754840897,-0.6762321961664193,-0.6798631271712424,1.5058857138134065,0.5892362630848452
isoxachlortole,CS(=O)(=O)C1=C(C=CC(=C1)Cl)C(=O)C2=C(ON=C2)C3CC3,1,-1.6850079377005955,0.42103123501426115,-0.34400069044595694,-0.6619854148182515,-0.7645536292967596
ketospiradox,CC1=CC(=C(C2=C1S(=O)(=O)CCC23OCCO3)C)C(=C4C(=O)CCCC4=O)[O-],1,0.1126487211069735,0.2648576003728433,3.5371274103903363,1.3335608979514082,-0.14634417535428065
mecoprop-P,CC1=C(C=CC(=C1)Cl)OC(C)C(=O)O,1,-1.4818258011494057,-0.31911957817907805,-2.238738300831466,-0.34050750119150397,-0.4998075075434348
mesoprazine,CC(C)NC1=NC(=NC(=N1)NCCCOC)Cl,1,-1.996398383758114,-0.6630937470842818,-2.7964763755373125,0.5172767357777344,1.96486179538331
metflurazon,CN(C)C1=C(C(=O)N(N=C1)C2=CC=CC(=C2)C(F)(F)F)Cl,1,-1.2267248348307938,-1.128066626460613,-1.660323110288596,0.3800291519170747,-0.3681101920006729
methalpropalin,CCCN(CC(=C)C)C1=C(C=C(C=C1[N+](=O)[O-])C(F)(F)F)[N+](=O)[O-],1,-2.0856643717129932,-1.5984569603947292,-1.5244125089896567,1.062890687033787,-0.47743937123558206
methiobencarb,CCN(CC)C(=O)SCC1=CC=C(C=C1)OC,1,-1.4785716127556245,-0.934814273101987,-0.5781852502786115,-0.666161521559304,-0.4248775681627511
methiuron,CC1=CC(=CC=C1)NC(=S)N(C)C,1,-2.1892894583060842,-0.6961509065070708,-1.8737774167232162,-0.2797910004277432,0.40045049775975017
methometon,COCCCNC1=NC(=NC(=N1)OC)NCCCOC,1,-2.2067602905097075,-1.001347904965316,-2.2878077008884654,0.2739158732315992,2.1697041047392234
monisouron,CC(C)(C)C1=CC(=NO1)NC(=O)NC,1,-1.2672395452295466,-0.008635063503870858,-0.7209495578756069,-1.069275130648429,2.0241903603385785
monosulfuron,CC1=NC(=NC=C1)NC(=O)NS(=O)(=O)C2=CC=CC=C2C(=O)O,1,-2.004303222141052,-0.45945044838405447,-2.735744185901921,0.34704047189158616,2.997569381555295
napropamide-M,CCN(CC)C(=O)C(C)OC1=CC=CC2=CC=CC=C21,1,-1.599758507797244,-0.8329993666599202,-1.3320153054369623,0.8907340839237295,-0.2469055536270667
nipyraclofen,C1=C(C=C(C(=C1Cl)N2C(=C(C=N2)[N+](=O)[O-])N)Cl)C(F)(F)F,1,-2.171175059951861,-1.3469895902853002,-1.3517534635057102,1.5784508562019652,-0.3504713062558705
nitrofluorfen,C1=CC(=CC=C1[N+](=O)[O-])OC2=C(C=C(C=C2)C(F)(F)F)Cl,1,-2.521872289023027,-1.4770855495564932,-1.5187230443825206,-0.8736936199817091,-1.7342643745530462
oxapyrazon,C1=CC=C(C=C1)N2C(=O)C(=C(C=N2)NC(=O)C(=O)O)Br,1,-0.6182412701454603,-0.6697946618755091,-0.01829527889987625,1.2119925016168764,0.5107523538115813
phenmedipham-ethyl,CCOC(=O)NC1=CC(=CC=C1)OC(=O)NC2=CC=CC(=C2)C,1,-1.4339407142627192,-0.4174625094081236,-1.7080427105697855,-1.1766879175661247,-0.6671227058896494
profluazol,C1C(CN2C1C(=O)N(C2=O)C3=C(C=C(C(=C3)NS(=O)(=O)CCl)Cl)F)F,1,-0.7491228277879183,3.7735059574965466,0.5424466642276002,1.08131418811799,1.438790936873448
propaquizafop,CC(C(=O)OCCON=C(C)C)OC1=CC=C(C=C1)OC2=CN=C3C=C(C=CC3=N2)Cl,1,-1.0996250569144344,-0.4363277477304704,-1.08728208479238,-1.087344241094745,-0.5179433583314019
prosulfalin,CCCN(CCC)C1=C(C=C(C=C1[N+](=O)[O-])S(=O)(=O)N=S(C)C)[N+](=O)[O-],1,-2.1788466051670476,-1.4482199739885966,-1.9976607208970638,2.4300779525058123,0.17699315040659988
pyribambenz-propyl,CCCOC(=O)C1=CC=C(C=C1)NCC2=CC=CC=C2OC3=NC(=CC(=N3)OC)OC,1,-2.4909786597636026,0.7150487931788013,-2.4449384780882295,-0.6051935124571616,1.5050054042012375
pyridafol,C1=CC=C(C=C1)C2=NNC(=CC2=O)Cl,1,-1.5568314048087781,-0.879685221298411,-1.0125273991622463,0.6490601660209202,0.22095898465568153
quizalofop-P,CC(C(=O)O)OC1=CC=C(C=C1)OC2=CN=C3C=C(C=CC3=N2)Cl,1,-2.1747829408274604,-0.02818561494546026,-2.1564982301364175,-0.7484077532484443,-0.7856876487543625
simeton,CCNC1=NC(=NC(=N1)OC)NCC,1,-2.013887127218073,-0.9051099494332719,-2.5250928897695117,0.4584888861050408,2.409401015209733
S-metolachlor,CCC1=CC=CC(=C1N(C(C)COC)C(=O)CCl)C,1,-1.9081252563537148,-1.0845261783250306,-2.1764425989352483,0.17177043883056528,0.3541448408717124
terbuchlor,CCCCOCN(C1=C(C=CC=C1C(C)(C)C)C)C(=O)CCl,1,-2.271682604366884,-1.0799604386377508,-2.273963324556865,0.1337873223948163,0.08141299517772116
tetrafluron,CN(C)C(=O)NC1=CC(=CC=C1)OC(C(F)F)(F)F,1,-2.3828326004974922,0.20711077257139845,-1.4421063600751045,-1.4718086001771853,-0.19513391717546494
thidiazimin,CC1(CC2=NSC(=NC3=CC4=C(C=C3F)OCC(=O)N4CC#C)N2C1)C,1,1.976223790403684,2.3320156390638576,3.2331473219012556,0.005191139298619682,1.5188925543620644
tioclorim,CSC1=C(N=C(N=C1Cl)N)N,1,-2.2405305137684155,-0.4004411392775387,-2.403134875150759,1.0597122066130944,1.1060768064700521
tricamba,COC1=C(C(=C(C=C1Cl)Cl)Cl)C(=O)O,1,-1.9637542255666833,-0.08002840434988145,-1.2373967635466367,0.30744314240522774,0.4184968168540705
trifop,CC(C(=O)O)OC1=CC=C(C=C1)OC2=CC=C(C=C2)C(F)(F)F,1,-1.8810022005096212,-0.5797646685105545,-1.2291288416540618,-1.2331511679675047,-1.7585282046182533
trifopsime,CC(C(=O)ON=C(C)C)OC1=CC=C(C=C1)OC2=CC=C(C=C2)C(F)(F)F,1,-1.497272290216715,-0.9135107363069161,-0.27263466049421614,-1.1041340923734988,-1.2571239179573745
xylachlor,CC1=C(C(=CC=C1)N(C(C)C)C(=O)CCl)C,1,-1.6282598092100193,-1.1319392522159835,-1.8314386368108762,0.026905869139245066,0.23349139198454455
amicarbazone,CC(C)C1=NN(C(=O)N1N)C(=O)NC(C)(C)C,1,-1.417447413715304,-0.9745036164312897,-1.954115279830995,0.9820725504265674,0.7979171000616593
aminopyralid,C1=C(C(=C(N=C1Cl)C(=O)O)Cl)N,1,-1.7066301721316013,-1.0889191938142326,-1.0684597480118685,-0.035839478568839914,0.2936390433292739
atraton,CCNC1=NC(=NC(=N1)OC)NC(C)C,1,-1.7810937936671187,-0.4977492397222046,-3.0409237143232684,0.799301043180814,2.5421665683433186
atrazine,CCNC1=NC(=NC(=N1)Cl)NC(C)C,1,-1.9703408255078927,-0.6775065396641456,-3.1056861826542366,0.8913863613130399,2.164547608779809
azafenidin,C#CCOC1=C(C=C(C(=C1)N2C(=O)N3CCCCC3=N2)Cl)Cl,1,-1.4656033740005168,0.6558683924792239,-0.082879837504028,-0.7823014526047039,0.05289604592182582
azimsulfuron,CN1C(=C(C=N1)C2=NN(N=N2)C)S(=O)(=O)NC(=O)NC3=NC(=CC(=N3)OC)OC,1,-1.1672730769342603,2.1537389761083823,-2.106711761376214,2.4469763341507655,2.738533497590395
bensulfuron,COC1=CC(=NC(=N1)NC(=O)NS(=O)(=O)CC2=CC=CC=C2C(=O)O)OC,1,-1.9625201506185705,0.5969298948631759,-2.4009845476379024,1.0333001147207603,1.9981388349484885
bentazone,CC(C)N1C(=O)C2=CC=CC=C2NS1(=O)=O,1,-1.7015074510334958,0.3791352742686713,-0.06125663338075582,0.0589701622136164,-1.0302542602155795
benzthiazuron,CNC(=O)NC1=NC2=CC=CC=C2S1,1,-2.3453453846495105,-0.676727242887674,-1.71185217764311,0.4872172349735408,0.8523373251445693
butamifos,CCC(C)NP(=S)(OCC)OC1=C(C=CC(=C1)C)[N+](=O)[O-],1,-1.8597986019486583,-1.373779176250786,-2.2041764230379957,1.1400868765362302,-0.011942539482092835
butylate,CCSC(=O)N(CC(C)C)CC(C)C,1,-1.3306071013694662,-1.1307830713310547,-1.570112852848488,0.5409937285404051,0.4611509027507705
chlomethoxyfen,COC1=C(C=CC(=C1)OC2=C(C=C(C=C2)Cl)Cl)[N+](=O)[O-],1,-2.569143971325362,-0.8602759498148009,-2.153800713250717,-0.5781500559526583,-0.8585911858001876
chloramben,C1=C(C=C(C(=C1C(=O)O)Cl)N)Cl,1,-1.757698940551254,-0.8818670008156938,-1.3543733373622124,0.3411640200038723,0.7187999367785336
chlorbufam,CC(C#C)OC(=O)NC1=CC(=CC=C1)Cl,1,-1.5330249927767001,-0.4719556102640837,-1.282822833460806,-1.1749382043553236,-0.5568908780470725
chlornitrofen,C1=CC(=CC=C1[N+](=O)[O-])OC2=C(C=C(C=C2Cl)Cl)Cl,1,-1.6145304822342297,-1.3998668334140725,-0.9748076257666943,-0.47844932744427976,-1.3110855542574011
chlorprocarb,CCC(CCl)NC(=O)OC1=CC=CC(=C1)NC(=O)OC,1,-1.6855150338713782,-0.44722035331179016,-0.6550054608914813,-1.4170257032877611,1.7631248972461164
cycloxydim,CCCC(=NOCC)C1=C(CC(CC1=O)C2CCCSC2)O,1,-0.230362697859682,-0.146072946034641,3.2323446961776323,1.1369217319118339,-0.544191623589947
diclofop,CC(C(=O)O)OC1=CC=C(C=C1)OC2=C(C=C(C=C2)Cl)Cl,1,-2.3496686688831914,-0.6983699809465552,-2.0640977877934104,-1.0107069354807696,-1.4038715206155086
difenoxuron,CN(C)C(=O)NC1=CC=C(C=C1)OC2=CC=C(C=C2)OC,1,-2.180485694792271,-0.9602335680974172,-1.4708476392829903,-1.283195191136296,-0.25554172472094455
diflufenican,C1=CC(=CC(=C1)OC2=C(C=CC=N2)C(=O)NC3=C(C=C(C=C3)F)F)C(F)(F)F,1,-1.7776987414429013,-0.7025288534924781,-1.0372602670295332,-1.80929561901659,-1.2707256585972748
dinosam,CCCC(C)C1=C(C(=CC(=C1)[N+](=O)[O-])[N+](=O)[O-])O,1,-2.1290625115052126,-1.327365653725467,-1.358547058282775,1.089042375421205,-0.24133781567423576
dipropetryn,CCSC1=NC(=NC(=N1)NC(C)C)NC(C)C,1,-1.4168187761493425,-0.6309364929590666,-2.6380966416904243,1.1234236697625655,1.0949684511741309
dithiopyr,CC(C)CC1=C(C(=NC(=C1C(=O)SC)C(F)(F)F)C(F)F)C(=O)SC,1,-2.0695389842696628,-0.9712268036585207,-0.2652384547746723,0.34737955733609815,-0.10022523188280635
diuron,CN(C)C(=O)NC1=CC(=C(C=C1)Cl)Cl,1,-2.4125881640379228,-0.7807099100796611,-2.2592737524402566,-0.5982558846393025,0.2275677377500144
fenthiaprop,CC(C(=O)O)OC1=CC=C(C=C1)OC2=NC3=C(S2)C=C(C=C3)Cl,1,-2.409257357530951,1.207014060123462,-2.198228915199897,-0.6587488495480249,-1.1556180648536454
fentrazamide,CCN(C1CCCCC1)C(=O)N2C(=O)N(N=N2)C3=CC=CC=C3Cl,1,-0.9277625860447817,1.379314422988003,0.7677041025973397,0.8610051729543485,-0.12030067224488294
flucarbazone,CN1C(=NN(C1=O)C(=O)NS(=O)(=O)C2=CC=CC=C2OC(F)(F)F)OC,1,-1.9624611690575724,-0.4839780405052014,-1.5791814682886087,1.6922581176051357,1.5110160526305088
flufenacet,CC(C)N(C1=CC=C(C=C1)F)C(=O)COC2=NN=C(S2)C(F)(F)F,1,-1.210444870257021,0.9994219873453836,-2.466371237918445,0.6367699941067562,0.40932135763608385
halosulfuron,CN1C(=C(C(=N1)Cl)C(=O)O)S(=O)(=O)NC(=O)NC2=NC(=CC(=N2)OC)OC,1,-2.2650073778016138,-0.4613762136358387,-2.8902929919824007,0.7909512261952588,3.2977638951150157
imazaquin,CC(C)C1(C(=O)NC(=N1)C2=NC3=CC=CC=C3C=C2C(=O)O)C,1,-1.8976384541839786,-0.3657920600756019,0.07320119771392408,0.2602103537017964,1.1158441606368783
isocil,CC1=C(C(=O)N(C(=O)N1)C(C)C)Br,1,-0.0849424445273231,-0.8970209254447911,1.0822672387443641,1.9248417582410389,-0.523760755331771
isoxaben,CCC(C)(CC)C1=NOC(=C1)NC(=O)C2=C(C=CC=C2OC)OC,1,-1.9642116249821946,0.6455207051915944,-1.2994462560067346,0.29508475061399897,0.9350547292541102
lenacil,C1CCC(CC1)N2C(=O)C3=C(CCC3)NC2=O,1,-0.4988159639809413,-0.36114227192545595,0.4826837726594954,2.401984535624008,1.4043683720323765
MCPB,CC1=C(C=CC(=C1)Cl)OCCCC(=O)O,1,-2.246627897924822,-0.8249415816378837,-2.00273075973648,-0.09828621079644738,-0.09637288106979094
monolinuron,CN(C(=O)NC1=CC=C(C=C1)Cl)OC,1,-1.796810360048345,-0.9861882786766983,-1.676395576667906,-0.6352827782807791,0.5299666992374392
monuron,CN(C)C(=O)NC1=CC=C(C=C1)Cl,1,-1.9262923804169467,-1.0958234165270848,-2.029508383206532,-0.4016844836654025,0.3087187264851461
oxadiazon,CC(C)OC1=C(C=C(C(=C1)N2C(=O)OC(=N2)C(C)(C)C)Cl)Cl,1,-0.9596166974085951,1.3733235771029328,-1.3254412751303075,-0.058900784449932256,-0.6208554600585517
pebulate,CCCCN(CC)C(=O)SCCC,1,-2.1308973363064103,-1.0423219390663894,-1.6456726207412922,0.8196945391510285,0.45083832940098556
pendimethalin,CCC(CC)NC1=C(C=C(C(=C1[N+](=O)[O-])C)C)[N+](=O)[O-],1,-1.6971840447065745,-1.4560886036482226,-1.9249856949691941,0.5963413593201966,0.027220936035010742
profoxydim,CCCC(=NOCC(C)OC1=CC=C(C=C1)Cl)C2=C(CC(CC2=O)C3CCCSC3)O,1,-0.09589634914802757,-0.3907183214741905,2.995840003729851,0.7339659737260624,-1.313835930813123
propachlor,CC(C)N(C1=CC=CC=C1)C(=O)CCl,1,-2.0414826095307452,-0.8391504738195694,-1.8784993160898733,0.23941427793904307,0.2845074067717305
prosulfuron,CC1=NC(=NC(=N1)OC)NC(=O)NS(=O)(=O)C2=CC=CC=C2CCC(F)(F)F,1,-2.613351167223184,-0.6896299156245785,-2.093456695658126,0.6122683193255927,3.1051851547613127
prynachlor,CC(C#C)N(C1=CC=CC=C1)C(=O)CCl,1,-2.175179125021831,-0.8328570075132226,-0.6215655588321068,-1.0114522644965138,-0.5803514087390726
pyraflufen,CN1C(=C(C(=N1)C2=CC(=C(C=C2F)Cl)OCC(=O)O)Cl)OC(F)F,1,-2.786198502074703,-0.7309165913574193,-0.6917933865577877,0.6075261037604852,2.3261140609303554
pyribenzoxim,COC1=CC(=NC(=N1)OC2=C(C(=CC=C2)OC3=NC(=CC(=N3)OC)OC)C(=O)ON=C(C4=CC=CC=C4)C5=CC=CC=C5)OC,1,-2.3498795021178993,-0.27221582521102206,-1.771284577162281,0.13309803903962217,1.205232171452164
pyrimisulfan,COCC1=C(C(=CC=C1)C(C2=NC(=CC(=N2)OC)OC)O)NS(=O)(=O)C(F)F,1,-1.8774802673718256,-0.9869543651274566,-1.701100394436181,0.12815690010973443,1.0981829883233414
pyroxasulfone,CC1(CC(=NO1)S(=O)(=O)CC2=C(N(N=C2C(F)(F)F)C)OC(F)F)C,1,-0.9161296065301664,2.208569701763041,3.3271304739274,2.4898448716142756,-0.9966952637583794
pyroxsulam,COC1=CC(=NC2=NC(=NN12)NS(=O)(=O)C3=C(C=CN=C3OC)C(F)(F)F)OC,1,-0.8959460236861858,-0.7097561045501566,-2.155026018564989,-0.2245891561134015,2.865638640014128
quinclorac,C1=CC(=C(C2=NC=C(C=C21)Cl)C(=O)O)Cl,1,-2.1197655767889225,-1.1424957425853572,-1.6193161607792905,0.6850315986290687,0.9524125287065743
simazine,CCNC1=NC(=NC(=N1)Cl)NCC,1,-2.2031341590588474,-1.0848672493752134,-2.58985535810048,0.5505742042372662,2.0317820556462234
TCA,C(=O)(C(Cl)(Cl)Cl)O,1,-1.9727504022998443,-0.8460499307666934,-0.6013649090437159,0.9774553947697111,0.09525458949544245
tefuryltrione,CS(=O)(=O)C1=C(C(=C(C=C1)C(=O)C2C(=O)CCCC2=O)Cl)COCC3CCCO3,1,0.14838182251313464,0.6774162349382385,1.207625073660139,2.080561630374846,0.24272232057478166
tembotrione,CS(=O)(=O)C1=C(C(=C(C=C1)C(=O)C2C(=O)CCCC2=O)Cl)COCC(F)(F)F,1,-0.9848636486944263,-0.32847105537531024,0.5916296316672643,1.5898481076973532,0.0468510801817825
thifensulfuron,CC1=NC(=NC(=N1)OC)NC(=O)NS(=O)(=O)C2=C(SC=C2)C(=O)O,1,-1.7797239678434535,-0.8904431474006165,-2.0995377592380127,0.6777196491105166,3.255961029847645
tritosulfuron,COC1=NC(=NC(=N1)NC(=O)NS(=O)(=O)C2=CC=CC=C2C(F)(F)F)C(F)(F)F,1,-2.1041240382618813,-0.3138745693640968,-2.261139044900407,1.7893546884906326,2.340991708935865
cyperquat,C[N+]1=CC=C(C=C1)C2=CC=CC=C2,1,-1.5310005957567379,-0.8653572487373816,-1.0429042437367997,0.10508802543953695,-0.2734409577573126
paraquat,C[N+]1=CC=C(C=C1)C2=CC=[N+](C=C2)C,1,-1.4149757535268785,-0.9912063955234307,-1.2638158966322706,0.31917933018416383,0.10100235125976628
2_4_5-T,CC(C)CCCCCOC(=O)COC1=CC(=C(C=C1Cl)Cl)Cl,1,-1.4468781788337042,-0.727626880302935,-1.2487345666187162,0.7461196257138021,-0.47954292531708387
2_4-D, CCCCOC(=O)COC1=C(C=C(C=C1)Cl)Cl,1,-2.395280378859083,-0.8221475053903687,-1.2317008944919312,0.22668993593004516,-0.759747146626703
2_4-DB,CC(C)CCCCCOC(=O)CCCOC1=C(C=C(C=C1)Cl)Cl,1,-1.6026812176320826,-1.1252561791686366,-1.2084111548937118,0.7131367351161833,-0.967301085045365
acetochlor,CCC1=CC=CC(=C1N(COCC)C(=O)CCl)C,1,-2.276429634711789,-1.1180169772509672,-2.1026248572556137,-0.3484209006398779,-0.03704490782742811
acifluorfen,C1=CC(=C(C=C1C(F)(F)F)Cl)OC2=CC(=C(C=C2)[N+](=O)[O-])C(=O)O,1,-2.6852991318511235,-1.3430081914478262,-1.845713118783482,-0.5389578697848662,-1.8187481759595001
alachlor,CCC1=C(C(=CC=C1)CC)N(COC)C(=O)CCl,1,-2.20277073384924,-0.9418848030906793,-2.314258538471123,-0.017213032108964604,0.461663028499619
allidochlor,C=CCN(CC=C)C(=O)CCl,1,-1.6345702103494364,-1.2563984564547874,-0.8438212389816726,0.19241925542769492,0.1442766107388621
alloxydim,CCCC(=NOCC=C)C1=C(C(C(CC1=O)(C)C)C(=O)OC)O,1,0.355191025266093,-0.34624252826893,4.993324553219584,-1.3075413396263433,-0.20164345455123686
ametryn,CCNC1=NC(=NC(=N1)SC)NC(C)C,1,-1.8967676768468174,0.10087515051908771,-3.425935001700397,1.1062432382495357,2.280162493386624
amidosulfuron,CN(S(=O)(=O)C)S(=O)(=O)NC(=O)NC1=NC(=CC(=N1)OC)OC,1,-2.4758464800583533,-0.94380750727099,-2.5199866325809883,-0.11556324004755722,2.10020004930816
aminocyclopyrachlor,C1CC1C2=NC(=C(C(=N2)N)Cl)C(=O)O,1,-1.8000722456810097,-0.6538829445579688,-0.2942612683372985,-0.32746791270368825,-0.0903119176999994
anilofos,CC(C)N(C1=CC=C(C=C1)Cl)C(=O)CSP(=S)(OC)OC,1,-1.6308712113632244,-1.111036847858656,-1.856788811992204,0.38342841192200555,0.542957833732369
aziprotryne,CC(C)NC1=NC(=NC(=N1)SC)N=[N+]=[N-],1,-1.7979539866375882,0.3400102054870566,-2.002779990917036,2.873372154189474,1.4362653857067063
barban,C1=CC(=CC(=C1)Cl)NC(=O)OCC#CCCl,1,-2.0375976303890972,-0.3867634102749721,-1.0297864668992773,-0.20386042074470867,-0.6855762252951529
beflubutamid,CCC(C(=O)NCC1=CC=CC=C1)OC2=CC(=C(C=C2)F)C(F)(F)F,1,-1.9747976526432958,0.10052628307280045,-0.22670199113653594,-0.6942316613876944,-1.2609459522883126
benazolin,C1=CC2=C(C(=C1)Cl)N(C(=O)S2)CC(=O)O,1,-1.4626676921975432,0.563237445296698,0.6260844754747874,2.491447170024902,-0.6571495979639627
benfluralin,CCCCN(CC)C1=C(C=C(C=C1[N+](=O)[O-])C(F)(F)F)[N+](=O)[O-],1,-2.3080931411553163,-1.414585081550716,-1.5167370906957522,1.7699341594674995,-0.5458179927737169
benfuresate,CCS(=O)(=O)OC1=CC2=C(C=C1)OCC2(C)C,1,-0.6317139794260216,-0.725204333663367,0.8667855261969083,-0.6618883039646323,0.7586909121503016
bensulide,CC(C)OP(=S)(OC(C)C)SCCNS(=O)(=O)C1=CC=CC=C1,1,-1.7221802781669013,-1.0014883373204426,-1.3751976830311397,1.0499832362345412,2.035612744026413
benzobicyclon,CS(=O)(=O)C1=CC(=C(C=C1)C(=O)C2=C(C3CCC(C3)C2=O)SC4=CC=CC=C4)Cl,1,-0.7611161912889456,0.6928332608192952,0.8260124272637914,1.1380526099081696,0.6715881682725978
benzofenap,CC1=CC=C(C=C1)C(=O)COC2=C(C(=NN2C)C)C(=O)C3=C(C(=C(C=C3)Cl)C)Cl,1,-1.0886167866219962,-0.7667610673646915,-1.516798728535709,1.0421746776426526,1.1783800694635114
bicyclopyrone,COCCOCC1=C(C=CC(=N1)C(F)(F)F)C(=C2C(=O)C3CCC(C3)C2=O)O,1,-0.18096110322308712,1.1635789935926248,2.019805687639911,0.6075581916289463,0.12272355032691158
bifenox,COC(=O)C1=C(C=CC(=C1)OC2=C(C=C(C=C2)Cl)Cl)[N+](=O)[O-],1,-2.664856348993535,-0.807223505118028,-2.299524744717072,-0.7715536476035968,-1.0530524290116117
bromacil,CCC(C)N1C(=O)C(=C(NC1=O)C)Br,1,0.32431096299545664,-0.320803923150143,1.0277131014363114,2.087377849205707,-0.23659158101071953
bromofenoxim,C1=CC(=C(C=C1[N+](=O)[O-])[N+](=O)[O-])ON=CC2=CC(=C(C(=C2)Br)O)Br,1,-1.7216109452782031,-0.9708564642147739,1.784225722882358,0.34604659927320747,2.48039470548999
bromoxynil,C1=C(C=C(C(=C1Br)O)Br)C#N,1,-2.030711482891222,-0.563019139211373,1.9828174576309474,-0.5291661906309596,2.0549763867511723
brompyrazon,C1=CC=C(C=C1)N2C(=O)C(=C(C=N2)N)Br,1,-1.0403295966200112,-0.7622158520348584,-0.4840499607955754,1.6610607977413274,-0.07318823761684431
butachlor,CCCCOCN(C1=C(C=CC=C1CC)CC)C(=O)CCl,1,-2.2424336551357085,-0.9773015667938603,-2.1630387741154844,0.2404825744579945,-0.019344966270636334
butafenacil,CC(C)(C(=O)OCC=C)OC(=O)C1=C(C=CC(=C1)N2C(=O)C=C(N(C2=O)C)C(F)(F)F)Cl,1,0.053746100607699444,0.6537627301427849,0.6766127862439334,0.0870435173768912,-0.419082876684102
butenachlor,CCC1=C(C(=CC=C1)CC)N(COCC=CC)C(=O)CCl,1,-2.254722475348573,-0.8026886990611366,-0.5068144028012121,-0.10627229597072031,0.5296963965964752
butralin,CCC(C)NC1=C(C=C(C=C1[N+](=O)[O-])C(C)(C)C)[N+](=O)[O-],1,-0.9537292404898459,-1.6305253109245736,-2.116628873571491,0.9833179405436155,-0.13324009861159605
butroxydim,CCCC(=O)C1=C(C=C(C(=C1C)C2CC(=C(C(=O)C2)C(=NOCC)CC)O)C)C,1,-0.6392120001642424,-0.44530709479784986,2.9101481826644333,1.187666353898623,-1.5594298469179924
buturon,CC(C#C)N(C)C(=O)NC1=CC=C(C=C1)Cl,1,-1.7789028415169468,-1.2054596998458376,-1.556253434950195,-1.05244558476731,-0.2729397851966881
cafenstrole,CCN(CC)C(=O)N1C=NC(=N1)S(=O)(=O)C2=C(C=C(C=C2C)C)C,1,-2.11955458769063,-0.23290336233674225,-2.1720429311423537,0.5763198765905685,0.4513334600155877
carbetamide,CCNC(=O)C(C)OC(=O)NC1=CC=CC=C1,1,-1.6433926904280673,-0.6213758222520365,-1.4714298552287206,-0.856234568101806,-0.3617593615113743
carfentrazone,CC1=NN(C(=O)N1C(F)F)C2=C(C=C(C(=C2)CC(C(=O)O)Cl)Cl)F,1,-1.0721461984608784,-0.5262686721158449,-0.7826881119997673,0.5278802222451502,-0.48642434702040405
chloranocryl,CC(=C)C(=O)NC1=CC(=C(C=C1)Cl)Cl,1,-1.0437069897163873,-0.8638208530764228,-1.7850817810282924,-0.6720464121361729,0.4316022464470772
chlorazine,CCN(CC)C1=NC(=NC(=N1)Cl)N(CC)CC,1,-1.1115055490042598,-1.1187675318838617,-2.350358640853361,1.0101377444793238,0.8084186012241581
chlorbromuron,CN(C(=O)NC1=CC(=C(C=C1)Br)Cl)OC,1,-2.2124553477980493,-0.23520609360095862,1.0513385958980361,-1.5861505826391886,2.729720574549832
chlorfenac,C1=CC(=C(C(=C1Cl)CC(=O)O)Cl)Cl,1,-2.2304971505680666,-0.8894181376505857,-1.2571382315762387,0.793028214901229,0.02764347597751961
chlorfenprop,C1=CC(=CC=C1CC(C(=O)O)Cl)Cl,1,-1.7398138340527505,-0.9652283818583155,-1.0901359744125545,-0.0820003739235183,-0.4213048082980213
chloridazon,C1=CC=C(C=C1)N2C(=O)C(=C(C=N2)N)Cl,1,-1.0219742041539794,0.06864476036613432,-1.4682631229109175,0.9754048144235576,-0.1549852243608804
chlorimuron,COC1=CC(=NC(=N1)NC(=O)NS(=O)(=O)C2=CC=CC=C2C(=O)O)Cl,1,-2.72624774707295,-0.3293158774973112,-3.6132119690965094,0.3935302432590709,3.054626567766341
chlorotoluron,CC1=C(C=C(C=C1)NC(=O)N(C)C)Cl,1,-2.2555263525820046,-0.7672875275172891,-1.9791732714629815,-0.2916198477286715,0.16461823499018846
chloroxuron,CN(C)C(=O)NC1=CC=C(C=C1)OC2=CC=C(C=C2)Cl,1,-2.009064902479701,-1.1457317167687036,-1.6145056237876725,-1.316358660546931,-0.6359110792925062
chlorphthalim,C1CCC2=C(C1)C(=O)N(C2=O)C3=CC=C(C=C3)Cl,1,-0.5630423851580958,1.0049221275652644,-0.08558355399293867,0.43049867363279515,-0.24007535218223333
chlorpropham,CC(C)OC(=O)NC1=CC(=CC=C1)Cl,1,-1.1672343549200508,-0.5233801658852805,-1.7526017223694943,-0.5911771796716088,-0.21204138238486517
chlorsulfuron,CC1=NC(=NC(=N1)OC)NC(=O)NS(=O)(=O)C2=CC=CC=C2Cl,1,-2.521039885382405,-0.7516261275992651,-2.5743047578712237,0.6948298081310182,3.4322428718541937
chlorthal,C1(=C(C(=C(C(=C1Cl)Cl)C(=O)O)Cl)Cl)C(=O)O,1,-2.0228313854275544,-0.9960415788726846,-1.6132050258406965,0.3210438711004033,0.4693725685421297
chlorthiamid,C1=CC(=C(C(=C1)Cl)C(=S)N)Cl,1,-2.236705773414128,-1.0191173817533683,-1.8452250945265591,0.26048734039646004,0.5120617260225624
cinidon-ethyl,CCOC(=O)C(=CC1=C(C=CC(=C1)N2C(=O)C3=C(C2=O)CCCC3)Cl)Cl,1,-0.29127907950652926,1.5691367527126037,1.3207987328280022,0.03934126182309756,-0.1534650639432896
cinosulfuron,COCCOC1=CC=CC=C1S(=O)(=O)NC(=O)NC2=NC(=NC(=N2)OC)OC,1,-2.3656207718023774,-0.722019811828913,-2.3481367266976734,1.9637035039119863,2.6169632383299732
clethodim,CCC(=NOCC=CCl)C1=C(CC(CC1=O)CC(C)SCC)O,1,-0.9126415074225536,-0.5258420062049131,3.0333236393509018,-0.1681659148619393,-1.5244451379960835
clodinafop,CC(C(=O)O)OC1=CC=C(C=C1)OC2=C(C=C(C=N2)Cl)F,1,-2.0025625833234626,-0.5564733140491429,-1.0332800362424397,-0.19328382079892584,-0.8876478001159082
clofop,CC(C(=O)O)OC1=CC=C(C=C1)OC2=CC=C(C=C2)Cl,1,-1.6868451762777723,-0.5640609948104222,-1.2847112621341152,-1.1841338915904782,-1.457520316791216
clomeprop,CC1=C(C=CC(=C1Cl)OC(C)C(=O)NC2=CC=CC=C2)Cl,1,-1.6177277968700157,0.419839978442416,-1.3458549843564596,-1.3583663081790192,-1.3221251016137483
cloproxydim,CCCC(=NOCC=CCl)C1=C(CC(CC1=O)CC(C)SCC)O,1,-0.9547045479777883,-0.5134690073728839,3.305029293031147,0.31318843714228256,-1.179652716102166
clopyralid,C1=CC(=NC(=C1Cl)C(=O)O)Cl,1,-2.2685128697481582,-1.0209813654604167,-1.74904868751206,-0.0464008573556389,0.3360412793908316
cloransulam,CCOC1=NC(=CC2=NC(=NN21)S(=O)(=O)NC3=C(C=CC=C3Cl)C(=O)O)F,1,-2.383793607939326,1.2211967160758264,-0.768072997826131,-1.2967732481570882,2.664385837197516
cyanazine,CCNC1=NC(=NC(=N1)Cl)NC(C)(C)C#N,1,-2.4673541465204627,-1.269858624131341,-2.0665439792196807,-0.3039695095590987,1.2116462470576403
cycloate,CCN(C1CCCCC1)C(=O)SCC,1,-1.0293716503967303,-0.555520310788404,-0.6944900293388739,-0.06846034584100054,0.48660916354677874
cyclosulfamuron,COC1=CC(=NC(=N1)NC(=O)NS(=O)(=O)NC2=CC=CC=C2C(=O)C3CC3)OC,1,-1.5887740495034892,0.1575836409760176,-1.6791488434397213,0.8947477517005517,2.3211766381904266
cyhalofop,CC(C(=O)O)OC1=CC=C(C=C1)OC2=C(C=C(C=C2)C#N)F,1,-2.321710415062076,0.03928305273077268,-0.3715999550297104,-1.8689282997053642,-1.1604795882491792
cyprazine,CC(C)NC1=NC(=NC(=N1)NC2CC2)Cl,1,-1.5706570460666611,-0.468090036950574,-2.5231285927424465,1.0651069989298192,1.49642886694498
dalapon,CC(C(=O)O)(Cl)Cl,1,-1.9802118456570053,-0.8528550075647359,-0.888810699195486,0.8735674410585728,0.21239273448062804
delachlor,CC1=C(C(=CC=C1)C)N(COCC(C)C)C(=O)CCl,1,-2.03062379291807,-1.2081369490908338,-2.0903824026226556,0.17020052686404977,0.3643371057444807
desmedipham,CCOC(=O)NC1=CC(=CC=C1)OC(=O)NC2=CC=CC=C2,1,-1.4226568150606824,-0.32511018183990337,-1.4642944239279252,-1.2865377655741206,-0.8206160699238408
desmetryn,CC(C)NC1=NC(=NC(=N1)NC)SC,1,-1.8352070283928335,0.055329242194150356,-3.034227994373429,0.8674911456542582,1.4151341662058208
dicamba,COC1=C(C=CC(=C1C(=O)O)Cl)Cl,1,-2.008809544077706,-0.7817223972310384,-1.6904429573320727,-0.2083125271857286,0.630562581891478
dichlobenil,C1=CC(=C(C(=C1)Cl)C#N)Cl,1,-2.210317379032023,-0.8288411977527506,-0.47519995909547874,-0.9153775823043813,1.0165994262357474
dichlorprop,CC(C(=O)O)OC1=C(C=C(C=C1)Cl)Cl,1,-1.6642661587183725,-0.620809520335518,-2.2322278171461107,-0.3518946482263313,-0.5182916654185805
diclosulam,CCOC1=NC(=CC2=NC(=NN21)S(=O)(=O)NC3=C(C=CC=C3Cl)Cl)F,1,-2.303101343725313,-0.620502242648103,-0.6862028742829792,-0.8309856862055252,1.8625545751378625
diethatyl,CCC1=C(C(=CC=C1)CC)N(CC(=O)O)C(=O)CCl,1,-2.3159713335137697,-1.0012031344820995,-1.8365700587811995,0.5194505325156119,0.3211648184917105
dimefuron,CC(C)(C)C1=NN(C(=O)O1)C2=C(C=C(C=C2)NC(=O)N(C)C)Cl,1,-1.8996692786861797,1.7694550094231922,-1.7167631336577913,-0.674646216902987,-0.3062244016309206
dimepiperate,CC(C)(C1=CC=CC=C1)SC(=O)N2CCCCC2,1,-1.021262037966421,-0.5896289309596665,-0.41027696762040006,0.31941063951298626,-0.29937659109668385
dimethachlor,CC1=C(C(=CC=C1)C)N(CCOC)C(=O)CCl,1,-2.055393347743811,-0.9941793795876159,-2.033502267919589,0.0013958252131677099,0.569549522232307
dimethametryn,CCNC1=NC(=NC(=N1)SC)NC(C)C(C)C,1,-1.5817695180629674,-0.5085284840846398,-3.183633304644704,0.7314191168454663,2.8170297539260587
dimethenamid,CC1=CSC(=C1N(C(C)COC)C(=O)CCl)C,1,-1.8017981778112335,-1.195696487460401,-1.7491399387828095,1.0706061663364537,0.7229410531264983
dinitramine,CCN(CC)C1=C(C=C(C(=C1[N+](=O)[O-])N)C(F)(F)F)[N+](=O)[O-],1,-1.8798430595560656,-1.5928853923963393,-2.073320242190381,0.5399104230275401,-0.6124987046489239
dinoseb,CCC(C)C1=C(C(=CC(=C1)[N+](=O)[O-])[N+](=O)[O-])O,1,-1.6262765780225528,-1.3784048459219376,-1.6966699973860846,1.3500278036487037,-0.252117247851483
dinoterb,CC(C)(C)C1=C(C(=CC(=C1)[N+](=O)[O-])[N+](=O)[O-])O,1,-2.3035817506631378,-1.2698420515229039,-1.077988692765434,0.586847903328094,0.46882377200895997
DMPA,COC1=C(C=C(C=C1)C[C@@H](C(=O)[O-])[NH3+])OC,1,-1.76623220240074,1.3176181512919698,-0.7110501392168371,-0.458245157016494,0.8513770235056265
DNOC,CC1=CC(=CC(=C1O)[N+](=O)[O-])[N+](=O)[O-],1,-2.0594300933309184,-1.3188141430838096,-1.0432296092077975,0.7099722949390542,-0.37242973990501144
eglinazine,CCNC1=NC(=NC(=N1)Cl)NCC(=O)O,1,-2.3650073531363187,-1.1294626697708974,-2.3970532326211735,0.2416907315407322,1.702052695781374
EPTC,CCCN(CCC)C(=O)SCC,1,-2.010078710050768,-1.0573553655880534,-1.7344603685519657,0.5320908249431958,0.30950973165257994
esprocarb,CCN(C(C)C(C)C)C(=O)SCC1=CC=CC=C1,1,-1.513867412879514,-0.8392778618572907,-0.33791463132661836,-0.6585178335808473,-1.0254421650063301
ethalfluralin,CCN(CC(=C)C)C1=C(C=C(C=C1[N+](=O)[O-])C(F)(F)F)[N+](=O)[O-],1,-2.2794501863989893,-1.4920509268865092,-1.560603632608696,0.7431673227615451,-0.361747091269188
ethametsulfuron,CCOC1=NC(=NC(=N1)NC(=O)NS(=O)(=O)C2=CC=CC=C2C(=O)O)NC,1,-2.799520557080149,-0.32758368361037876,-3.8123543253927745,0.3386348047620753,3.2424264836672005
ethidimuron,CCS(=O)(=O)C1=NN=C(S1)N(C)C(=O)NC,1,-2.1691043767181872,0.2626571145891625,-0.9730708211314172,-0.18606713467679045,2.311017287393578
ethiozin,CCSC1=NN=C(C(=O)N1N)C(C)(C)C,1,-1.6715065117774057,-0.8933087278184023,-1.8070732183079767,0.9638031260190514,0.5109610936360387
ethofumesate,CCOC1C(C2=C(O1)C=CC(=C2)OS(=O)(=O)C)(C)C,1,-0.8262614522137414,-0.6752484008159528,2.0069789778421105,0.3518177351906185,1.4926455826169935
ethoxysulfuron,CCOC1=CC=CC=C1OS(=O)(=O)NC(=O)NC2=NC(=CC(=N2)OC)OC,1,-2.2991237687864396,-0.6649816710732129,-2.9455248143295356,0.34461835878164687,2.5058380021166284
etinofen,CCOCC1=C(C(=CC(=C1)[N+](=O)[O-])[N+](=O)[O-])O,1,-2.1835726419806525,-1.1541773488219935,-0.38813123597174315,0.20833990688796186,-1.0672757855344988
fenoprop,CC(C(=O)O)OC1=CC(=C(C=C1Cl)Cl)Cl,1,-1.5085164985377375,-0.3114183923152037,-2.1639655326925697,-0.2215193846629564,-0.25027083684057455
fenoxaprop,CC(C(=O)O)OC1=CC=C(C=C1)OC2=NC3=C(O2)C=C(C=C3)Cl,1,-1.6322969701681724,-0.5987229767213715,-1.1675628189785874,-1.1245532545669144,-0.299341096635437
fenoxasulfone,CCOC1=C(C=C(C(=C1)Cl)CS(=O)(=O)C2=NOC(C2)(C)C)Cl,1,-1.7143507387294115,2.4352659223360194,0.9065413131819506,1.5113361318410357,-0.9818035109801633
fenquinotrione,COC1=CC=C(C=C1)N2C3=C(C(=CC=C3)Cl)N=C(C2=O)C(=O)C4C(=O)CCCC4=O,1,-0.6903171953976018,-0.20654588502239601,2.300087157899799,-0.6449543538388809,3.0282868601118986
fenuron,CN(C)C(=O)NC1=CC=CC=C1,1,-2.200203957344057,-0.7905708246227685,-1.688298839150607,-0.4364857952724241,0.13672707629185576
flazasulfuron,COC1=CC(=NC(=N1)NC(=O)NS(=O)(=O)C2=C(C=CC=N2)C(F)(F)F)OC,1,-2.1401969610076117,-0.8726358221659398,-2.3265476733173163,-0.49417725102471044,2.0401199080730446
florasulam,COC1=NC=C(C2=NC(=NN21)S(=O)(=O)NC3=C(C=CC=C3F)F)F,1,-2.1162208265525546,-0.6172140711375527,-1.076311080674993,-0.7111092640821707,2.2242080658352728
florpyrauxifen,COC1=C(C=CC(=C1F)C2=NC(=C(C(=C2F)N)Cl)C(=O)O)Cl,1,-2.119442560221781,0.3701351623338802,-0.5639922215289521,0.36432394284575975,0.3155575352861895
fluazifop,CC(C(=O)O)OC1=CC=C(C=C1)OC2=NC=C(C=C2)C(F)(F)F,1,-2.1165043980409246,-0.7017291049492802,-2.060897902606593,-0.8262127625011575,-1.200709024276493
flucetosulfuron,CC(C(C1=C(C=CC=N1)S(=O)(=O)NC(=O)NC2=NC(=CC(=N2)OC)OC)OC(=O)COC)F,1,-2.508725926353415,-1.1122360749246465,-3.3060912141385366,1.1159282974787414,2.953774415979333
fluchloralin,CCCN(CCCl)C1=C(C=C(C=C1[N+](=O)[O-])C(F)(F)F)[N+](=O)[O-],1,-2.050212076785489,-1.314205260166498,-2.04150212591228,0.9513939636194785,0.11641123085749097
flumetsulam,CC1=NC2=NC(=NN2C=C1)S(=O)(=O)NC3=C(C=CC=C3F)F,1,-1.4482897555079073,-0.6880743955771567,-0.11030801343283601,-0.3760099061012783,2.374457899790088
flumiclorac,C1CCC2=C(C1)C(=O)N(C2=O)C3=CC(=C(C=C3F)Cl)OCC(=O)O,1,-1.1681174154568632,1.61849641913616,0.29835140098587054,-0.5077037280822665,-0.6423623152463193
flumioxazin,C#CCN1C(=O)COC2=CC(=C(C=C21)N3C(=O)C4=C(C3=O)CCCC4)F,1,1.4419764748095742,2.3358186272020967,2.5839548182621352,-1.562724553837903,1.5551501601911943
flumipropyn,CC(C#C)OC1=C(C=C(C(=C1)N2C(=O)C3=C(C2=O)CCCC3)F)Cl,1,-0.992069343349088,1.5566242921185698,0.35596229871933016,-1.000512215608442,-0.9728300683159655
fluometuron,CN(C)C(=O)NC1=CC=CC(=C1)C(F)(F)F,1,-2.2917796328955413,-0.6726934592094209,-2.0162037960935644,-0.6661360500988914,-0.1228620966206105
fluorodifen,C1=CC(=CC=C1[N+](=O)[O-])OC2=C(C=C(C=C2)C(F)(F)F)[N+](=O)[O-],1,-2.435373379938681,-1.4441163886536565,-1.4601789576227828,-0.5611662489344554,-1.579816063009033
fluoroglycofen,C1=CC(=C(C=C1C(F)(F)F)Cl)OC2=CC(=C(C=C2)[N+](=O)[O-])C(=O)OCC(=O)O,1,-2.7043917571888216,0.8397712829622106,-1.5836610787305214,-1.5858955441557974,-2.7481680812366323
fluoronitrofen,C1=CC(=CC=C1[N+](=O)[O-])OC2=C(C=C(C=C2Cl)Cl)F,1,-1.7214955725971484,-1.3751464889707157,-0.8309231391575075,-0.6994615703899711,-1.3464064967175637
fluothiuron,CN(C)C(=O)NC1=CC(=C(C=C1)SC(F)(F)Cl)Cl,1,-2.6057262338948255,-0.7354352067885861,-1.4581026834720214,-1.1548308467119182,0.5391969633593204
flupoxam,C1=CC=C(C=C1)C2=NC(=NN2C3=CC(=C(C=C3)Cl)COCC(C(F)(F)F)(F)F)C(=O)N,1,-1.3524024658093479,-0.7058674910456076,1.4618475848223396,-1.2105693458772044,-2.3193545233421053
flupropanate,C(C(C(=O)O)(F)F)(F)F,1,-1.6382070287755714,0.17879103654119044,-0.2847507329148567,1.2532386944639347,-0.19264641184558182
flupyrsulfuron,COC1=CC(=NC(=N1)NC(=O)NS(=O)(=O)C2=C(C=CC(=N2)C(F)(F)F)C(=O)O)OC,1,-2.0306495837492253,-0.9002204767147826,-2.9270080491022816,0.05500169795770542,2.1897804007256356
fluridone,CN1C=C(C(=O)C(=C1)C2=CC(=CC=C2)C(F)(F)F)C3=CC=CC=C3,1,-2.1136459534575134,-0.6359170402363032,-0.4377163760073325,0.3403415415426758,-0.4010825505659249
flurochloridone,C1C(C(C(=O)N1C2=CC=CC(=C2)C(F)(F)F)Cl)CCl,1,-1.298925295777398,0.3109179574046586,0.2680100164191552,1.5472418873133473,-0.5175109308430902
fluroxypyr,C(C(=O)O)OC1=NC(=C(C(=C1Cl)N)Cl)F,1,-1.5901241088221654,-1.1657880130361906,-0.654958998779112,-0.5608269359184979,-0.7064548280449248
flurtamone,CNC1=C(C(=O)C(O1)C2=CC=CC=C2)C3=CC(=CC=C3)C(F)(F)F,1,-0.337243448585134,0.17490224403486604,0.7341233574057048,0.8220829713784693,0.18103140904860485
fluthiacet,C1CCN2C(=O)SC(=NC3=CC(=C(C=C3F)Cl)SCC(=O)O)N2C1,1,-1.6091585377728095,-0.4287322308933201,0.8594049403245038,4.063627050599761,0.39541132087796993
fomesafen,CS(=O)(=O)NC(=O)C1=C(C=CC(=C1)OC2=C(C=C(C=C2)C(F)(F)F)Cl)[N+](=O)[O-],1,-2.8681261428881735,-1.4896562812980583,-2.590533628402432,-0.6557700339542681,-1.3918023744956476
foramsulfuron,CN(C)C(=O)C1=C(C=C(C=C1)NC=O)S(=O)(=O)NC(=O)NC2=NC(=CC(=N2)OC)OC,1,-2.6534983739708164,0.5611643383475525,-2.3911727898365855,1.0882642913596012,2.3315506695399733
halauxifen,COC1=C(C=CC(=C1F)C2=NC(=C(C(=C2)N)Cl)C(=O)O)Cl,1,-1.030869324820266,-0.462875863294471,-1.4782991238298906,0.08822216096133942,0.6214283758830568
haloxyfop,CC(C(=O)O)OC1=CC=C(C=C1)OC2=C(C=C(C=N2)C(F)(F)F)Cl,1,-2.376331889239777,-0.7397167202927284,-1.9669058066225822,-0.9733841338163578,-1.0800636305007334
hexazinone,CN1C(=NC(=O)N(C1=O)C2CCCCC2)N(C)C,1,-0.9913955271242295,-0.44398940145005794,-0.09695206305639058,1.228965612325971,1.6848662309318188
imazamethabenz,CC1=CC(=C(C=C1)C(=O)OC)C2=NC(C(=O)N2)(C)C(C)C.CC1=CC(=C(C=C1)C2=NC(C(=O)N2)(C)C(C)C)C(=O)OC,1,-0.9009133357934024,1.3597376500323926,0.857842073904674,1.0394506728702406,-0.5085790340263237
imazamox,CC(C)C1(C(=O)NC(=N1)C2=C(C=C(C=N2)COC)C(=O)O)C,1,-1.534228528660286,0.4833626510569208,0.3828365740743169,0.25424663458908714,-0.37316059159519527
imazapic,CC1=CC(=C(N=C1)C2=NC(C(=O)N2)(C)C(C)C)C(=O)O,1,-1.0840551075595046,-0.5961782549826596,0.45719050058263466,1.1685575256570526,0.07983865513607982
imazapyr,CC(C)C1(C(=O)NC(=N1)C2=C(C=CC=N2)C(=O)O)C,1,-1.2559267328505226,-0.32469762445460465,-0.6153724229592616,0.5441216163081962,0.3625024642920898
imazethapyr,CCC1=CC(=C(N=C1)C2=NC(C(=O)N2)(C)C(C)C)C(=O)O,1,-1.7301663808404808,-0.19143665047187625,-0.2833313622911188,0.3977800856432694,0.3183219115063445
imazosulfuron,COC1=CC(=NC(=N1)NC(=O)NS(=O)(=O)C2=C(N=C3N2C=CC=C3)Cl)OC,1,-2.310894835077717,-0.020654502956732126,-1.6081163676772854,1.0188509958773895,2.8811473164562984
indanofan,CCC1(C(=O)C2=CC=CC=C2C1=O)CC3(CO3)C4=CC(=CC=C4)Cl,1,-1.6044932452495608,1.6908079640486233,0.1963624078974362,0.26433134332996827,-0.653113564363677
indaziflam,CC1CC2=C(C1NC3=NC(=NC(=N3)N)C(C)F)C=C(C=C2)C,1,-0.5987455784601131,-0.39360039682587106,0.10577445928189838,0.7504941632925617,3.2024778383349584
iodosulfuron,CC1=NC(=NC(=N1)OC)NC(=O)NS(=O)(=O)C2=C(C=CC(=C2)I)C(=O)O,1,-2.054510144848818,-0.8895629466125621,-2.402619265852706,1.0522874848700412,3.351233047815779
ioxynil,C1=C(C=C(C(=C1I)O)I)C#N,1,-2.097862374457017,-0.923596689607283,-0.08538245008194366,-0.7001342048326755,-0.8643672125780408
ipazine,CCN(CC)C1=NC(=NC(=N1)NC(C)C)Cl,1,-0.9636577100707654,-0.7621838258315894,-3.136626366087582,1.3832813794903165,1.285999530464026
ipfencarbazone,CC(C)N(C1=C(C=C(C=C1)F)F)C(=O)N2C=NN(C2=O)C3=C(C=C(C=C3)Cl)Cl,1,-1.5189615019321008,0.4543535894148763,-1.2758549477187715,1.4429178103350953,-0.3841485476594273
isomethiozin,CC(C)C=NN1C(=O)C(=NN=C1SC)C(C)(C)C,1,-1.1913886008948895,0.6703207261998692,-0.9497124902695714,1.5732725117311943,0.04618691433302191
isopropalin,CCCN(CCC)C1=C(C=C(C=C1[N+](=O)[O-])C(C)C)[N+](=O)[O-],1,-1.3799941822264852,-1.6188654471538784,-2.1361341486022343,1.1633201400227837,-0.2990854854360047
isoproturon,CC(C)C1=CC=C(C=C1)NC(=O)N(C)C,1,-1.5639033941789517,-1.163238799909876,-1.7267092430906683,-0.532489493633433,-0.03825079336232734
isouron,CC(C)(C)C1=CC(=NO1)NC(=O)N(C)C,1,-1.432614903055963,-0.11984372605293374,-1.1222111040173972,-0.9705510736774249,1.8878095721382209
isoxaflutole,CS(=O)(=O)C1=C(C=CC(=C1)C(F)(F)F)C(=O)C2=C(ON=C2)C3CC3,1,-1.4442617456686446,0.39414410598355876,0.04921120857056302,-0.8271372852610199,-1.2700707726789642
isoxapyrifop,CC(C(=O)N1CCCO1)OC2=CC=C(C=C2)OC3=C(C=C(C=N3)Cl)Cl,1,-1.5048127454642448,-0.7748469768310758,0.8285144518331817,0.3762258528303296,0.6808155896892903
lactofen,CCOC(=O)C(C)OC(=O)C1=C(C=CC(=C1)OC2=C(C=C(C=C2)C(F)(F)F)Cl)[N+](=O)[O-],1,-1.8717322906925826,-0.9380115226420506,-2.3279356248896454,-1.2567265616841452,-2.387652213534374
linuron,CN(C(=O)NC1=CC(=C(C=C1)Cl)Cl)OC,1,-2.28310614366932,-0.6710747722292746,-1.9061609459016298,-0.831854179254679,0.44881571050230756
MCPA,CC1=C(C=CC(=C1)Cl)OCC(=O)O,1,-2.147324207120373,-0.7027141847941955,-1.7383322086054376,-0.0768599736404798,0.077710277315773
mecoprop,CC1=C(C=CC(=C1)Cl)OC(C)C(=O)O,1,-1.4818258011494057,-0.31911957817907805,-2.238738300831466,-0.34050750119150397,-0.4998075075434348
medinoterb,CC1=C(C=C(C(=C1[N+](=O)[O-])O)C(C)(C)C)[N+](=O)[O-],1,-2.1678661511152635,-1.334340840718,-1.1572029031352153,0.5227653418446503,-0.531475231433349
mefenacet,CN(C1=CC=CC=C1)C(=O)COC2=NC3=CC=CC=C3S2,1,-2.481063727220889,1.0899036154896462,-2.323480114785889,0.6790168530090911,0.7147173380681272
mesosulfuron,COC1=CC(=NC(=N1)NC(=O)NS(=O)(=O)C2=C(C=CC(=C2)CNS(=O)(=O)C)C(=O)O)OC,1,-2.4760941444037163,1.560568007879699,-3.039668475206282,0.011437875606455447,3.6354476358112637
mesotrione,CS(=O)(=O)C1=CC(=C(C=C1)C(=O)C2C(=O)CCCC2=O)[N+](=O)[O-],1,-1.6343925521347829,-0.47312124988320625,-0.16603894562874782,2.3735396922305756,0.7192898240731643
metamifop,CC(C(=O)N(C)C1=CC=CC=C1F)OC2=CC=C(C=C2)OC3=NC4=C(O3)C=C(C=C4)Cl,1,-1.9726156428813837,-0.9953564223367128,0.41073014670740116,-2.2214146207879297,-0.3069002852234845
metamitron,CC1=NN=C(C(=O)N1N)C2=CC=CC=C2,1,-0.8453314748845371,-0.7612352542187494,-1.1095162231333477,0.8742556348311844,0.20547593519483617
metazachlor,CC1=C(C(=CC=C1)C)N(CN2C=CC=N2)C(=O)CCl,1,-2.2321920036251126,-0.8753131915131095,-1.403542863213537,0.8298092012278285,0.4533620789815144
metazosulfuron,CC1CON=C(O1)C2=C(N(N=C2Cl)C)S(=O)(=O)NC(=O)NC3=NC(=CC(=N3)OC)OC,1,-1.0583652995755004,0.8476617319241756,0.15597104315915464,2.9624298240779887,2.295578206625518
methabenzthiazuron,CNC(=O)N(C)C1=NC2=CC=CC=C2S1,1,-2.4278825242374684,-0.5988410222550175,-1.2119583115735715,0.9923461735980292,0.5748021581099183
methoprotryne,CC(C)NC1=NC(=NC(=N1)NCCCOC)SC,1,-1.9228252350970387,0.11528794309895189,-3.116725194583472,0.732133612714231,2.080476679990124
metobenzuron,CC1(CC(OC2=C1C=CC(=C2)OC3=CC=C(C=C3)NC(=O)N(C)OC)(C)OC)C,1,-1.5987147996831583,-0.8420168509683356,0.8527766755981536,-2.533297167262528,-0.77941153940122
metobromuron,CN(C(=O)NC1=CC=C(C=C1)Br)OC,1,-2.073130072359979,-0.7856049677797089,-0.2707757625750754,-0.10078341298436783,0.4395761522110756
metolachlor,CCC1=CC=CC(=C1N(C(C)COC)C(=O)CCl)C,1,-1.9081252563537148,-1.0845261783250306,-2.1764425989352483,0.17177043883056528,0.3541448408717124
metosulam,CC1=C(C(=C(C=C1)Cl)NS(=O)(=O)C2=NN3C(=CC(=NC3=N2)OC)OC)Cl,1,-1.383477456323268,-0.6243397678882288,-1.5879369029401287,-0.7565499855737596,3.0063182526862122
metoxuron,CN(C)C(=O)NC1=CC(=C(C=C1)OC)Cl,1,-2.2294801109746696,-0.05876137058698703,-2.1105576285067853,-0.857385470632787,0.5887478304774785
metribuzin,CC(C)(C)C1=NN=C(N(C1=O)N)SC,1,-1.6747764583177591,-0.2337868842689917,-2.045828870749829,0.9021033330625614,0.8645513312455948
metsulfuron,CC1=NC(=NC(=N1)OC)NC(=O)NS(=O)(=O)C2=CC=CC=C2C(=O)O,1,-2.520343630004078,-0.28375300573007756,-2.8286899050225403,0.6396860399667751,3.5865750028933294
molinate,CCSC(=O)N1CCCCCC1,1,-1.3915821973794191,-0.6719729950007496,-1.1151450935065457,1.3273805175455304,0.6535898210681744
neburon,CCCCN(C)C(=O)NC1=CC(=C(C=C1)Cl)Cl,1,-2.4061250133786625,-0.8103499345380558,-2.118329453881599,-0.05360367465576195,0.009281058977062124
nicosulfuron,CN(C)C(=O)C1=C(N=CC=C1)S(=O)(=O)NC(=O)NC2=NC(=CC(=N2)OC)OC,1,-2.1770529758615487,-0.41689492990737276,-2.979403899759129,-0.28309460951168425,2.714000121920679
nitralin,CCCN(CCC)C1=C(C=C(C=C1[N+](=O)[O-])S(=O)(=O)C)[N+](=O)[O-],1,-2.1567998018355627,-1.4243791512493178,-2.160510433472668,2.0112246377283713,0.2345593709310656
nitrofen,C1=CC(=CC=C1[N+](=O)[O-])OC2=C(C=C(C=C2)Cl)Cl,1,-2.633584890873134,-1.4015730277450615,-1.6273994295066836,-0.7274470011323223,-1.3070947397656028
norflurazon,CNC1=C(C(=O)N(N=C1)C2=CC=CC(=C2)C(F)(F)F)Cl,1,-1.1399663753455456,-0.9940891719798548,-0.826512682123283,-0.12821228602027726,-0.192653813487478
orbencarb,CCN(CC)C(=O)SCC1=CC=CC=C1Cl,1,-1.6348788923404263,-0.9574292595296572,-1.6627171899822684,0.051389641790950256,0.0528137508864098
orthosulfamuron,CN(C)C(=O)C1=CC=CC=C1NS(=O)(=O)NC(=O)NC2=NC(=CC(=N2)OC)OC,1,-2.182634606041511,-0.25448866501740236,-2.659357833600812,0.40377634932897877,2.814562878741806
oryzalin,CCCN(CCC)C1=C(C=C(C=C1[N+](=O)[O-])S(=O)(=O)N)[N+](=O)[O-],1,-2.162013128575921,-1.385330769612726,-1.551320773324517,1.7939872762948892,1.1717884747801246
oxadiargyl,CC(C)(C)C1=NN(C(=O)O1)C2=CC(=C(C=C2Cl)Cl)OCC#C,1,-1.2053352548491383,1.5468196848767755,-0.9428903582497048,-0.7319189325238495,-0.4995056839517857
oxasulfuron,CC1=CC(=NC(=N1)NC(=O)NS(=O)(=O)C2=CC=CC=C2C(=O)OC3COC3)C,1,-1.9441330940716133,0.355918205060057,-1.0530684874845322,1.0170188419256858,2.9341326718549854
oxyfluorfen,CCOC1=C(C=CC(=C1)OC2=C(C=C(C=C2)C(F)(F)F)Cl)[N+](=O)[O-],1,-2.6359204420611615,-1.5544723064788464,-2.258631242619882,-0.45379338580841627,-1.773217510980855
parafluron,CN(C)C(=O)NC1=CC=C(C=C1)C(F)(F)F,1,-2.120449404648795,-1.111527090227217,-1.973925962726479,-0.450701760042429,0.00771083865810945
penoxsulam,COC1=CN=C(N2C1=NC(=N2)NS(=O)(=O)C3=C(C=CC=C3OCC(F)F)C(F)(F)F)OC,1,-1.4542635044206864,0.4662300095797318,-1.4201526650313978,-1.0519622565401165,1.8613558061115214
pentanochlor,CCCC(C)C(=O)NC1=CC(=C(C=C1)C)Cl,1,-1.7071509809681702,0.7437500279308851,-1.439217609193846,-0.21242319493014641,-0.601002021718832
pentoxazone,CC(=C1C(=O)N(C(=O)O1)C2=CC(=C(C=C2F)Cl)OC3CCCC3)C,1,-0.39446384741578266,1.9792771585775704,2.4790411619034747,3.2744112265138736,-0.7804155414632666
pethoxamid,CCOCCN(C(=O)CCl)C(=C(C)C)C1=CC=CC=C1,1,-0.9255298177816187,-1.0689748044793073,-1.2370196274039387,-0.06605229476624493,-0.11086997803193113
phenisopham,CCN(C1=CC=CC=C1)C(=O)OC2=CC=CC(=C2)NC(=O)OC(C)C,1,-1.747861306643533,-0.48590337942027534,-2.1196929163346487,-1.0050460784969004,-0.48564569895377924
phenmedipham,CC1=CC(=CC=C1)NC(=O)OC2=CC=CC(=C2)NC(=O)OC,1,-1.3511149352177505,-0.6362235971612186,-1.7747237421780353,-1.116353892868158,-0.21258694117489885
picloram,C1(=C(C(=NC(=C1Cl)Cl)C(=O)O)Cl)N,1,-1.7836931246628795,-1.117960735846711,-1.005968859008706,0.8757564875613524,0.03421465060005859
picolinafen,C1=CC(=CC(=C1)OC2=CC=CC(=N2)C(=O)NC3=CC=C(C=C3)F)C(F)(F)F,1,-2.1612039272413335,-1.261339788057492,-1.5520382148404674,-1.0699414921135473,-0.979394718830388
pinoxaden,CCC1=CC(=CC(=C1C2=C(N3CCOCCN3C2=O)OC(=O)C(C)(C)C)CC)C,1,-0.5881504381093037,-0.6985737593052376,-0.04015009025633248,0.5493453516174479,0.6474349448966049
piperophos,CCCOP(=S)(OCCC)SCC(=O)N1CCCCC1C,1,-0.4451748179026,1.9634997701925254,-0.5946300222339629,0.4456551888795632,1.8975683472113092
pretilachlor,CCCOCCN(C1=C(C=CC=C1CC)CC)C(=O)CCl,1,-2.430834445928781,-0.9403598567426288,-1.7989746766237156,-0.42052640197998636,-0.05144863541733211
primisulfuron,C1=CC=C(C(=C1)C(=O)O)S(=O)(=O)NC(=O)NC2=NC(=CC(=N2)OC(F)F)OC(F)F,1,-2.871353100149908,-0.3995361091728324,-3.3024609764640673,0.29004794955107727,3.150038201544911
procyazine,CC(C)(C#N)NC1=NC(=NC(=N1)NC2CC2)Cl,1,-2.0676703670792316,-1.0604421214177686,-1.48398638930789,-0.13024887194231877,0.543527505222811
prodiamine,CCCN(CCC)C1=C(C=C(C(=C1[N+](=O)[O-])N)C(F)(F)F)[N+](=O)[O-],1,-1.6645230461302307,-1.7138625007533732,-1.9767473556404986,0.8931904053959033,-0.7740758467569072
profluralin,CCCN(CC1CC1)C2=C(C=C(C=C2[N+](=O)[O-])C(F)(F)F)[N+](=O)[O-],1,-1.5558473597829439,0.08998197924872244,-1.7836550857019893,0.9205196359604361,-0.8287266638327001
proglinazine,CC(C)NC1=NC(=NC(=N1)NCC(=O)O)Cl,1,-2.071795646698547,-0.6974311479229033,-2.511256197737806,0.49997544685337725,1.5472326534773007
prometon,CC(C)NC1=NC(=NC(=N1)OC)NC(C)C,1,-1.677434689098768,-0.5149185306773818,-2.668700668235636,0.7681070950311917,1.7221460074414485
prometryn,CC(C)NC1=NC(=NC(=N1)SC)NC(C)C,1,-1.793108572278467,0.08370585956391072,-3.053711955612765,1.0750492900999138,1.4601419324847535
propanil,CCC(=O)NC1=CC(=C(C=C1)Cl)Cl,1,-1.2168568207671426,-0.8097570720555407,-2.1612772120598445,-0.11052694213435534,0.1578200595627913
propazine,CC(C)NC1=NC(=NC(=N1)Cl)NC(C)C,1,-1.8666817209395423,-0.6946758306193229,-2.7334631365666042,0.860192413163417,1.3445270478779388
propham,CC(C)OC(=O)NC1=CC=CC=C1,1,-1.2664182246756295,-0.5864756883966972,-1.4257560623461256,-0.4848777705180168,-0.04668811872270649
propisochlor,CCC1=CC=CC(=C1N(COC(C)C)C(=O)CCl)C,1,-2.129274554944513,-1.1555093605710214,-2.1261105040141675,0.022908073478462423,-0.11638958947225932
propoxycarbazone,CCCOC1=NN(C(=O)N1C)C(=O)NS(=O)(=O)C2=CC=CC=C2C(=O)OC,1,-2.2384608728159723,0.621605590728474,-1.7553300118020387,1.3967201194383487,2.1693726964788542
propyrisulfuron,CCCC1=NN2C(=NC(=C2S(=O)(=O)NC(=O)NC3=NC(=CC(=N3)OC)OC)Cl)C=C1,1,-2.2678414342997937,-0.44865441384216725,-1.792864031189287,-0.5776217169824344,2.1415838541230543
propyzamide,CC(C)(C#C)NC(=O)C1=CC(=CC(=C1)Cl)Cl,1,-1.5885486058849263,-1.1276677379692408,-1.7003148467700029,-0.23204855801463461,0.266402901177771
prosulfocarb,CCCN(CCC)C(=O)SCC1=CC=CC=C1,1,-1.634763251105536,-0.832382823050709,-0.38958486631918093,-0.3927543999831298,-0.8720208844392211
pyraclonil,CN(CC#C)C1=C(C=NN1C2=NN3CCCCC3=C2Cl)C#N,1,-1.7406839787623831,1.116506582846963,-0.0467243815100936,-0.3598676335238391,2.26685658035539
pyrasulfotole,CC1=C(C(=O)N(N1)C)C(=O)C2=C(C=C(C=C2)C(F)(F)F)S(=O)(=O)C,1,-0.7065906759009329,-0.7825747079385318,-0.2505622228232797,1.127604094214153,-0.5749340637035208
pyrazolynate,CC1=CC=C(C=C1)S(=O)(=O)OC2=C(C(=NN2C)C)C(=O)C3=C(C=C(C=C3)Cl)Cl,1,-1.6450897312612789,-0.8781324404233045,-1.7557112453439203,1.6103218863616857,0.9107359039468442
pyrazosulfuron,CN1C(=C(C=N1)C(=O)O)S(=O)(=O)NC(=O)NC2=NC(=CC(=N2)OC)OC,1,-1.4637547307427539,-0.278599963529263,-2.4893134115556173,1.0947438341859863,3.1793451719336248
pyrazoxyfen,CC1=NN(C(=C1C(=O)C2=C(C=C(C=C2)Cl)Cl)OCC(=O)C3=CC=CC=C3)C,1,-1.190618848601142,-0.6738978417557979,-1.0139207706339002,1.3740372751452763,0.9330661157871534
pyridate,CCCCCCCCSC(=O)OC1=CC(=NN=C1C2=CC=CC=C2)Cl,1,-2.608801649772405,-0.6995499697344969,-1.6287192792191336,0.6752536696239864,-0.034997676032560356
pyriftalid,CC1C2=C(C(=CC=C2)SC3=NC(=CC(=N3)OC)OC)C(=O)O1,1,-1.0261201588453017,-0.38817654527342355,0.06802351467340713,1.420428826096758,1.1692656097095673
pyriminobac,CC(=NOC)C1=C(C(=CC=C1)OC2=NC(=CC(=N2)OC)OC)C(=O)O,1,-2.2407863321678234,0.6455371536195962,-1.4674014747894768,-0.2781183939131765,1.5813505816986495
pyrithiobac,COC1=CC(=NC(=N1)SC2=C(C(=CC=C2)Cl)C(=O)O)OC,1,-2.429002826522812,-0.8126099468734226,-1.985214108117901,0.2440901057846132,0.9563045000729685
quinmerac,CC1=CC2=C(C(=C(C=C2)Cl)C(=O)O)N=C1,1,-1.8397029115350607,-1.1958693712852249,-1.9493564198779507,0.1184697232674251,0.7776647347975738
quizalofop,CC(C(=O)O)OC1=CC=C(C=C1)OC2=CN=C3C=C(C=CC3=N2)Cl,1,-2.1747829408274604,-0.02818561494546026,-2.1564982301364175,-0.7484077532484443,-0.7856876487543625
rimsulfuron,CCS(=O)(=O)C1=C(N=CC=C1)S(=O)(=O)NC(=O)NC2=NC(=CC(=N2)OC)OC,1,-1.417289066842711,-0.09431913628536905,-3.000082955725138,-0.06774216417048226,2.6087674100185376
saflufenacil,CC(C)N(C)S(=O)(=O)NC(=O)C1=CC(=C(C=C1Cl)F)N2C(=O)C=C(N(C2=O)C)C(F)(F)F,1,-1.2749899195998151,-0.29378676518048896,-0.03706165427499034,-0.24571138999235834,0.5794298578221374
sebuthylazine,CCC(C)NC1=NC(=NC(=N1)NCC)Cl,1,-1.8286851360978764,-1.3588723773688227,-3.0671569533830874,0.7778449090131739,2.141948068846795
secbumeton,CCC(C)NC1=NC(=NC(=N1)NCC)OC,1,-1.6394381042571027,-1.179115077426882,-3.0023944850521187,0.6857595908809486,2.5195670284103047
sethoxydim,CCCC(=NOCC)C1=C(CC(CC1=O)CC(C)SCC)O,1,-0.6674013740855219,-0.41884742936336417,2.9648996748945198,0.7240665924917178,-1.019652948701186
siduron,CC1CCCCC1NC(=O)NC2=CC=CC=C2,1,0.042145714483288334,-0.3481557462971887,-0.428398212770745,-0.3478756495277275,0.22291377609474308
simetryn,CCNC1=NC(=NC(=N1)SC)NCC,1,-2.1295610103977713,-0.3064855591919799,-2.91010417714664,0.7654310811737626,2.147396940253038
sulcotrione,CS(=O)(=O)C1=CC(=C(C=C1)C(=O)C2C(=O)CCCC2=O)Cl,1,-1.5415530540642575,-0.3993051565214651,-0.3577372834158077,1.5378380649524177,0.9059772028566901
sulfentrazone,CC1=NN(C(=O)N1C(F)F)C2=C(C=C(C(=C2)NS(=O)(=O)C)Cl)Cl,1,-1.6389849334877937,-0.5020298621681254,-1.0398628317408702,0.36647814105961346,0.8250623934587862
sulfometuron,CC1=CC(=NC(=N1)NC(=O)NS(=O)(=O)C2=CC=CC=C2C(=O)O)C,1,-2.4878819960702834,-0.4566712366211058,-3.2792096245977596,0.551204133336645,2.5618506863330963
sulfosulfuron,CCS(=O)(=O)C1=C(N2C=CC=CC2=N1)S(=O)(=O)NC(=O)NC3=NC(=CC(=N3)OC)OC,1,-2.181971023419121,0.9757248655827755,-1.0570518230122028,0.8233419532995727,2.4542803824153094
swep,COC(=O)NC1=CC(=C(C=C1)Cl)Cl,1,-2.1133559004224387,-0.6155521060195317,-2.0425603220915542,-0.4789340112515483,0.4135583067477428
tebuthiuron,CC(C)(C)C1=NN=C(S1)N(C)C(=O)NC,1,-2.2848665203642082,0.4494666096290105,-1.5345510640831137,-0.30790710737195537,0.37469019388039954
tepraloxydim,CCC(=NOCC=CCl)C1=C(CC(CC1=O)C2CCOCC2)O,1,-0.6243208997469458,-0.37418937000135966,2.4376948349963756,0.49220271330990045,-1.4358587118685329
terbacil,CC1=C(C(=O)N(C(=O)N1)C(C)(C)C)Cl,1,-1.305110544710499,-0.7842336625264221,-0.18604191623728628,2.0446908976967055,0.2526841697134007
terbumeton,CCNC1=NC(=NC(=N1)OC)NC(C)(C)C,1,-2.24309353371275,-1.023304413615868,-2.7353069227826725,0.20360782863899893,2.325849591316251
terbuthylazine,CCNC1=NC(=NC(=N1)Cl)NC(C)(C)C,1,-2.432340565553526,-1.2030617135578092,-2.800069391113641,0.29569314677122516,1.9482306317527407
terbutryn,CCNC1=NC(=NC(=N1)SC)NC(C)(C)C,1,-2.3587674168924493,-0.42468002337457544,-3.120318210159801,0.5105500237077208,2.0638455163595557
thenylchlor,CC1=C(C(=CC=C1)C)N(CC2=C(C=CS2)OC)C(=O)CCl,1,-0.6322431628897522,-0.6077121874572846,-2.0028080555559096,-0.09610470083932061,1.0822183515440948
thiazafluron,CNC(=O)N(C)C1=NN=C(S1)C(F)(F)F,1,-2.274110119958146,-0.913192344348501,-1.2735444752139449,-0.14876231463383308,0.5037810802110355
thiazopyr,CC(C)CC1=C(C(=NC(=C1C(=O)OC)C(F)F)C(F)(F)F)C2=NCCS2,1,-1.5374672192102443,-0.4206919710288465,0.41753490499801266,1.149957449533116,0.14460965967110603
thiencarbazone,CC1=C(C(=CS1)C(=O)O)S(=O)(=O)NC(=O)N2C(=O)N(C(=N2)OC)C,1,-1.9952967579733867,-0.27276401954449947,-0.8469173431355924,2.0638993123774685,2.644849630863641
thiobencarb,CCN(CC)C(=O)SCC1=CC=C(C=C1)Cl,1,-1.2904037344298749,-1.1067225932939635,-0.7991198183131359,-0.38394207842805117,-0.5390220464530997
tiocarbazil,CCC(C)N(C(C)CC)C(=O)SCC1=CC=CC=C1,1,-0.93820732951453,-0.6074523760694398,0.8695728718694701,0.9215297747977194,-1.2994443106279157
tolpyralate,CCN1C(=C(C=N1)C(=O)C2=C(C(=C(C=C2)S(=O)(=O)C)OCCOC)C)OC(C)OC(=O)OC,1,-1.6837304744584574,1.6060512793561124,-1.1457229526282637,2.34336575688032,0.769049827392052
topramezone,CC1=C(C=CC(=C1C2=NOCC2)S(=O)(=O)C)C(=O)C3=CNN(C3=O)C,1,-1.2363365268634343,0.6193181462662591,0.45067927391671936,1.2599698809703337,2.6083061270140524
tralkoxydim, CC/C(=N\\OCC)/C1=C(CC(CC1=O)C2=C(C=C(C=C2C)C)C)O,1,-0.8462605267985582,-0.41276043137116947,2.088137476301742,0.6641657698686569,-1.5546081708672768
triafamone,CN(C1=C(C=CC=C1F)C(=O)C2=NC(=NC(=N2)OC)OC)S(=O)(=O)C(F)F,1,-1.9349944755699955,0.23976539661151666,-0.9119384041152311,1.7784855970356372,1.6128587967332242
tri-allate,CC(C)N(C(C)C)C(=O)SCC(=C(Cl)Cl)Cl,1,-1.6250890225531573,-0.5617007905277007,-0.9443803399706007,-0.3999736151599997,-0.35920841866730696
triasulfuron,CC1=NC(=NC(=N1)OC)NC(=O)NS(=O)(=O)C2=CC=CC=C2OCCCl,1,-2.2129214130379076,-0.7378894201020201,-2.026718386369533,0.7442030290939429,3.7277568068217897
triaziflam,CC1=CC(=CC(=C1)OCC(C)NC2=NC(=NC(=N2)N)C(C)(C)F)C,1,-1.881082221195355,-0.8598716269028575,-2.3734565881538643,0.786288518378904,0.7273589675080329
tribenuron,CC1=NC(=NC(=N1)OC)N(C)C(=O)NS(=O)(=O)C2=CC=CC=C2C(=O)O,1,-2.154011861069957,-0.2374414084434099,-2.626203397878329,0.33315449016522347,2.6753228032297844
triclopyr,C1=C(C(=NC(=C1Cl)Cl)OCC(=O)O)Cl,1,-2.1562800316700512,-0.9353521447645384,-1.0648506497352082,-0.07769222846652948,0.7346588578954067
tridiphane,C1C(O1)(CC(Cl)(Cl)Cl)C2=CC(=CC(=C2)Cl)Cl,1,-1.5258350632628361,-0.7796248432109302,0.13730742668106813,0.27781851127615886,0.4407914926798581
trietazine,CCNC1=NC(=NC(=N1)Cl)N(CC)CC,1,-1.3572432579518816,-1.226588527464249,-2.9670990420204593,1.0152804578110055,2.0216394790419074
trifloxysulfuron,COC1=CC(=NC(=N1)NC(=O)NS(=O)(=O)C2=C(C=CC=N2)OCC(F)(F)F)OC,1,-2.171548100155546,0.5543649895301609,-2.5401949805086264,-0.5871295890980857,3.0007183435030718
trifludimoxazin,CN1C(=O)N(C(=O)N(C1=S)C)C2=CC3=C(C=C2F)OC(C(=O)N3CC#C)(F)F,1,-0.44749675701707836,1.3118133376302419,3.732126328949355,-0.15041226169606645,0.5569421896276506
trifluralin,CCCN(CCC)C1=C(C=C(C=C1[N+](=O)[O-])C(F)(F)F)[N+](=O)[O-],1,-1.995234994510896,-1.558313958006886,-2.0829928806856137,1.0176698990864033,-0.45563817609061225
triflusulfuron,CC1=C(C(=CC=C1)C(=O)O)S(=O)(=O)NC(=O)NC2=NC(=NC(=N2)OCC(F)(F)F)N(C)C,1,-2.415167545230459,1.6242640142813474,-3.2813077346411115,0.16264553861461473,4.604819857434013
vernolate,CCCCCC1C(O1)CC=CCCCCCCCC(=O)[O-],1,-0.8375528805579837,-1.315065750641483,-0.18254129065506716,2.2007794700766645,-0.11367756641965314
diquat,C1C[N+]2=CC=CC=C2C3=CC=CC=[N+]31,1,-1.9255576832459917,-0.5584791646764914,-0.01568488495860023,2.528807701903277,0.1284343359906624
morfamquat,CC1COCC(N1C(=O)C[N+]2=CC=C(C=C2)C3=CC=[N+](C=C3)CC(=O)N4C(COCC4C)C)C,1,-0.8194036015220741,-0.0191425660233891,-0.7471422889218876,0.8709486681195783,0.1606227175133912
trifluralin,CCCN(CCC)C1=C(C=C(C=C1[N+](=O)[O-])C(F)(F)F)[N+](=O)[O-],1,-1.995234994510896,-1.558313958006886,-2.0829928806856137,1.0176698990864033,-0.45563817609061225
triflusulfuron,CC1=C(C(=CC=C1)C(=O)O)S(=O)(=O)NC(=O)NC2=NC(=NC(=N2)OCC(F)(F)F)N(C)C,1,-2.415167545230459,1.6242640142813474,-3.2813077346411115,0.16264553861461473,4.604819857434013
vernolate,CCCCCC1C(O1)CC=CCCCCCCCC(=O)[O-],1,-0.8375528805579837,-1.315065750641483,-0.18254129065506716,2.2007794700766645,-0.11367756641965314
diquat,C1C[N+]2=CC=CC=C2C3=CC=CC=[N+]31,1,-1.9255576832459917,-0.5584791646764914,-0.01568488495860023,2.528807701903277,0.1284343359906624
morfamquat,CC1COCC(N1C(=O)C[N+]2=CC=C(C=C2)C3=CC=[N+](C=C3)CC(=O)N4C(COCC4C)C)C,1,-0.8194036015220741,-0.0191425660233891,-0.7471422889218876,0.8709486681195783,0.1606227175133912
"cis-N-(1,1,2,2-Tetrachloroethylthio)-4-cyclohexene-1,2-dicarboximide",C1C=CC[C@H]2[C@@H]1C(=O)N(C2=O)SC(C(Cl)Cl)(Cl)Cl,0,-0.6642326309019935,2.1252230616050163,-0.1549417090109574,0.8499982278427247,1.1992749021157625
Aldrin,C1[C@@H]2C=C[C@H]1[C@H]3[C@@H]2[C@]4(C(=C([C@@]3(C4(Cl)Cl)Cl)Cl)Cl)Cl,0,-0.7192346621597483,-0.11551967574836337,-0.7779015395285523,-0.09989831919456538,0.8805453211520146
2-[1-[[[(2E)-3-chloro-2-propen-1-yl]oxy]imino]propyl]-5-[2-(ethylthio)propyl]-3-hydroxy-2-cyclohexen-1-one,CC/C(=N\OC/C=C/Cl)/C1=C(CC(CC1=O)CC(C)SCC)O,0,-0.9126415074225536,-0.5258420062049131,3.0333236393509018,-0.1681659148619393,-1.5244451379960835
Bioallethrin,CC1=C(C(=O)CC1OC(=O)[C@@H]2[C@H](C2(C)C)C=C(C)C)CC=C,0,-0.02281422320101259,0.391324700123995,13.96481094919945,-11.627601323508621,-9.341070974618424
Fenaminosulf,CN(C)C1=CC=C(C=C1)N=NS(=O)(=O)[O-].[Na+],0,-0.5037392433666218,-1.0743437428846363,-1.2321053874392358,0.3049799491336735,0.12529809645562853
Warfarin Sodium,CC(=O)CC(C1=CC=CC=C1)C2=C(C3=CC=CC=C3OC2=O)[O-].[Na+],0,-1.1510417987097568,0.6230264064873177,1.5755525445959189,2.259158254541007,-1.5619355977251905
Flusilazole,C[Si](CN1C=NC=N1)(C2=CC=C(C=C2)F)C3=CC=C(C=C3)F,0,-2.1506471324641376,-1.0005419318777877,-1.117683098577275,0.7253877363751152,-0.18660810310350542
Glyphosate,C(C(=O)O)NCP(=O)(O)O,0,-2.240720651962956,-1.2023982105517523,-1.9014270543258,0.4812408413138101,0.6503156382780644
cis-Chlorfenvinphos,CCOP(=O)(OCC)O/C(=C\Cl)/C1=C(C=C(C=C1)Cl)Cl,0,-2.2095900001126303,-1.0313116231110369,-1.5837307577734914,0.030431010260529034,-0.15827085336913127
"3,5-Dioxa-6-aza-4-phosphaoct-6-ene-8-nitrile, 4-ethoxy-7-phenyl-, 4-sulfide",CCOP(=S)(OCC)O/N=C(\C#N)/C1=CC=CC=C1,0,-2.0673491993453386,-0.30081718594673,1.8390155763671092,-1.270038005157527,2.960043520314871
Imidacloprid,C1CN(/C(=N/[N+](=O)[O-])/N1)CC2=CN=C(C=C2)Cl,0,-2.11587185691452,-0.5101487589144582,1.6725949137611045,2.575060179299438,0.5884789298519192
(E)-Methomyl,C/C(=N\OC(=O)NC)/SC,0,-1.3039671000105726,-0.9694536619904269,-0.3236443649634011,-0.21905768023822184,0.2034745982712472
Alpha-Naphthylthiourea,C1=CC=C2C(=C1)C=CC=C2NC(=S)N,0,-1.6849649183855187,-0.748272512563676,-0.9647431777276411,0.65976534955433,0.5947633370628723
Carbendazim,COC(=O)NC1=NC2=CC=CC=C2N1,0,-2.100110249072611,-0.37582781430643825,0.5604226848851005,3.062155640998375,0.28944614458778334
Sodium Fluoroacetate,C(C(=O)[O-])F.[Na+],0,-1.7037738114937655,-1.0087121312170826,-1.5673349100998755,0.387073147791317,0.3041260720036793
Amitraz,CC1=CC(=C(C=C1)N=CN(C)C=NC2=C(C=C(C=C2)C)C)C,0,-1.3385054044358222,0.4189641148502246,-0.7380059431445243,0.9588383861447403,-0.1532627419881329
Permethrin,CC1(C(C1C(=O)OCC2=CC(=CC=C2)OC3=CC=CC=C3)C=C(Cl)Cl)C,0,-1.8108637905707838,0.1309189667587676,7.992094356627796,-9.869945312877237,-10.214469536703096
N-Ethyl-o-crotonotoluidide,CCN(C1=CC=CC=C1C)C(=O)/C=C/C,0,-2.0179381370842093,-0.5091665637546461,0.19848873117272495,0.15944040026207967,0.388258219518433
Bentazone-sodium,CC(C)N1C(=O)C2=CC=CC=C2[N-]S1(=O)=O.[Na+],0,-0.9243811334987757,0.29987495810910086,-0.6422978061821122,0.23212687508336052,-0.09406850408722951
Phenylmercuric Acetate,CC(=O)O[Hg]C1=CC=CC=C1,0,-1.3709059296638377,0.22915423582403868,-0.8758908612333308,-0.21984364130517756,0.45730069756233876
Bis(tributyltin) oxide,CCCC[Sn](CCCC)(CCCC)O[Sn](CCCC)(CCCC)CCCC,0,-1.9380684569097728,-1.039684635253605,-1.5999616295797587,0.8884671317053757,0.4574913113181966
Thimerosal,CC[Hg]SC1=CC=CC=C1C(=O)[O-].[Na+],0,-1.2222563888216051,-0.35320448901030044,-1.7231395067559838,0.36142927068033986,0.33776862077446995
Thiophanate,CCOC(=O)NC(=S)NC1=CC=CC=C1NC(=S)NC(=O)OCC,0,-1.3639410573220057,-0.44617434605159967,-1.111819217930804,-0.41913481236424505,0.505473927675628
Sodium pentachlorophenolate,C1(=C(C(=C(C(=C1Cl)Cl)Cl)Cl)Cl)[O-].[Na+],0,-1.8484426052046592,-1.1878532358626297,-1.6402630373629596,0.3525165638961083,0.4402812791591276
Pentachlorophenol,C1(=C(C(=C(C(=C1Cl)Cl)Cl)Cl)Cl)O,0,-1.981762737078858,-1.0500052966217375,-1.4613713981631131,0.6578134622233273,0.5906252925928551
Cypermethrin,CC1(C(C1C(=O)OC(C#N)C2=CC(=CC=C2)OC3=CC=CC=C3)C=C(Cl)Cl)C,0,-1.6305265135332387,-0.4997749504487652,8.734110117590905,-12.307037949106864,-12.797407831192583
Quintozene,C1(=C(C(=C(C(=C1Cl)Cl)Cl)Cl)Cl)[N+](=O)[O-],0,-1.433017831173813,-1.2249592385096215,-1.5983230453949522,0.6479860460359217,0.18155153436679086
cis-Mevinphos,C/C(=C\C(=O)OC)/OP(=O)(OC)OC,0,-0.9455385287850492,-1.0443643355620789,-0.3040289003961367,-1.1187760188712166,0.45474867909226646
Metam-sodium,CNC(=S)[S-].[Na+],0,-1.4573903544259266,-0.5279315858679381,-1.348285342547146,0.017757495515344855,1.4898284785375517
Monocrotophos,C/C(=C\C(=O)NC)/OP(=O)(OC)OC,0,-1.298615769203797,-1.0330417612606333,-0.4593777374563296,-0.9199077473950981,0.07212186948952683
Endrin,C1[C@@H]2[C@@H]3[C@H]([C@H]1[C@H]4[C@@H]2O4)[C@@]5(C(=C([C@]3(C5(Cl)Cl)Cl)Cl)Cl)Cl,0,-0.45936052785953124,0.9260613372574157,-0.23530096072845602,-0.5299543628688255,1.5728015073188752
"Phosphoric acid, (7-chloro-bicyclo(3.2.0)hepta-2,6-dien-6-yl) dimethyl ester",COP(=O)(OC)OC1=C([C@H]2[C@@H]1CC=C2)Cl,0,-0.29030668267491655,0.481949230990691,-0.624312759497649,1.531488400025914,0.3958177660378587
Thiobencarb,CCN(CC)C(=O)SCC1=CC=C(C=C1)Cl,0,-1.2904037344298749,-1.1067225932939635,-0.7991198183131359,-0.38394207842805117,-0.5390220464530997
Glufosinate-Ammonium,CP(=O)(CCC(C(=O)[O-])N)O.[NH4+],0,-1.6635278215289397,-1.3180537132249637,-2.009602405818949,1.1036776268355777,0.49951323332751674
Warfarin,CC(=O)CC(C1=CC=CC=C1)C2=C(C3=CC=CC=C3OC2=O)O,0,-1.4053398418824206,-0.5548646191768204,1.3831144302142246,2.146644475015085,-1.1602594767324947
Pyraclostrobin,COC(=O)N(C1=CC=CC=C1COC2=NN(C=C2)C3=CC=C(C=C3)Cl)OC,0,-0.16588767621701847,0.12845700253866651,-0.7894608588028779,-0.9067921046644092,1.603252545248959
Tricyclohexylzinnhydroxid [German],C1CCC(CC1)[Sn](C2CCCCC2)C3CCCCC3.O,0,-0.9800479282627899,-0.6943942437084852,-0.7990797112983805,0.07616054339903332,1.068922265716725
f-16(Pesticide),C1=CC(=C(C=C1NC2=NC=NC=N2)S(=O)(=O)O)/C=C/C3=C(C=C(C=C3)NC4=NC=NC=N4)S(=O)(=O)O,0,-2.5485656572032482,-0.9491985935965804,-0.34571215055205967,1.1460598929173686,0.6891916346392347
Pyrethrin I,CC1=C(C(=O)C[C@@H]1OC(=O)[C@@H]2[C@H](C2(C)C)C=C(C)C)C/C=C\C=C,0,-0.18884983224974344,0.4407478789607749,15.870044425105394,-13.00248427315419,-10.263346639925931
Cyhalothrin,CC1(C(C1C(=O)OC(C#N)C2=CC(=CC=C2)OC3=CC=CC=C3)/C=C(/C(F)(F)F)\Cl)C,0,-1.8079173187800766,-0.5424689695543502,9.323138627451808,-13.263097369984461,-13.780757029446066
Bifenthrin,CC1=C(C=CC=C1C2=CC=CC=C2)COC(=O)[C@@H]3[C@@H](C3(C)C)/C=C(/C(F)(F)F)\Cl,0,-1.8753336805239587,0.06934696400491666,8.029027284579568,-9.947053765348343,-10.242130064894829
Thiophanate-Methyl,COC(=O)NC(=S)NC1=CC=CC=C1NC(=S)NC(=O)OC,0,-1.4181205704081419,-0.6345674455673131,-1.2176596261551904,-0.4385694239287911,0.898666795862371
Picloram-potassium,C1(=C(C(=NC(=C1Cl)Cl)C(=O)[O-])Cl)N.[K+],0,-1.141882820619758,-1.2266332709912358,-1.3427646646701263,0.8860800972040761,0.12651270132926962
Brodifacoum,C1C(CC2=CC=CC=C2C1C3=C(C4=CC=CC=C4OC3=O)O)C5=CC=C(C=C5)C6=CC=C(C=C6)Br,0,-0.2609278278180742,0.4721277244280835,6.858820269947979,5.655267202534379,0.8004216239519093
Sodium Chlorate,[O-]Cl(=O)=O.[Na+],0,-1.677729609622701,-1.090542010207178,-1.6442132153223161,0.5901930850459067,0.5892432074213714
Disulfoton,CCOP(=S)(OCC)SCCSCC,0,-1.7816747293888875,-1.0711122753781988,-0.8436381161510966,0.9188866451072493,1.9928576675530085
Methyl Parathion,COP(=S)(OC)OC1=CC=C(C=C1)[N+](=O)[O-],0,-2.1755223670601103,-1.0126298388060813,-0.5965679542701644,0.23548256860861255,0.25272626583101304
Dinoseb,CCC(C)C1=C(C(=CC(=C1)[N+](=O)[O-])[N+](=O)[O-])O,0,-1.6262765780225528,-1.3784048459219376,-1.6966699973860846,1.3500278036487037,-0.252117247851483
Tribufos,CCCCSP(=O)(SCCCC)SCCCC,0,-2.018665040909942,-1.0668103448326187,-1.4437384517592484,0.9441595542055293,0.2271582461702331
Trichlorfon,COP(=O)(C(C(Cl)(Cl)Cl)O)OC,0,-1.4066803052163341,0.04298452516287646,0.06793463968088892,-1.1015912893596496,2.322787847002927
Thiometon,CCSCCSP(=S)(OC)OC,0,-1.6611803714193285,-1.1007784160735696,-1.4140411677797637,1.0177980280601655,0.7307462504992437
lambda-Cyhalothrin,CC1([C@@H]([C@@H]1C(=O)O[C@@H](C#N)C2=CC(=CC=C2)OC3=CC=CC=C3)/C=C(/C(F)(F)F)\Cl)C,0,-1.8079173187800766,-0.5424689695543502,9.323138627451808,-13.263097369984461,-13.780757029446066
Uniconazole,CC(C)(C)C(/C(=C\C1=CC=C(C=C1)Cl)/N2C=NC=N2)O,0,-1.2074889288588826,-1.2082748622310067,-1.1271460067524381,0.5047100392384293,0.3023761177642234
Fentin acetate,CC(=O)O[Sn](C1=CC=CC=C1)(C2=CC=CC=C2)C3=CC=CC=C3,0,-1.386628147996585,-0.6677862841241976,-0.6310655037267192,-0.3679373935523893,0.5758466035008998
Phenylmercuric Nitrate,C1=CC=C(C=C1)[Hg]O[N+](=O)[O-],0,-1.0217749304411539,-0.12568503713264567,-1.3955150120509772,0.9695216291867105,-0.0322573922057313
(Acetato-kappaO)(2-methoxyethyl)mercury,CC(=O)O[Hg]CCOC,0,-0.9986351797977522,-0.7934433689104674,-0.7291956918118995,-0.5783023607651133,0.7462707513151069
Triasulfuron,CC1=NC(=NC(=N1)OC)NC(=O)NS(=O)(=O)C2=CC=CC=C2OCCCl,0,-2.2129214130379076,-0.7378894201020201,-2.026718386369533,0.7442030290939429,3.7277568068217897
Matox,CC1(CN=C(NC1)NN=C(/C=C/C2=CC=C(C=C2)C(F)(F)F)/C=C/C3=CC=C(C=C3)C(F)(F)F)C,0,-0.551927758590674,0.9398417048015141,1.4231158783507891,0.8269800327961262,0.5723662607111478
Emamectin benzoate [ISO],CC[C@H](C)[C@@H]1[C@H](C=C[C@@]2(O1)C[C@@H]3C[C@H](O2)C/C=C(/[C@H]([C@H](/C=C/C=C/4\CO[C@H]5[C@@]4([C@@H](C=C([C@H]5O)C)C(=O)O3)O)C)O[C@H]6C[C@@H]([C@H]([C@@H](O6)C)O[C@H]7C[C@@H]([C@H]([C@@H](O7)C)[NH2+]C)OC)OC)\C)C.C1=CC=C(C=C1)C(=O)[O-],0,41.73769906157307,-1.6149394972485132,-2.0544203363779316,-4.377653916791362,2.2776768341775937
Bromadiolone,C1=CC=C(C=C1)C(CC(C2=CC=C(C=C2)C3=CC=C(C=C3)Br)O)C4=C(C5=CC=CC=C5OC4=O)O,0,-0.9931421898902173,-0.7647380382882945,2.573604727886014,3.2748968803155027,-1.4649631062410233
(+-)-Coumachlor,CC(=O)CC(C1=CC=C(C=C1)Cl)C2=C(C3=CC=CC=C3OC2=O)O,0,-1.1987535327093788,-0.7165541214702471,1.1864106586797813,2.1393387785644626,-1.1522235801160114
FB7 (pesticide),C(C[Hg])Cl.C1(C(C(C(C(C1Cl)Cl)Cl)Cl)Cl)Cl,0,-1.7176297657631547,-0.5520243117944026,0.5857148374862966,0.17512347036094844,2.817171905310327
Anabasine,C1CCN[C@@H](C1)C2=CN=CC=C2,0,-1.5262934978044271,-0.3093651481739917,1.4786837038520262,3.9711619452845497,0.3591059169170517
Imiprothrin,CC(=CC1C(C1(C)C)C(=O)OCN2C(=O)CN(C2=O)CC#C)C,0,-0.06023654810295936,1.2007715175630325,8.73970575061267,-8.539905259981872,-5.354902946425671
Methiocarb,CC1=CC(=CC(=C1SC)C)OC(=O)NC,0,-1.6149765954538675,-0.3482899250021837,-1.2415042547388782,-0.11361848723307892,-0.14555871734964687
Prochloraz,CCCN(CCOC1=C(C=C(C=C1Cl)Cl)Cl)C(=O)N2C=CN=C2,0,-1.4346702016131234,-0.09796768736901454,-1.9790907986370192,0.8230322602596168,0.28427262246677826
Phosmet,COP(=S)(OC)SCN1C(=O)C2=CC=CC=C2C1=O,0,-1.1451720051144547,0.4780795788204076,-1.1506516169704422,0.12308482530982912,0.22249015058584268
Imazalil sulfate,C=CCOC(CN1C=CN=C1)C2=C(C=C(C=C2)Cl)Cl.OS(=O)(=O)O,0,-0.8804484513315695,-1.6530521294558163,-1.4348896600821854,0.6128523290640192,-0.43642997500872105
Aluminium phosphide (AlP),[Al]#P,0,-1.828112239098146,-0.9503259086980721,-1.3296217857905903,0.26604544866308355,0.32504609777018156
Fenitrothion,CC1=C(C=CC(=C1)OP(=S)(OC)OC)[N+](=O)[O-],0,-2.140727823480517,-1.0316774251638796,-0.4119029069523861,1.432563691717605,-0.4179616594372562
Triclopyr,C1=C(C(=NC(=C1Cl)Cl)OCC(=O)O)Cl,0,-2.1562800316700512,-0.9353521447645384,-1.0648506497352082,-0.07769222846652948,0.7346588578954067
Triflumuron,C1=CC=C(C(=C1)C(=O)NC(=O)NC2=CC=C(C=C2)OC(F)(F)F)Cl,0,-1.776112956024504,-0.12798633254472264,-1.3870977429637998,-0.7895226137669189,0.900053648472366
S-Bioallethrin,CC1=C(C(=O)C[C@@H]1OC(=O)[C@@H]2[C@H](C2(C)C)C=C(C)C)CC=C,0,-0.02281422320101259,0.391324700123995,13.96481094919945,-11.627601323508621,-9.341070974618424
Imazaquin,CC(C)C1(C(=O)NC(=N1)C2=NC3=CC=CC=C3C=C2C(=O)O)C,0,-1.8976384541839786,-0.3657920600756019,0.07320119771392408,0.2602103537017964,1.1158441606368783
Maneb,C(CNC(=S)[S-])NC(=S)[S-].[Mn+2],0,-1.8219114339136324,-0.4693370003172564,-1.649143066404762,0.11410213712087132,1.9755428161072364
cis-Phosphamidon,CCN(CC)C(=O)/C(=C(\C)/OP(=O)(OC)OC)/Cl,0,-1.8001344227350873,-0.8274592515003372,-1.0302506389008732,-0.33482649026389055,-0.10804255539729467
Monosodium methanearsonate,C[As](=O)(O)[O-].[Na+],0,-1.4772398867025145,-1.11236923580715,-1.7556284324267875,0.42029558852848053,0.3572239421583282
"2,4-D-sodium",C1=CC(=C(C=C1Cl)Cl)OCC(=O)[O-].[Na+],0,-2.163578759406087,-1.1428248224484485,-2.230782182230925,-0.05545460621025077,0.14219402535547765
MCPB-sodium,CC1=C(C=CC(=C1)Cl)OCCCC(=O)[O-].[Na+],0,-2.0324054910462324,-0.9376815361010409,-2.3166988127194794,0.12401653980848998,0.07336856101772486
SODIUM o-PHENYLPHENOL,C1=CC=C(C=C1)C2=CC=CC=C2[O-].[Na+],0,-1.9916834280651396,-0.9024856322958429,-1.401443673994409,0.183583229879946,-0.13108534521277326
Monopotassium methyldithiocarbamate,CNC(=S)[S-].[K+],0,-1.7155391893431835,-0.49637738175445595,-1.358451341685655,0.017468517973290545,1.5155617315394094
Azinphos-Methyl,COP(=S)(OC)SCN1C(=O)C2=CC=CC=C2N=N1,0,-1.5227016181291106,0.6720107701217725,2.1366279042391088,3.9203354294084343,2.3106032989576746
Parathion,CCOP(=S)(OCC)OC1=CC=C(C=C1)[N+](=O)[O-],0,-2.2791178156145318,-1.0911595828328007,-0.7724985195245718,0.15441686201465515,0.1834078598935338
Dichlobenil,C1=CC(=C(C(=C1)Cl)C#N)Cl,0,-2.210317379032023,-0.8288411977527506,-0.47519995909547874,-0.9153775823043813,1.0165994262357474
Dichlorvos,COP(=O)(OC)OC=C(Cl)Cl,0,-1.563828582178775,-0.6371129780652511,0.679405931439146,-1.0736034963014638,0.3422674450741509
Methoxychlor,COC1=CC=C(C=C1)C(C2=CC=C(C=C2)OC)C(Cl)(Cl)Cl,0,-1.9576815724809593,-0.9193615384822055,-0.6918883589912128,-0.9249863899549859,-0.6460619124423431
Fenthion,CC1=C(C=CC(=C1)OP(=S)(OC)OC)SC,0,-1.5202968094916172,1.536617151898498,-0.13762804954403976,0.422367935611761,0.2116981432772843
Piperonyl Butoxide,CCCCOCCOCCOCC1=CC2=C(C=C1CCC)OCO2,0,-1.5740215309966763,-0.4340764778397504,3.208381542018669,-3.1596013619913217,-3.3958575086196188
Naled,COP(=O)(OC)OC(C(Cl)(Cl)Br)Br,0,-1.2603221022787825,-0.8810229253599071,0.36545718896976526,1.389766038780384,-0.33613556569184555
Propoxur,CC(C)OC1=CC=CC=C1OC(=O)NC,0,-1.3314046470723437,-0.8802230449876727,-1.3896172942412606,0.022798194343537217,-0.02288755536508341
Simazine,CCNC1=NC(=NC(=N1)Cl)NCC,0,-2.2031341590588474,-1.0848672493752134,-2.58985535810048,0.5505742042372662,2.0317820556462234
Temephos,COP(=S)(OC)OC1=CC=C(C=C1)SC2=CC=C(C=C2)OP(=S)(OC)OC,0,-2.0352376877106457,-0.8419346482274199,-0.7034652925237401,0.6905104089664912,0.8519993129317064
Myclobutanil,CCCCC(CN1C=NC=N1)(C#N)C2=CC=C(C=C2)Cl,0,-1.9565014397118914,-1.2155690842709013,-0.94060089728668,0.7887084372692902,-0.7928499441824066
Phenothrin,CC(=CC1C(C1(C)C)C(=O)OCC2=CC(=CC=C2)OC3=CC=CC=C3)C,0,-1.6067477221986035,0.04688987897399776,8.890054003563376,-10.544100794730028,-10.227338033400752
Dimethrin,CC1=CC(=C(C=C1)COC(=O)C2C(C2(C)C)C=C(C)C)C,0,-1.0067841488118245,-0.002792244118194453,7.476990649895735,-8.333705070356228,-7.525287144658489
"(1,1'-Biphenyl)-2-ol",C1=CC=C(C=C1)C2=CC=CC=C2O,0,-2.0482437945181426,-0.6834983904397149,-0.44000666024526225,0.6852918381921733,-0.17332141273952695
Allethrins,CC1=C(C(=O)CC1OC(=O)C2C(C2(C)C)C=C(C)C)CC=C,0,-0.02281422320101259,0.391324700123995,13.96481094919945,-11.627601323508621,-9.341070974618424
"2-Methyl-4,6-dinitrophenol",CC1=CC(=CC(=C1O)[N+](=O)[O-])[N+](=O)[O-],0,-2.0594300933309184,-1.3188141430838096,-1.0432296092077975,0.7099722949390542,-0.37242973990501144
Chlorfenvinphos,CCOP(=O)(OCC)OC(=CCl)C1=C(C=C(C=C1)Cl)Cl,0,-2.2095900001126303,-1.0313116231110369,-1.5837307577734914,0.030431010260529034,-0.15827085336913127
Chlorothalonil,C(#N)C1=C(C(=C(C(=C1Cl)Cl)Cl)C#N)Cl,0,-1.5478107536561991,-1.2033710258993562,-1.293409699587351,-0.19334440485984145,0.0083581747383881
"Imazaquin, monoammonium salt",CC(C)C1(C(=O)NC(=N1)C2=NC3=CC=CC=C3C=C2C(=O)O)C.N,0,-1.9331480020112077,-0.39748069735444747,-0.035996442387479156,0.2847587725074068,1.192803067941837
Cyperquat chloride,C[N+]1=CC=C(C=C1)C2=CC=CC=C2.[Cl-],0,-1.5548784217388203,-0.869290726217111,-0.9933481629324944,0.2208061460321826,-0.22818430353609206
Flutriafol,C1=CC=C(C(=C1)C(CN2C=NC=N2)(C3=CC=C(C=C3)F)O)F,0,-2.501790703861176,-0.9464690378240719,-1.6631337075775505,1.0836850896392178,-0.0404353023751966
Quinclorac,C1=CC(=C(C2=NC=C(C=C21)Cl)C(=O)O)Cl,0,-2.1197655767889225,-1.1424957425853572,-1.6193161607792905,0.6850315986290687,0.9524125287065743
Cyfluthrin,CC1(C(C1C(=O)OC(C#N)C2=CC(=C(C=C2)F)OC3=CC=CC=C3)C=C(Cl)Cl)C,0,-1.4082716283276135,-0.5747400288399853,8.363276347078008,-11.761011503957773,-12.320911253201322
Methoxyfenozide,CC1=CC(=CC(=C1)C(=O)N(C(C)(C)C)NC(=O)C2=C(C(=CC=C2)OC)C)C,0,-1.639631326515005,0.21167499969876583,-1.4888861958856898,-0.06844680384019457,1.0267383572738333
Dimethenamid,CC1=CSC(=C1N(C(C)COC)C(=O)CCl)C,0,-1.8017981778112335,-1.195696487460401,-1.7491399387828095,1.0706061663364537,0.7229410531264983
Tetramethrin,CC(=CC1C(C1(C)C)C(=O)OCN2C(=O)C3=C(C2=O)CCCC3)C,0,-0.9011878767364236,1.4759530139864654,8.364730692134069,-8.207366404101206,-7.1381229726109146
Carfentrazone-ethyl,CCOC(=O)C(CC1=CC(=C(C=C1Cl)F)N2C(=O)N(C(=N2)C)C(F)F)Cl,0,-0.8336403228477046,-0.20947675597571477,-0.6449929919729364,0.34509070703655514,-0.39913287702838707
Flurochloridone,C1C(C(C(=O)N1C2=CC=CC(=C2)C(F)(F)F)Cl)CCl,0,-1.298925295777398,0.3109179574046586,0.2680100164191552,1.5472418873133473,-0.5175109308430902
Hexaflumuron,C1=CC(=C(C(=C1)F)C(=O)NC(=O)NC2=CC(=C(C(=C2)Cl)OC(C(F)F)(F)F)Cl)F,0,-2.139667791334577,0.06763738296891335,-0.5208806515681561,-0.24201966667603653,0.17496682679930145
Isocarbophos,CC(C)OC(=O)C1=CC=CC=C1OP(=S)(N)OC,0,-1.3918316776318225,0.2902239917718577,-0.35279466031585593,0.6174946545698119,0.15950077350804806
Nuarimol,C1=CC=C(C(=C1)C(C2=CC=C(C=C2)F)(C3=CN=CN=C3)O)Cl,0,-2.501703320642087,-1.0615930100191324,-1.6011097405494514,0.5317392215802336,0.19334322795130948
Fonofos,CCOP(=S)(CC)SC1=CC=CC=C1,0,-2.085967602798078,-0.7754620173772571,-0.8171210940654812,1.3343048901794645,0.2530120597730816
Niclosamide ethanolamine salt,C1=CC(=C(C=C1[N+](=O)[O-])Cl)NC(=O)C2=C(C=CC(=C2)Cl)O.C(CO)N,0,-2.53294018753373,-1.1973772464705554,-1.239844905550889,0.5338401371553336,-0.39202715615421746
Ethylmercuric phosphate,CC[Hg+].OP(=O)(O)[O-],0,-1.885013532855006,-0.9406074814364133,-1.1328006419229097,0.19159415208087213,-0.0227952693447523
Lufenuron,C1=CC(=C(C(=C1)F)C(=O)NC(=O)NC2=CC(=C(C=C2Cl)OC(C(C(F)(F)F)F)(F)F)Cl)F,0,-2.2647703041484193,-0.5981007472474776,0.5178185527541546,-1.686699814318051,-1.0051024378937263
Ametryn,CCNC1=NC(=NC(=N1)SC)NC(C)C,0,-1.8967676768468174,0.10087515051908771,-3.425935001700397,1.1062432382495357,2.280162493386624
Daminozide,CN(C)NC(=O)CCC(=O)O,0,-2.131834795840925,-1.0095370047201755,-1.0819037140684216,0.601904594308138,0.3008124581291619
Nitrofen,C1=CC(=CC=C1[N+](=O)[O-])OC2=C(C=C(C=C2)Cl)Cl,0,-2.633584890873134,-1.4015730277450615,-1.6273994295066836,-0.7274470011323223,-1.3070947397656028
Aminocarb,CC1=C(C=CC(=C1)OC(=O)NC)N(C)C,0,-1.6625051068141667,-0.9436813741224558,-1.213625005140212,-0.441596743580892,-0.11906079872262222
Methidathion,COC1=NN(C(=O)S1)CSP(=S)(OC)OC,0,-1.447575520340211,0.801104202059237,-0.6251733129202914,2.2232756016070487,0.5031496699670602
"Phosphoric acid, 2-chloro-1-(2,4,5-trichlorophenyl)ethenyl dimethyl ester",COP(=O)(OC)OC(=CCl)C1=CC(=C(C=C1Cl)Cl)Cl,0,-2.142753454791957,-0.9247973851574653,-1.158864621284463,-0.680848935625376,-0.23840445457313977
Picloram,C1(=C(C(=NC(=C1Cl)Cl)C(=O)O)Cl)N,0,-1.7836931246628795,-1.117960735846711,-1.005968859008706,0.8757564875613524,0.03421465060005859
Ethyl p-nitrophenyl benzenethiophosphonate,CCOP(=S)(C1=CC=CC=C1)OC2=CC=C(C=C2)[N+](=O)[O-],0,-2.0915469997168676,-1.0277353639014322,-1.1593348925691132,0.089368934883862,0.140967478812751
Molinate,CCSC(=O)N1CCCCCC1,0,-1.3915821973794191,-0.6719729950007496,-1.1151450935065457,1.3273805175455304,0.6535898210681744
Chlorophacinone,C1=CC=C(C=C1)C(C2=CC=C(C=C2)Cl)C(=O)C3C(=O)C4=CC=CC=C4C3=O,0,-1.318621901241452,-0.6976356079375213,-0.18808030124893324,-1.0626655301598948,-0.2631581167271179
Phenthoate,CCOC(=O)C(C1=CC=CC=C1)SP(=S)(OC)OC,0,-1.0193058911621593,-0.6868456288746064,-0.9353579179640581,-0.2941968856166326,-0.855720515356031
Chinomethionat,CC1=CC2=C(C=C1)N=C3C(=N2)SC(=O)S3,0,-0.7714637126951825,-0.9200738776174858,-1.26527138890281,0.20214521079264278,1.0594736913194445
Formothion,CN(C=O)C(=O)CSP(=S)(OC)OC,0,-2.1328668587156345,-0.9005509014728413,-0.6844265108809168,-0.024869963731841756,0.22507330453944843
Isoprocarb,CC(C)C1=CC=CC=C1OC(=O)NC,0,-1.106967456997434,-1.0051404994805497,-1.2902574874566826,0.109530761649536,-0.08933584484166948
Chlordimeform,CC1=C(C=CC(=C1)Cl)N=CN(C)C,0,-1.5731658055722224,0.4783949014530731,-1.6252017927656786,0.5925034912227873,-0.19108288443383475
Metasystox,CCSCCOP(=S)(OC)OC.CCSCCSP(=O)(OC)OC,0,-1.1917175176591093,-0.9927417984090444,0.781226725122208,0.7492068394801972,0.5553505887025533
Phenmedipham,CC1=CC(=CC=C1)NC(=O)OC2=CC=CC(=C2)NC(=O)OC,0,-1.3511149352177505,-0.6362235971612186,-1.7747237421780353,-1.116353892868158,-0.21258694117489885
Carboxin,CC1=C(SCCO1)C(=O)NC2=CC=CC=C2,0,-1.7280157254777402,-0.5676768520127033,-0.3364865890561959,0.13546616244988346,0.09294930937853416
"1,3-Dichloropropene",C(C=CCl)Cl,0,-1.8977309471592565,-1.1294250422086072,-1.1577552875523398,0.3883654775579126,0.1357614083932617
"3,5,6-Trichloro-2-pyridinol",C1=C(C(=O)NC(=C1Cl)Cl)Cl,0,-1.5151510807542434,-0.8755598888727674,-0.5843756841145543,1.768985449891515,0.30819102265978626
Thallous sulfate,[O-]S(=O)(=O)[O-].[Tl+].[Tl+],0,-1.6337999095264777,-0.8879508097371361,-1.5900907199790484,0.7818923956884789,0.504754225654436
Maleic Hydrazide,C1=CC(=O)NNC1=O,0,-1.7113734079450373,-0.7222296196300261,-0.49151412339153344,0.272201483138189,-0.1485077126400767
Terbuthylazine,CCNC1=NC(=NC(=N1)Cl)NC(C)(C)C,0,-2.432340565553526,-1.2030617135578092,-2.800069391113641,0.29569314677122516,1.9482306317527407
Ammonium sulfamate,[NH4+].NS(=O)(=O)[O-],0,-1.687524071468303,-0.9084587874727946,-1.6789065790139384,0.8406159640816009,0.6825061844665877
Demeton,CCOP(=O)(OCC)SCCSCC.CCOP(=S)(OCC)OCCSCC,0,-1.2998896930882105,-1.2210192822492907,0.28654137692168263,1.2987800216219187,0.5848158014331762
Kadethrin,CC1([C@H]([C@H]1C(=O)OCC2=COC(=C2)CC3=CC=CC=C3)/C=C/4\CCSC4=O)C,0,-1.7292318664583597,1.484697083417289,12.939330365142558,-13.591719083150489,-12.299775600779213
Chlortoluron,CC1=C(C=C(C=C1)NC(=O)N(C)C)Cl,0,-2.2555263525820046,-0.7672875275172891,-1.9791732714629815,-0.2916198477286715,0.16461823499018846
Benomyl,CCCCNC(=O)N1C2=CC=CC=C2N=C1NC(=O)OC,0,-2.2796201360965345,-0.5585781828360356,-1.5796480092747567,0.7392125636052681,0.9794776590468708
Oryzalin,CCCN(CCC)C1=C(C=C(C=C1[N+](=O)[O-])S(=O)(=O)N)[N+](=O)[O-],0,-2.162013128575921,-1.385330769612726,-1.551320773324517,1.7939872762948892,1.1717884747801246
Leptophos,COP(=S)(C1=CC=CC=C1)OC2=CC(=C(C=C2Cl)Br)Cl,0,-1.900861818282282,-0.5019759577961328,-0.7404008250331767,0.15188694369140876,1.4137935071402932
Cyanazine,CCNC1=NC(=NC(=N1)Cl)NC(C)(C)C#N,0,-2.4673541465204627,-1.269858624131341,-2.0665439792196807,-0.3039695095590987,1.2116462470576403
Pirimicarb,CC1=C(N=C(N=C1OC(=O)N(C)C)N(C)C)C,0,-1.1011708718709674,-0.8669312610190807,-0.8041410337430996,1.470809519166885,0.2756358439922869
Butachlor,CCCCOCN(C1=C(C=CC=C1CC)CC)C(=O)CCl,0,-2.2424336551357085,-0.9773015667938603,-2.1630387741154844,0.2404825744579945,-0.019344966270636334
Isofenphos,CCOP(=S)(NC(C)C)OC1=CC=CC=C1C(=O)OC(C)C,0,-1.8064608348545204,1.1456454706705093,-1.5278823507170707,0.868508388712235,0.19212364928323286
Ethofumesate,CCOC1C(C2=C(O1)C=CC(=C2)OS(=O)(=O)C)(C)C,0,-0.8262614522137414,-0.6752484008159528,2.0069789778421105,0.3518177351906185,1.4926455826169935
Fenamiphos,CCOP(=O)(NC(C)C)OC1=CC(=C(C=C1)SC)C,0,-0.4008196431277558,2.223496211485285,-0.9755061276264795,0.22342387377103004,0.2145936388062753
Metribuzin,CC(C)(C)C1=NN=C(N(C1=O)N)SC,0,-1.6747764583177591,-0.2337868842689917,-2.045828870749829,0.9021033330625614,0.8645513312455948
Norflurazon,CNC1=C(C(=O)N(N=C1)C2=CC=CC(=C2)C(F)(F)F)Cl,0,-1.1399663753455456,-0.9940891719798548,-0.826512682123283,-0.12821228602027726,-0.192653813487478
Iprodione,CC(C)NC(=O)N1CC(=O)N(C1=O)C2=CC(=CC(=C2)Cl)Cl,0,0.7360137990007957,0.3581196782766551,-1.3705730122800124,0.4374401138722492,0.5643651955498868
Pirimiphos-methyl,CCN(CC)C1=NC(=CC(=N1)OP(=S)(OC)OC)C,0,-0.9043855400941284,-1.0064523796782856,-1.6727899390917051,1.193743122055397,1.247230872244344
Roundup,CC(C)N.C(C(=O)O)NCP(=O)(O)O,0,-2.1353004499899897,-1.3223355231781577,-2.021784872041093,0.5741332686980338,0.628708903552811
Imazalil,C=CCOC(CN1C=CN=C1)C2=C(C=C(C=C2)Cl)Cl,0,-0.8872898486244926,-1.6707864078049866,-1.4299735673782819,0.6299383203960542,-0.5362324318991066
Pendimethalin,CCC(CC)NC1=C(C=C(C(=C1[N+](=O)[O-])C)C)[N+](=O)[O-],0,-1.6971840447065745,-1.4560886036482226,-1.9249856949691941,0.5963413593201966,0.027220936035010742
Profenofos,CCCSP(=O)(OCC)OC1=C(C=C(C=C1)Br)Cl,0,-2.4178442922600945,-0.9920882489545226,-0.25083101971483956,1.1994352275584392,0.2531937369896642
Triadimefon,CC(C)(C)C(=O)C(N1C=NC=N1)OC2=CC=C(C=C2)Cl,0,-1.935510961580808,-1.0926525074535371,-1.6905395934178225,0.14272465651914928,0.11455331478870227
Hexazinone,CN1C(=NC(=O)N(C1=O)C2CCCCC2)N(C)C,0,-0.9913955271242295,-0.44398940145005794,-0.09695206305639058,1.228965612325971,1.6848662309318188
Deltamethrin,CC1([C@H]([C@H]1C(=O)O[C@H](C#N)C2=CC(=CC=C2)OC3=CC=CC=C3)C=C(Br)Br)C,0,-1.9105943540783785,-0.46390999132798455,9.815359029443702,-12.815516161518497,-11.989904112631748
Pyrinuron,C1=CC(=CN=C1)CNC(=O)NC2=CC=C(C=C2)[N+](=O)[O-],0,-2.4013862531081127,-0.13308223294517973,-0.6344229547415333,0.1305139994921115,-0.5628743433444152
Vinclozolin,CC1(C(=O)N(C(=O)O1)C2=CC(=CC(=C2)Cl)Cl)C=C,0,0.01995527952373957,0.7409808089557506,0.30206148400038774,-0.6891362802887148,-0.19151483695004295
Triadimenol,CC(C)(C)C(C(N1C=NC=N1)OC2=CC=C(C=C2)Cl)O,0,-2.0522038644259424,-1.300681931506609,-2.122545314653924,0.42410188532454096,-0.3406813685503161
Acifluorfen sodium,C1=CC(=C(C=C1C(F)(F)F)Cl)OC2=CC(=C(C=C2)[N+](=O)[O-])C(=O)[O-].[Na+],0,-2.4307378234346984,-1.452117259526937,-2.142502348279886,-0.7910296338471778,-1.9289266613465719
cis-Permethrin,CC1([C@H]([C@H]1C(=O)OCC2=CC(=CC=C2)OC3=CC=CC=C3)C=C(Cl)Cl)C,0,-1.8108637905707838,0.1309189667587676,7.992094356627796,-9.869945312877237,-10.214469536703096
Triclopyr triethylamine,CCN(CC)CC.C1=C(C(=NC(=C1Cl)Cl)OCC(=O)O)Cl,0,-2.2118502370977495,-1.002384835862066,-1.3744163665055504,0.05429781041601917,0.863548641729225
Fluridone,CN1C=C(C(=O)C(=C1)C2=CC(=CC=C2)C(F)(F)F)C3=CC=CC=C3,0,-2.1136459534575134,-0.6359170402363032,-0.4377163760073325,0.3403415415426758,-0.4010825505659249
Lactofen,CCOC(=O)C(C)OC(=O)C1=C(C=CC(=C1)OC2=C(C=C(C=C2)C(F)(F)F)Cl)[N+](=O)[O-],0,-1.8717322906925826,-0.9380115226420506,-2.3279356248896454,-1.2567265616841452,-2.387652213534374
Metalaxyl,CC1=C(C(=CC=C1)C)N(C(C)C(=O)OC)C(=O)COC,0,-1.5393658773488905,-0.6718803637531273,-1.235209350592257,0.6802972862305896,0.017747158744014297
Fenarimol,C1=CC=C(C(=C1)C(C2=CC=C(C=C2)Cl)(C3=CN=CN=C3)O)Cl,0,-2.0763887264169436,-1.128858078391928,-1.6070641064979767,0.49419440147063964,0.1689444221140909
Fenpropathrin,CC1(C(C1(C)C)C(=O)OC(C#N)C2=CC(=CC=C2)OC3=CC=CC=C3)C,0,-1.5891909343927006,1.2613667182484687,4.023315738169262,-7.679664768653533,-8.533092277931436
Sodium arsenate,[O-][As](=O)([O-])[O-].[Na+].[Na+].[Na+],0,-1.5056762876881113,-1.1037527726347303,-1.6922861343376168,0.4594293091912298,0.4151089782669831
Chlorsulfuron,CC1=NC(=NC(=N1)OC)NC(=O)NS(=O)(=O)C2=CC=CC=C2Cl,0,-2.521039885382405,-0.7516261275992651,-2.5743047578712237,0.6948298081310182,3.4322428718541937
Sodium diarsenate,[O-][As](=O)([O-])O[As](=O)([O-])[O-].[Na+].[Na+].[Na+].[Na+],0,-1.5311171979154978,-1.1258663032209546,-1.842404981375169,0.4881237983243319,0.5740913993885275
Carbendazim phosphate,COC(=O)NC1=NC2=CC=CC=C2N1.OP(=O)(O)O,0,-2.232460845917229,-0.46676869386255704,0.4692044799044806,3.0640115280638507,0.37561984883035116
Fluazifop-butyl,CCCCOC(=O)C(C)OC1=CC=C(C=C1)OC2=NC=C(C=C2)C(F)(F)F,0,-1.5598984196095222,-1.1376863963846806,-1.6377150150876414,-0.8386768285784296,-1.5730533766875985
Fenoxycarb,CCOC(=O)NCCOC1=CC=C(C=C1)OC2=CC=CC=C2,0,-2.085446210109318,-0.37133725471832046,1.072724829984184,-1.355122659830544,-1.0895563741999736
Tralomethrin,CC1([C@H]([C@H]1C(=O)O[C@H](C#N)C2=CC(=CC=C2)OC3=CC=CC=C3)C(C(Br)(Br)Br)Br)C,0,-1.6451241720729595,0.2886378368267887,8.283294717149726,-8.871167490133713,-11.811301767277305
Fluvalinate,CC(C)C(C(=O)OC(C#N)C1=CC(=CC=C1)OC2=CC=CC=C2)NC3=C(C=C(C=C3)C(F)(F)F)Cl,0,-1.7703416868454946,-0.9676918226313477,4.110139511655753,-5.94494154028725,-8.416042361823694
Cyromazine,C1CC1NC2=NC(=NC(=N2)N)N,0,-1.7816292427213622,-0.8392866191349677,-1.731534879397469,0.9105924792212918,1.2326093572751429
Fenoxaprop-ethyl,CCOC(=O)C(C)OC1=CC=C(C=C1)OC2=NC3=C(O2)C=C(C=C3)Cl,0,-0.8737259161538976,-1.014577203885414,-1.0733177869187756,-1.2070858787800989,-0.33474146781937175
Imazethapyr,CCC1=CC(=C(N=C1)C2=NC(C(=O)N2)(C)C(C)C)C(=O)O,0,-1.7301663808404808,-0.19143665047187625,-0.2833313622911188,0.3977800856432694,0.3183219115063445
Sulfometuron-methyl,CC1=CC(=NC(=N1)NC(=O)NS(=O)(=O)C2=CC=CC=C2C(=O)OC)C,0,-2.272749417926992,0.05272296320135748,-3.1185680939169123,0.3974393405026969,2.682461487750702
Quizalofop-ethyl,CCOC(=O)C(C)OC1=CC=C(C=C1)OC2=CN=C3C=C(C=CC3=N2)Cl,0,-1.4162118868131852,-0.444039842109503,-2.0622531980766063,-0.8309403774616294,-0.8210880199382976
Imazapyr,CC(C)C1(C(=O)NC(=N1)C2=C(C=CC=N2)C(=O)O)C,0,-1.2559267328505226,-0.32469762445460465,-0.6153724229592616,0.5441216163081962,0.3625024642920898
Metaldehyde,CC1OC(OC(OC(O1)C)C)C,0,-0.8893335139148374,-0.7256386305029405,-1.0561527874361334,0.5662213803042979,0.6614333317708405
"2,4-Dinitrophenol",C1=CC(=C(C=C1[N+](=O)[O-])[N+](=O)[O-])O,0,-2.1961629536951044,-1.1705627639753657,-1.2304509926923657,0.7911699145391187,-0.054867012544220634
Benzyl Benzoate,C1=CC=C(C=C1)COC(=O)C2=CC=CC=C2,0,-1.8163866098854138,0.05142068435123446,0.4258394061474317,-1.073533359178856,-1.3068164303706529
Dimethylarsinic Acid,C[As](=O)(C)O,0,-1.8307064441939984,-0.9992041559242502,-1.6222994390064294,0.4669234988535983,0.441079545648416
Diazinon,CCOP(=S)(OCC)OC1=NC(=NC(=C1)C)C(C)C,0,-0.6303041761180342,-1.2099852389124763,-1.1706299987113618,1.0397555148771493,1.3442303538767573
Heptachlor,C1=CC(C2C1C3(C(=C(C2(C3(Cl)Cl)Cl)Cl)Cl)Cl)Cl,0,-0.7154853812945035,0.8868612365900729,-0.8821657770080941,0.3247905016796132,0.3670895449123136
Metolachlor,CCC1=CC=CC(=C1N(C(C)COC)C(=O)CCl)C,0,-1.9081252563537148,-1.0845261783250306,-2.1764425989352483,0.17177043883056528,0.3541448408717124
Trichlorophenoxyacetic acid,C1=C(C(=CC(=C1Cl)Cl)Cl)OCC(=O)O,0,-2.2168369390442475,-0.6999363013330063,-1.634435060462272,0.06913928916485268,0.21767337944452955
4-Chloro-3-methylphenol,CC1=C(C=CC(=C1)O)Cl,0,-1.5293838720941906,-0.17321217111959927,-0.6873874791055167,1.0797993218578343,-0.39243007289741544
Acetochlor,CCC1=CC=CC(=C1N(COCC)C(=O)CCl)C,0,-2.276429634711789,-1.1180169772509672,-2.1026248572556137,-0.3484209006398779,-0.03704490782742811
Atrazine,CCNC1=NC(=NC(=N1)Cl)NC(C)C,0,-1.9703408255078927,-0.6775065396641456,-3.1056861826542366,0.8913863613130399,2.164547608779809
Bentazon,CC(C)N1C(=O)C2=CC=CC=C2NS1(=O)=O,0,-1.7015074510334958,0.3791352742686713,-0.06125663338075582,0.0589701622136164,-1.0302542602155795
Chlorpropham,CC(C)OC(=O)NC1=CC(=CC=C1)Cl,0,-1.1672343549200508,-0.5233801658852805,-1.7526017223694943,-0.5911771796716088,-0.21204138238486517
Diuron,CN(C)C(=O)NC1=CC(=C(C=C1)Cl)Cl,0,-2.4125881640379228,-0.7807099100796611,-2.2592737524402566,-0.5982558846393025,0.2275677377500144
Endosulfan,C1C2C(COS(=O)O1)C3(C(=C(C2(C3(Cl)Cl)Cl)Cl)Cl)Cl,0,-1.4107290018374705,0.27999147501247873,0.3811778692838849,-0.54060582002278,0.5268409821037199
Methamidophos,COP(=O)(N)SC,0,-1.6436604936172305,-0.971069906972219,-1.32797485389651,0.5025645036446181,0.5763121189873199
Chlordecone,C1(=O)C2(C3(C4(C1(C5(C2(C3(C(C45Cl)(Cl)Cl)Cl)Cl)Cl)Cl)Cl)Cl)Cl,0,-1.583980384147574,0.6637866322891646,-0.9973212416870475,-0.018071319542743325,1.3726687854388258
Coumaphos,CCOP(=S)(OCC)OC1=CC2=C(C=C1)C(=C(C(=O)O2)Cl)C,0,-1.620730589166625,-0.7728354517154786,1.5422200409038973,3.32220800821811,-0.745131187625998
Arsenic Acid,O[As](=O)(O)O,0,-1.7799816721068122,-0.12826628463740297,-1.7068318840419614,0.45541502547648866,0.35790260908327143
"(2,4-Dichlorophenoxy)Acetic Acid",C1=CC(=C(C=C1Cl)Cl)OCC(=O)O,0,-2.3634315162965804,-1.0369817050841699,-1.7529820747612512,-0.07013983089810122,-0.06442608115540795
Acephate,CC(=O)NP(=O)(OC)SC,0,-1.7431286405262723,0.4590257189294978,-1.0671155766939437,0.5675240845867636,0.717813219895732
Alachlor,CCC1=C(C(=CC=C1)CC)N(COC)C(=O)CCl,0,-2.20277073384924,-0.9418848030906793,-2.314258538471123,-0.017213032108964604,0.461663028499619
Aldicarb [ISO],CC(C)(C=NOC(=O)NC)SC,0,-1.0737926826076198,-0.8431867461985489,-1.2483045962113697,0.17424948199134568,0.5780429358737621
Bendiocarb,CC1(OC2=C(O1)C(=CC=C2)OC(=O)NC)C,0,-1.693882835952336,-0.6890623582738175,0.10060683084279734,-1.0022663082999343,0.24856710844496346
Carbofuran,CC1(CC2=C(O1)C(=CC=C2)OC(=O)NC)C,0,-0.6749560320303818,-0.5035617388324364,1.8908684449933308,-1.6833596113972111,0.9849783054130958
Chlorpyrifos,CCOP(=S)(OCC)OC1=NC(=C(C=C1Cl)Cl)Cl,0,-2.1727653597605174,-1.0419460030316086,-1.4544401321635017,0.6109154048937898,1.2242464650225648
"Cyclopropanecarboxylic acid, 3-(2,2-dibromoethenyl)-2,2-dimethyl-, cyano(3-phenoxyphenyl)methyl ester, (1R-(1alpha(S*),3alpha))-",CC1(C(C1C(=O)OC(C#N)C2=CC(=CC=C2)OC3=CC=CC=C3)C=C(Br)Br)C,0,-1.9105943540783785,-0.46390999132798455,9.815359029443702,-12.815516161518497,-11.989904112631748
Dicamba,COC1=C(C=CC(=C1C(=O)O)Cl)Cl,0,-2.008809544077706,-0.7817223972310384,-1.6904429573320727,-0.2083125271857286,0.630562581891478
Dimethoate,CNC(=O)CSP(=S)(OC)OC,0,-1.8925885169922512,-0.8234190954626628,-1.2982246971593785,0.11237281874987706,0.9683350984306914
Ethion,CCOP(=S)(OCC)SCSP(=S)(OCC)OCC,0,-1.7311517259850482,-0.8739371662410285,-0.6150861883948052,0.4704493180084505,2.162735837547731
Oxydemeton-methyl,CCS(=O)CCSP(=O)(OC)OC,0,-1.4706238046948936,-0.8990714312412014,-0.20487178729458658,0.6450952920390906,0.2853144181506729
Phorate,CCOP(=S)(OCC)SCSCC,0,-1.360658834585806,-0.9138195016105478,-0.4425922968836035,0.5575140671946024,2.175793131821827
"P,P'-ddd",C1=CC(=CC=C1C(C2=CC=C(C=C2)Cl)C(Cl)Cl)Cl,0,-1.713791217427691,-0.401388584330724,-1.4631677471961015,-0.2561248520143069,-0.30979263352672554
Rotenone,CC(=C)[C@H]1CC2=C(O1)C=CC3=C2O[C@@H]4COC5=CC(=C(C=C5[C@@H]4C3=O)OC)OC,0,1.251462824241315,1.602745801547255,6.517664364002577,-1.3354013591486917,3.7394916701504832
Diquat Dibromide,C1C[N+]2=CC=CC=C2C3=CC=CC=[N+]31.[Br-].[Br-],0,-1.95078219187048,-0.5699260030975329,-0.045279552404798994,2.5523695735999463,0.14149703811888537
"3-Chloro-1,2-propanediol",C(C(CCl)O)O,0,-1.8841578572480124,-0.969372104122754,-0.9438101547147276,1.5549680084495154,-0.016686426128968864
Propargyl bromide,C#CCBr,0,-1.3675751153631739,1.0445071930840342,-1.2897862175577017,-0.05605395072670251,0.16263429655917513
Ethylmercury Chloride,CC[Hg]Cl,0,-1.88688919253249,-0.9140075517243927,-1.6819313421438613,0.5956960444410877,0.48667794741391207
"N,N-diethyl-m-toluamide",CCN(CC)C(=O)C1=CC=CC(=C1)C,0,-1.4703366075760982,-0.8997748346747344,-1.0106973118367375,-0.33252678214521625,-0.6240580530821858
(4-chloro-2-Methylphenoxy)acetic acid,CC1=C(C=CC(=C1)Cl)OCC(=O)O,0,-2.147324207120373,-0.7027141847941955,-1.7383322086054376,-0.0768599736404798,0.077710277315773
"1,2-Dibromo-3-Chloropropane",C(C(CBr)Br)Cl,0,-1.343586543915351,-0.9436985479633022,0.37836393709842153,1.4678281856240263,0.2492412517119679
Boric Acid,B(O)(O)O,0,-1.8712657045549823,-0.9967669890469578,-1.5548991530458776,0.4331912846545809,0.4443852303172028
Propachlor,CC(C)N(C1=CC=CC=C1)C(=O)CCl,0,-2.0414826095307452,-0.8391504738195694,-1.8784993160898733,0.23941427793904307,0.2845074067717305
Thiram,CN(C)C(=S)SSC(=S)N(C)C,0,-2.0868110116116823,-1.1314366650470908,-1.8551740538818207,0.2469932282833162,0.9515492719632462
Triallate,CC(C)N(C(C)C)C(=O)SCC(=C(Cl)Cl)Cl,0,-1.6250890225531573,-0.5617007905277007,-0.9443803399706007,-0.3999736151599997,-0.35920841866730696
Famphur,CN(C)S(=O)(=O)C1=CC=C(C=C1)OP(=S)(OC)OC,0,-2.194465163256207,-0.9003698000855023,-1.1658530010324235,0.46046474079400973,1.1922154298547947
Sulfamic Acid,NS(=O)(=O)O,0,-1.892578002440629,-0.989350096597722,-1.4931697018160228,0.5276220701639143,0.6124142102469935
Biphenyl,C1=CC=C(C=C1)C2=CC=CC=C2,0,-1.9555528622046685,-0.7456885309772437,-1.1091394106866592,0.17920398071317423,-0.07600506074162108
"Butanoic acid, 4-(4-chloro-2-methylphenoxy)-",CC1=C(C=CC(=C1)Cl)OCCCC(=O)O,0,-2.246627897924822,-0.8249415816378837,-2.00273075973648,-0.09828621079644738,-0.09637288106979094
"1,2-Dichlorobenzene",C1=CC=C(C(=C1)Cl)Cl,0,-2.027362970885559,-0.7781036909942328,-1.4932310222025316,0.25851718493834847,0.27549881707502794
Phenylmercuric Chloride,C1=CC=C(C=C1)[Hg]Cl,0,-2.040933682807858,-0.7821473798031682,-1.3520537990195842,0.7763585664389788,0.22666864320414817
"Mercurate(2-), (orthoborato(3-)-O)phenyl-, dihydrogen",B(O)(O)[O-].C1=CC=C(C=C1)[Hg+],0,-2.0365340036179798,0.22397675419086155,-1.6778588459076655,0.4783664507089381,0.007398352647937158
Chloranil,C1(=C(C(=O)C(=C(C1=O)Cl)Cl)Cl)Cl,0,-1.7879469009231532,-0.8827490458248389,-0.8916884222745981,-0.04302965697099392,0.1367157866527151
"1,4-Dichlorobenzene",C1=CC(=CC=C1Cl)Cl,0,-1.5935787187619197,-1.0029384785873747,-1.5518742666497367,0.2597149578099334,0.2596320989874096
Phosalone,CCOP(=S)(OCC)SCN1C2=C(C=C(C=C2)Cl)OC1=O,0,-1.3748270419890836,-0.36723895454890554,-0.28720657950376355,0.8883293561356362,2.1944336566995846
Prometryn,CC(C)NC1=NC(=NC(=N1)SC)NC(C)C,0,-1.793108572278467,0.08370585956391072,-3.053711955612765,1.0750492900999138,1.4601419324847535
Propanil,CCC(=O)NC1=CC(=C(C=C1)Cl)Cl,0,-1.2168568207671426,-0.8097570720555407,-2.1612772120598445,-0.11052694213435534,0.1578200595627913
Propazine,CC(C)NC1=NC(=NC(=N1)Cl)NC(C)C,0,-1.8666817209395423,-0.6946758306193229,-2.7334631365666042,0.860192413163417,1.3445270478779388
Resmethrin,CC(=CC1C(C1(C)C)C(=O)OCC2=COC(=C2)CC3=CC=CC=C3)C,0,-1.3255190721020422,1.222858290258435,11.86992268492535,-13.086807415813082,-11.000841240740929
Fluoroacetic acid,C(C(=O)O)F,0,-1.9632254813614984,-0.9041240182139869,-1.3712600016340761,0.19359008344544443,0.17198388552834434
Trifluralin,CCCN(CCC)C1=C(C=C(C=C1[N+](=O)[O-])C(F)(F)F)[N+](=O)[O-],0,-1.995234994510896,-1.558313958006886,-2.0829928806856137,1.0176698990864033,-0.45563817609061225
Carbaryl,CNC(=O)OC1=CC=CC2=CC=CC=C21,0,-2.023237034899784,-0.7144404227136477,-0.906804385375471,0.5262033497979084,-0.024389656027576527
Linalool,CC(=CCCC(C)(C=C)O)C,0,-1.0465439131363878,-1.1194498954427679,0.27620860884361637,-0.7203216065478629,-0.33351451106763974
Mecoprop,CC1=C(C=CC(=C1)Cl)OC(C)C(=O)O,0,-1.4818258011494057,-0.31911957817907805,-2.238738300831466,-0.34050750119150397,-0.4998075075434348
Cythioate,COP(=S)(OC)OC1=CC=C(C=C1)S(=O)(=O)N,0,-2.12747861483392,-0.8567539704156154,-0.6071434281203043,0.29520078890908424,1.8587547398370787
Hexachlorobenzene,C1(=C(C(=C(C(=C1Cl)Cl)Cl)Cl)Cl)Cl,0,-1.922769707875041,-1.0122544027491347,-1.5743548180332938,0.42632903496471247,0.5213965452760903
Sulfoxide,CCCCCCCCS(=O)C(C)CC1=CC2=C(C=C1)OCO2,0,-1.1933559153236035,0.2551974081953267,1.494635613183512,-0.09032849068908436,-0.4353646076822451
Dimethyl Phthalate,COC(=O)C1=CC=CC=C1C(=O)OC,0,-1.7379221219104357,0.3155952269576402,-1.2480462192066057,-0.12764361067222915,0.5805293826076847
Naptalam,C1=CC=C2C(=C1)C=CC=C2NC(=O)C3=CC=CC=C3C(=O)O,0,-2.3544468588400522,0.7537947812833673,-0.8080688946113186,0.20329916837986775,0.12486571292020646
Captan,C1C=CCC2C1C(=O)N(C2=O)SC(Cl)(Cl)Cl,0,-0.7800067582048841,0.2112111909171318,-0.17337126264341776,1.3521752273279393,1.0505867444756374
Ziram,CN(C)C(=S)[S-].CN(C)C(=S)[S-].[Zn+2],0,-1.7988733633529839,-0.5796892440527681,-2.0129101764046533,0.2827602428922838,0.820759830158018
Linuron,CN(C(=O)NC1=CC(=C(C=C1)Cl)Cl)OC,0,-2.28310614366932,-0.6710747722292746,-1.9061609459016298,-0.831854179254679,0.44881571050230756
N-(ethylmercury)-p-toluenesulphonanilide,CC[Hg]N(C1=CC=CC=C1)S(=O)(=O)C2=CC=C(C=C2)C,0,-1.7752846480414748,2.011881823451912,-2.478575141235885,0.6133359885357603,0.3023958986196346
Malachite Green,CN(C)C1=CC=C(C=C1)C(=C2C=CC(=[N+](C)C)C=C2)C3=CC=CC=C3.[Cl-],0,-1.4346274015191196,1.5573211206542337,-1.9374414008421272,1.0074368404401797,0.24634171461334123
Schradan,CN(C)P(=O)(N(C)C)OP(=O)(N(C)C)N(C)C,0,-1.273255602739683,-1.029889552737503,-1.2259143651253757,0.13732085647466763,0.031105264523105407
Folpet,C1=CC=C2C(=C1)C(=O)N(C2=O)SC(Cl)(Cl)Cl,0,-2.048172751220889,0.34777334260633946,-1.425316807491623,0.4560899011716902,0.07526962400856835
Disodium methylarsonate,C[As](=O)([O-])[O-].[Na+].[Na+],0,-1.5020942930876366,-1.1277815333605505,-1.4882083164555702,0.06796012311068197,-0.03764402317504282
Paraoxon,CCOP(=O)(OCC)OC1=CC=C(C=C1)[N+](=O)[O-],0,-2.2056513111564615,-0.9141356560522038,-0.2830552575149132,-0.39734159191014984,1.6819802426843222
Bromacil,CCC(C)N1C(=O)C(=C(NC1=O)C)Br,0,0.32431096299545664,-0.320803923150143,1.0277131014363114,2.087377849205707,-0.23659158101071953
Methyl isothiocyanate,CN=C=S,0,-1.9509834830971284,-1.0020329524438085,-0.9382803821673614,0.44878619781025963,0.6507817051752437
Terbutryn,CCNC1=NC(=NC(=N1)SC)NC(C)(C)C,0,-2.3587674168924493,-0.42468002337457544,-3.120318210159801,0.5105500237077208,2.0638455163595557
Norbormide,C1=CC=C(C=C1)C(=C2C3C=C(C2C4C3C(=O)NC4=O)C(C5=CC=CC=C5)(C6=CC=CC=N6)O)C7=CC=CC=N7,0,-1.1004539618070048,0.9160232162460937,3.8592569124959035,4.410983271221123,2.2446957195926642
Dinoterb,CC(C)(C)C1=C(C(=CC(=C1)[N+](=O)[O-])[N+](=O)[O-])O,0,-2.3035817506631378,-1.2698420515229039,-1.077988692765434,0.586847903328094,0.46882377200895997
Paraquat dichloride,C[N+]1=CC=C(C=C1)C2=CC=[N+](C=C2)C.[Cl-].[Cl-],0,-1.4388535795089603,-0.9951398730031603,-1.2142598158279656,0.43489745077680947,0.14625900548098672
Tribenuron-methyl,CC1=NC(=NC(=N1)OC)N(C)C(=O)NS(=O)(=O)C2=CC=CC=C2C(=O)OC,0,-2.1056948879680792,0.16130204326714487,-2.537486485433362,0.3689263099931383,2.755922507573385
Isomate-M,CCC/C=C\CCCCCCCO.CCC/C=C/CCCCCCCOC(=O)C,0,-1.562586124581713,-0.9609632625554377,0.005210415520112299,0.009969742617455415,-0.18872737878127485
Dinocap,CCCCCCCC.C/C=C/C(=O)OC1=CC=CC=C1[N+](=O)[O-].N(=O)O,0,-1.7822781003640515,-0.7894517329461553,0.8743914617559837,0.7921382616403073,1.3569484576137598
Anilinocadmium dilactate,CC(C(=O)[O-])O.CC(C(=O)[O-])O.C1=CC=C(C=C1)N.[Cd+2],0,-1.9706272318190121,-0.9190669494631194,-1.506660795402282,0.32705066256771925,-0.16351168949956585
Mgk 264,CCCCC(CC)CN1C(=O)[C@H]2[C@@H]3C[C@H]([C@H]2C1=O)C=C3,0,0.4498854092681668,0.2135983357742958,0.17809919096076915,1.5733946054626478,-0.3115219101159946
Tralkoxydim,CC/C(=N\OCC)/C1=C(CC(CC1=O)C2=C(C=C(C=C2C)C)C)O,0,-0.8462605267985582,-0.41276043137116947,2.088137476301742,0.6641657698686569,-1.5546081708672768
Tefluthrin,CC1=C(C(=C(C(=C1F)F)COC(=O)[C@H]2[C@H](C2(C)C)/C=C(/C(F)(F)F)\Cl)F)F,0,-1.3216150745598834,1.6523513489335844,7.817445803065933,-8.811430198748363,-9.567312316450526
Chlorbicyclen,C(C1C([C@@]2(C(=C([C@]1(C2(Cl)Cl)Cl)Cl)Cl)Cl)CCl)Cl,0,-1.7567256400449136,-0.7383384483474231,-0.36991428245488395,1.0348063579608415,0.8638707824582025
Chlordane,C1C2C(C(C1Cl)Cl)[C@]3(C(=C([C@@]2(C3(Cl)Cl)Cl)Cl)Cl)Cl,0,-0.6988435551459667,0.6051756318269816,-0.6908707952852782,0.3781490728678366,0.8541133356919978
Intersept,CCCCCCCCCCCCCCCC[N+]1=CC=CC=C1.CC1=[N+](C2=CC=CC=C2C(=C1)N)CCCCCCCCCC[N+]3=C(C=C(C4=CC=CC=C43)N)C.CC(=O)[O-].CC(=O)[O-].CC(=O)[O-],0,-2.3470813225745655,0.13152748688196989,-0.6797943462448439,2.060502686949788,-0.14198725170168247
Potassium ethylxanthate,CCOC(=S)[S-].[K+],0,-1.0034639673817538,-0.36689138287505385,-1.4246493150852253,0.41896001704303576,0.06011882357038064
"2,4-D-Dimethylammonium",CNC.C1=CC(=C(C=C1Cl)Cl)OCC(=O)O,0,-2.1860328932249873,-1.0765792676312336,-1.5908988005759317,-0.15849271285154873,-0.1667042613326336
Azinphos-Ethyl,CCOP(=S)(OCC)SCN1C(=O)C2=CC=CC=C2N=N1,0,-1.5989573695378447,0.7426214226577277,2.6506022643915816,3.8663489850844375,3.5719726368360227
Methoprene,CC(C)OC(=O)/C=C(\C)/C=C/CC(C)CCCC(C)(C)OC,0,-0.4555556107028951,-1.3919657037613484,-0.036824644422402956,-0.9176415121125923,1.2731947830971915
"11-Tetradecenyl acetate, (11E)-",CC/C=C/CCCCCCCCCCOC(=O)C,0,-1.380562359418147,-0.7423333103780303,0.8429611486707969,0.6707515534379164,-0.452678943053144
alpha-Chlorfenvinphos,CCOP(=O)(OCC)O/C(=C/Cl)/C1=C(C=C(C=C1)Cl)Cl,0,-2.2095900001126303,-1.0313116231110369,-1.5837307577734914,0.030431010260529034,-0.15827085336913127
Troclosene sodium,C1(=NC(=O)N(C(=O)N1Cl)Cl)[O-].[Na+],0,-1.7301580838857227,-0.9496923509058273,-1.2497568040934635,0.7282092594788485,0.317449631774239
Sodium Dimethyldithiocarbamate,CN(C)C(=S)[S-].[Na+],0,-1.5421928629958295,-0.6178928089558232,-1.993697383699863,0.3013333135510066,0.7335641335107499
Monobasic potassium phosphate,OP(=O)(O)[O-].[K+],0,-1.9584353370751773,-1.035537235136345,-1.2468470548466322,0.07103500471799334,0.07054965765009347
Fenbutatin oxide,CC(C)(C[Sn](CC(C)(C)C1=CC=CC=C1)(CC(C)(C)C2=CC=CC=C2)O[Sn](CC(C)(C)C3=CC=CC=C3)(CC(C)(C)C4=CC=CC=C4)CC(C)(C)C5=CC=CC=C5)C6=CC=CC=C6,0,-1.405954109532461,-0.7913714589743699,-1.0711140476001237,0.9298311891601488,0.3069046141762648
Clofentezine,C1=CC=C(C(=C1)C2=NN=C(N=N2)C3=CC=CC=C3Cl)Cl,0,-2.139989619869352,-0.5861705623045987,-0.054520708164645874,0.05401353775510625,1.9442981238059953
Volcano,CCNS(=O)(=O)C(C(C(C(C(C(C(C(F)(F)F)(F)F)(F)F)(F)F)(F)F)(F)F)(F)F)(F)F,0,-1.5067909849461765,0.41436855294735503,-1.6306905970027303,0.31939302573410305,1.984026080989743
"O,O-Dimethyl phosphoramidothioate",COP(=S)(N)OC,0,-1.485045302877275,-0.9109630064124321,-1.0421541081125265,0.6364336550988257,0.33636781388778625
Gossyplure,CCCC/C=C\CC/C=C\CCCCCCOC(=O)C,0,-1.4649373026144004,-0.8290466010455015,0.18576380475098364,-0.06396429062029375,-0.2886781238856676
"9-Dodecenyl acetate, (9Z)-",CC/C=C\CCCCCCCCOC(=O)C,0,-1.380562359418147,-0.7423333103780303,0.8429611486707969,0.6707515534379164,-0.452678943053144
Dinoseb ammonium salt,CCC(C)C1=C(C(=CC(=C1)[N+](=O)[O-])[N+](=O)[O-])[O-].[NH4+],0,-1.7134920708494426,-1.4535836367588066,-1.8310838827382678,1.01564594324062,-0.26607274733729713
"2,3,5-Trimethylphenyl Methylcarbamate",CC1=CC(=C(C(=C1)OC(=O)NC)C)C,0,-1.6853184200643017,0.26827193840753266,-1.5273055693724953,-0.21168738151475228,-0.2568719220759745
Dikegulac-sodium,CC1(OC[C@H]2[C@@H](O1)[C@H]3[C@@](O2)(OC(O3)(C)C)C(=O)[O-])C.[Na+],0,0.8469188690389857,-0.5644824437877773,2.8559506104353365,1.3196579285002963,1.399851166015369
Potassium Ricinoleate,CCCCCC[C@H](C/C=C\CCCCCCCC(=O)[O-])O.[K+],0,-2.1923071027197842,-1.398901423626324,-1.3634574953285097,2.3233756300079413,-0.407489337837725
Tributylphosphine oxide,CCCCP(=O)(CCCC)CCCC,0,-1.9232338710312522,-0.9559374917229152,-1.2165758177934398,0.6514298736632969,0.6565540850892727
"2,4-D tetrahydrofurfuryl ester",C1CC(OC1)COC(=O)COC2=C(C=C(C=C2)Cl)Cl,0,-1.1275629026187235,0.3080975323420628,-0.33969390045219505,-0.9687446932528829,-1.0598266360904518
epi-Ivermectin B1a,CCC(C)C1C(CCC2(O1)CC3CC(O2)CC=C(C(C(C=CC=C4COC5C4(C(C=C(C5O)C)C(=O)O3)O)C)OC6CC(C(C(O6)C)OC7CC(C(C(O7)C)O)OC)OC)C)C,0,43.769025928083146,-3.1033516067346576,-2.7249668422599758,-1.0560920384192278,-0.5138116189851725
"(10E)-8-[hydroxy(phenyl)pyridin-2-ylmethyl]-10-[phenyl(pyridin-2-yl)methylidene]-4-azatricyclo[5.2.1.02,6]dec-8-ene-3,5-dione",C1=CC=C(C=C1)/C(=C\2/C3C=C(C2C4C3C(=O)NC4=O)C(C5=CC=CC=C5)(C6=CC=CC=N6)O)/C7=CC=CC=N7,0,-1.1004539618070048,0.9160232162460937,3.8592569124959035,4.410983271221123,2.2446957195926642
"2-(Nitromethylidene)-1,3-thiazinane",C1CN/C(=C/[N+](=O)[O-])/SC1,0,-1.990111214099372,-0.9142772149976189,0.5521682733868202,0.6490803940697366,-0.6378366691699395
Dodecylamine lactate,CCCCCCCCCCCC[NH3+].CC(C(=O)[O-])O,0,-1.8894212897995608,-1.0901517446347473,-1.4304572945405145,1.1299072501217904,0.46421346390044044
"Guanidine, N,N'''-(iminodi-8,1-octanediyl)bis-",C(CCCCNC(=N)N)CCCNCCCCCCCCN=C(N)N,0,-2.1290324276169565,-1.1481323838732034,-1.1332047458757841,1.164354089551204,0.6325078035271453
"(1'R,2R,3S,4'S,6S,8'R,10'E,12'S,13'S,14'E,20'R,21'R,24'S)-2-cyclohexyl-21',24'-dihydroxy-12'-[(2R,4S,5S,6S)-5-[(2S,4S,5S,6S)-5-hydroxy-4-methoxy-6-methyloxan-2-yl]oxy-4-methoxy-6-methyloxan-2-yl]oxy-3,11',13',22'-tetramethylspiro[2,3-dihydropyran-6,6'-3,7,19-trioxatetracyclo[15.6.1.14,8.020,24]pentacosa-10,14,16,22-tetraene]-2'-one",C[C@H]1/C=C/C=C2CO[C@H]3[C@@]2([C@@H](C=C([C@H]3O)C)C(=O)O[C@H]4C[C@@H](C/C=C(/[C@H]1O[C@H]5C[C@@H]([C@H]([C@@H](O5)C)O[C@H]6C[C@@H]([C@H]([C@@H](O6)C)O)OC)OC)\C)O[C@]7(C4)C=C[C@@H]([C@H](O7)C8CCCCC8)C)O,0,41.35805226088596,-2.2113011032099354,-3.254819879634876,-3.507488929462291,2.614827403111435
Dipropylene Glycol,CC(CO)OC(C)CO.CC(COCC(C)O)O,0,-1.1184671270353523,-1.0979384851836784,-1.2790612971278013,0.8852167479072438,0.304739067275514
"(1R,4S,5'S,6R,6'R,8R,10E,12S,13S,14E,16E,20R,21R,24S)-6'-[(2S)-butan-2-yl]-21,24-dihydroxy-12-[(2R,4S,5S,6R)-5-[(2S,4S,5S,6R)-5-hydroxy-4-methoxy-6-methyloxan-2-yl]oxy-4-methoxy-6-methyloxan-2-yl]oxy-5',11,13,22-tetramethylspiro[3,7,19-trioxatetracyclo[15.6.1.14,8.020,24]pentacosa-10,14,16,22-tetraene-6,2'-oxane]-2-one",CC[C@H](C)[C@@H]1[C@H](CC[C@@]2(O1)C[C@@H]3C[C@H](O2)C/C=C(/[C@H]([C@H](/C=C/C=C/4\CO[C@H]5[C@@]4([C@@H](C=C([C@H]5O)C)C(=O)O3)O)C)O[C@H]6C[C@@H]([C@H]([C@H](O6)C)O[C@H]7C[C@@H]([C@H]([C@H](O7)C)O)OC)OC)\C)C,0,43.769025928083146,-3.1033516067346576,-2.7249668422599758,-1.0560920384192278,-0.5138116189851725
"benzoic acid;(6S,24'S)-2-butan-2-yl-21',24'-dihydroxy-12'-[4-methoxy-5-[4-methoxy-6-methyl-5-(methylamino)oxan-2-yl]oxy-6-methyloxan-2-yl]oxy-3,11',13',22'-tetramethylspiro[2,3-dihydropyran-6,6'-3,7,19-trioxatetracyclo[15.6.1.14,8.020,24]pentacosa-10,14,16,22-tetraene]-2'-one",CCC(C)C1C(C=C[C@@]2(O1)CC3CC(O2)CC=C(C(C(C=CC=C4COC5[C@@]4(C(C=C(C5O)C)C(=O)O3)O)C)OC6CC(C(C(O6)C)OC7CC(C(C(O7)C)NC)OC)OC)C)C.C1=CC=C(C=C1)C(=O)O,0,43.2366329740411,-3.0297108695548847,-4.249200264490281,-3.8021730017988844,1.0476868209691255
Sodium Lauryl Sulfate,CCCCCCCCCCCCOS(=O)(=O)[O-].[Na+],0,-0.7877188565234159,-0.8924348549101321,-0.9188957554847853,0.7087471757570741,-0.5308299179198246
Potassium cyanate,C(#N)[O-].[K+],0,-2.0165958605946077,-1.0562799067027817,-1.2288257908546547,-0.056816949684813926,-0.11179205119658463
Iodosulfuron,CC1=NC(=NC(=N1)OC)NC(=O)NS(=O)(=O)C2=C(C=CC(=C2)I)C(=O)O,0,-2.054510144848818,-0.8895629466125621,-2.402619265852706,1.0522874848700412,3.351233047815779
Prothidathion,CCOP(=S)(OCC)SCN1C(=O)SC(=N1)OC(C)C,0,-1.8340494494313135,0.8340381157348664,-0.32080358701182804,1.9889415492706028,1.679148363532979
Strobilurin E,CC(=C[C@H]1O[C@@]2(COC3=C(O2)C=C(C=C3)/C=C/C=C(/C)\C(=C/OC)\C(=O)OC)C(O1)(C)C)C,0,-0.3670007727262155,2.9144762734262093,11.60622743894811,-8.384035917659183,4.222212647110765
"[(2R,3R,4S,6S,8R,16S,17R,18S)-11-ethyl-8,9-dihydroxy-4,6,16,18-tetramethoxy-11-azahexacyclo[7.7.2.12,5.01,10.03,8.013,17]nonadecan-13-yl]methyl 2-[(3S)-3-methyl-2,5-dioxopyrrolidin-1-yl]benzoate",CCN1CC2(CCC(C34[C@@H]2[C@@H](C(C31)([C@]5(C[C@@H](C6C[C@@H]4[C@@H]5[C@H]6OC)OC)O)O)OC)OC)COC(=O)C7=CC=CC=C7N8C(=O)C[C@@H](C8=O)C,0,7.146596166388853,65.62480990700703,-9.206387294541416,-1.098729795853907,-3.9029137968828995
Fluoxastrobin,CO/N=C(\C1=CC=CC=C1OC2=C(C(=NC=N2)OC3=CC=CC=C3Cl)F)/C4=NOCCO4,0,-1.9107064756626595,1.3532999331907276,-1.0143715173706476,0.07915927331718767,-0.1574490069045342
Copper abietate,CC(C)C1=CC2=CC[C@@H]3[C@@]([C@H]2CC1)(CCC[C@@]3(C)C(=O)[O-])C.CC(C)C1=CC2=CC[C@@H]3[C@@]([C@H]2CC1)(CCC[C@@]3(C)C(=O)[O-])C.[Cu+2],0,1.2288737681651596,4.356039465705645,1.800885741150524,2.170667308964253,1.9627120286972566
Bilanafos-sodium,C[C@@H](C(=O)N[C@@H](C)C(=O)O)NC(=O)[C@H](CCP(=O)(C)[O-])N.[Na+],0,-1.7769187613291169,-1.35518985281981,-1.5660581132314488,0.289786773321778,0.5764845205150667
"(1S,4R,5'R,6S,6'S,8S,10E,13S,14E,16E,20S,21S,24R)-21,24-dihydroxy-5',11,13,22-tetramethyl-6'-propan-2-ylspiro[3,7,19-trioxatetracyclo[15.6.1.14,8.020,24]pentacosa-10,14,16,22-tetraene-6,2'-oxane]-2-one",C[C@@H]1CC[C@@]2(C[C@H]3C[C@@H](O2)C/C=C(/C[C@@H](/C=C/C=C/4\CO[C@@H]5[C@]4([C@H](C=C([C@@H]5O)C)C(=O)O3)O)C)\C)O[C@H]1C(C)C,0,28.622950701190927,-3.207703944221852,3.310405834165258,5.81073174011574,-4.275617478497632
"(6S,24'S)-2-cyclohexyl-21',24'-dihydroxy-12'-[5-(5-hydroxy-4-methoxy-6-methyloxan-2-yl)oxy-4-methoxy-6-methyloxan-2-yl]oxy-3,11',13',22'-tetramethylspiro[2,3-dihydropyran-6,6'-3,7,19-trioxatetracyclo[15.6.1.14,8.020,24]pentacosa-10,14,16,22-tetraene]-2'-one",CC1C=CC=C2COC3[C@@]2(C(C=C(C3O)C)C(=O)OC4CC(CC=C(C1OC5CC(C(C(O5)C)OC6CC(C(C(O6)C)O)OC)OC)C)O[C@]7(C4)C=CC(C(O7)C8CCCCC8)C)O,0,41.35805226088596,-2.2113011032099354,-3.254819879634876,-3.507488929462291,2.614827403111435
"(6R,24S)-6'-butan-2-yl-21,24-dihydroxy-12-[5-(5-hydroxy-4-methoxy-6-methyloxan-2-yl)oxy-4-methoxy-6-methyloxan-2-yl]oxy-5',11,13,22-tetramethylspiro[3,7,19-trioxatetracyclo[15.6.1.14,8.020,24]pentacosa-10,14,16,22-tetraene-6,2'-oxane]-2-one",CCC(C)C1C(CC[C@@]2(O1)CC3CC(O2)CC=C(C(C(C=CC=C4COC5[C@@]4(C(C=C(C5O)C)C(=O)O3)O)C)OC6CC(C(C(O6)C)OC7CC(C(C(O7)C)O)OC)OC)C)C,0,43.769025928083146,-3.1033516067346576,-2.7249668422599758,-1.0560920384192278,-0.5138116189851725
Bensulide,CC(C)OP(=S)(OC(C)C)SCCNS(=O)(=O)C1=CC=CC=C1,0,-1.7221802781669013,-1.0014883373204426,-1.3751976830311397,1.0499832362345412,2.035612744026413
Eptam,CCCN(CCC)C(=O)SCC,0,-2.010078710050768,-1.0573553655880534,-1.7344603685519657,0.5320908249431958,0.30950973165257994
Bis(p-chlorophenyl)disulfide,C1=CC(=CC=C1SSC2=CC=C(C=C2)Cl)Cl,0,-1.7558169118866318,-1.0673143196160721,-1.7017416355608983,0.5828743433710872,0.5358491089684387
Nicosulfuron,CN(C)C(=O)C1=C(N=CC=C1)S(=O)(=O)NC(=O)NC2=NC(=CC(=N2)OC)OC,0,-2.1770529758615487,-0.41689492990737276,-2.979403899759129,-0.28309460951168425,2.714000121920679
Dinobuton,CCC(C)C1=C(C(=CC(=C1)[N+](=O)[O-])[N+](=O)[O-])OC(=O)OC(C)C,0,-1.412643645734777,-0.012237083583134557,-2.083902050361986,0.5259880835137901,-0.5819660254881788
Mobam,CNC(=O)OC1=C2C=CSC2=CC=C1,0,-1.5553441191148902,-0.9623717058273658,-1.008820397274125,0.5895236165957707,0.10455281730328046
Lenacil,C1CCC(CC1)N2C(=O)C3=C(CCC3)NC2=O,0,-0.4988159639809413,-0.36114227192545595,0.4826837726594954,2.401984535624008,1.4043683720323765
"2,4-Dinitrophenyl thiocyanate",C1=CC(=C(C=C1[N+](=O)[O-])[N+](=O)[O-])SC#N,0,-2.4872640174187883,-1.1869493979394465,-0.1436309209860447,-0.5868064304890084,-0.34569362818399274
"2,4-D, butoxypropyl ester",CCCCOCCCOC(=O)COC1=C(C=C(C=C1)Cl)Cl,0,-2.235365422062911,0.15714604018644646,-1.216701932329905,0.06693988677282925,-1.0656477749188338
Sulfotep,CCOP(=S)(OCC)OP(=S)(OCC)OCC,0,-1.8437553619834866,-0.8729024093801284,-1.3915509698539608,1.0450862212216514,0.7227156746499613
Cypromid,C1CC1C(=O)NC2=CC(=C(C=C2)Cl)Cl,0,-1.909260583277627,-0.4268872503363059,-1.696601214643505,-0.11589018548536757,0.24614738573682537
Endothion,COC1=COC(=CC1=O)CSP(=O)(OC)OC,0,-1.5620887586914154,0.8200690567000629,1.7226306610584767,-1.567668950158923,-0.14383460784597019
"1,1,1-Trichloro-2,2-diphenylethane",C1=CC=C(C=C1)C(C2=CC=CC=C2)C(Cl)(Cl)Cl,0,-2.1012306040025908,-0.8198814250995894,-0.6163986442564535,-0.7335646699311542,-0.9949206433079086
"Sodium Phosphate, Dibasic",OP(=O)([O-])[O-].[Na+].[Na+],0,-1.6837141498752386,-1.1007163865755079,-1.6200877449703648,0.5157863506242313,0.4362813487408089
Demeton-S,CCOP(=O)(OCC)SCCSCC,0,-1.738029351546606,-1.156254004334571,-0.9606134144787934,1.3227580237740821,0.2500348302718698
Magnesium arsenate,[O-][As](=O)([O-])[O-].[O-][As](=O)([O-])[O-].[Mg+2].[Mg+2].[Mg+2],0,-1.763963513895189,-1.0620778758905498,-1.6985445158209338,0.4768281998076693,0.4278203423978607
Drazoxolon,CC1=C(C(=O)ON1)N=NC2=CC=CC=C2Cl,0,-0.9689257248821451,-0.9623674242998879,-0.3004797749006102,1.463329072423206,0.2237128531954524
Oxycarboxin,CC1=C(S(=O)(=O)CCO1)C(=O)NC2=CC=CC=C2,0,-1.4592174866887868,-0.5940509139438593,-0.2127314045347253,-0.3319160418922182,2.049492417162706
Allyxycarb,CC1=CC(=CC(=C1N(CC=C)CC=C)C)OC(=O)NC,0,-1.2147244033069813,-1.1992548254041469,0.09907189778796519,-0.7273245979726801,-0.37312936133858093
Orthosulfamuron,CN(C)C(=O)C1=CC=CC=C1NS(=O)(=O)NC(=O)NC2=NC(=CC(=N2)OC)OC,0,-2.182634606041511,-0.25448866501740236,-2.659357833600812,0.40377634932897877,2.814562878741806
Edifenphos,CCOP(=O)(SC1=CC=CC=C1)SC2=CC=CC=C2,0,-1.713062373325142,-0.7261022335562648,-0.7714069524189843,0.9229416223981158,0.6617977676917316
Ammonium silicofluoride,[NH4+].[NH4+].F[Si-2](F)(F)(F)(F)F,0,-1.200129648132318,-1.0960075420203055,-1.3566342400824027,0.3312663324323568,0.11819941940721293
2-Phenylethyl propionate,CCC(=O)OCCC1=CC=CC=C1,0,-1.9556501531789727,-0.2499915444777827,-0.16296111921911252,-0.09771158552633157,-0.8130661145296302
Oxamyl,CNC(=O)ON=C(C(=O)N(C)C)SC,0,-2.0339735798763305,-0.951055794169792,-0.4255411762838568,0.25134240633297034,-0.2274189632390931
Fosthietan,CCOP(=O)(N=C1SCS1)OCC,0,-0.6527555010514686,-0.9046878895978975,-0.05967511786085241,0.5558706800241457,-0.3754343204805189
Chlorthiophos I,CCOP(=S)(OCC)OC1=CC(=C(C=C1Cl)SC)Cl,0,-2.0610248113339984,1.5386210828856395,-2.3117854634768613,0.42821134597146004,0.3539735991198401
Isoprothiolane,CC(C)OC(=O)C(=C1SCCS1)C(=O)OC(C)C,0,-0.7203796892862381,-0.365773992682834,0.059132257938939226,-0.681196660293779,0.09745154320915446
Fluoridamid,CC1=C(C=C(C=C1)NC(=O)C)NS(=O)(=O)C(F)(F)F,0,-1.5334031802067662,-0.8411549870869813,-1.2501444140550328,-0.3870863458910331,0.5463867608290452
"N-(4,6-Bis((1-methylethyl)amino)-1,3,5-triazin-2-yl)-N-methylcyanamide",CC(C)NC1=NC(=NC(=N1)N(C)C#N)NC(C)C,0,-1.695887299730092,-0.49851249605895787,-2.3441107910285375,0.5510022046676726,0.85888933398316
Magnesium phosphide,[Mg+2].[Mg+2].[Mg+2].[P-3].[P-3],0,-1.8496713088997152,-0.9830472426938034,-1.5247578173473564,0.6450038823872891,0.42308655032006665
Dodemorph acetate,CC1CN(CC(O1)C)C2CCCCCCCCCCC2.CC(=O)O,0,0.15250929503503172,0.29839317079890626,1.138020010343059,2.2703881099204373,0.9237522819472118
Butoxycarboxim,CC(C(=NOC(=O)NC)C)S(=O)(=O)C,0,-1.6352886774409319,-1.0193235120621504,-0.9742407641735149,0.4142832447412023,0.5170457586163849
Metsulfuron-methyl,CC1=NC(=NC(=N1)OC)NC(=O)NS(=O)(=O)C2=CC=CC=C2C(=O)OC,0,-2.4720266569022007,0.1149904459804772,-2.739972992577573,0.6754578597946905,3.6671747072369287
Disodium cyanodithioimidocarbonate,C(#N)N=C([S-])[S-].[Na+].[Na+],0,-1.6343313539662618,-0.610525795071151,-0.9820071850141157,-0.08727376116671211,-0.3020983365878003
(S)-(-)-1-Amino-2-(methoxymethyl)pyrrolidine,COC[C@@H]1CCCN1N,0,-0.6782686683937069,0.4887341729523158,-0.12288490603515287,0.70636038499315,1.2726060886187882
1S-cis-Bifenthrin,CC1=C(C=CC=C1C2=CC=CC=C2)COC(=O)[C@H]3[C@H](C3(C)C)/C=C(/C(F)(F)F)\Cl,0,-1.8753336805239587,0.06934696400491666,8.029027284579568,-9.947053765348343,-10.242130064894829
Chlorhexidine Gluconate,C1=CC(=CC=C1N/C(=N/C(=NCCCCCCN=C(/N=C(/NC2=CC=C(C=C2)Cl)\N)N)N)/N)Cl.C(O)[C@@H](O)[C@@H](O)[C@H](O)[C@@H](O)C(=O)O.C(O)[C@@H](O)[C@@H](O)[C@H](O)[C@@H](O)C(=O)O,0,-2.1615012098462723,-1.3922296492966972,-2.0514390624495262,1.2738696958202864,0.6210238746633077
"(20-Ethyl-7,8-dihydroxy-1beta,6beta,14beta,16beta-tetramethoxy-10alpha-aconitan-4-yl)methyl 2-[(3S)-3-methyl-2,5-dioxopyrrolidin-1-yl]benzoate",CCN1C[C@@]2(CC[C@H]([C@@]34[C@@H]2[C@@H]([C@]([C@H]31)([C@]5(C[C@@H]([C@H]6C[C@H]4[C@@H]5[C@H]6OC)OC)O)O)OC)OC)COC(=O)C7=CC=CC=C7N8C(=O)C[C@@H](C8=O)C,0,7.146596166388853,65.62480990700703,-9.206387294541416,-1.098729795853907,-3.9029137968828995
Potassium polysilicate,[O-][Si]([O-])([O-])[O-].[K+].[K+].[K+].[K+],0,-1.9485655031318319,-1.0362310918471809,-1.5559902152665046,0.5652015418803508,0.5837657721059158
Vapam,CNC(=S)S.[Na+],0,-1.7061651497609789,-1.064815682711283,-1.7119311441700877,0.22930993197326588,0.7170327711461655
Methanediol dipropanoate,CCC(=O)OCOC(=O)CC,0,-1.8035679147493917,-0.6098542351999089,-1.292268955192449,0.12835431662419503,0.05668479806921308
5-(2-Chloro-4-(trifluoromethyl)phenoxy)-2-nitrobenzoate,C1=CC(=C(C=C1C(F)(F)F)Cl)OC2=CC(=C(C=C2)[N+](=O)[O-])C(=O)[O-],0,-2.658173265394749,-1.3960834598722622,-2.091849898768827,-0.8157626282538945,-1.9233531678205702
"dimethyl (1S,4S,5R,6S,7S,8R,11S,12R,14S,15R)-12-acetyloxy-4,7-dihydroxy-6-[(1R,2S,6S,8R,9R,11S)-2-hydroxy-11-methyl-5,7,10-trioxatetracyclo[6.3.1.02,6.09,11]dodec-3-en-9-yl]-6-methyl-14-[(E)-2-methylbut-2-enoyl]oxy-3,9-dioxatetracyclo[6.6.1.01,5.011,15]pentadecane-4,11-dicarboxylate",C/C=C(\C)/C(=O)O[C@H]1C[C@H]([C@]2(CO[C@@H]3[C@@H]2[C@]14CO[C@@]([C@H]4[C@]([C@@H]3O)(C)[C@@]56[C@H]7C[C@@H]([C@@]5(O6)C)[C@]8(C=CO[C@H]8O7)O)(C(=O)OC)O)C(=O)OC)OC(=O)C,0,4.845925612999291,10.747266201025964,40.24177303579801,-19.81015669540289,62.08553247702047
Spinosad [ISO],CC[C@H]1CCCC([C@H](C(=O)C2=C[C@H]3[C@@H]4C[C@@H](C[C@H]4C=C[C@H]3[C@@H]2CC(=O)O1)O[C@H]5[C@@H]([C@@H]([C@H]([C@@H](O5)C)OC)OC)OC)C)O[C@H]6CC[C@@H]([C@H](O6)C)N(C)C.CC[C@H]1CCCC([C@H](C(=O)C2=C[C@H]3[C@@H]4C[C@@H](C[C@H]4C(=C[C@H]3[C@@H]2CC(=O)O1)C)O[C@H]5[C@@H]([C@@H]([C@H]([C@@H](O5)C)OC)OC)OC)C)O[C@H]6CC[C@@H]([C@H](O6)C)N(C)C,0,9.523306746310448,4.752901722506692,4.346905780469271,3.4499584330898063,0.4858766333460764
Caswell No. 413F,CCCCCCCCCCCC(CC1=CC=CC=C1)[N+]2=CC=CC=C2.[Cl-],0,-2.0766543947651677,-0.660631516327451,0.6650281766974637,0.39181265444118085,1.2317846247178548
Benthiavalicarb isopropyl,C[C@H](C1=NC2=C(S1)C=C(C=C2)F)NC(=O)[C@H](C(C)C)NC(=O)OC(C)C,0,-0.4461159114837451,1.3659287613912325,0.5876967817817285,0.4429949897878234,0.5350187923522017
Methyllycaconitine,CCN1C[C@@]2(CC[C@@H]([C@]34[C@@H]2[C@@H]([C@@]([C@H]31)([C@]5(C[C@@H]([C@H]6C[C@@H]4[C@@H]5[C@H]6OC)OC)O)O)OC)OC)COC(=O)C7=CC=CC=C7N8C(=O)C[C@@H](C8=O)C,0,7.146596166388853,65.62480990700703,-9.206387294541416,-1.098729795853907,-3.9029137968828995
Dihydrogen ethyl(phosphato-kappaO)mercurate(2-),[H+].[H+].CC[Hg]OP(=O)([O-])[O-],0,-1.6651582245896803,-0.9309909889431695,-1.5696661904389713,1.0593434281216425,0.48550108614739146
Orysastrobin 100 |Ig/mL in Acetonitrile,C/C(=N/OC)/C(=N\OC)/C(=N/OCC1=CC=CC=C1/C(=N\OC)/C(=O)NC)/C,0,-1.0111048785950536,2.2348314621174863,0.24055623301146625,-0.001814737708431299,-0.15671542246617776
"(2-methyl-3-phenyl-phenyl)methyl (3S)-3-[(Z)-2-chloro-3,3,3-trifluoro-prop-1-enyl]-2,2-dimethyl-cyclopropanecarboxylate",CC1=C(C=CC=C1C2=CC=CC=C2)COC(=O)C3[C@H](C3(C)C)/C=C(/C(F)(F)F)\Cl,0,-1.8753336805239587,0.06934696400491666,8.029027284579568,-9.947053765348343,-10.242130064894829
Copper oxychloride sulfate,[OH-].[OH-].[OH-].[OH-].[OH-].[OH-].[OH-].[OH-].[OH-].[O-]S(=O)(=O)[O-].[Cl-].[Cu+2].[Cu+2].[Cu+2].[Cu+2].[Cu+2].[Cu+2],0,-1.2648544660238172,-0.9613083545519512,-1.4903249500536098,0.7838920468447089,0.4200071844387979
"Endothall di(N,N-dimethyltridecylamine)",CCCCCCCCCCCCCN(C)C.CCCCCCCCCCCCCN(C)C.C1C[C@H]2[C@@H]([C@@H]([C@@H]1O2)C(=O)O)C(=O)O,0,-0.5030213315307778,-0.6045893676505096,0.856266502911313,1.2528328264601842,-0.6587201308434835
Phenylmercury ammonium propionate,CCC(=O)[O-].C1=CC=C(C=C1)[Hg+].N,0,-1.9625765326618616,0.36093964257627914,-1.7031325292176307,0.39314962554060634,-0.05337967278773331
"(1R,2R,3R,6S,7S)-1,8,9,10,11,11-hexachlorotetracyclo[6.2.1.13,6.02,7]dodeca-4,9-diene",C1[C@@H]2C=C[C@H]1[C@H]3[C@@H]2[C@]4(C(=C(C3(C4(Cl)Cl)Cl)Cl)Cl)Cl,0,-0.7192346621597483,-0.11551967574836337,-0.7779015395285523,-0.09989831919456538,0.8805453211520146
Silver sodium zirconium phosphate,[H+].[O-]P(=O)([O-])[O-].[Na+].[Zr+4].[Ag+],0,-1.7750989119707232,-1.1317179018324413,-1.6749774510277697,0.5451189663821022,0.3931484898333741
Venom,CNC(=N[N+](=O)[O-])NCC1CCOC1,0,-1.048325040504366,-0.9567927271761207,-0.4943813905324775,0.5663157629182797,0.015102547669275254
"(1S,2S,7R,8S)-1,8,9,10,11,11-hexachlorotetracyclo[6.2.1.13,6.02,7]dodeca-4,9-diene",C1C2C=CC1[C@@H]3[C@H]2[C@@]4(C(=C([C@@]3(C4(Cl)Cl)Cl)Cl)Cl)Cl,0,-0.7192346621597483,-0.11551967574836337,-0.7779015395285523,-0.09989831919456538,0.8805453211520146
SureCN2704065,CCCCCCCCCC[C@H](C1CC[C@@H](O1)C2CC[C@@H](O2)[C@@H](CCCCCCCCCC[C@@H](CC3=C[C@@H](OC3=O)C)O)O)O,0,1.5844128547871075,0.2702943136953193,-0.10407421531046555,6.818160690227138,-1.3456679944426635
"Cyclo[(3R)-3-(4-hydroxyphenyl)-|A-alanyl-(2S,4E,6R,8S)-8-hydroxy-2,4,6-trimethyl-4-nonenoyl-L-alanyl-2-bromo-N-methyl-D-tryptophyl]",C[C@@H]1C[C@@H](OC(=O)C[C@@H](NC(=O)[C@H](N(C(=O)[C@@H](NC(=O)[C@H](CC(=C1)C)C)C)C)CC2=C(NC3=CC=CC=C32)Br)C4=CC=C(C=C4)O)C,0,2.0299303956002075,9.371995151279439,44.15099909842563,56.42517633370663,-11.02092185462738
Heptachlor Epoxide B,[C@H]12[C@H]([C@H]3[C@@H]([C@@H]1Cl)O3)C4(C(=C([C@]2(C4(Cl)Cl)Cl)Cl)Cl)Cl,0,-1.0405928059310448,-0.35602049481225967,-0.5326098334799636,0.16511147981264945,1.9108013248634559
Dimethirimol,CCCCC1=C(N=C(NC1=O)N(C)C)C,0,-1.3554286363380117,-0.5368274164730957,1.4176897859806088,1.5450565828214964,1.976940194207259
Avermectin,CCC(C)[C@@H]1[C@H](C=C[C@@]2(O1)C[C@@H]3C[C@H](O2)C/C=C(/[C@H]([C@H](/C=C/C=C/4\CO[C@H]5[C@@]4([C@@H](C=C([C@H]5O)C)C(=O)O3)O)C)O[C@H]6C[C@@H]([C@H]([C@@H](O6)C)O[C@H]7C[C@@H]([C@H]([C@@H](O7)C)O)OC)OC)\C)C,0,43.14247217668303,-3.046079155371934,-3.9763617379586504,-3.186511599859523,1.0420988718263389
Phenolate Sodium,C1=CC=C(C=C1)[O-].[Na+],0,-1.768148025131132,-0.7496541190466803,-0.9172725405803401,-4.074697026879354e-06,1.4141701707185863
Picoxystrobin,CO/C=C(\C1=CC=CC=C1COC2=CC=CC(=N2)C(F)(F)F)/C(=O)OC,0,-2.316235127166661,2.038569600979299,1.4481964658602748,-1.9667023087339601,1.4576348125113865
Deltamethrinic acid,CC1([C@H]([C@H]1C(=O)O)C=C(Br)Br)C,0,-1.7502904380368292,-0.3579757008111607,5.2307055236612525,-5.655567181457419,-3.757008325438427
Flubendiamide,CC1=C(C=CC(=C1)C(C(F)(F)F)(C(F)(F)F)F)NC(=O)C2=C(C(=CC=C2)I)C(=O)NC(C)(C)CS(=O)(=O)C,0,-2.569765585734984,-0.4682055846952093,0.2941103818368469,-0.8704163581863146,-1.113319527893205
"4-((13R)-2,13-Dihydroxy-13-((2R)-5-((5R)-5-(1-Hydroxyundecyl)Oxolan-2-Yl)Oxolan-2-Yl)Tridecyl)-2-Methyl-2H-Furan-5-One",CCCCCCCCCCC([C@H]1CCC(O1)C2CC[C@@H](O2)[C@@H](CCCCCCCCCCC(CC3=CC(OC3=O)C)O)O)O,0,1.5844128547871075,0.2702943136953193,-0.10407421531046555,6.818160690227138,-1.3456679944426635
"2,2-Dimethyl-3-(1-propenyl)cyclopropanecarboxylic Acid (2,3,5,6-Tetrafluoro-4-methylphenyl)methyl Ester",C/C=C/C1C(C1(C)C)C(=O)OCC2=C(C(=C(C(=C2F)F)C)F)F,0,-1.3602766651449065,1.7491556231809862,7.117314033705039,-6.0442078666993195,-6.609218384427041
Dimethyl carbate,COC(=O)[C@H]1[C@@H]2C[C@H]([C@H]1C(=O)OC)C=C2,0,0.0923836619538458,-0.5633857285340411,-0.013260189856575073,-0.3560542740218857,-0.1261906991241189
2-Chloro-4-((hydroxymethyl)amino)-6-(isopropylamino)-s-triazine,CC(C)NC1=NC(=NC(=N1)NCO)Cl,0,-1.3287637818721487,-0.7747040149616767,-2.6755609214022877,0.9119306705903417,1.7745478481951102
"(1AR,1bS,2S,5R,5aR,6S,6aR)-2,3,4,5,6,7,7-heptachloro-1a,1b,5,5a,6,6a-hexahydro-2H-2,5-methanoindeno[1,2-b]oxirene",[C@H]12[C@H]([C@@H]([C@H]3[C@@H]1O3)Cl)[C@]4(C(=C([C@@]2(C4(Cl)Cl)Cl)Cl)Cl)Cl,0,-1.0405928059310448,-0.35602049481225967,-0.5326098334799636,0.16511147981264945,1.9108013248634559
Pesticide4_Doramectin_C50H74O14_Dectomax,CC1/C=C/C=C/2\COC3C2(C(C=C(C3O)C)C(=O)OC4CC(C/C=C(/C1OC5CC(C(C(O5)C)OC6CC(C(C(O6)C)O)OC)OC)\C)OC7(C4)C=CC(C(O7)C8CCCCC8)C)O,0,41.35805226088596,-2.2113011032099354,-3.254819879634876,-3.507488929462291,2.614827403111435
Optase,CCCCCCC(O)C/C=C\CCCCCCCC(=O)OCC(OC(=O)CCCCCCC/C=C\CC(O)CCCCCC)COC(=O)CCCCCCC/C=C\CC(O)CCCCCC,0,-2.174115921878888,-1.1676615070345686,-0.24293755390744357,1.2280906924138,-1.7222068057729627
zinc;manganese(2+);N-[2-(sulfidocarbothioylamino)ethyl]carbamodithioate,C(CNC(=S)[S-])NC(=S)[S-].C(CNC(=S)[S-])NC(=S)[S-].[Mn+2].[Zn+2],0,-1.8511564923107366,-0.48716723506887555,-1.71900830862061,0.1202620608688645,2.0571650192285027
Hyamine-2389,C.C.CCCCCCCCCCCC.CCCCCCCCCCCC.C[N+](C)(C)C.C[N+](C)(C)CC1=CC=CC=C1.C[N+](C)(C)CC1=CC=CC=C1.[Cl-].[Cl-].[Cl-],0,-2.124950468195983,-0.5837286931121142,0.8529659904596651,-0.47753355462375413,-0.07668452194355747
"Copper, (mu-(carbonato(2-)-kappaO:kappaO'))dihydroxydi-",C(=O)([O-])[O-].[OH-].[OH-].[Cu].[Cu],0,-1.497256382499672,-0.9774465918324113,-1.121311783233858,-0.04717473632800671,0.21328525419540156
"(1S,4R)-1,2,2,3,3,4,7-Heptachloro-5,5-dimethyl-6-methylidenebicyclo(2.2.1)heptane",CC1(C(=C)[C@@]2(C([C@]1(C(C2(Cl)Cl)(Cl)Cl)Cl)Cl)Cl)C,0,-1.8274015795104133,-0.7885235778196743,-0.25730524283466333,0.14436444784751568,-0.11502105247851002
p-Mercuribenzenesulfonic acid,C1=CC(=CC=C1S(=O)(=O)[O-])[Hg],0,-1.647220557317037,0.32648615136372167,-1.598368443210206,0.4014583095436898,0.21207654172923793
Arbinex,C12C(C(C(C1Cl)Cl)Cl)[C@@]3(C(=C([C@]2(C3(Cl)Cl)Cl)Cl)Cl)Cl,0,-1.3668593726917215,-0.3285553972757024,-0.8772776884559319,0.2749090468494864,1.0010324666580404
"(4S,7R)-5-[hydroxy(phenyl)pyridin-2-ylmethyl]-8-[phenyl(pyridin-2-yl)methylidene]-3a,4,7,7a-tetrahydro-1H-4,7-methanoisoindole-1,3(2H)-dione",C1=CC=C(C=C1)C(=C2[C@@H]3C=C([C@H]2C4C3C(=O)NC4=O)C(C5=CC=CC=C5)(C6=CC=CC=N6)O)C7=CC=CC=N7,0,-1.1004539618070048,0.9160232162460937,3.8592569124959035,4.410983271221123,2.2446957195926642
Clothianidin,CN/C(=N\[N+](=O)[O-])/NCC1=CN=C(S1)Cl,0,-1.5350388058745092,-0.27364571794057585,-0.30314731089334374,0.016139452469425476,1.1217451116765236
"(10Z,14Z)-6'-butan-2-yl-21,24-dihydroxy-12-[5-(5-hydroxy-4-methoxy-6-methyloxan-2-yl)oxy-4-methoxy-6-methyloxan-2-yl]oxy-5',11,13,22-tetramethylspiro[3,7,19-trioxatetracyclo[15.6.1.14,8.020,24]pentacosa-10,14,16,22-tetraene-6,2'-oxane]-2-one",CCC(C)C1C(CCC2(O1)CC3CC(O2)C/C=C(\C(C(/C=C\C=C4COC5C4(C(C=C(C5O)C)C(=O)O3)O)C)OC6CC(C(C(O6)C)OC7CC(C(C(O7)C)O)OC)OC)/C)C,0,43.769025928083146,-3.1033516067346576,-2.7249668422599758,-1.0560920384192278,-0.5138116189851725
Milbemycin alpha10,CCC1C(CCC2(O1)CC3CC(O2)C/C=C(/CC(/C=C/C=C/4\COC5C4(C(C=C(C5O)COC(=O)C6=CC=CN6)C(=O)O3)O)C)\C)C,0,25.796147541747622,-1.7005048912839569,7.079826823574842,7.204638396962061,-5.679665716320309
(+/-)-cis-Heptachlor epoxide,C12C(C(C3C1O3)Cl)[C@@]4(C(=C([C@]2(C4(Cl)Cl)Cl)Cl)Cl)Cl,0,-1.0405928059310448,-0.35602049481225967,-0.5326098334799636,0.16511147981264945,1.9108013248634559
ZINC PHOSPHIDE (Zn3P2),P=[Zn].P=[Zn].[Zn],0,-1.9484679961287905,-1.0072513103376008,-1.58972030444456,0.4035443997826703,0.38782232384022397
Fluoromidine,C1=C(C=NC2=C1NC(=N2)C(F)(F)F)Cl,0,-1.9366725750898743,0.3904433995166981,-0.47876923058339627,1.6261221111634787,0.5646188528185349
Chloralose,C([C@H]([C@@H]1[C@@H]([C@@H]2[C@H](O1)O[C@@H](O2)C(Cl)(Cl)Cl)O)O)O,0,1.29767319464206,-0.17606882943202495,-1.340590949009323,0.3489981878996365,1.2929147955534621
Pyridalyl,C1=CC(=NC=C1C(F)(F)F)OCCCOC2=C(C=C(C=C2Cl)OCC=C(Cl)Cl)Cl,0,-2.087845684428471,0.9733097745700916,-0.2065438315225629,-0.9198213654498477,-0.008821706332246276
p-Hydroxymercuribenzoate,C1=CC(=CC=C1C(=O)[O-])[Hg].O,0,-1.5192429254434676,0.20266479394357523,-1.150080550094085,-0.2422394083219769,-0.4459265520287503
Strobilurin N,C/C(=C/C=C/C1=CC2=C(C=C1)OCC(O2)(C(C)(C)O)O)/C(=C\OC)/C(=O)OC,0,-1.1474617042057285,2.2421002179821365,7.716665617700054,-6.663471197170476,5.846482589096478
Methyl (2Z)-(methoxyimino)(2-((((E)-(1-(3-(trifluoromethyl)phenyl)ethylidene)amino)oxy)methyl)phenyl)acetate,C/C(=N\OCC1=CC=CC=C1/C(=N/OC)/C(=O)OC)/C2=CC(=CC=C2)C(F)(F)F,0,-1.72073894188985,1.8516505194527295,2.7226369284457004,1.9549578436755575,-1.147802506757476
Chlorantraniliprole,CC1=CC(=CC(=C1NC(=O)C2=CC(=NN2C3=C(C=CC=N3)Cl)Br)C(=O)NC)Cl,0,-2.285552778761678,-0.5540028787992012,-0.8753253275486452,-0.337073428307653,0.19799825207376678
"(2Z)-2-[2-[[(Z)-[(3Z,4Z)-3,4-bis(methoxyimino)pentan-2-ylidene]amino]oxymethyl]phenyl]-2-methoxyimino-N-methylacetamide",C/C(=N/OC)/C(=N/OC)/C(=N\OCC1=CC=CC=C1/C(=N/OC)/C(=O)NC)/C,0,-1.0111048785950536,2.2348314621174863,0.24055623301146625,-0.001814737708431299,-0.15671542246617776
Jasplakinolide,C[C@@H]\1C[C@@H](OC(=O)C[C@@H](NC(=O)[C@H](N(C(=O)[C@@H](NC(=O)[C@H](C/C(=C1)/C)C)C)C)CC2=C(NC3=CC=CC=C32)Br)C4=CC=C(C=C4)O)C,0,2.0299303956002075,9.371995151279439,44.15099909842563,56.42517633370663,-11.02092185462738
Bullatacin,CCCCCCCCCC[C@@H]([C@H]1CC[C@@H](O1)[C@H]2CC[C@@H](O2)[C@@H](CCCCCCCCCC[C@H](CC3=C[C@@H](OC3=O)C)O)O)O,0,1.5844128547871075,0.2702943136953193,-0.10407421531046555,6.818160690227138,-1.3456679944426635
Cyantraniliprole,CC1=CC(=CC(=C1NC(=O)C2=CC(=NN2C3=C(C=CC=N3)Cl)Br)C(=O)NC)C#N,0,-2.3817715252866396,-0.8429401162189062,0.04171348628306109,-0.74027785182378,-0.17596625009999337
Moxidectin,C[C@@H]\1C/C(=C/C[C@@H]2C[C@@H](C[C@@]3(O2)C/C(=N\OC)/[C@@H]([C@H](O3)/C(=C/C(C)C)/C)C)OC(=O)[C@@H]4C=C([C@H]([C@@H]5[C@]4(/C(=C/C=C1)/CO5)O)O)C)/C,0,27.111429719768214,-4.034885346752904,6.612712976418751,7.755693491189609,-6.3727626449881205
Cyclanilide,C1CC1(C(=O)NC2=C(C=C(C=C2)Cl)Cl)C(=O)O,0,-1.7685242690972292,-0.1019091503658335,-1.193155879103407,-0.5057928293918064,-0.12709016708569937
Mandipropamid,COC1=C(C=CC(=C1)CCNC(=O)C(C2=CC=C(C=C2)Cl)OCC#C)OCC#C,0,-1.109633722864309,0.5893472476554978,0.4034821651475656,-2.7983797399923174,-0.7898310299639546
Orysastrobin,C/C(=N\OC)/C(=N\OC)/C(=N/OCC1=CC=CC=C1/C(=N\OC)/C(=O)NC)/C,0,-1.0111048785950536,2.2348314621174863,0.24055623301146625,-0.001814737708431299,-0.15671542246617776
Didecyl dimethyl ammonium carbonate,CCCCCCCCCC[N+](C)(C)CCCCCCCCCC.CCCCCCCCCC[N+](C)(C)CCCCCCCCCC.C(=O)([O-])[O-],0,-1.9149648263823325,-0.897197748650542,-0.5781605898947748,1.3154359381157805,1.0710957924547733
Pyrasulfotole,CC1=C(C(=O)N(N1)C)C(=O)C2=C(C=C(C=C2)C(F)(F)F)S(=O)(=O)C,0,-0.7065906759009329,-0.7825747079385318,-0.2505622228232797,1.127604094214153,-0.5749340637035208
Emamectin B1A,CC[C@H](C)[C@@H]1[C@H](C=C[C@@]2(O1)C[C@@H]3C[C@H](O2)C/C=C(/[C@H]([C@H](/C=C/C=C/4\CO[C@H]5[C@@]4([C@@H](C=C([C@H]5O)C)C(=O)O3)O)C)O[C@H]6C[C@@H]([C@H]([C@@H](O6)C)O[C@H]7C[C@@H]([C@@H]([C@@H](O7)C)NC)OC)OC)\C)C,0,43.12784401651705,-3.1339852152515015,-4.177016795014762,-3.5541544041276967,1.2175762471872298
C14H6ClF3NNaO5,C1=CC(=C(C=C1C(F)(F)F)Cl)OC2=CC(=C(C=C2)[N+](=O)[O-])C(=O)[O-].[Na+],0,-2.4307378234346984,-1.452117259526937,-2.142502348279886,-0.7910296338471778,-1.9289266613465719
"2,3,5,6-Tetrafluoro-4-(methoxymethyl)benzyl (E)-(1R,3R)-3-(2-cyanoprop-1-enyl)-2,2-dimethylcyclopropanecarboxylate",C/C(=C\[C@@H]1[C@H](C1(C)C)C(=O)OCC2=C(C(=C(C(=C2F)F)COC)F)F)/C#N,0,-1.5326343363797517,1.9165356780050888,8.321710214286458,-7.352346700608462,-8.681204875218363
Endothal disodium salt,C1C[C@H]2[C@@H]([C@@H]([C@@H]1O2)C(=O)[O-])C(=O)[O-].[Na+].[Na+],0,-0.5094977085037066,-0.5466387437342605,0.3554082884640395,1.3459290723094628,0.3534753752363498
Glyphosphate-trimesium,C[S+](C)C.C(C(=O)O)NCP(=O)(O)[O-],0,-2.30594694125025,-1.1569006210779853,-1.266886146495941,0.45121251607523555,0.8073528036080926
Milbemycin alpha5,CCCCC(C)C(=O)OC1C(C(OC2(C1O)CC3CC(O2)C/C=C(/CC(/C=C/C=C/4\COC5C4(C(C=C(C5O)C)C(=O)O3)O)C)\C)C)C,0,25.634965251183687,-1.9905861651701966,3.822012911640703,5.995813036066281,-4.721988256974455
Methyl (2Z)-(methoxyimino)(2-((((Z)-(1-(3-(trifluoromethyl)phenyl)ethylidene)amino)oxy)methyl)phenyl)acetate,C/C(=N/OCC1=CC=CC=C1/C(=N/OC)/C(=O)OC)/C2=CC(=CC=C2)C(F)(F)F,0,-1.72073894188985,1.8516505194527295,2.7226369284457004,1.9549578436755575,-1.147802506757476
"(1R,4S,4'Z,5'S,6R,6'S,8R,10E,13R,14E,20R,21R,24S)-21,24-dihydroxy-4'-methoxyimino-5',11,13,22-tetramethyl-6'-[(E)-4-methylpent-2-en-2-yl]spiro[3,7,19-trioxatetracyclo[15.6.1.14,8.020,24]pentacosa-10,14,16,22-tetraene-6,2'-oxane]-2-one",C[C@@H]\1C/C(=C/C[C@@H]2C[C@@H](C[C@@]3(O2)C/C(=N/OC)/[C@@H]([C@H](O3)/C(=C/C(C)C)/C)C)OC(=O)[C@@H]4C=C([C@H]([C@@H]5[C@]4(C(=C/C=C1)CO5)O)O)C)/C,0,27.111429719768214,-4.034885346752904,6.612712976418751,7.755693491189609,-6.3727626449881205
Edetate copper,C(CN(CC(=O)O)CC(=O)[O-])N(CC(=O)O)CC(=O)[O-].[Cu],0,-1.6583107937594777,-0.4924889640429402,-0.9669836648229279,0.20703470915870162,1.0218176546072937
"trans-(5-benzylfuran-3-yl)methyl (1R,3S)-2,2-dimethyl-3-[(Z)-(2-oxothiolan-3-ylidene)methyl]cyclopropane-1-carboxylate",CC1([C@H]([C@H]1C(=O)OCC2=COC(=C2)CC3=CC=CC=C3)/C=C\4/CCSC4=O)C,0,-1.7292318664583597,1.484697083417289,12.939330365142558,-13.591719083150489,-12.299775600779213
"Spiro[11,15-methano-2H,13H,17H-furo[4,3,2-pq][2,6]benzodioxacyclooctadecin-13,2'-[2H]pyran], Avermectin A1a Deriv.",CC[C@H](C)[C@@H]1[C@H](CC[C@@]2(O1)C[C@@H]3C[C@H](O2)C/C=C(\[C@H]([C@H](/C=C\C=C4CO[C@H]5[C@@]4([C@@H](C=C([C@H]5O)C)C(=O)O3)O)C)O[C@H]6C[C@@H]([C@H]([C@@H](O6)C)O[C@H]7C[C@@H]([C@H]([C@@H](O7)C)O)OC)OC)/C)C,0,43.769025928083146,-3.1033516067346576,-2.7249668422599758,-1.0560920384192278,-0.5138116189851725
"Endrin, analytical standard",C1[C@@H]2[C@@H]3[C@@H]([C@@H]1[C@H]4[C@@H]2O4)[C@@]5(C(=C([C@@]3(C5(Cl)Cl)Cl)Cl)Cl)Cl,0,-0.45936052785953124,0.9260613372574157,-0.23530096072845602,-0.5299543628688255,1.5728015073188752
Moxidectin EP L,C[C@@H]/1C/C(=C\C[C@@H]2C[C@@H](C[C@@]3(O2)C/C(=N/OC)/[C@@H]([C@H](O3)/C(=C/C(C)C)/C)C)OC(=O)[C@@H]4C=C([C@H]([C@@H]5[C@]4(C(=C/C=C1)CO5)O)O)C)/C,0,27.111429719768214,-4.034885346752904,6.612712976418751,7.755693491189609,-6.3727626449881205
Fuklasin,CN(C)C(=S)[S-].CN(C)C(=S)[S-].CN(C)C(=S)[S-].[Fe+3],0,-1.8015307770674225,-0.5832815106009162,-2.0460510141475,0.29190160439468404,0.7847999832430672
Cyclo[N-methyl-L-alanyl-beta-alanyl-(2R)-2-hydroxy-4-pentenoyl-L-prolyl-L-isoleucyl-N-methyl-L-valyl],CC[C@@H](C)[C@H]1C(=O)N([C@H](C(=O)N([C@H](C(=O)NCCC(=O)O[C@H](C(=O)N2CCC[C@H]2C(=O)N1)CC=C)C)C)C(C)C)C,0,2.791261588185209,1.9289458579319778,16.238282306650646,16.940933938292243,0.2740094058139813
Antimony Potassium Tartrate,[C@@H]([C@H](C(=O)[O-])[O-])(C(=O)[O-])[O-].[C@@H]([C@H](C(=O)[O-])[O-])(C(=O)[O-])[O-].O.O.O.[K+].[K+].[Sb+3].[Sb+3],0,-1.8968046153171705,-0.7405615273511893,0.14077408796024463,1.3933037586978934,1.2137603349478994
Raticate|Shoxin,C1=CC=C(C=C1)/C(=C/2\[C@@H]3C=C([C@H]2C4C3C(=O)NC4=O)C(C5=CC=CC=C5)(C6=CC=CC=N6)O)/C7=CC=CC=N7,0,-1.1004539618070048,0.9160232162460937,3.8592569124959035,4.410983271221123,2.2446957195926642
"[2-Methyl(1,1'-biphenyl)-3-yl]methyl cis-3-(2-chloro-3,3,3-trifluoropropenyl)-2,2-dimethylcyclopropanecarboxylate",CC1=C(C=CC=C1C2=CC=CC=C2)COC(=O)[C@H]3[C@H](C3(C)C)C=C(C(F)(F)F)Cl,0,-1.8753336805239587,0.06934696400491666,8.029027284579568,-9.947053765348343,-10.242130064894829
"(1R,2R,3S,6R,7S)-1,8,9,10,11,11-hexachlorotetracyclo[6.2.1.13,6.02,7]dodeca-4,9-diene",C1[C@H]2C=C[C@@H]1[C@H]3[C@@H]2[C@]4(C(=C(C3(C4(Cl)Cl)Cl)Cl)Cl)Cl,0,-0.7192346621597483,-0.11551967574836337,-0.7779015395285523,-0.09989831919456538,0.8805453211520146
"(1R,4S,5'S,6R,6'S,8R,10E,13R,14E,20R,21R,24S)-21,24-dihydroxy-4'-methoxyimino-5',11,13,22-tetramethyl-6'-[(E)-4-methylpent-2-en-2-yl]spiro[3,7,19-trioxatetracyclo[15.6.1.14,8.020,24]pentacosa-10,14,16,22-tetraene-6,2'-oxane]-2-one",C[C@@H]\1C/C(=C/C[C@@H]2C[C@@H](C[C@@]3(O2)CC(=NOC)[C@@H]([C@H](O3)/C(=C/C(C)C)/C)C)OC(=O)[C@@H]4C=C([C@H]([C@@H]5[C@]4(C(=C/C=C1)CO5)O)O)C)/C,0,27.111429719768214,-4.034885346752904,6.612712976418751,7.755693491189609,-6.3727626449881205
Dehydroabietylammonium pentachlorophenoxide,CC(C)C1=CC2=C(C=C1)[C@]3(CCC[C@@]([C@@H]3CC2)(C)CN)C.C1(=C(C(=C(C(=C1Cl)Cl)Cl)Cl)Cl)O,0,0.23180421463629874,1.7360115726793253,3.973607639156057,-1.8672844798346107,5.145884032804377
Strobilurin M,CC(C)[C@]1(COC2=C(O1)C=C(C=C2)/C=C/C=C(/C)\C(=C/OC)\C(=O)OC)OCC=C(C)C,0,0.16003001802542224,1.902763433988377,8.116398795471358,-7.411774358088312,6.089442568259702
Off-Shoot-T,CCCCCCCCCCCCO.CCCCCCCCCCO.CCCCCCCCO.CCCCCCO,0,-1.8571653625127194,-0.9917861603985991,-1.3371890051716138,1.225177974018134,0.20872876655431252
cyclo[N(Me)Ala-bAla-OGly(allyl)-D-Pro-Ile-DL-N(Me)Val],CC[C@H](C)[C@H]1C(=O)N(C(C(=O)N([C@H](C(=O)NCCC(=O)O[C@H](C(=O)N2CCC[C@@H]2C(=O)N1)CC=C)C)C)C(C)C)C,0,2.791261588185209,1.9289458579319778,16.238282306650646,16.940933938292243,0.2740094058139813
"4-[(13R)-2,13-dihydroxy-13-[(2R,5S)-5-[(2R)-5-[(1S)-1-hydroxyundecyl]oxolan-2-yl]oxolan-2-yl]tridecyl]-2-methyl-2H-furan-5-one",CCCCCCCCCC[C@@H](C1CC[C@@H](O1)[C@@H]2CC[C@@H](O2)[C@@H](CCCCCCCCCCC(CC3=CC(OC3=O)C)O)O)O,0,1.5844128547871075,0.2702943136953193,-0.10407421531046555,6.818160690227138,-1.3456679944426635
Momfluorothrin,CC(=CC1C(C1(C)C)C(=O)OCC2=C(C(=C(C(=C2F)F)COC)F)F)C#N,0,-1.5326343363797517,1.9165356780050888,8.321710214286458,-7.352346700608462,-8.681204875218363
Plantomycin,C[C@H]1[C@@]([C@H]([C@@H](O1)O[C@@H]2[C@H]([C@@H]([C@H]([C@@H]([C@H]2O)O)N=C(N)N)O)NC(=N)N)O[C@H]3[C@H]([C@@H]([C@H]([C@@H](O3)CO)O)O)NC)(C=O)O.C[C@H]1[C@@]([C@H]([C@@H](O1)O[C@@H]2[C@H]([C@@H]([C@H]([C@@H]([C@H]2O)O)N=C(N)N)O)N=C(N)N)O[C@H]3[C@H]([C@@H]([C@H]([C@@H](O3)CO)O)O)NC)(C=O)O.OS(=O)(=O)O.OS(=O)(=O)O.OS(=O)(=O)O,0,3.358420841716926,2.3449265320011476,4.849349912664152,-2.6461757224008777,3.31845219369517
Glyphosate-ethanolamine,C(CO)N.C(C(=O)O)NCP(=O)(O)O,0,-2.413599491783986,-1.299946830605476,-1.8360830025071182,0.6542203840683848,0.5452977961648924
Imazamethabenz [ANSI],CC1=CC(=C(C=C1)C(=O)OC)C2=NC(C(=O)N2)(C)C(C)C.CC1=CC(=C(C=C1)C2=NC(C(=O)N2)(C)C(C)C)C(=O)OC,0,-0.9009133357934024,1.3597376500323926,0.857842073904674,1.0394506728702406,-0.5085790340263237
Ripost Pepite,CCNC(=O)NC(=O)/C(=N/OC)/C#N.CC1=C(C(=CC=C1)C)N(C(=O)COC)N2CCOC2=O.C(CNC(=S)[S-])NC(=S)[S-].C(CNC(=S)[S-])NC(=S)[S-].[Mn+2].[Zn+2],0,0.7063294692394411,3.3004234314014345,0.4068377367638492,-1.5836048329440648,5.751126212861139
"1-Chloro-4-(2,2,2-trichloro-1-(4-chlorophenyl)ethyl)benzene",C1=CC(=CC=C1C(C2=CC=C(C=C2)Cl)C(Cl)(Cl)Cl)Cl,0,-1.7624253005429504,-1.0893576970099998,-0.91863056969685,-0.5746448505013317,-0.7120937326328147
"4-Chloro-3,5-dimethylphenol",CC1=CC(=CC(=C1Cl)C)O,0,-1.8194229781627556,-1.0165646264007913,-1.0998986720384343,0.5036716225930188,0.08958862990238935
"1,2,4,5-Tetrachloro-3-nitrobenzene",C1=C(C(=C(C(=C1Cl)Cl)[N+](=O)[O-])Cl)Cl,0,-1.6858704835971643,-1.3611969464735423,-1.9569476758853481,0.5779688936623487,0.14405548472401603
"1,1-Bis(4-chlorophenyl)ethanol",CC(C1=CC=C(C=C1)Cl)(C2=CC=C(C=C2)Cl)O,0,-1.667285371413692,-1.0939642642165488,-1.5153000385209503,0.30568918726197264,0.14838711655672904
Dichlofenthion,CCOP(=S)(OCC)OC1=C(C=C(C=C1)Cl)Cl,0,-2.379874767042722,-1.0579594321665837,-1.8885212568954486,0.2686988150364464,0.2196878815317322
2-Heptadecylimidazoline,CCCCCCCCCCCCCCCCCC1=NCCN1,0,-1.846809152837848,-1.0381737017137884,-0.8952160956179144,2.068260712411511,0.5025072093869961
"N-sec-Butyl-3,4-dimethyl-2,6-dinitroaniline",CCC(C)NC1=C(C=C(C(=C1[N+](=O)[O-])C)C)[N+](=O)[O-],0,-1.3857195818865986,-1.5762962250775092,-1.91046065952315,0.8936947980637217,-0.1770665747633759
M-Cumenyl Methylcarbamate,CC(C)C1=CC(=CC=C1)OC(=O)NC,0,-1.3308768650879654,-1.07187740917161,-0.3319049032336728,-1.6502518953508574,-1.6360286220515952
4-Nitro-3-trifluoromethylphenol,C1=CC(=C(C=C1O)C(F)(F)F)[N+](=O)[O-],0,-1.9964065726202054,-1.2180821256677323,-0.7699221243331519,1.3701427073172023,-0.7502175174404019
Thioquinox,C1=CC=C2C(=C1)N=C3C(=N2)SC(=S)S3,0,-1.8182433439375483,-0.8005887047774134,-1.2532450137767015,0.4930243386528838,0.857074407003763
1-Pentanethiol,CCCCCS,0,-1.9298837025233246,-1.044904159378014,-1.5749994985870148,1.0934529008270213,0.30284548756227586
Sulphenone,C1=CC=C(C=C1)S(=O)(=O)C2=CC=C(C=C2)Cl,0,-1.8900953915188228,-0.9661721859975874,-1.6415300884201323,0.39147973621663906,0.35593477046923666
Anilazine,C1=CC=C(C(=C1)NC2=NC(=NC(=N2)Cl)Cl)Cl,0,-2.2824347301953734,-0.8298052890328483,-1.5026086846959188,0.4129891575817438,1.154184515717663
Isolan,CC1=NN(C(=C1)OC(=O)N(C)C)C(C)C,0,-1.1302200585696014,-1.0419141592880519,-1.3580033925356865,0.01752249176821145,0.4979474547614228
Dinex,C1CCC(CC1)C2=C(C(=CC(=C2)[N+](=O)[O-])[N+](=O)[O-])O,0,-1.1524818209868575,0.8368613652725535,-0.2627319831838608,0.40897966410748576,0.6640876159389979
Trisodium N-hydroxyethylethylenediaminetriacetate,C(CN(CC(=O)[O-])CC(=O)[O-])N(CCO)CC(=O)[O-].[Na+].[Na+].[Na+],0,-1.6144017852744648,-0.5237124004808151,-1.0827850211544785,1.2911484484219673,0.6876128620904439
Dazomet,CN1CN(C(=S)SC1)C,0,-1.0662824553695245,-0.668959471257652,0.89924159412978,3.5752949018578137,0.4413317227953017
Pentasodium Pentetate,C(CN(CC(=O)[O-])CC(=O)[O-])N(CCN(CC(=O)[O-])CC(=O)[O-])CC(=O)[O-].[Na+].[Na+].[Na+].[Na+].[Na+],0,-1.5088966137554405,-0.48730350531026184,-1.0212473612784196,1.2140596553395058,0.5858759507378186
Isobenzan,C12C(C(OC1Cl)Cl)C3(C(=C(C2(C3(Cl)Cl)Cl)Cl)Cl)Cl,0,-0.6059233277313278,-0.3154296676149239,-0.3739301941839919,0.3904359447546691,0.9502422013438667
"1,2,3,4-Tetrachlorobenzene",C1=CC(=C(C(=C1Cl)Cl)Cl)Cl,0,-2.0373677051440153,-0.9712170581497903,-1.802919483894003,0.36003163332166177,0.47185913562883336
Methoprotryne,CC(C)NC1=NC(=NC(=N1)NCCCOC)SC,0,-1.9228252350970387,0.11528794309895189,-3.116725194583472,0.732133612714231,2.080476679990124
Chloridazon,C1=CC=C(C=C1)N2C(=O)C(=C(C=N2)N)Cl,0,-1.0219742041539794,0.06864476036613432,-1.4682631229109175,0.9754048144235576,-0.1549852243608804
Prothoate,CCOP(=S)(OCC)SCC(=O)NC(C)C,0,-1.903659927354094,-0.9221817791511716,-1.0558559794222762,0.40313271048736576,2.2812966438803626
Mecoprop-isoctyl,CC1=C(C=CC(=C1)Cl)OC(C)C(=O)OCCCCCC(C)C,0,-0.31141787553123695,-0.9567179703425152,-1.9308821676344936,-0.0780806899994639,-0.8648173059565901
Cupric hexafluorosilicate,F[Si-2](F)(F)(F)(F)F.[Cu+2],0,-1.1941744494098911,-1.0832357819301384,-1.3307878570833849,0.33810693393163643,0.12970990018928738
"(5-Benzylfuran-3-yl)methyl 2,2-dimethyl-3-[(2-oxothiolan-3-ylidene)methyl]cyclopropane-1-carboxylate",CC1(C(C1C(=O)OCC2=COC(=C2)CC3=CC=CC=C3)C=C4CCSC4=O)C,0,-1.7292318664583597,1.484697083417289,12.939330365142558,-13.591719083150489,-12.299775600779213
"2-Methyl-4-oxo-3-(2,4-pentadien-1-yl)-2-cyclopenten-1-yl 3-(3-methoxy-2-methyl-3-oxo-1-propen-1-yl)-2,2-dimethylcyclopropanecarboxylate",CC1=C(C(=O)CC1OC(=O)C2C(C2(C)C)C=C(C)C(=O)OC)CC=CC=C,0,-0.6686588974297163,0.5839215510850135,17.523478750129467,-13.816946546562498,-9.974491677688253
"(4R,5'R,6R,6'R,8S,10E,13S,14E,16E)-21,24-Dihydroxy-5',11,13,22-tetramethyl-6'-propan-2-ylspiro[3,7,19-trioxatetracyclo[15.6.1.14,8.020,24]pentacosa-10,14,16,22-tetraene-6,2'-oxane]-2-one",C[C@@H]1CC[C@]2(C[C@H]3C[C@@H](O2)C/C=C(/C[C@@H](/C=C/C=C/4\COC5C4(C(C=C(C5O)C)C(=O)O3)O)C)\C)O[C@@H]1C(C)C,0,28.622950701190927,-3.207703944221852,3.310405834165258,5.81073174011574,-4.275617478497632
Flonicamid,C1=CN=CC(=C1C(F)(F)F)C(=O)NCC#N,0,-2.5360692411547445,-0.8845305853237287,-1.4499436228284457,-0.4898940118403768,-0.31735803779510635
Isodrin,C1[C@@H]2C=C[C@H]1[C@@H]3[C@H]2[C@@]4(C(=C([C@]3(C4(Cl)Cl)Cl)Cl)Cl)Cl,0,-0.7192346621597483,-0.11551967574836337,-0.7779015395285523,-0.09989831919456538,0.8805453211520146
(+)-Cismethrin,CC(=C[C@H]1[C@H](C1(C)C)C(=O)OCC2=COC(=C2)CC3=CC=CC=C3)C,0,-1.3255190721020422,1.222858290258435,11.86992268492535,-13.086807415813082,-11.000841240740929
RU-11679,CC1([C@@H]([C@H]1C(=O)OCC2=COC(=C2)CC3=CC=CC=C3)C=C4CCCC4)C,0,-1.4947934582501967,1.416549102613337,11.636749739426264,-12.19414412959668,-10.371899562927931
"2-Diazo-4,6-dinitrophenol",C1=C(C=C(C(C1=[N+]=[N-])O)[N+](=O)[O-])[N+](=O)[O-],0,-0.9747094947448647,-1.1832249376930721,-0.8533897824963307,0.5011352342326502,0.1679106465133567
Profluthrin,CC=CC1C(C1(C)C)C(=O)OCC2=C(C(=C(C(=C2F)F)C)F)F,0,-1.3602766651449065,1.7491556231809862,7.117314033705039,-6.0442078666993195,-6.609218384427041
"(1S,2S,6R,7R)-1,4,4,7,8,9,10,10-octachlorotricyclo[5.2.1.02,6]dec-8-ene",C1[C@@H]2[C@H](CC1(Cl)Cl)[C@@]3(C(=C([C@]2(C3(Cl)Cl)Cl)Cl)Cl)Cl,0,-0.9811118145752201,1.096446801223618,-0.5217447294897529,-0.0007248971335571913,0.22245308748349518
Pharmakon1600-01505902,C[C@H]1/C=C/C=C/2\CO[C@H]3[C@@]2([C@@H](C=C([C@H]3O)C)C(=O)O[C@H]4C[C@@H](C/C=C(/[C@H]1OC5C[C@@H](C([C@@H](O5)C)O[C@H]6C[C@@H]([C@H]([C@@H](O6)C)O)OC)OC)\C)O[C@]7(C4)C=C[C@@H]([C@H](O7)C8CCCCC8)C)O,0,41.35805226088596,-2.2113011032099354,-3.254819879634876,-3.507488929462291,2.614827403111435
Benzovindiflupyr,CN1C=C(C(=N1)C(F)F)C(=O)NC2=CC=CC3=C2[C@@H]4CC[C@H]3C4=C(Cl)Cl,0,-1.162956140600128,1.1945092506677837,0.9481510187818687,-0.10336093645338945,0.22792814721712487
Alloxydim sodium,CCCC(=NOCC=C)[C-]1C(=O)CC(C(C1=O)C(=O)OC)(C)C.[Na+],0,1.471868709251979,-0.48671129045649253,4.157125234181397,-0.7502683137993043,0.19926309175800133
Calcium bis(hydrogen methylarsonate),C[As](=O)(O)[O-].C[As](=O)(O)[O-].[Ca+2],0,-1.7247134907104305,-1.0865599297346127,-1.7133661868345509,0.4037617293629077,0.4005432137547566
"(1'R,2R,3S,4'S,6S,8'R,10'Z,12'S,14'Z,16'Z,20'R,21'R,24'S)-2-cyclohexyl-21',24'-dihydroxy-12'-[(2R,4S,6S)-5-[(2S,4S,5S,6S)-5-hydroxy-4-methoxy-6-methyloxan-2-yl]oxy-4-methoxy-6-methyloxan-2-yl]oxy-3,11',13',22'-tetramethylspiro[2,3-dihydropyran-6,6'-3,7,19-trioxatetracyclo[15.6.1.14,8.020,24]pentacosa-10,14,16,22-tetraene]-2'-one",C[C@H]1C=C[C@]2(C[C@@H]3C[C@H](O2)C/C=C(\[C@H](C(/C=C\C=C/4\CO[C@H]5[C@@]4([C@@H](C=C([C@H]5O)C)C(=O)O3)O)C)O[C@H]6C[C@@H](C([C@@H](O6)C)O[C@H]7C[C@@H]([C@H]([C@@H](O7)C)O)OC)OC)/C)O[C@@H]1C8CCCCC8,0,41.35805226088596,-2.2113011032099354,-3.254819879634876,-3.507488929462291,2.614827403111435
Mercury orange,C1=CC=C2C(=C1)C=CC(=C2N=NC3=CC=C(C=C3)[Hg+])O.[Cl-],0,-1.8004627591194096,0.17204758003875442,-0.640061065786875,2.530013443510982,-0.041061160245070026
Glyoxime,C(=NO)C=NO,0,-1.8766232259879636,-1.0110727148813572,-0.6661733987570928,0.39661041482660914,-0.061388539650181116
CID 135529435,CN/C(=N/[N+](=O)[O-])/NCC1=CN=C(S1)Cl,0,-1.5350388058745092,-0.27364571794057585,-0.30314731089334374,0.016139452469425476,1.1217451116765236
"4-[(2R,13R)-2,13-dihydroxy-13-[(2S,5S)-5-[(2S,5S)-5-[(1S)-1-hydroxyundecyl]oxolan-2-yl]oxolan-2-yl]tridecyl]-2-methyl-2H-furan-5-one",CCCCCCCCCC[C@@H]([C@@H]1CC[C@H](O1)[C@@H]2CC[C@H](O2)[C@@H](CCCCCCCCCC[C@H](CC3=CC(OC3=O)C)O)O)O,0,1.5844128547871075,0.2702943136953193,-0.10407421531046555,6.818160690227138,-1.3456679944426635
(Z)-N-(1-((6-chloropyridin-3-yl)methyl)imidazolidin-2-ylidene)nitramide,C1CN(/C(=N\[N+](=O)[O-])/N1)CC2=CN=C(C=C2)Cl,0,-2.11587185691452,-0.5101487589144582,1.6725949137611045,2.575060179299438,0.5884789298519192
"[(1S,2R,3R,4S,5R,6S,8R,9S,13S,16R,17R,18S)-11-ethyl-8,9-dihydroxy-4,6,16,18-tetramethoxy-11-azahexacyclo[7.7.2.12,5.01,10.03,8.013,17]nonadecan-13-yl]methyl 2-(3-methyl-2,5-dioxopyrrolidin-1-yl)benzoate",CCN1C[C@@]2(CC[C@H]([C@@]34[C@@H]2[C@@H]([C@@](C31)([C@]5(C[C@@H]([C@H]6C[C@@H]4[C@@H]5[C@H]6OC)OC)O)O)OC)OC)COC(=O)C7=CC=CC=C7N8C(=O)CC(C8=O)C,0,7.146596166388853,65.62480990700703,-9.206387294541416,-1.098729795853907,-3.9029137968828995
Copper(II) hydroxide sulfate,O.[OH-].[OH-].[OH-].[OH-].[OH-].[OH-].[O-]S(=O)(=O)[O-].[Cu+2].[Cu+2].[Cu+2].[Cu+2],0,-1.2726451451214134,-0.9686003304526721,-1.4150896770490122,0.470781391719994,0.16679140492670008
Remanex,B(O)(O)O[Hg]C1=CC=CC=C1.C1=C(C(=C(C(=C1Cl)Cl)CC2=C(C(=CC(=C2Cl)Cl)Cl)O)O)Cl,0,-1.580337127288554,0.07950683346645433,0.5273531345334563,0.3399291541420742,1.2548339756219435
Destruxin A,CC[C@H](C)[C@H]1C(=O)N([C@H](C(=O)N([C@H](C(=O)NCCC(=O)O[C@@H](C(=O)N2CCC[C@H]2C(=O)N1)CC=C)C)C)C(C)C)C,0,2.791261588185209,1.9289458579319778,16.238282306650646,16.940933938292243,0.2740094058139813
Emmamectin isomer,CC[C@H](C)[C@@H]1[C@H](C=C[C@@]2(O1)C[C@@H]3C[C@H](O2)C/C=C(/[C@H]([C@H](/C=C/C=C/4\CO[C@H]5[C@@]4([C@@H](C=C([C@H]5O)C)C(=O)O3)O)C)O[C@H]6C[C@@H]([C@H]([C@@H](O6)C)O[C@H]7C[C@@H]([C@H]([C@@H](O7)C)NC)OC)OC)\C)C,0,43.12784401651705,-3.1339852152515015,-4.177016795014762,-3.5541544041276967,1.2175762471872298
"(1'R,2R,3S,4'S,6S,8'R,10'E,12'S,13'S,14'E,16'E,20'R,21'R,24'S)-2-Cyclohexyl-21',24'-dihydroxy-12'-[(2R,4S,5S,6S)-5-[(2S,5S,6S)-5-hydroxy-4-methoxy-6-methyloxan-2-yl]oxy-4-methoxy-6-methyloxan-2-yl]oxy-3,11',13',22'-tetramethylspiro[2,3-dihydropyran-6,6'-3,7,19-trioxatetracyclo[15.6.1.14,8.020,24]pentacosa-10,14,16,22-tetraene]-2'-one",C[C@H]1/C=C/C=C/2\CO[C@H]3[C@@]2([C@@H](C=C([C@H]3O)C)C(=O)O[C@H]4C[C@@H](C/C=C(/[C@H]1O[C@H]5C[C@@H]([C@H]([C@@H](O5)C)O[C@H]6CC([C@H]([C@@H](O6)C)O)OC)OC)\C)O[C@]7(C4)C=C[C@@H]([C@H](O7)C8CCCCC8)C)O,0,41.35805226088596,-2.2113011032099354,-3.254819879634876,-3.507488929462291,2.614827403111435
Magnesium Silicate,[O-2].[O-2].[O-2].[Mg+2].[Si+4],0,-1.8979166427272671,-1.0094110615707577,-1.5809510622447507,0.5341727487944006,0.4805809427893229
"3-(3-(4'-Bromo-(1,1'-biphenyl)-4-yl)-3-hydroxy-1-phenylpropyl)-4-hydroxycoumarin",C1=CC=C(C=C1)[C@H](C[C@H](C2=CC=C(C=C2)C3=CC=C(C=C3)Br)O)C4=C(C5=CC=CC=C5OC4=O)O,0,-0.9931421898902173,-0.7647380382882945,2.573604727886014,3.2748968803155027,-1.4649631062410233
Dithane M-45,C(CNC(=S)[S-])NC(=S)[S-].C(CNC(=S)[S-])NC(=S)[S-].C(CNC(=S)[S-])NC(=S)[S-].C(CNC(=S)[S-])NC(=S)[S-].C(CNC(=S)[S-])NC(=S)[S-].C(CNC(=S)[S-])NC(=S)[S-].C(CNC(=S)[S-])NC(=S)[S-].C(CNC(=S)[S-])NC(=S)[S-].C(CNC(=S)[S-])NC(=S)[S-].C(CNC(=S)[S-])NC(=S)[S-].[Mn+2].[Mn+2].[Mn+2].[Mn+2].[Mn+2].[Mn+2].[Mn+2].[Mn+2].[Mn+2].[Zn+2],0,-1.8511564923107366,-0.48716723506887555,-1.71900830862061,0.1202620608688645,2.0571650192285027
Mefluidide-potassium,CC1=CC(=C(C=C1NC(=O)C)[N-]S(=O)(=O)C(F)(F)F)C.[K+],0,-2.022798034006651,-1.1538538150279694,-0.7225136072670151,-0.871861038228252,0.8581899912823245
Tetraglycine hydroperiodide,C(C(=O)O)N.C(C(=O)O)N.C(C(=O)O)N.C(C(=O)O)N.C(C(=O)O)N.C(C(=O)O)N.C(C(=O)O)N.C(C(=O)O)N.C(C(=O)O)N.C(C(=O)O)N.C(C(=O)O)N.C(C(=O)O)N.C(C(=O)O)N.C(C(=O)O)N.C(C(=O)O)N.C(C(=O)O)N.I.I.I.I.II.II.II.II.II,0,-2.0026484168258123,-1.0082984704292521,-1.2872361727500323,0.4315699028476457,0.31629141060952365
4-Dansyl aminophenylmercuric acetate,CC(=O)O[Hg]C1=CC=C(C=C1)NS(=O)(=O)C2=CC=CC3=C2C=CC=C3N(C)C,0,-2.0478569748641,-0.10142300511026824,-2.0443002257854235,0.5566122260694207,1.8811558882817472
Milbemycin alpha9,CC1CCC2(CC3CC(O2)C/C=C(/CC(/C=C/C=C/4\COC5C4(C(C=C(C5O)COC(=O)C6=CC=CN6)C(=O)O3)O)C)\C)OC1C,0,26.118869503956915,-1.7564785062043278,6.452874229648487,7.72218123771718,-4.619558212219216
"(10E,14E,16E)-21,24-dihydroxy-5',11,13,22-tetramethyl-6'-propan-2-ylspiro[3,7,19-trioxatetracyclo[15.6.1.14,8.020,24]pentacosa-10,14,16,22-tetraene-6,2'-oxane]-2-one",CC1CCC2(CC3CC(O2)C/C=C(/CC(/C=C/C=C/4\COC5C4(C(C=C(C5O)C)C(=O)O3)O)C)\C)OC1C(C)C,0,28.622950701190927,-3.207703944221852,3.310405834165258,5.81073174011574,-4.275617478497632
Strobilurin,CC(=CC1OC(C2(O1)COC3=C(O2)C=C(C=C3)/C=C/C=C(\C)/C(=C/OC)/C(=O)O)(C)C)C,0,-0.2985922957101537,3.4037645901398665,10.422778661145347,-6.980860793164883,3.181830731854896
Methylbromfenvinphos,COP(=O)(OC)O/C(=C/Br)/C1=C(C=C(C=C1)Cl)Cl,0,-2.076244573339243,-0.8484764019948217,-0.7469458968454724,-0.6090615098027778,-0.35811442964229173
"[cyano-(4-fluoro-3-phenoxyphenyl)methyl] 3-[(Z)-2-chloro-2-(4-chlorophenyl)ethenyl]-2,2-dimethylcyclopropane-1-carboxylate",CC1(C(C1C(=O)OC(C#N)C2=CC(=C(C=C2)F)OC3=CC=CC=C3)/C=C(/C4=CC=C(C=C4)Cl)\Cl)C,0,-1.1841847502800542,-0.6786416420691953,8.943768237098363,-11.857664257729162,-12.412987604546359
Calcium cyanide,[C-]#N.[C-]#N.[Ca+2],0,-1.9320366913596652,-1.0294278564070756,-1.4804819432198935,0.2240344885091523,0.35092173893828976
Ammonium Sulfate,[NH4+].[NH4+].[O-]S(=O)(=O)[O-],0,-1.6349514619506733,-0.9008715322145325,-1.6424108649325622,0.7680861278474007,0.5416577842807682
Copper oxychloride,[OH-].[OH-].[OH-].[Cl-].[Cu+2].[Cu+2],0,-1.4719854447924903,-1.0510122959469714,-1.3726944380925876,0.501736299560841,0.339131245869479
Lauryldimethylammonium acetate,CCCCCCCCCCCCN(C)C.CC(=O)O,0,-1.9856584183287214,-0.9489110722985967,-0.6210675713163766,0.23400525032236744,-0.3068386154034161
"(1R,2S,3R,5R,6S,7R,8S)-1,6,8,9,10,11,11-Heptachloro-4-oxatetracyclo[6.2.1.02,7.03,5]undec-9-ene",[C@H]12[C@H]([C@@H]([C@H]3[C@@H]1O3)Cl)[C@@]4(C(=C([C@]2(C4(Cl)Cl)Cl)Cl)Cl)Cl,0,-1.0405928059310448,-0.35602049481225967,-0.5326098334799636,0.16511147981264945,1.9108013248634559
Propoxycarbazone sodium,CCCOC1=NN(C(=O)N1C)C(=O)[N-]S(=O)(=O)C2=CC=CC=C2C(=O)OC.[Na+],0,-2.111468059603297,0.7736963501618732,-0.301179110975303,1.239626552278253,1.3909681213669602
"(1R,4S,5'S,6R,6'R,8R,10E,12S,13S,14E,16E,20R,21R,24S)-6'-[(2R)-Butan-2-yl]-21,24-dihydroxy-12-[(2R,4S,5S,6S)-5-[(2S,4S,5S,6S)-5-hydroxy-4-methoxy-6-methyloxan-2-yl]oxy-4-methoxy-6-methyloxan-2-yl]oxy-5',11,13,22-tetramethylspiro[3,7,19-trioxatetracyclo[15.6.1.14,8.020,24]pentacosa-10,14,16,22-tetraene-6,2'-oxane]-2-one",CC[C@@H](C)[C@@H]1[C@H](CC[C@@]2(O1)C[C@@H]3C[C@H](O2)C/C=C(/[C@H]([C@H](/C=C/C=C/4\CO[C@H]5[C@@]4([C@@H](C=C([C@H]5O)C)C(=O)O3)O)C)O[C@H]6C[C@@H]([C@H]([C@@H](O6)C)O[C@H]7C[C@@H]([C@H]([C@@H](O7)C)O)OC)OC)\C)C,0,43.769025928083146,-3.1033516067346576,-2.7249668422599758,-1.0560920384192278,-0.5138116189851725
CID 12358497,C1[C@@H]2[C@H]3[C@@H]([C@H]1[C@@H]4[C@H]2O4)[C@]5(C(=C([C@@]3(C5(Cl)Cl)Cl)Cl)Cl)Cl,0,-0.45936052785953124,0.9260613372574157,-0.23530096072845602,-0.5299543628688255,1.5728015073188752
Npc328442,[C@@H]12[C@@H]([C@H](C([C@H]1Cl)Cl)Cl)[C@]3(C(=C([C@@]2(C3(Cl)Cl)Cl)Cl)Cl)Cl,0,-1.3668593726917215,-0.3285553972757024,-0.8772776884559319,0.2749090468494864,1.0010324666580404
Metaboric acid,B(O)(O)OB(O)OB(O)O,0,-1.9580616337850467,-1.002701485747022,-1.4706497703099557,0.2450165573232617,0.4564737122889602
"(1R,2R,3R,7S)-1,8,9,10,11,11-hexachlorotetracyclo[6.2.1.13,6.02,7]dodeca-4,9-diene",C1[C@@H]2C=CC1[C@H]3[C@@H]2[C@]4(C(=C(C3(C4(Cl)Cl)Cl)Cl)Cl)Cl,0,-0.7192346621597483,-0.11551967574836337,-0.7779015395285523,-0.09989831919456538,0.8805453211520146
"(4R,7R,10S,13S,15Z,17R,19S)-7-[(2-bromo-1H-indol-3-yl)methyl]-4-(4-hydroxyphenyl)-8,10,13,15,17,19-hexamethyl-1-oxa-5,8,11-triazacyclononadec-15-ene-2,6,9,12-tetrone",C[C@@H]/1C[C@@H](OC(=O)C[C@@H](NC(=O)[C@H](N(C(=O)[C@@H](NC(=O)[C@H](C/C(=C1)/C)C)C)C)CC2=C(NC3=CC=CC=C32)Br)C4=CC=C(C=C4)O)C,0,2.0299303956002075,9.371995151279439,44.15099909842563,56.42517633370663,-11.02092185462738
2-Ammonio-4-(methylphosphinato)butanoate,CP(=O)(CCC(C(=O)[O-])[NH3+])[O-],0,-1.9615585735776624,0.33685128114712526,-1.9171465956512563,0.6184195875452129,0.5285931411758839
3-Acetyl-4-hydroxy-6-methyl-2H-pyran-2-one,CC1=CC(=C(C(=O)O1)C(=O)C)O,0,-1.364149705244853,-0.8555833395418829,0.45151131442747305,-0.05944338477914517,-0.030509517794153767
"2-Naphthacenecarboxamide, 4-(dimethylamino)-1,4,4a,5,5a,6,11,12a-octahydro-3,5,6,10,12,12a-hexahydroxy-6-methyl-1,11-dioxo-, hydrochloride (1:1), (4S,4aR,5S,5aR,6S,12aS)-",C[C@@]1([C@H]2[C@@H]([C@H]3[C@@H](C(=O)C(=C([C@]3(C(=O)C2=C(C4=C1C=CC=C4O)O)O)O)C(=O)N)N(C)C)O)O.Cl,0,1.398602004460027,-0.0006044283653516903,2.027837287436154,-1.3107039550210748,1.037023865316529
"Mercurate(1-), hydroxy(4-sulfonatophenyl)-, hydrogen",[H+].C1=CC(=CC=[C-]1)S(=O)(=O)[O-].[OH-].[Hg+2],0,-1.4604281651035464,-0.6589547410738819,-1.9384458567110114,0.6641465841544482,0.3788726360925463
Calcium oxytetracycline,C[C@@]1([C@H]2[C@@H]([C@H]3[C@@H](C(=O)C(=C([C@]3(C(=O)C2=C(C4=C1C=CC=C4[O-])[O-])O)O)C(=O)N)N(C)C)O)O.[Ca+2],0,1.3042863186873843,-0.09819995678182981,1.6704601137180368,-0.24164374614369652,1.341409279404309
Griseofulvin,C[C@@H]1CC(=O)C=C([C@]12C(=O)C3=C(O2)C(=C(C=C3OC)OC)Cl)OC,0,0.16148907243580596,1.6714428892195488,1.6780128833836017,0.7810149781282645,1.8130953459244634
CID 441748,CCN1C[C@@]2(CC[C@@H]([C@@]34[C@@H]2[C@@H]([C@@](C31)([C@]5(C[C@@H]([C@H]6C[C@@H]4[C@@H]5[C@H]6OC)OC)O)O)OC)OC)COC(=O)C7=CC=CC=C7N8C(=O)CC(C8=O)C,0,7.146596166388853,65.62480990700703,-9.206387294541416,-1.098729795853907,-3.9029137968828995
Azadirachtin A+B,CC=C(C)C(=O)O[C@H]1C[C@H]([C@]2(CO[C@@H]3[C@@H]2[C@]14CO[C@@]([C@H]4[C@]([C@@H]3O)(C)[C@@]56[C@@H]7C[C@H]([C@@]5(O6)C)[C@]8(C=CO[C@H]8O7)O)(C(=O)OC)O)C(=O)OC)OC(=O)C,0,4.845925612999291,10.747266201025964,40.24177303579801,-19.81015669540289,62.08553247702047
7-Dehydrocholesterol,C[C@H](CCCC(C)C)[C@H]1CC[C@@H]2[C@@]1(CC[C@H]3C2=CC=C4[C@@]3(CC[C@@H](C4)O)C)C,0,2.8658671978964665,0.2639119788813565,1.3930966766908905,1.0305870554240821,-0.37635992981740873
Strychnine,C1CN2CC3=CCO[C@H]4CC(=O)N5[C@H]6[C@H]4[C@H]3C[C@H]2[C@@]61C7=CC=CC=C75,0,2.772179453731353,2.4979041177742873,2.626369651478937,0.23670719416189154,-1.7659080893628205
Digitoxin,C[C@@H]1[C@H]([C@H](C[C@@H](O1)O[C@@H]2[C@H](O[C@H](C[C@@H]2O)O[C@@H]3[C@H](O[C@H](C[C@@H]3O)O[C@H]4CC[C@]5([C@@H](C4)CC[C@@H]6[C@@H]5CC[C@]7([C@@]6(CC[C@@H]7C8=CC(=O)OC8)O)C)C)C)C)O)O,0,8.981535351245256,4.4839680285332895,1.7882608869241574,-0.3545611475959075,-1.2640190442940156
"(2S)-4-((2S,13R)-2,13-Dihydroxy-13-((2R,5R)-5-((2R,5R)-5-((1R)-1-Hydroxyundecyl)Oxolan-2-Yl)Oxolan-2-Yl)Tridecyl)-2-Methyl-2H-Furan-5-One",CCCCCCCCCC[C@H]([C@H]1CC[C@@H](O1)[C@H]2CC[C@@H](O2)[C@@H](CCCCCCCCCC[C@@H](CC3=C[C@@H](OC3=O)C)O)O)O,0,1.5844128547871075,0.2702943136953193,-0.10407421531046555,6.818160690227138,-1.3456679944426635
Scilliroside,CC(=O)O[C@@H]1C[C@@]2([C@H](CC[C@]3([C@@]2(CC[C@@H]3C4=COC(=O)C=C4)O)C)[C@@]5(C1=C[C@H](CC5)O[C@H]6[C@@H]([C@H]([C@@H]([C@H](O6)CO)O)O)O)C)O,0,4.563306067179593,5.396291945678692,14.035214893313267,1.1110727637409323,1.293215331583693
alpha-Cubebene,C[C@@H]1CC[C@H]([C@H]2[C@]13[C@@H]2C(=CC3)C)C(C)C,0,1.1213931018286685,0.23305900803316149,2.8602133581480875,-1.2072287777229056,2.543804560076972
Bispyribac,COC1=CC(=NC(=N1)OC2=C(C(=CC=C2)OC3=NC(=CC(=N3)OC)OC)C(=O)O)OC,0,-2.317314410850075,-0.7455943195803623,-1.8228773307383406,0.4094015713816397,0.87984354221468
Sodium Arsenite,[O-][As]=O.[Na+],0,-1.6985369281058602,-1.0619202948219761,-1.460214394068475,0.7935011866477969,0.5066435651805391
Fumaric Acid,C(=C/C(=O)O)\C(=O)O,0,-1.8502048454275766,-0.8963354112156043,-0.8127048997909383,-0.03788173332101836,0.14166338697850164
Oleic Acid,CCCCCCCC/C=C\CCCCCCCC(=O)O,0,-2.1180863205337066,-1.144378376506036,-0.9568584983923447,0.8202311345667721,-0.37650057486569183
"(1R,4S,5'S,6R,6'R,8R,10E,13S,14E,16E,20R,21R,24S)-6'-[(2S)-butan-2-yl]-21,24-dihydroxy-12-[(2R,4S,5S,6S)-5-[(2S,4S,5S,6S)-5-hydroxy-4-methoxy-6-methyloxan-2-yl]oxy-4-methoxy-6-methyloxan-2-yl]oxy-5',11,13,22-tetramethylspiro[3,7,19-trioxatetracyclo[15.6.1.14,8.020,24]pentacosa-10,14,16,22-tetraene-6,2'-oxane]-2-one",CC[C@H](C)[C@@H]1[C@H](CC[C@@]2(O1)C[C@@H]3C[C@H](O2)C/C=C(/C([C@H](/C=C/C=C/4\CO[C@H]5[C@@]4([C@@H](C=C([C@H]5O)C)C(=O)O3)O)C)O[C@H]6C[C@@H]([C@H]([C@@H](O6)C)O[C@H]7C[C@@H]([C@H]([C@@H](O7)C)O)OC)OC)\C)C,0,43.769025928083146,-3.1033516067346576,-2.7249668422599758,-1.0560920384192278,-0.5138116189851725
alpha-Cyhalothrin,CC1(C(C1C(=O)OC(C#N)C2=CC(=CC=C2)OC3=CC=CC=C3)C=C(C(F)(F)F)Cl)C,0,-1.8079173187800766,-0.5424689695543502,9.323138627451808,-13.263097369984461,-13.780757029446066
Neofos 2,CC(=CC1C(C1(C)C)C(=O)OCN2C(=O)C3=C(C2=O)CC=CC3)C.COP(=O)(OC)OC=C(Cl)Cl,0,-0.5617156613433519,1.5348162304629525,9.388402968544524,-9.177786612510959,-7.220002860493823
Farnesol,CC(=CCC/C(=C/CC/C(=C/CO)/C)/C)C,0,-1.4417465082521612,-0.8627328761752737,0.07649889426319739,-0.5968618444593621,-0.3856475476709883
2-(Phosphonomethylamino)acetic acid; propan-2-amine,CC(C)[NH3+].C(C(=O)[O-])NCP(=O)(O)O,0,-2.127403686112954,-1.2970076009641394,-2.1779757712465027,0.7432889658238304,0.8383042800356691
Selenium,[Se],0,-1.8372625550960258,-0.9564492749311411,-1.4916145658097963,0.4853515992274551,0.46523567848764724
Tyrothricin,CC(C)C[C@H]1C(=O)N[C@@H](C(=O)N2CCC[C@H]2C(=O)N[C@H](C(=O)N[C@@H](C(=O)[C@@H](NC(=O)[C@@H](N[C@H](C(=O)N[C@H](C(=O)N[C@H](C(=O)N1)CCCN)C(C)C)CC3=CC=C(C=C3)O)CCC(=O)O)CC(=O)N)CC4=CC=CC=C4)CC5=CC=CC=C5)CC6=CC=CC=C6,0,-0.7056520671433545,1.9823836277762967,14.13864530354584,12.367159938880699,-2.0115165294447896
Phosphinidene,[PH],0,-1.8313009283725976,-0.9414290912803195,-1.4516361490766456,0.48115606289581214,0.5469769624176816
"((1S)-2-methyl-4-oxo-3-((2E)-penta-2,4-dienyl)cyclopent-2-en-1-yl) (1R,3R)-3-((E)-3-methoxy-2-methyl-3-oxo-prop-1-enyl)-2,2-dimethyl-cyclopropanecarboxylate",CC1=C(C(=O)C[C@@H]1OC(=O)[C@@H]2[C@H](C2(C)C)/C=C(\C)/C(=O)OC)C/C=C/C=C,0,-0.6686588974297163,0.5839215510850135,17.523478750129467,-13.816946546562498,-9.974491677688253
Mercury oleate,CCCCCCCC/C=C\CCCCCCCC(=O)[O-].CCCCCCCC/C=C\CCCCCCCC(=O)[O-].[Hg+2],0,-2.1588242387645313,-1.2068933054228566,-1.1056219509709455,0.8748953842573399,-0.3398025184132291
"(3E,5E)-1,3,5-Decatriene",CCCC/C=C/C=C/C=C,0,-1.5794810768744951,-1.1065033697976765,0.5308944298130943,0.24441045131675793,-0.3275739632308155
"N-Oleyl-1,3-propylenediamine 2,4-dichlorophenoxyacetate",CCCCCCCC/C=C\CCCCCCCCNCCCN.C1=CC(=C(C=C1Cl)Cl)OCC(=O)O,0,-2.6229498742473583,-1.2603498913835707,-0.7574568335955344,0.2998932555336107,-0.7070701102502918
"(Z,Z)-11,13-Hexadecadienal",CC/C=C\C=C/CCCCCCCCCC=O,0,-1.9701667172365875,-0.9754564287795688,-0.15066079573984018,0.027367175769816978,0.6589148345295565
Strobilurin A,C/C(=C/C=C/C1=CC=CC=C1)/C(=C\OC)/C(=O)OC,0,-1.996278177929292,0.8526284342623639,5.548447484700357,-4.0259820686852805,3.5267890834333655
Chimeric small nucleolar RNA-TAR decoy,CCN1CC2(CCC(C34C2[C@@H]([C@](C31)([C@]5(CC(C6CC4C5C6OC)OC)O)O)OC)OC)COC(=O)C7=CC=CC=C7N8C(=O)CC(C8=O)C,0,7.146596166388853,65.62480990700703,-9.206387294541416,-1.098729795853907,-3.9029137968828995
Milbemycin D,C[C@H]1CC[C@]2(C[C@@H]3C[C@H](O2)C/C=C(/C[C@H](/C=C/C=C/4\CO[C@H]5[C@@]4([C@@H](C=C([C@H]5O)C)C(=O)O3)O)C)\C)O[C@@H]1C(C)C,0,28.622950701190927,-3.207703944221852,3.310405834165258,5.81073174011574,-4.275617478497632
Strobilurin F,CC(=CCOC1=C(C=C(C=C1)/C=C/C=C(/C)\C(=C/OC)\C(=O)OC)O)C,0,-1.9412432930602177,0.6637398669643444,5.8789024442584505,-5.65658250692439,4.669225235549228
RU 39568,CCCCOC(=O)/C=C\[C@H]1[C@H](C1(C)C)C(=O)O[C@H](C#N)C2=CC(=C(C=C2)F)OC3=CC=CC=C3,0,-1.087910602258874,-0.6347413138135214,8.243266370206369,-11.360826292327438,-12.440450409050369
Milbemycin alpha6,CCCCC(C)C(=O)OC1[C@@H]([C@H](O[C@]2([C@@H]1O)C[C@@H]3C[C@H](O2)C/C=C(/C[C@H](/C=C/C=C/4\CO[C@H]5[C@@]4(C(C=C([C@H]5OC)C)C(=O)O3)O)C)\C)C)C,0,24.86108072994246,-1.3015432933322644,4.117536159222185,5.573055708480958,-4.246451087204109
Bromacil-lithium,[Li+].CCC(C)N1C(=O)C(=C([N-]C1=O)C)Br,0,-0.2668547327775118,-0.2596154561425469,0.2515424564379166,1.4689727901785448,0.6608639634929677
Pharmakon1600-01300027,CCC(C)[C@@H]1[C@H](CC[C@@]2(O1)C[C@@H]3C[C@H](O2)C/C=C(/[C@H]([C@H](/C=C/C=C/4\CO[C@H]5[C@@]4([C@@H](C=C([C@H]5O)C)C(=O)O3)O)C)OC6C[C@@H](C([C@@H](O6)C)O[C@H]7C[C@@H]([C@H]([C@@H](O7)C)O)OC)OC)\C)C,0,43.769025928083146,-3.1033516067346576,-2.7249668422599758,-1.0560920384192278,-0.5138116189851725
Cytoline,CC12[C@H](CC[C@@]3([C@@H]1[C@@H]([C@]45[C@H]3CC[C@H](C4)C(=C)C5)C(=O)O)OC2=O)O.CC12[C@H](C=C[C@@]3([C@@H]1[C@@H]([C@]45[C@H]3CC[C@H](C4)C(=C)C5)C(=O)O)OC2=O)O.C1=CC=C(C=C1)CNC2=NC=NC3=C2NC=N3,0,2.7143334779479145,8.235052020161557,12.570778177534494,-2.0311769648951254,8.230106121331044
Sodium 2-mercaptobenzothiazole,C1=CC=C2C(=C1)N=C(S2)[S-].[Na+],0,-1.7932312651744649,0.8468427423989319,-1.6056329768854993,1.6684853795421541,0.3953581875235724
CID 146158032,[2H]C([2H])([2H])NC(=N[N+](=O)[O-])NCC1=CN=C(S1)Cl,0,-1.1097106904315475,-0.16137789276740103,0.4277935593072731,-0.054744899572792854,2.59366089370908
"(6R,24S)-21,24-dihydroxy-5',11,13,22-tetramethyl-6'-propan-2-ylspiro[3,7,19-trioxatetracyclo[15.6.1.14,8.020,24]pentacosa-10,14,16,22-tetraene-6,2'-oxane]-2-one",CC1CC[C@]2(CC3CC(O2)CC=C(CC(C=CC=C4COC5[C@@]4(C(C=C(C5O)C)C(=O)O3)O)C)C)OC1C(C)C,0,28.622950701190927,-3.207703944221852,3.310405834165258,5.81073174011574,-4.275617478497632
Toxaphene,C=C1C(C2(C(C(C1(C2(Cl)Cl)Cl)Cl)Cl)Cl)(CCl)CCl,0,-1.865253531676534,-0.686632662673367,0.20301231485002214,0.28319577846408556,0.034145314385637136
"(1R,4S,5'S,6R,6'S,8R,10E,12S,13S,14E,16E,20R,21R,24S)-6'-[(2S)-butan-2-yl]-21,24-dihydroxy-12-[(2R,4S,5S,6S)-5-[(2S,4S,5S,6S)-5-hydroxy-4-methoxy-6-methyloxan-2-yl]oxy-4-methoxy-6-methyloxan-2-yl]oxy-5',11,13,22-tetramethylspiro[3,7,19-trioxatetracyclo[15.6.1.14,8.020,24]pentacosa-10,14,16,22-tetraene-6,2'-oxane]-2-one",CC[C@H](C)[C@H]1[C@H](CC[C@@]2(O1)C[C@@H]3C[C@H](O2)C/C=C(/[C@H]([C@H](/C=C/C=C/4\CO[C@H]5[C@@]4([C@@H](C=C([C@H]5O)C)C(=O)O3)O)C)O[C@H]6C[C@@H]([C@H]([C@@H](O6)C)O[C@H]7C[C@@H]([C@H]([C@@H](O7)C)O)OC)OC)\C)C,0,43.769025928083146,-3.1033516067346576,-2.7249668422599758,-1.0560920384192278,-0.5138116189851725
"[(1S,2R,3R,4S,5R,6S,8R,9S,13S,16S,17R,18S)-11-Ethyl-8,9-dihydroxy-4,6,16,18-tetramethoxy-11-azahexacyclo[7.7.2.12,5.01,10.03,8.013,17]nonadecan-13-yl]methyl 2-[(3S)-3-methyl-2,5-dioxopyrrolidin-1-yl]benzoate",CCN1C[C@@]2(CC[C@@H]([C@@]34[C@@H]2[C@@H]([C@@](C31)([C@]5(C[C@@H]([C@H]6C[C@@H]4[C@@H]5[C@H]6OC)OC)O)O)OC)OC)COC(=O)C7=CC=CC=C7N8C(=O)C[C@@H](C8=O)C,0,7.146596166388853,65.62480990700703,-9.206387294541416,-1.098729795853907,-3.9029137968828995
Rolliniastatin-2,CCCCCCCCCC[C@@H]([C@H]1CC[C@@H](O1)[C@H]2CC[C@@H](O2)[C@@H](CCCCCCCCCCC(CC3=C[C@@H](OC3=O)C)O)O)O,0,1.5844128547871075,0.2702943136953193,-0.10407421531046555,6.818160690227138,-1.3456679944426635
p-Mercuribenzoate,C1=CC(=CC=C1C(=O)[O-])[Hg],0,-1.4875744203637882,0.21389024732402523,-1.2748719039029868,-0.044846873789906865,-0.2379674267378728
[3H]methyllycaconitine,CCN1C[C@@]2(CC[C@@H]([C@@]34[C@@H]2[C@@H]([C@@]([C@H]31)([C@]5(C[C@@H]([C@H]6C[C@@H]4[C@@H]5[C@H]6OC)OC)O)O)OC)OC)COC(=O)C7=CC=CC=C7N8C(=O)C[C@@H](C8=O)C,0,7.146596166388853,65.62480990700703,-9.206387294541416,-1.098729795853907,-3.9029137968828995
Methyl (2E)-(methoxyimino)(2-((((Z)-(1-(3-(trifluoromethyl)phenyl)ethylidene)amino)oxy)methyl)phenyl)acetate,C/C(=N/OCC1=CC=CC=C1/C(=N\OC)/C(=O)OC)/C2=CC(=CC=C2)C(F)(F)F,0,-1.72073894188985,1.8516505194527295,2.7226369284457004,1.9549578436755575,-1.147802506757476
"(4Z)-3-((2-chloro-1,3-thiazol-5-yl)methyl)-5-methyl-N-nitro-1,3,5-oxadiazinan-4-imine",CN\1COCN(/C1=N\[N+](=O)[O-])CC2=CN=C(S2)Cl,0,-0.5681652569313027,-1.059000912354017,0.3790858721366386,1.5083255631359562,0.38330681884363693
"Bromonitrostyrene, (E)-",C1=CC=C(C=C1)/C=C(\[N+](=O)[O-])/Br,0,-2.013815061057294,-0.8062290872335486,0.10217109227468271,-0.2990671375555325,0.08808601289689716
Methyl beta-eleostearate,CCCC/C=C/C=C/C=C/CCCCCCCC(=O)OC,0,-1.4603524531074774,-1.1372696684660257,-0.7218057310136992,0.3661951552153188,-0.07027984710299662
Ivermectin (USAN:USP:INN:BAN),CCC(C)[C@@H]1[C@H](CC[C@@]2(O1)CC3C[C@H](O2)C/C=C(/[C@H]([C@H](/C=C/C=C/4\CO[C@H]5[C@@]4([C@@H](C=C([C@H]5O)C)C(=O)O3)O)C)O[C@H]6C[C@@H]([C@H]([C@@H](O6)C)OC7C[C@@H]([C@H]([C@@H](O7)C)O)OC)OC)\C)C.C[C@H]1CC[C@]2(CC3C[C@H](O2)C/C=C(/[C@H]([C@H](/C=C/C=C/4\CO[C@H]5[C@@]4([C@@H](C=C([C@H]5O)C)C(=O)O3)O)C)O[C@H]6C[C@@H]([C@H]([C@@H](O6)C)OC7C[C@@H]([C@H]([C@@H](O7)C)O)OC)OC)\C)O[C@@H]1C(C)C,0,44.48834121066375,-3.2244924279465303,-2.429443677656962,-0.6163300717128323,-0.670437611074613
Eprinomectin,C[C@H]1/C=C\C=C/2\CO[C@H]3[C@@]2([C@@H](C=C([C@H]3O)C)C(=O)O[C@H]4C[C@@H](C/C=C(\[C@H]1O[C@H]5C[C@@H]([C@@H]([C@@H](O5)C)O[C@H]6C[C@H]([C@@H]([C@@H](O6)C)NC(=O)C)OC)OC)/C)O[C@]7(C4)C=C[C@@H]([C@H](O7)C(C)C)C)O,0,40.74950547009893,-2.821766450366795,-3.7192697343665135,-3.0175719901712603,1.1944425986831577
"N-2,4-dinitrophenyl (bis)glycine",C1=C(C(=CC(=C1NCC(=O)O)[N+](=O)[O-])[N+](=O)[O-])NCC(=O)O,0,-2.351103689582234,-1.2282188792224722,-1.4728145109401978,0.2372413011324229,0.7243456476879124
Abamectin [ANSI:ISO],CCC(C)[C@@H]1[C@H](C=C[C@@]2(O1)C[C@@H]3C[C@H](O2)C/C=C(/[C@H]([C@H](/C=C/C=C/4\CO[C@H]5[C@@]4([C@@H](C=C([C@H]5O)C)C(=O)O3)O)C)O[C@H]6C[C@@H]([C@H]([C@@H](O6)C)O[C@H]7C[C@@H]([C@H]([C@@H](O7)C)O)OC)OC)\C)C.C[C@H]1/C=C/C=C/2\CO[C@H]3[C@@]2([C@@H](C=C([C@H]3O)C)C(=O)O[C@H]4C[C@@H](C/C=C(/[C@H]1O[C@H]5C[C@@H]([C@H]([C@@H](O5)C)O[C@H]6C[C@@H]([C@H]([C@@H](O6)C)O)OC)OC)\C)O[C@]7(C4)C=C[C@@H]([C@H](O7)C(C)C)C)O,0,43.73596383096773,-3.1109876662856135,-3.7652067197460357,-2.952067185889474,1.0750219710328148
"3,5,7-Triaza-1-azoniatricyclo(3.3.1.13,7)decane, 1,1'-(2-butene-1,4-diyl)bis-, chloride (1:2)",C1N2CN3CN1C[N+](C2)(C3)C/C=C/C[N+]45CN6CN(C4)CN(C6)C5.[Cl-].[Cl-],0,-0.7047238394030355,0.4687515151186005,-0.9603337047063176,0.9940585144474211,0.3720191810936324
Oleyltrimethylammonium chloride,CCCCCCCC/C=C\CCCCCCCC[N+](C)(C)C.[Cl-],0,-1.5022717760907065,-1.0381125148566217,-0.13069864000961268,1.325666483547968,0.8794290882046442
Acrinathrin,CC1([C@H]([C@H]1C(=O)O[C@H](C#N)C2=CC(=CC=C2)OC3=CC=CC=C3)/C=C\C(=O)OC(C(F)(F)F)C(F)(F)F)C,0,-1.4632826023434506,-0.9268342845171244,8.269519944391776,-12.440787183785556,-12.87548856367079
gamma-Cyhalothrin,CC1([C@H]([C@H]1C(=O)O[C@H](C#N)C2=CC(=CC=C2)OC3=CC=CC=C3)/C=C(/C(F)(F)F)\Cl)C,0,-1.8079173187800766,-0.5424689695543502,9.323138627451808,-13.263097369984461,-13.780757029446066
Strobilurin B,C/C(=C/C=C/C1=CC(=C(C=C1)Cl)OC)/C(=C\OC)/C(=O)OC,0,-2.2614099489885104,1.1182353992166212,4.885006836271828,-5.11834497888284,4.61135404069055
Strobilurin H,C/C(=C/C=C/C1=CC(=CC=C1)OC)/C(=C\OC)/C(=O)OC,0,-2.16428941697778,0.6568917740531103,5.541479418685354,-5.704258995454686,3.6206319553354844
"(R)-Cyano(3-phenoxyphenyl)methyl (1R,3S)-3-(2,2-dichloroethenyl)-2,2-dimethylcyclopropanecarboxylate",CC1([C@@H]([C@H]1C(=O)O[C@@H](C#N)C2=CC(=CC=C2)OC3=CC=CC=C3)C=C(Cl)Cl)C,0,-1.6305265135332387,-0.4997749504487652,8.734110117590905,-12.307037949106864,-12.797407831192583
Fenfluthrin,CC1([C@@H]([C@H]1C(=O)OCC2=C(C(=C(C(=C2F)F)F)F)F)C=C(Cl)Cl)C,0,-0.619642819910753,1.5767709607367024,6.575445263418385,-7.181142167195117,-7.832346944076914
Zinc arsenate,[O-][As](=O)([O-])[O-].[O-][As](=O)([O-])[O-].[Zn+2].[Zn+2].[Zn+2],0,-1.7623567880452662,-1.0655492077316755,-1.7114989270424084,0.44085623853250705,0.5023046749142516
Zinc bis(pentachlorophenolate),C1(=C(C(=C(C(=C1Cl)Cl)Cl)Cl)Cl)[O-].C1(=C(C(=C(C(=C1Cl)Cl)Cl)Cl)Cl)[O-].[Zn+2],0,-2.105123105561814,-1.1496496709595745,-1.659475830067749,0.33394349323738615,0.5274769758063964
Mecoprop-trolamine,CC1=C(C=CC(=C1)Cl)OC(C)C(=O)O.C(CO)N(CCO)CCO,0,-1.6992268098251035,-0.3735194806935838,-2.402763650145647,-0.142437651498432,-0.3791453690410834
"cis-(2-methyl-3-phenylphenyl)methyl (1R,3S)-3-[(E)-2-chloro-3,3,3-trifluoroprop-1-enyl]-2,2-dimethylcyclopropane-1-carboxylate",CC1=C(C=CC=C1C2=CC=CC=C2)COC(=O)[C@@H]3[C@H](C3(C)C)/C=C(\C(F)(F)F)/Cl,0,-1.8753336805239587,0.06934696400491666,8.029027284579568,-9.947053765348343,-10.242130064894829
"4,3(2H)-dione, 3a,4,7,7a-tetrahydro-5-(hydroxyphenyl-2-pyridinylmethyl)-8-(phenyl-2-pyridinylmethylene)-",C1=CC=C(C=C1)/C(=C/2\C3C=C(C2C4C3C(=O)NC4=O)C(C5=CC=CC=C5)(C6=CC=CC=N6)O)/C7=CC=CC=N7,0,-1.1004539618070048,0.9160232162460937,3.8592569124959035,4.410983271221123,2.2446957195926642
Quizalofop-p-ethyl,CCOC(=O)[C@@H](C)OC1=CC=C(C=C1)OC2=CN=C3C=C(C=CC3=N2)Cl,0,-1.4162118868131852,-0.444039842109503,-2.0622531980766063,-0.8309403774616294,-0.8210880199382976
Methoquin-butyl,CCCCOC(=O)C1=C(C=NC2=CC=CC=C21)C,0,-2.1101186843242865,-0.03529630269963086,-0.5567642091826479,0.8468130081049383,-0.09254402523042383
Copper arsenate hydroxide (Cu2(AsO4)(OH)),[OH-].[O-][As](=O)([O-])[O-].[Cu+2].[Cu+2],0,-1.3700663085915195,-1.1416841246679998,-1.617475794506697,0.37221308842078527,0.2718031538451964
Dicyclanil,C1CC1NC2=NC(=C(C(=N2)N)C#N)N,0,-1.9771147181266864,-0.9261137180747624,-1.3384805116689165,0.28838966102214414,0.6599270267596461
"(1R,4S,5'S,6R,6'R,8R,12S,13S,20R,21R,24S)-6'-[(2S)-butan-2-yl]-21,24-dihydroxy-12-[(2R,4S,5S,6S)-5-[(2S,4S,5S,6S)-5-hydroxy-4-methoxy-6-methyloxan-2-yl]oxy-4-methoxy-6-methyloxan-2-yl]oxy-5',11,13,22-tetramethylspiro[3,7,19-trioxatetracyclo[15.6.1.14,8.020,24]pentacosa-10,14,16,22-tetraene-6,2'-oxane]-2-one",CC[C@H](C)[C@@H]1[C@H](CC[C@@]2(O1)C[C@@H]3C[C@H](O2)CC=C([C@H]([C@H](C=CC=C4CO[C@H]5[C@@]4([C@@H](C=C([C@H]5O)C)C(=O)O3)O)C)O[C@H]6C[C@@H]([C@H]([C@@H](O6)C)O[C@H]7C[C@@H]([C@H]([C@@H](O7)C)O)OC)OC)C)C,0,43.769025928083146,-3.1033516067346576,-2.7249668422599758,-1.0560920384192278,-0.5138116189851725
"(R)-cyano(3-phenoxyphenyl)methyl (1S,3S)-3-(2,2-dichloroethenyl)-2,2-dimethylcyclopropanecarboxylate",CC1([C@@H]([C@@H]1C(=O)O[C@@H](C#N)C2=CC(=CC=C2)OC3=CC=CC=C3)C=C(Cl)Cl)C,0,-1.6305265135332387,-0.4997749504487652,8.734110117590905,-12.307037949106864,-12.797407831192583
"2,4-Dinitro-6-(1'-methylheptyl)phenol",CCCCCCC(C)C1=C(C(=CC(=C1)[N+](=O)[O-])[N+](=O)[O-])O,0,-2.1837860502928774,-1.4545366705727538,-1.7310400228521938,2.044420681781467,-0.36741296213888935
Azithiram,CN(C)NC(=S)SSC(=S)NN(C)C,0,-1.3944775040149477,-1.0352841314852153,-1.5853370091127301,0.3338987510074884,1.1943687801248213
Oxine-copper,C1=CC2=C(C(=C1)[O-])N=CC=C2.C1=CC2=C(C(=C1)[O-])N=CC=C2.[Cu+2],0,-2.366816270571231,-1.0035515134853195,-2.07855338652956,0.6701743217893344,1.129625443353379
Phenylmercury dimethyldithiocarbamate,CN(C)C(=S)[S-].C1=CC=[C-]C=C1.[Hg+2],0,-1.2809877207605047,-0.33360536857027173,-2.029622268736395,-0.030332722336943348,0.5043795849976942
Nithiazine,C1CN/C(=C\[N+](=O)[O-])/SC1,0,-1.990111214099372,-0.9142772149976189,0.5521682733868202,0.6490803940697366,-0.6378366691699395
"Manganese, (N-(2-((dithiocarboxy)amino)ethyl)carbamodithioato(2-)-kappaS,kappaS')-, mixt. with C,C'-dimethyl N,N'-(1,2-phenylenebis(iminocarbonothioyl))bis(carbamate) and (N-(2-((dithiocarboxy)amino)ethyl)carbamodithioato(2-)-kappaS,kappaS')zinc",COC(=O)NC(=S)NC1=CC=CC=C1NC(=S)NC(=O)OC.C(CNC(=S)[S-])NC(=S)[S-].C(CNC(=S)[S-])NC(=S)[S-].[Mn+2].[Zn+2],0,-1.4106092277159954,-0.14371761883559028,-1.3835798417159941,-0.695429285848995,2.3244100821928844
Tecoram,CN(C)C(=S)SSC(=S)NCCNC(=S)SSC(=S)N(C)C,0,-2.155489669598198,-1.093276357588315,-2.1124971981074667,0.1948705577239811,1.3479267773882084
Nitenpyram,CCN(CC1=CN=C(C=C1)Cl)/C(=C/[N+](=O)[O-])/NC,0,-1.5794134402813922,-1.048186645125239,-0.7408026823623958,-0.3522746998416197,0.8574059960931039
Methiuron,CC1=CC(=CC=C1)NC(=S)N(C)C,0,-2.1892894583060842,-0.6961509065070708,-1.8737774167232162,-0.2797910004277432,0.40045049775975017
Benazolin-ethyl,CCOC(=O)CN1C2=C(C=CC=C2Cl)SC1=O,0,-1.159219083459297,0.8544304047031814,1.1753995710418015,2.1109473663333285,-0.7904154240561343
Diammonium ethylenebis(dithiocarbamate),C(CNC(=S)S)NC(=S)S.N.N,0,-2.1380394096282425,-1.1520644524414176,-2.253262128504995,0.552726669314686,1.0803013080379016
Piproctanyl bromide,CC(C)CCCC(C)CC[N+]1(CCCCC1)CC=C.[Br-],0,0.7481725526035105,0.5721134225867838,0.046011147719913915,1.20317000064318,0.6347123698909203
Metam,CNC(=S)S,0,-1.9336005917210293,-1.0087818830566082,-1.6612786946590297,0.20457693756654977,0.7226062646721668
"2(3H)-Benzothiazolethione, compd. with 2-aminoethanol (1:1)",C1=CC=C2C(=C1)NC(=S)S2.C(CO)N,0,-2.2214649233285972,-0.4985181592781744,0.8471643855523296,4.1447189930301676,-0.15693553556359574
"Manganese, (N-(2-((dithiocarboxy)amino)ethyl)carbamodithioato(2-)-kappaS,kappaS')-, mixt. with C,C'-dimethyl N,N'-(1,2-phenylenebis(iminocarbonothioyl))bis(carbamate)",COC(=O)NC(=S)NC1=CC=CC=C1NC(=S)NC(=O)OC.C(CNC(=S)[S-])NC(=S)[S-].[Mn+2],0,-1.3813641693188916,-0.12588738408397104,-1.3137145995001462,-0.7015892095969881,2.2427878790716167
"11-Tetradecen-1-ol, (11E)-",CC/C=C/CCCCCCCCCCO,0,-1.9325319212587573,-0.996298781900478,-0.26768568003356147,1.8080629962576744,-0.1266132621501278
S-Methoprene,C[C@@H](CCCC(C)(C)OC)C/C=C/C(=C/C(=O)OC(C)C)/C,0,-0.4555556107028951,-1.3919657037613484,-0.036824644422402956,-0.9176415121125923,1.2731947830971915
Potassium o-phenylphenate,C1=CC=C(C=C1)C2=CC=CC=C2[O-].[K+],0,-2.2498322629823955,-0.8709314281823605,-1.4116096731329175,0.18329425233789168,-0.10535209221091445
Sodium 3-(3-ethylcyclopentyl)propanoate,CCC1CCC(C1)CCC(=O)[O-].[Na+],0,-0.028863973982828178,2.6206987644609083,-1.6948775008425416,0.4852852542713302,-0.13130039011699474
"Sulfamic acid, monopotassium salt",NS(=O)(=O)[O-].[K+],0,-1.687308063573213,-0.8954765761837336,-1.66135308390872,0.8276310057146544,0.6846380078270425
3-Chloro-2-biphenylol sodium,C1=CC=C(C=C1)C2=C(C(=CC=C2)Cl)[O-].[Na+],0,-2.123822145742436,-0.8970490900166991,-0.6163160043356444,-0.5600937028465466,-0.2155337764621065
Proxan-sodium,CC(C)OC(=S)[S-].[Na+],0,-0.8777063993346655,0.1329553710763471,-1.7175642107373508,0.158529016168997,0.08197946023034744
"Benzenesulfonic acid, methyl-, potassium salt (1:1)",CC1=CC=CC=C1S(=O)(=O)[O-].[K+],0,-1.594914585075064,0.6358623463430173,-1.9529811101966272,0.6692541995950755,0.4116434491828294
Sodium Perborate Monohydrate,B(=O)O[O-].O.[Na+],0,-1.0371673850184633,-1.0086393381352694,-0.6307102301136762,1.2409353219058716,0.25116824089289586
"Potassium 3,4-dichloro-5-isothiazolecarboxylate",C1(=C(SN=C1Cl)C(=O)[O-])Cl.[K+],0,-2.213345914878082,-0.20056127093543133,-1.8363687648189257,0.5919175446424767,0.8111518304032116
Acrofol,C(=C\Cl)\C(=O)[O-].[Na+],0,-1.8572097689552087,-1.0881504976182905,-1.216351524133451,-0.08640878478024783,-0.08572655042134987
Potassium Iodate,[O-]I(=O)=O.[K+],0,-1.940764483405362,-1.0248621004366687,-1.1668472849790859,0.14079140823609865,0.14078992838441534
Thiosultap-monosodium,CN(C)C(CSS(=O)(=O)O)CSS(=O)(=O)[O-].[Na+],0,-1.5625166324490127,-1.178176918281965,-1.4982330790780034,0.4625475254527305,0.1421206559379152
Sodium 4-(2-methylbutan-2-yl)phenolate,CCC(C)(C)C1=CC=C(C=C1)[O-].[Na+],0,-0.6318768879495766,-0.9891955790654878,-1.1512053865234924,-0.08643095320724141,2.272918321567633
Potassium 4-(2-methylbutan-2-yl)phenolate,CCC(C)(C)C1=CC=C(C=C1)[O-].[K+],0,-0.8900257228668328,-0.9576413749520063,-1.161371385662,-0.08671993074929597,2.298651574569491
"3,5-Dichloro-2-biphenylol potassium salt",C1=CC=C(C=C1)C2=C(C(=CC(=C2)Cl)Cl)[O-].[K+],0,-2.5040343784328942,-1.0552623432086798,-1.383898499421563,-0.2056705371834161,-0.43131899759148556
"Sodium 2-(2,4,5-trichlorophenoxy)propionate",CC(C(=O)[O-])OC1=CC(=C(C=C1Cl)Cl)Cl.[Na+],0,-1.060595636339511,-0.9758460790674387,-1.8140078285717385,0.024822061910239338,0.08189942129691041
Sodium nitriloacetate,C(C(=O)O)N(CC(=O)O)CC(=O)[O-].[Na+],0,-1.2874090182386373,-0.5270825262378063,-1.1275967409028123,0.5010011299646082,0.9807640415732749
Sodium cresylate,CC1=CC=CC=C1[O-].[Na+],0,-1.5963405190431634,0.4266371814124768,-1.8882296775825633,0.4410397856769708,0.20248361109286214
Fluoressigaeure,C(C(=O)O)F.[Na+],0,-1.7357900394014478,-0.9601578178686614,-1.4219124511451338,0.2183230778521605,0.16641039200234262
Difenacoum,C1C(CC2=CC=CC=C2C1C3=C(C4=CC=CC=C4OC3=O)O)C5=CC=C(C=C5)C6=CC=CC=C6,0,-0.24258833146823397,0.40464539064273214,5.7327033209473015,5.077286108192979,0.7741149797726344
Coumatetralyl,C1CC(C2=CC=CC=C2C1)C3=C(C4=CC=CC=C4OC3=O)O,0,-0.008181015000490963,0.5242727216976635,3.3484965998030973,2.8014433692280365,1.8868084415580635
Coumafuryl,CC(=O)CC(C1=CC=CO1)C2=C(C3=CC=CC=C3OC2=O)O,0,-0.9074084052821758,0.8962063666918314,0.8887040474186261,2.267424675519324,-0.28211290087260416
Strobilurin C,CC(=CCOC1=CC=CC(=C1)/C=C/C=C(/C)\C(=C/OC)\C(=O)OC)C,0,-1.917755066886786,0.6837975106601458,6.282471343065826,-6.593721738303682,3.9405156985076046
Para-chloromercuriphenol,C1=CC(=CC=C1O)[Hg+].[Cl-],0,-1.4848540305057214,0.41429110773676286,1.36289045410587,3.7956042443963622,-0.8291402140193961
"(1'R,2R,3S,4'S,6S,8'R,10'Z,12'S,13'S,14'Z,16'Z,20'R,21'R,24'S)-2-cyclohexyl-21',24'-dihydroxy-12'-[(2R,4S,5S,6S)-5-[(2S,4S,5S,6S)-5-hydroxy-4-methoxy-6-methyloxan-2-yl]oxy-4-methoxy-6-methyloxan-2-yl]oxy-3,11',13',22'-tetramethylspiro[2,3-dihydropyran-6,6'-3,7,19-trioxatetracyclo[15.6.1.14,8.020,24]pentacosa-10,14,16,22-tetraene]-2'-one",C[C@H]1/C=C\C=C/2\CO[C@H]3[C@@]2([C@@H](C=C([C@H]3O)C)C(=O)O[C@H]4C[C@@H](C/C=C(\[C@H]1O[C@H]5C[C@@H]([C@H]([C@@H](O5)C)O[C@H]6C[C@@H]([C@H]([C@@H](O6)C)O)OC)OC)/C)O[C@]7(C4)C=C[C@@H]([C@H](O7)C8CCCCC8)C)O,0,41.35805226088596,-2.2113011032099354,-3.254819879634876,-3.507488929462291,2.614827403111435
"(1'R,2R,3S,4'S,6S,8'R,10'Z,12'S,13'S,14'Z,16'Z,20'R,21'R,24'S)-2-[(2S)-butan-2-yl]-21',24'-dihydroxy-12'-[(2R,4S,5S,6S)-4-methoxy-5-[(2S,4S,5R,6S)-4-methoxy-6-methyl-5-(methylamino)oxan-2-yl]oxy-6-methyloxan-2-yl]oxy-3,11',13',22'-tetramethylspiro[2,3-dihydropyran-6,6'-3,7,19-trioxatetracyclo[15.6.1.14,8.020,24]pentacosa-10,14,16,22-tetraene]-2'-one",CC[C@H](C)[C@@H]1[C@H](C=C[C@@]2(O1)C[C@@H]3C[C@H](O2)C/C=C(\[C@H]([C@H](/C=C\C=C/4\CO[C@H]5[C@@]4([C@@H](C=C([C@H]5O)C)C(=O)O3)O)C)O[C@H]6C[C@@H]([C@H]([C@@H](O6)C)O[C@H]7C[C@@H]([C@@H]([C@@H](O7)C)NC)OC)OC)/C)C,0,43.12784401651705,-3.1339852152515015,-4.177016795014762,-3.5541544041276967,1.2175762471872298
"(1R,4S,5'S,6R,6'S,8R,10E,13R,16E,20R,21R,24S)-21,24-dihydroxy-4'-methoxyimino-5',11,13,22-tetramethyl-6'-[(E)-4-methylpent-2-en-2-yl]spiro[3,7,19-trioxatetracyclo[15.6.1.14,8.020,24]pentacosa-10,14,16,22-tetraene-6,2'-oxane]-2-one",C[C@@H]1C/C(=C/C[C@@H]2C[C@@H](C[C@@]3(O2)CC(=NOC)[C@@H]([C@H](O3)/C(=C/C(C)C)/C)C)OC(=O)[C@@H]4C=C([C@H]([C@@H]5[C@]4(/C(=C/C=C1)/CO5)O)O)C)/C,0,27.111429719768214,-4.034885346752904,6.612712976418751,7.755693491189609,-6.3727626449881205
"Methyllycaconitine Perchlorate, Delphinium sp.",CCN1CC2(CCC(C34C2C(C(C31)(C5(CC(C6CC4C5C6OC)OC)O)O)OC)OC)COC(=O)C7=CC=CC=C7N8C(=O)CC(C8=O)C,0,7.146596166388853,65.62480990700703,-9.206387294541416,-1.098729795853907,-3.9029137968828995
"1,3-Oxazolidine",C1COCN1,0,-1.7248363899294328,-0.97715623496552,-0.7831523959481274,1.487798212646438,0.5476570703244834
Potassium nitrite,N(=O)[O-].[K+],0,-1.6884413378054464,-0.927646832058402,-1.182159488114452,0.49961159440653174,0.38084843829407183
Dalapon sodium,CC(C(=O)[O-])(Cl)Cl.[Na+],0,-1.7799660052766741,-1.0371876408252125,-1.441743791543992,0.5946468149887123,0.39526930952548195
Fenoprop-isoctyl,CC(C)CCCCCOC(=O)C(C)OC1=CC(=C(C=C1Cl)Cl)Cl,0,-0.3381085729195693,-0.9490167844786399,-1.8561093994955955,0.04090742652908408,-0.6152806352537293
Potassium thiocyanate,C(#N)[S-].[K+],0,-1.807780710947615,-0.5555332201201744,-1.426686056771257,-0.15770924417771207,0.02376276267507616
Sodium Bicarbonate,C(=O)(O)[O-].[Na+],0,-1.6759920206759855,-1.03914381395934,-1.5322992395609711,0.3120472822888504,0.24743085164129286
Potassium bisulfate,OS(=O)(=O)[O-].[K+],0,-1.6219981392545015,-0.8832284225462793,-1.6723019712229032,0.7138817699624421,0.5298174947156944
Potassium Bicarbonate,C(=O)(O)[O-].[K+],0,-1.9341408555932418,-1.0075896098458579,-1.5424652386994802,0.31175830474679606,0.27316410464315183
Sodium Acetate,CC(=O)[O-].[Na+],0,-1.5812907636437654,-0.9683736615389228,-1.2018043743388238,0.15619946575182722,0.31252223235763654
Dioctyl Sodium Sulfosuccinate,CCCCCCCCOC(=O)CC(C(=O)OCCCCCCCC)S(=O)(=O)[O-].[Na+],0,-0.30504720276680813,-0.8661323338898493,-0.4869872280547069,2.14101350432173,-0.5732323787507835
Sodium thiocyanate,C(#N)[S-].[Na+],0,-1.5496318760303585,-0.5870874242336566,-1.416520057632749,-0.1574202666356578,-0.0019704903267826956
Potassium Permanganate,[O-][Mn](=O)(=O)=O.[K+],0,-1.9371878606297237,-1.0515342539300143,-1.5745114107339027,0.4865043480190414,0.4592153318785694
Sodium Bisulfate,OS(=O)(=O)[O-].[Na+],0,-1.3638493043372457,-0.914782626659761,-1.6621359720843958,0.7141707475044965,0.5040842417138355
Sodium Benzoate,C1=CC=C(C=C1)C(=O)[O-].[Na+],0,-1.3283261616983095,-0.7952282647147589,-1.1989238648241185,0.23788621969183077,-0.0402661012671815
Ammonium Carbonate,C(=O)([O-])[O-].[NH4+].[NH4+],0,-1.893201458193703,-0.9689995175689623,-1.5692088000558546,0.35118667776970375,0.4355526947205036
"2,4-DB isooctyl ester",CC(C)CCCCCOC(=O)CCCOC1=C(C=C(C=C1)Cl)Cl,0,-1.6026812176320826,-1.1252561791686366,-1.2084111548937118,0.7131367351161833,-0.967301085045365
Vamidothion,CC(C(=O)NC)SCCSP(=O)(OC)OC,0,-1.1347624028145407,-0.5992861308578054,-0.16307671455917713,-0.30189715162000064,-0.6124867516734359
"(1aR,4E,6R,6aR,9aS,10aR)-6-(Acetyloxy)-1a,3,6,6a,7,9a,10,10a-octahydro-4,10a-dimethyl-7-methyleneoxireno(8,9)cyclodeca(1,2-b)furan-8(2H)-one",C/C/1=C\[C@H]([C@H]2[C@H](C[C@@]3([C@H](O3)CC1)C)OC(=O)C2=C)OC(=O)C,0,1.5289720829919493,0.8384820742312155,8.349432661605958,0.8181654743717153,5.177262160033043
cinerin II,C/C=C\CC1=C([C@H](CC1=O)OC(=O)[C@@H]2[C@H](C2(C)C)/C=C(\C)/C(=O)OC)C,0,-1.090418972841247,0.7146184258201649,16.33249021960014,-12.3528389412893,-8.379434760719189
Discipline,CC1=C(C=CC=C1C2=CC=CC=C2)COC(=O)C3C(C3(C)C)/C=C(/C(F)(F)F)\Cl,0,-1.8753336805239587,0.06934696400491666,8.029027284579568,-9.947053765348343,-10.242130064894829
"5-Decen-1-ol, (5E)-",CCCC/C=C/CCCCO,0,-1.9842995018350298,-1.0884217920564783,-0.9557918909734197,0.9751035795672214,0.02008890177776607
Di-allate,CC(C)N(C(C)C)C(=O)SC/C(=C/Cl)/Cl,0,-1.643208647913719,-0.8323198127688471,-0.3137789141489954,-0.6369704799969157,-0.36852706470167235
Zineb,C(CNC(=S)[S-])NC(=S)[S-].[Zn+2],0,-1.8271252065345045,-0.4930194508275596,-1.6551559377996572,0.13870405514687442,1.9048382475469765
Vinylene bisthiocyanate,C(=C/SC#N)\SC#N,0,-1.8166594659887765,-1.1107281977750094,-0.8260832006697805,-0.2434241871636681,-0.1497283917056603
Emamectin,CC[C@H](C)C1[C@H](C=C[C@@]2(O1)C[C@@H]3C[C@H](O2)C/C=C(/[C@H]([C@H](/C=C/C=C/4\CO[C@H]5[C@@]4([C@@H](C=C([C@H]5O)C)C(=O)O3)O)C)O[C@H]6C[C@@H]([C@H]([C@@H](O6)C)O[C@H]7C[C@@H]([C@@H]([C@@H](O7)C)NC)OC)OC)\C)C,0,43.12784401651705,-3.1339852152515015,-4.177016795014762,-3.5541544041276967,1.2175762471872298
Ethylenebis(dithiocarbamate),C(CNC(=S)[S-])NC(=S)[S-],0,-1.7978801481374,-0.4751892160759404,-1.5852906955838098,0.1325441313988812,1.8232160444257095
Picramic Acid,C1=C(C=C(C(=C1N)O)[N+](=O)[O-])[N+](=O)[O-],0,-1.6730565025870028,-1.39865096532964,-1.4501398582049494,1.1880057266612232,0.0309626444201234
Lead(IV) arsenate (3:4),[O-][As](=O)([O-])[O-].[O-][As](=O)([O-])[O-].[O-][As](=O)([O-])[O-].[Pb].[Pb].[Pb].[Pb],0,-1.7560517548479506,-1.0726038203306048,-1.6578130243064542,0.5386020167943864,0.39894392074437124
"Crotonic acid, 3-(((ethylamino)methoxyphosphinothioyl)oxy)-, isopropyl ester",CCNP(=S)(OC)O/C(=C\C(=O)OC(C)C)/C,0,-0.7087120103198392,-1.0400304080834004,-0.6421453683612885,-1.3749427145039295,0.2528648732822319
"(1R,4S,4'Z,5'S,6R,8R,10E,13R,14E,16E,20R,21R,24S)-21,24-Dihydroxy-4'-methoxyimino-5',11,13,22-tetramethyl-6'-[(E)-4-methylpent-2-en-2-yl]spiro[3,7,19-trioxatetracyclo[15.6.1.14,8.020,24]pentacosa-10,14,16,22-tetraene-6,2'-oxane]-2-one",C[C@@H]\1C/C(=C/C[C@@H]2C[C@@H](C[C@@]3(O2)C/C(=N/OC)/[C@@H](C(O3)/C(=C/C(C)C)/C)C)OC(=O)[C@@H]4C=C([C@H]([C@@H]5[C@]4(/C(=C/C=C1)/CO5)O)O)C)/C,0,27.111429719768214,-4.034885346752904,6.612712976418751,7.755693491189609,-6.3727626449881205
"Gossyplure, (Z,E)-",CCCC/C=C/CC/C=C\CCCCCCOC(=O)C,0,-1.4649373026144004,-0.8290466010455015,0.18576380475098364,-0.06396429062029375,-0.2886781238856676
"(1'R,2R,3S,4'S,6S,8'R,10'E,13'S,14'E,16'E,20'R,21'R,24'S)-2-cyclohexyl-21',24'-dihydroxy-12'-[(2R,4S,6S)-5-[(2S,4S,5S,6S)-5-hydroxy-4-methoxy-6-methyloxan-2-yl]oxy-4-methoxy-6-methyloxan-2-yl]oxy-3,11',13',22'-tetramethylspiro[2,3-dihydropyran-6,6'-3,7,19-trioxatetracyclo[15.6.1.14,8.020,24]pentacosa-10,14,16,22-tetraene]-2'-one",C[C@H]1C=C[C@]2(C[C@@H]3C[C@H](O2)C/C=C(/C([C@H](/C=C/C=C/4\CO[C@H]5[C@@]4([C@@H](C=C([C@H]5O)C)C(=O)O3)O)C)O[C@H]6C[C@@H](C([C@@H](O6)C)O[C@H]7C[C@@H]([C@H]([C@@H](O7)C)O)OC)OC)\C)O[C@@H]1C8CCCCC8,0,41.35805226088596,-2.2113011032099354,-3.254819879634876,-3.507488929462291,2.614827403111435
"(4R,7R,10S,13R,15E,17R,19S)-7-[(2-bromo-1H-indol-3-yl)methyl]-4-(4-hydroxyphenyl)-8,10,13,15,17,19-hexamethyl-1-oxa-5,8,11-triazacyclononadec-15-ene-2,6,9,12-tetrone",C[C@@H]\1C[C@@H](OC(=O)C[C@@H](NC(=O)[C@H](N(C(=O)[C@@H](NC(=O)[C@@H](C/C(=C1)/C)C)C)C)CC2=C(NC3=CC=CC=C32)Br)C4=CC=C(C=C4)O)C,0,2.0299303956002075,9.371995151279439,44.15099909842563,56.42517633370663,-11.02092185462738
CID 6436601,C/C=C(\C)/C(=O)O[C@H]1C[C@H]([C@]2(CO[C@@H]3[C@@H]2[C@]14CO[C@@]([C@H]4[C@]([C@@H]3O)(C)[C@@]56C7C[C@H]([C@@]5(O6)C)[C@]8(C=CO[C@H]8O7)O)(C(=O)OC)O)C(=O)OC)OC(=O)C,0,4.845925612999291,10.747266201025964,40.24177303579801,-19.81015669540289,62.08553247702047
Diniconazole,CC(C)(C)C(/C(=C\C1=C(C=C(C=C1)Cl)Cl)/N2C=NC=N2)O,0,-1.7178702784658408,-1.3253443382314225,-1.9370789738633798,0.7983889323305625,0.08282983024949674
"9,12-Tetradecadien-1-ol, 1-acetate, (9E,12Z)-",C/C=C\C/C=C/CCCCCCCCOC(=O)C,0,-1.5275314897565695,-0.6971495646207857,1.4120435635787747,-0.18183908697090648,0.18819658723299118
Copper oleate,CCCCCCCC/C=C\CCCCCCCC(=O)[O-].CCCCCCCC/C=C\CCCCCCCC(=O)[O-].[Cu+2],0,-2.156273557745038,-1.225774578054605,-1.2726996626200524,1.0620704674958814,-0.17164722235469768
"Moxidectin, (23Z)-",C[C@@H]\1C/C(=C/C[C@@H]2C[C@@H](C[C@@]3(O2)C/C(=N/OC)/[C@@H]([C@H](O3)/C(=C/C(C)C)/C)C)OC(=O)[C@@H]4C=C([C@H]([C@@H]5[C@]4(/C(=C/C=C1)/CO5)O)O)C)/C,0,27.111429719768214,-4.034885346752904,6.612712976418751,7.755693491189609,-6.3727626449881205
Nitrostyrene,C/C(=C/C1=CC=C(C=C1)SC#N)/[N+](=O)[O-],0,-1.8504880322814357,0.27725006571784433,-0.206226141565895,-0.10880314321509776,-0.41791206036147394
Strobilurin G,CC(=CCO[C@H]1COC2=C(C=C(C=C2)/C=C/C=C(/C)\C(=C/OC)\C(=O)OC)OC1(C)C)C,0,-0.5370265711368636,2.9325430965806953,9.85122379035446,-8.502436957385328,7.668372867656797
"(5-benzylfuran-3-yl)methyl (1S,3R)-2,2-dimethyl-3-[(E)-(2-oxothiolan-3-ylidene)methyl]cyclopropane-1-carboxylate",CC1([C@@H]([C@@H]1C(=O)OCC2=COC(=C2)CC3=CC=CC=C3)/C=C/4\CCSC4=O)C,0,-1.7292318664583597,1.484697083417289,12.939330365142558,-13.591719083150489,-12.299775600779213
"N-Trichloromethylthio-cis-delta(sup 4)-cyclohexene-1,2-dicarboximide",C1C=CC[C@H]2[C@@H]1C(=O)N(C2=O)SC(Cl)(Cl)Cl,0,-0.7800067582048841,0.2112111909171318,-0.17337126264341776,1.3521752273279393,1.0505867444756374
Milbemycin beta2,CCC1C(CCC2(O1)CC3CC(O2)C/C=C(\CC(/C=C/C=C(\C4(CC(C(=CC4C(=O)O3)C)OC)O)/CO)C)/C)C,0,19.10178317956191,-1.2042428237145246,5.638925974435394,5.50045945061177,-5.049926926809672
Triarathene,C1=CC=C(C=C1)C2=C(SC(=C2)C3=CC=C(C=C3)Cl)C4=CC=CC=C4,0,-2.1592830860956416,-1.022947839070562,-1.2718147132093276,0.31824583945535406,-0.46696993753465815
MCPA-trolamine,CC1=C(C=CC(=C1)Cl)OCC(=O)O.C(CO)N(CCO)CCO,0,-2.37761971899706,-0.7903828583448861,-1.9328667037948122,0.10775210192835359,0.24601527745230292
Ivermectin B1a,CC[C@H](C)[C@@H]1[C@H](CC[C@@]2(O1)C[C@@H]3C[C@H](O2)C/C=C(/[C@H]([C@H](/C=C/C=C/4\CO[C@H]5[C@@]4([C@@H](C=C([C@H]5O)C)C(=O)O3)O)C)O[C@H]6C[C@@H]([C@H]([C@@H](O6)C)O[C@H]7C[C@@H]([C@H]([C@@H](O7)C)O)OC)OC)\C)C,0,43.769025928083146,-3.1033516067346576,-2.7249668422599758,-1.0560920384192278,-0.5138116189851725
"2,4-D Methylamine salt",CN.C1=CC(=C(C=C1Cl)Cl)OCC(=O)O,0,-2.3598839470032247,-0.9509281719541163,-1.2035692755727196,0.38666559048831356,-0.2918209886328477
9-Tricosene,CCCCCCCCCCCCC/C=C/CCCCCCCC,0,-1.9518328531028926,-1.0914553181562379,-1.008731008616071,0.9437306417090405,-0.06845046747808958
"pyran]-7-yl 4-O-[4-(acetylamino)-2,4,6-trideoxy-3-O-met",CCC(C)C1C(C=CC2(O1)CC3CC(O2)C/C=C(/C(C(/C=C/C=C/4\COC5C4(C(C=C(C5O)C)C(=O)O3)O)C)OC6CC(C(C(O6)C)OC7CC(C(C(O7)C)NC(=O)C)OC)OC)\C)C,0,42.56382259127948,-2.9811835844641714,-3.9946940250455114,-3.4697516711798677,1.3913803270913387
Paraclox,C1=CC(=CC=C1C(=O)/C(=N\O)/Cl)O,0,-1.3378429431855445,0.724176702724034,2.6808636133853145,2.9637080800277147,-1.7194967098751213
Tributyltin acetate,CCCC[Sn](CCCC)(CCCC)OC(=O)C,0,-1.92798766181112,-0.8785505448628133,-0.5964209211394369,0.8161707866671847,0.5193909525289508
"(Z)-5,5,12,12-Tetrabutyl-7,10-dioxo-6,11-dioxa-5,12-distannahexadec-8-ene",CCCC[Sn](CCCC)(CCCC)OC(=O)/C=C\C(=O)O[Sn](CCCC)(CCCC)CCCC,0,-1.9959998450817533,-0.9505761358663251,-0.642038598060558,0.7642970138342239,-0.09413202762987337
"Bomyl, (Z)-",COC(=O)C/C(=C/C(=O)OC)/OP(=O)(OC)OC,0,-1.3477881082247147,-0.4291890889220934,-0.4466094117292276,-0.6423667406259913,0.3602847467767399
Nystatin [USP:INN:BAN:JAN],C[C@H]1/C=C/C=C/CC/C=C/C=C/C=C/C=C/C(CC2C(C(C[C@](O2)(CC(C(CCC(CC(CC(CC(=O)O[C@H]([C@@H]([C@@H]1O)C)C)O)O)O)O)O)O)O)C(=O)O)O[C@@H]3[C@H]([C@H]([C@@H]([C@H](O3)C)O)N)O,0,9.391368868793872,1.042469505519629,5.889631592842911,2.067364636795525,0.8488047747422397
"O-((E)-2-Chloro-1-(2,5-dichlorophenyl)ethenyl) O,O-diethyl phosphorothioate",CCOP(=S)(OCC)O/C(=C/Cl)/C1=C(C=CC(=C1)Cl)Cl,0,-2.4320339466285024,-0.9753575133086889,-1.583285047337701,0.09922911841897875,0.22918420723812116
Triphenylplumbyl acetate,CC(=O)O[Pb](C1=CC=CC=C1)(C2=CC=CC=C2)C3=CC=CC=C3,0,-0.6661553736510745,-0.8310210747209474,-0.43035587979293216,0.016169284533830784,0.12229262235524395
Triethanolamine Oleate,CCCCCCCC/C=C\CCCCCCCC(=O)O.C(CO)N(CCO)CCO,0,-2.348381832410392,-1.232047050056726,-1.1513929935817193,1.0048432101356046,-0.20819557472916186
Quaternium-15 trans-,C1N2CN3CN1C[N+](C2)(C3)C/C=C/Cl.[Cl-],0,-1.364114135113404,0.6698431043926166,-0.18284831038255586,0.5213550480235118,1.8750012848043707
Aluminum hydroxybenzenesulfonate,C1=CC=C(C=C1)S(=O)(=O)O[Al].O.O,0,-2.1191025800219223,-0.6825918201252891,-0.7844426140304388,0.13624918852924162,0.14267693846358892
1-(1-Methylethyl) 4-(tributylstannyl) butanedioate,CCCC[Sn](CCCC)(CCCC)OC(=O)CCC(=O)OC(C)C,0,-0.9898352704505395,-1.1453185218509432,-0.4999319448365151,0.36566792015708005,-0.7447622032517925
Tributylstannyl 2-hydroxy-5-(((tributylstannyl)oxy)sulfonyl)benzoate,CCCC[Sn](CCCC)(CCCC)OC(=O)C1=C(C=CC(=C1)S(=O)(=O)O[Sn](CCCC)(CCCC)CCCC)O,0,-2.116424184234888,-0.45453581834131,-0.6646284698094662,2.043856708580541,0.16924014520026653
Tributyltin linoleate,CCCCC/C=C\C/C=C\CCCCCCCC(=O)O[Sn](CCCC)(CCCC)CCCC,0,-2.246499720039864,-1.2066127151096018,-0.7734957976091684,1.4743301139212006,-0.49867502980133055
"(mu-((3,3'-Methylenebis(2-naphthalenesulfonato-kappaO))(2-)))diphenyldimercury",C1=CC=C(C=C1)[Hg]OS(=O)(=O)C2=CC3=CC=CC=C3C=C2CC4=CC5=CC=CC=C5C=C4S(=O)(=O)O[Hg]C6=CC=CC=C6,0,-1.8404099658002933,-0.03130901226042466,-1.5772157833517586,-0.0752497995432434,-0.3158968493833166
Grandlure IV,CC1(CCC/C(=C\C=O)/C1)C,0,-0.31193364770558013,-0.28900873497691226,1.4274457434865044,-1.1928076419408316,-0.022101198984355964
Kinoprene,CC(C)CCCC(C)C/C=C/C(=C/C(=O)OCC#C)/C,0,-1.2741553224970719,0.23350080590263972,0.8111513842263778,-0.11832690438528187,0.38896070022462775
Chloromethoxypropylmercuric acetate,CC(=O)O[Hg]CCCOCCl,0,-1.033927380416009,-0.7921932551110697,-0.37240773626226303,-0.06898822716512455,0.4336989377537483
Vaporthrin,CC/C=C(\C)/C(C#C)OC(=O)C1C(C1(C)C)C=C(C)C,0,-0.818714917354646,-0.39499989799145757,7.476120025270792,-8.255226863069035,-6.815045470978294
Bis(tributyltin) dodecenylsuccinate,CCCCCCCCCC/C=C/C(CC(=O)O[Sn](CCCC)(CCCC)CCCC)C(=O)O[Sn](CCCC)(CCCC)CCCC,0,-2.275468836224037,-0.33988666728399325,-0.4588246945508019,0.5504621117191906,-0.9618674779715084
Icone,CC1([C@H]([C@H]1C(=O)OC(C#N)C2=CC(=CC=C2)OC3=CC=CC=C3)/C=C(/C(F)(F)F)\Cl)C,0,-1.8079173187800766,-0.5424689695543502,9.323138627451808,-13.263097369984461,-13.780757029446066
Tributyltin monopropyleneglycol maleate,CCCC[Sn](CCCC)CCCC.CC(CO)O.C(=C\C(=O)O)\C(=O)O.O,0,-1.8724551749654323,-1.0040729157230435,-0.503658214958308,0.6415130049002631,-0.09536918271330955
Bis(tripropyltin) oxide,CCC[Sn](CCC)(CCC)O[Sn](CCC)(CCC)CCC,0,-1.9048096140625181,-0.9761935716491562,-1.5768914123464237,0.6885748695693004,0.5306253881163119
p-Aminophenylmercuric acetate,CC(=O)O[Hg]C1=CC=C(C=C1)N,0,-1.4524230957914002,-0.04140895261803791,-1.424393862507676,-0.22520446617519205,0.8045049058563782
"2,7-Dihydroxy-1,3,2-benzodioxabismole-5-carboxylic acid",C1=C(C=C2C(=C1O)O[Bi]O2)C(=O)O.O,0,-0.7464120978099308,-0.27826268634388795,-0.04410357838424419,0.17004501217860143,-0.5307287713994675
"Mercury, (mu-(metasilicato(2-)-O:O))bis(2-methoxyethyl)di-",COCC[Hg]O[Si](=O)O[Hg]CCOC,0,-1.867390878198166,-0.5712358616775148,0.7289897874372329,1.6511925560914935,1.150462512658182
Phenylmercuric lactate,CC(C(=O)O[Hg]C1=CC=CC=C1)O,0,-1.1165391906595679,0.29102135645224386,-0.9847401760083495,0.6296853872224302,-0.3079465519203482
Phenylmercuric ammonium acetate,CC(=O)O[Hg]C1=CC=CC=C1.N,0,-1.4064154774910684,0.1974655985451933,-0.9850885013347339,-0.19529522249956693,0.534259604867297
Bis(tributyltin) adipate,CCCC[Sn](CCCC)(CCCC)OC(=O)CCCCC(=O)O[Sn](CCCC)(CCCC)CCCC,0,-2.033660033528286,-0.9974330264136644,-0.9888586199788865,1.2250759125166044,-0.1643463954027266
"Mercury, (acetato-kappaO)[4-[[4-(dimethylamino)phenyl]azo]phenyl]-",CC(=O)O[Hg]C1=CC=C(C=C1)N=NC2=CC=C(C=C2)N(C)C,0,-0.9895807309853224,-0.20054779351127053,-1.6018947251106452,0.3572270263621881,0.846256405992625
4-(Acetoxymercuri)phenyl azide,CC(=O)O[Hg]C1=CC=C(C=C1)N=[N+]=[N-],0,-1.5605689130577487,0.038135244976487716,-0.9257722017277863,-0.18764685214809765,1.025883757490601
Japonilure,CCCCCCCC/C=C\[C@H]1CCC(=O)O1,0,-0.37225159650904577,-0.4963715157582184,1.9982849991591487,2.510422086506773,-0.8845436093735155
Tributyltin methacrylate,CCCC[Sn](CCCC)(CCCC)OC(=O)C(=C)C,0,-1.7530438412768454,-0.8932101417713905,0.4015691862995519,0.6579195221640292,0.19442448787549607
Phenylmercuric propionate,CCC(=O)O[Hg]C1=CC=CC=C1,0,-1.2411713689047232,0.22547035015550854,-1.310013758511347,0.12903211025140307,-0.2963333124587915
Tolylmercuric acetate,CC1=CC=C(C=C1)[Hg]OC(=O)C,0,-1.1559188601113648,0.022224946406362214,-1.3813130611778008,-0.25646699565856285,0.7265500153503002
Tributyltin acrylate,CCCC[Sn](CCCC)(CCCC)OC(=O)C=C,0,-1.5548985104485082,-1.0524502692495605,-0.3385158927560949,0.675974234614649,-0.18448211546354362
Bis(tributyltin) salicylate,CCCC[Sn](CCCC)(CCCC)OC1=CC=CC=C1C(=O)O[Sn](CCCC)(CCCC)CCCC,0,-1.7857908627430226,0.25324804892665637,-0.3678329955877457,2.047591862808926,0.3356150668746538
Phenylmercury salicylate,C1=CC=C(C=C1)[Hg]OC(=O)C2=CC=CC=C2O,0,-0.8950216166938679,0.8590539271199736,-1.5561708427364649,0.5462460019628486,0.3702155733427912
Methylmercury benzoate,C[Hg]OC(=O)C1=CC=CC=C1,0,-1.9144435420195915,-0.19966940212706694,-1.048824439851694,-0.15750192702742224,0.49224733910727797
"3H-2,1-Benzoxamercurol-3-one",C1=CC=C2C(=C1)C(=O)O[Hg]2,0,-1.7063579753317908,1.103126508496645,0.08492109702345735,-0.7149029196837932,-1.1122271331869764
Phenylmercury 2-ethylhexanoate,CCCCC(CC)C(=O)O[Hg]C1=CC=CC=C1,0,-0.9281679899576948,1.7250584314230433,-0.7863489814894452,-0.048952392427636805,-1.0768866376566506
"mercury, (acetato-O)(phenylmethyl)-",CC(=O)O[Hg]CC1=CC=CC=C1,0,-0.12308199691805145,-0.7601415559742453,-0.3958348081457681,-1.0603113965434723,0.061613498691189504
Pyrethrins,CC1=C(C(=O)C[C@@H]1OC(=O)[C@@H]2[C@H](C2(C)C)C=C(C)C)C/C=C\C=C.CC1=C(C(=O)C[C@@H]1OC(=O)[C@@H]2[C@H](C2(C)C)/C=C(\C)/C(=O)OC)C/C=C\C=C,0,-0.3057346133762173,0.5955879771124981,18.635278631105095,-14.884402415678005,-10.622208462299804
Dtxcid5022065,C1[C@@H]2C=C[C@@H]1[C@H]3[C@@H]2[C@]4(C(=C([C@@]3(C4(Cl)Cl)Cl)Cl)Cl)Cl,0,-0.7192346621597483,-0.11551967574836337,-0.7779015395285523,-0.09989831919456538,0.8805453211520146
Methoxymethyl-tetrafluorobenzyl tetramethyl-cyclopropanecarboxylate,CC1(C(C1(C)C)C(=O)OC(C2=C(C(=C(C=C2)COC)F)F)(F)F)C,0,-0.18587599792489304,2.451979606023572,1.9083352097440092,-2.2263835757787787,-2.8326194661444712
Magnesium 2-ethylhexanoate quinolin-8-olate,CCCCC(CC)C(=O)[O-].C1=CC2=C(C(=C1)[O-])N=CC=C2.[Mg+2],0,-1.9380777657881727,0.41019785809690873,-1.6480905194204076,0.36867141215101945,0.20324656596538168
(Rac)-Epoxiconazole,C1=CC=C(C(=C1)C2[C@@](O2)(CN3C=NC=N3)C4=CC=C(C=C4)F)Cl,0,1.4017853194955627,-0.8755777102428994,1.5703338266515465,2.8624083414602857,-0.3465010708861983
Triethanolamine thiocyanate,C(CO)N(CCO)CCO.C(#N)S,0,-2.0850752557700125,0.26065437499030375,-1.5020244336225634,0.038422162377197866,-0.14834649621919432
Fluorethrin,CC1(C(C1C(=O)OCC2=COC(=C2)CC3=CC=CC=C3)C=C(F)F)C,0,-1.2143789111600822,1.1519941493357588,11.057621998996925,-12.379074587419233,-9.958376490574834
4-Nitrobenzenecarboperoxoic acid,C1=CC(=CC=C1C(=O)OO)[N+](=O)[O-],0,-2.132756230832819,-0.5597366387986713,-0.8047508358688488,-0.2956406253069554,0.19904813824068945
"Carbamo(dithioperoxo)thioic acid, N,N-dimethyl-, 1,1-dimethylethyl ester",CC(C)(C)SSC(=S)N(C)C,0,-2.263245084130839,-1.1770553498224088,-1.6380890714011873,-0.2527719622709862,0.5991122817146818
Thifensulfuron methyl,CC1=NC(=NC(=N1)OC)NC(=O)NS(=O)(=O)C2=C(SC=C2)C(=O)OC,0,-1.9369410674825802,-0.6138715571225742,-2.346944512830399,0.9649700144401798,3.664082847547628
"3,3,4,4-Tetrachlorotetrahydrothiophene 1,1-dioxide",C1C(C(CS1(=O)=O)(Cl)Cl)(Cl)Cl,0,-1.6099478165260186,0.46815548117582334,-1.1711718684766537,0.7370281076254073,0.30631068244636556
Paclobutrazol,CC(C)(C)[C@@H]([C@H](CC1=CC=C(C=C1)Cl)N2C=NC=N2)O,0,-1.9688269165718342,-1.2262740807273196,-1.6074642497531209,0.6085985657988892,-0.25405609142282265
"O-(4-Bromo-3,6-dichlorophenyl) O-methyl ethylphosphonothionate",CCP(=S)(OC)OC1=CC(=C(C=C1Cl)Br)Cl,0,-1.9571529378952075,-0.4951373890139136,-0.2190901712122693,0.435573949981521,1.3427482429032818
"2-Methyl-N,N-diethylbenzamide",CCN(CC)C(=O)C1=CC=CC=C1C,0,-1.7646305386040468,-0.29307961879137623,-1.0329141029548292,-0.27130465216890876,-0.18984566470001957
Brompyrazon,C1=CC=C(C=C1)N2C(=O)C(=C(C=N2)N)Br,0,-1.0403295966200112,-0.7622158520348584,-0.4840499607955754,1.6610607977413274,-0.07318823761684431
"Acetic acid, copper salt (1:?)",CC(=O)O.[Cu],0,-1.7837095899216977,-0.8264524768539715,-0.5401291699785193,-0.2549143773164728,0.2711961791303289
Haloxydine,C1(=C(NC(=C(C1=O)Cl)F)F)Cl,0,-1.8833415237551434,-0.6087819109953126,1.0263347830398364,3.614352139196547,-0.3145961313320477
Isofenchlorfos,COP(=O)(OC)SC1=CC=C(C=C1)Cl,0,-1.6410607499227061,-0.8613019588725169,-0.7444748128024178,0.20776501571924014,-0.2140061895148768
"4-Phenyl-3H-1,2-dithiole-3-thione",C1=CC=C(C=C1)C2=CSSC2=S,0,-2.0961025532490414,1.1138176085370217,0.24306620602315845,0.5033621465822803,-0.43244191382617686
Isopropyl trichloroacetate,CC(C)OC(=O)C(Cl)(Cl)Cl,0,-1.6294304608796941,-0.993307717357971,-1.3297798976478672,0.07753576947744602,-0.02342949746830157
N-1-Naphthylphthalimide,C1=CC=C2C(=C1)C=CC=C2N3C(=O)C4=CC=CC=C4C3=O,0,-1.7098824977074878,2.57724072688911,-0.8113347292709905,0.6194627514350618,-0.07858891057258108
Tetraconazole,C1=CC(=C(C=C1Cl)Cl)C(CN2C=NC=N2)COC(C(F)F)(F)F,0,-2.278275984983428,-0.3489617727631182,-1.3377184538274984,1.6863994962736304,-0.5105617777765381
"Benzenecarbothioic acid, 2-hydroxy-",C1=CC=C(C(=C1)C(=O)S)O,0,-1.9820784109190928,1.5136461901333491,-1.7630105713133148,0.5168025305873952,0.1497544993789036
"1,2-Benzenediol, 1-(N-methylcarbamate)",CNC(=O)OC1=CC=CC=C1O,0,-1.9399931456522126,-0.7994572081362571,-1.1771392865541543,0.056958516612033584,0.05246972513104235
"Acetamide, 2-((p-methoxybenzyl)oxy)-N,N-dipropyl-",CCCN(CCC)C(=O)COCC1=CC=C(C=C1)OC,0,-2.0423186280261456,-0.8479625097969474,-0.296578283682675,0.029077202906374017,-0.30687608407724065
Cyproconazole,CC(C1CC1)C(CN2C=NC=N2)(C3=CC=C(C=C3)Cl)O,0,-1.2527805888799484,-0.6002968746834118,0.7029258016859231,0.07333110040469011,2.0552974244176454
Spiroxamine,CCCN(CC)CC1COC2(O1)CCC(CC2)C(C)(C)C,0,0.2831116607005947,0.5732744722974349,0.12010832899551897,0.19480306171914163,2.303251195914206
Acibenzolar-S-Methyl,CSC(=O)C1=C2C(=CC=C1)N=NS2,0,-1.7350140548606519,0.012079933593198243,-1.0400079215442226,1.0057241796658216,0.8445028464534827
Tetraamminecopper carbonate,C(=O)([O-])[O-].N.N.N.N.[Cu+2],0,-1.9227558072985058,-0.9879163947576406,-1.6525600571582395,0.3825756980745943,0.5240220828075367
"4-[(13R)-2,13-dihydroxy-13-[(2R,5S)-5-[(2S)-5-[(1S)-1-hydroxyundecyl]oxolan-2-yl]oxolan-2-yl]tridecyl]-2-methyl-2H-furan-5-one",CCCCCCCCCC[C@@H](C1CC[C@H](O1)[C@@H]2CC[C@@H](O2)[C@@H](CCCCCCCCCCC(CC3=CC(OC3=O)C)O)O)O,0,1.5844128547871075,0.2702943136953193,-0.10407421531046555,6.818160690227138,-1.3456679944426635
"(1R,4S,5'S,6R,6'R,8R,12S,13S,20R,21R,24S)-6'-[(2R)-butan-2-yl]-21,24-dihydroxy-12-[(2R,4S,5S,6S)-5-[(2S,4S,5S,6S)-5-hydroxy-4-methoxy-6-methyloxan-2-yl]oxy-4-methoxy-6-methyloxan-2-yl]oxy-5',11,13,22-tetramethylspiro[3,7,19-trioxatetracyclo[15.6.1.14,8.020,24]pentacosa-10,14,16,22-tetraene-6,2'-oxane]-2-one",CC[C@@H](C)[C@@H]1[C@H](CC[C@@]2(O1)C[C@@H]3C[C@H](O2)CC=C([C@H]([C@H](C=CC=C4CO[C@H]5[C@@]4([C@@H](C=C([C@H]5O)C)C(=O)O3)O)C)O[C@H]6C[C@@H]([C@H]([C@@H](O6)C)O[C@H]7C[C@@H]([C@H]([C@@H](O7)C)O)OC)OC)C)C,0,43.769025928083146,-3.1033516067346576,-2.7249668422599758,-1.0560920384192278,-0.5138116189851725
Dihydrorotenone,CC(C)[C@H]1CC2=C(O1)C=CC3=C2O[C@@H]4COC5=CC(=C(C=C5[C@@H]4C3=O)OC)OC,0,1.4733466369259536,1.953856471859077,6.175108123825514,-0.8544344339999381,3.322285839067108
Potassium Bromide,[K+].[Br-],0,-1.8670909414487444,-0.9890401007415328,-1.5368215253125201,0.49650729389325565,0.47597637120012737
Sodium Bromide,[Na+].[Br-],0,-1.608942106531488,-1.0205943048550148,-1.526655526174012,0.4967962714353102,0.4502431181982686
"Phoxim, (E)-",CCOP(=S)(OCC)O/N=C(/C#N)\C1=CC=CC=C1,0,-2.0673491993453386,-0.30081718594673,1.8390155763671092,-1.270038005157527,2.960043520314871
Benzphenazone,C1=CC=C(C=C1)/C(=N/NC2=C(C=C(C=C2Cl)Cl)Cl)/Cl,0,-1.396689607178997,-0.8386421074097894,-1.0465117590217003,-0.4680001405117065,-0.22061961932780944
"3,13-Octadecadien-1-ol acetate, (3Z,13Z)-",CCCC/C=C\CCCCCCCC/C=C\CCOC(=O)C,0,-1.9913474418292676,-0.7767047885048332,0.015960783148060077,0.03852145193270957,-0.10793675603083662
(E)-9-Dodecenyl acetate,CC/C=C/CCCCCCCCOC(=O)C,0,-1.380562359418147,-0.7423333103780303,0.8429611486707969,0.6707515534379164,-0.452678943053144
Myristoleyl alcohol,CCCC/C=C\CCCCCCCCO,0,-2.007239527034819,-1.1133066394070268,-0.9719712304533136,1.0790092815770944,-0.0016496492708471884
"Thiofanox, (E)-",CC(C)(C)/C(=N\OC(=O)NC)/CSC,0,-1.68759954546234,3.7202275617060234,-1.6485960497555594,0.23143155220826067,1.0431786047706226
"4-Tridecen-1-yl acetate, (4E)-",CCCCCCCC/C=C/CCCOC(=O)C,0,-1.9895163115595291,-0.8039617698374745,0.10046140643181188,0.03241911013873628,-0.2949722371586811
"11-Tetradecenyl acetate, (11Z)-",CC/C=C\CCCCCCCCCCOC(=O)C,0,-1.380562359418147,-0.7423333103780303,0.8429611486707969,0.6707515534379164,-0.452678943053144
Squamocin G,CCCCCCCCCC[C@H]([C@@H]1CC[C@H](O1)[C@@H]2CC[C@H](O2)[C@H](CCCCCCCCCC[C@@H](CC3=CC(OC3=O)C)O)O)O,0,1.5844128547871075,0.2702943136953193,-0.10407421531046555,6.818160690227138,-1.3456679944426635
Chrysanthemumdicarboxylic acid,C/C(=C\C1C(C1(C)C)C(=O)O)/C(=O)O,0,-1.0658399038164363,-0.5110233183694315,5.1650146665585925,-5.081245698232621,-4.143158877890523
Hydroprene,CCOC(=O)/C=C(\C)/C=C/CC(C)CCCC(C)C,0,-1.5654676164976924,-0.9993722478021861,0.2552761326512582,-0.14995638912884898,0.8071058373248277
Vitamin D3,C[C@H](CCCC(C)C)[C@H]1CC[C@@H]\2[C@@]1(CCC/C2=C\C=C/3\C[C@H](CCC3=C)O)C,0,1.7710089804521238,1.128096379093002,6.506668051497551,1.8749524655958836,1.2522251926363783
Cinoxate,CCOCCOC(=O)/C=C/C1=CC=C(C=C1)OC,0,-2.0288572363294297,-0.41769274307062704,1.324804740284601,-0.9744409312925224,-0.3406697973688952
Dicrotophos,C/C(=C\C(=O)N(C)C)/OP(=O)(OC)OC,0,-1.3523937758840296,-1.057722749700285,-0.5759396002413318,-0.997639944158227,0.196304212589164
"Cyclopropanecarboxylic acid, 3-(3-methoxy-2-methyl-3-oxo-1-propenyl)-2,2-dimethyl-, 2-methyl-4-oxo-3-(2,4-pentadienyl)-2-cyclopenten-1-yl ester, (1R-(1alpha(S*(Z)),3beta(E)))-",CC1=C(C(=O)CC1OC(=O)C2C(C2(C)C)/C=C(\C)/C(=O)OC)C/C=C/C=C,0,-0.6686588974297163,0.5839215510850135,17.523478750129467,-13.816946546562498,-9.974491677688253
Hydrogen methylarsonate,C[As](=O)(O)[O-],0,-1.7046753286625647,-1.0563354361524757,-1.7049759829157294,0.3955625941217645,0.36279743568433037
p-Chloromercuribenzenesulfonate,C1=CC(=CC=C1S(=O)(=O)[O-])[Hg]Cl,0,-1.8668393290410077,-0.8767594322499559,-2.014384027919929,1.093067393175768,0.7676552314442995
Miedzian 50,[OH-].[OH-].[OH-].[Cl-].[Cl-].[Cu+2].[Cu+2],0,-1.4719854447924903,-1.0510122959469714,-1.3726944380925876,0.501736299560841,0.339131245869479
Sodium;sulfane,[Na+].S,0,-1.5879696048056924,-0.9318861335141317,-1.0420925403236538,0.2513728253145374,1.2224821287427572
S-Hydroprene,CCOC(=O)/C=C(\C)/C=C/C[C@@H](C)CCCC(C)C,0,-1.5654676164976924,-0.9993722478021861,0.2552761326512582,-0.14995638912884898,0.8071058373248277
Tetrachlorvinphos,COP(=O)(OC)O/C(=C\Cl)/C1=CC(=C(C=C1Cl)Cl)Cl,0,-2.142753454791957,-0.9247973851574653,-1.158864621284463,-0.680848935625376,-0.23840445457313977
Azadirachtin,C/C=C(\C)/C(=O)O[C@H]1C[C@H]([C@]2(CO[C@@H]3[C@@H]2[C@]14CO[C@@]([C@H]4[C@]([C@@H]3O)(C)[C@@]56[C@@H]7C[C@H]([C@@]5(O6)C)[C@]8(C=CO[C@H]8O7)O)(C(=O)OC)O)C(=O)OC)OC(=O)C,0,4.845925612999291,10.747266201025964,40.24177303579801,-19.81015669540289,62.08553247702047
Cinerin I,C/C=C\CC1=C([C@H](CC1=O)OC(=O)[C@@H]2[C@H](C2(C)C)C=C(C)C)C,0,-0.610609907661274,0.5714447536959262,14.679055894576067,-11.538376667881005,-8.668289722956866
Pyrethrin II,CC1=C(C(=O)C[C@@H]1OC(=O)[C@@H]2[C@H](C2(C)C)/C=C(\C)/C(=O)OC)C/C=C\C=C,0,-0.6686588974297163,0.5839215510850135,17.523478750129467,-13.816946546562498,-9.974491677688253
Hexadecenoic Acid,CCCCCCCCCCCCC/C=C/C(=O)O,0,-2.0471566444345832,-1.0308230300465002,-0.33871952782184994,0.18580395713885975,-0.6082437890905108
Nerolidol,CC(=CCC/C(=C/CCC(C)(C=C)O)/C)C,0,-1.1928813691472524,-1.2047878151152018,0.3097633740239269,-0.6490718000502057,-0.4081843306484691
Strychnine sulfate,C1CN2CC3=CCO[C@H]4CC(=O)N5[C@H]6[C@H]4[C@H]3C[C@H]2[C@@]61C7=CC=CC=C75.C1CN2CC3=CCO[C@H]4CC(=O)N5[C@H]6[C@H]4[C@H]3C[C@H]2[C@@]61C7=CC=CC=C75.OS(=O)(=O)O,0,2.742542418675916,2.489232678368616,2.5523792981925433,0.25250440816667347,-1.6143827423262025
Cobalt naphthenate,CCC1CCC(C1)CCC(=O)[O-].CCC1CCC(C1)CCC(=O)[O-].[Co+2],0,-0.28556548804834403,2.691623767117478,-1.6860826749675386,0.44460362295168293,-0.12425257235206864
4-(para-Sulfophenylazo)-2-mercuriphenol,[H+].C1=CC(=CC=C1N=NC2=C[C-]=C(C=C2)O)S(=O)(=O)[O-].[OH-].[Hg+2],0,-0.9730866180913309,-0.09710562882938331,-1.1891388803683711,1.1660509370574703,0.2707276825466967
Chlortetracycline,C[C@@]1([C@H]2C[C@H]3[C@@H](C(=O)C(=C([C@]3(C(=O)C2=C(C4=C(C=CC(=C41)Cl)O)O)O)O)C(=O)N)N(C)C)O,0,1.0491604052492236,1.0644902175707445,2.4776022450584785,-0.7205371825121046,3.992302491146544
Prosulfalin,CCCN(CCC)C1=C(C=C(C=C1[N+](=O)[O-])S(=O)(=O)N=S(C)C)[N+](=O)[O-],0,-2.1788466051670476,-1.4482199739885966,-1.9976607208970638,2.4300779525058123,0.17699315040659988
Tralocythrin,CC1(C(C1C(=O)OC(C#N)C2=CC(=CC=C2)OC3=CC=CC=C3)C(C(Cl)(Cl)Br)Br)C,0,-1.7300405294122398,0.2529095076910567,7.893398440312718,-8.38161847326027,-11.273070801625739
"Acetamide, 2-chloro-N-(2,6-diethylphenyl)-N-(methoxymethyl)-, mixt. with 6-chloro-N-ethyl-N'-(1-methylethyl)-1,3,5-triazine-2,4-diamine",CCC1=C(C(=CC=C1)CC)N(COC)C(=O)CCl.CCNC1=NC(=NC(=N1)Cl)NC(C)C,0,-2.447005622626731,-0.7738060620925068,-4.00829961265955,0.4604529550678723,2.307472120876805
"Sulfamic acid, magnesium salt (2:1)",NS(=O)(=O)[O-].NS(=O)(=O)[O-].[Mg+2],0,-1.6874464548630346,-0.8853558835530344,-1.6574454662535276,0.8453188738731484,0.671616118956061
Cacodylate,C[As](=O)(C)[O-],0,-1.7287157350223932,-1.0595685714382497,-1.7672552166191076,0.4880172598032376,0.46172313011682087
Propisochlor,CCC1=CC=CC(=C1N(COC(C)C)C(=O)CCl)C,0,-2.129274554944513,-1.1555093605710214,-2.1261105040141675,0.022908073478462423,-0.11638958947225932
Bifenazate,CC(C)OC(=O)NNC1=C(C=CC(=C1)C2=CC=CC=C2)OC,0,-1.083524082114855,0.649606060905815,0.48658160703861947,-0.19296257873908526,-1.1298332057605522
"Isobutyric acid, ammonium salt",CC(C)C(=O)[O-].[NH4+],0,-1.7458940293585163,-1.010481967177174,-1.4972588550267123,0.39009591596541443,0.18320319447759567
Endothall,C1C[C@H]2[C@@H]([C@@H]([C@@H]1O2)C(=O)O)C(=O)O,0,-0.3178444078801047,-0.5313994870712409,0.5883327716521585,1.0552220107952603,-0.030692258215750393
Grandisol,CC(=C)[C@@H]1CC[C@]1(C)CCO,0,-0.9835662624836664,0.3155757107363092,2.6112757497584593,-1.294236026882343,3.8531627073911494
"1-[4-Chloro-2-fluoro-5-(2-propyn-1-yloxy)phenyl]-3,5-dimethyl-4-nitro-1h-pyrazole",CC1=C(C(=NN1C2=CC(=C(C=C2F)Cl)OCC#C)C)[N+](=O)[O-],0,-1.3420593240160787,-0.775572130531035,-0.9376881126785191,-0.6809948228000139,-0.7685621966626247
"Benzoic acid, 2-((((4,5-dihydro-4-methyl-5-oxo-3-propoxy-1H-1,2,4-triazol-1-yl)carbonyl)amino)sulfonyl)-, methyl ester",CCCOC1=NN(C(=O)N1C)C(=O)NS(=O)(=O)C2=CC=CC=C2C(=O)OC,0,-2.2384608728159723,0.621605590728474,-1.7553300118020387,1.3967201194383487,2.1693726964788542
Quizalofop,CC(C(=O)O)OC1=CC=C(C=C1)OC2=CN=C3C=C(C=CC3=N2)Cl,0,-2.1747829408274604,-0.02818561494546026,-2.1564982301364175,-0.7484077532484443,-0.7856876487543625
DL-Plus,CCOP(=S)(OCC)OC1=NC(=NC(=C1)C)C(C)C.C1C=CCC2C1C(=O)N(C2=O)SC(Cl)(Cl)Cl.C1(C(C(C(C(C1Cl)Cl)Cl)Cl)Cl)Cl,0,-0.240999391605715,-0.00765557549226794,0.3464852411043164,2.4994578873731426,2.0655312213662147
"trans-2-Butene-1,4-diol",C(/C=C/CO)O,0,-1.2010990728405997,-1.027911393117421,-0.9124421623976922,0.4040053866428418,0.032087403304185885
"(2S)-4-[(2R,13R)-2,13-dihydroxy-13-[(5R)-5-[(2R,5R)-5-[(1S)-1-hydroxyundecyl]oxolan-2-yl]oxolan-2-yl]tridecyl]-2-methyl-2H-furan-5-one",CCCCCCCCCC[C@@H]([C@H]1CC[C@@H](O1)[C@H]2CCC(O2)[C@@H](CCCCCCCCCC[C@H](CC3=C[C@@H](OC3=O)C)O)O)O,0,1.5844128547871075,0.2702943136953193,-0.10407421531046555,6.818160690227138,-1.3456679944426635
Mavrik,CC(C)[C@@H](C(=O)OC(C#N)C1=CC(=CC=C1)OC2=CC=CC=C2)NC3=C(C=C(C=C3)C(F)(F)F)Cl,0,-1.7703416868454946,-0.9676918226313477,4.110139511655753,-5.94494154028725,-8.416042361823694
Pyraflufen-ethyl,CCOC(=O)COC1=C(C=C(C(=C1)C2=NN(C(=C2Cl)OC(F)F)C)F)Cl,0,-2.628241722031509,-0.5021568254041496,-0.6873459419210601,0.2821004431164566,2.268264634334214
"trans-(2-methyl-3-phenylphenyl)methyl (1R,3R)-3-(2-chloro-3,3,3-trifluoroprop-1-enyl)-2,2-dimethylcyclopropane-1-carboxylate",CC1=C(C=CC=C1C2=CC=CC=C2)COC(=O)[C@@H]3[C@@H](C3(C)C)C=C(C(F)(F)F)Cl,0,-1.8753336805239587,0.06934696400491666,8.029027284579568,-9.947053765348343,-10.242130064894829
((N-acryloylamino)phenyl)mercuric chloride,C=CC(=O)NC1=CC=C(C=C1)[Hg]Cl,0,-1.7830911431543819,-1.1235634342877643,-1.034874738841338,0.5781858392654508,0.4373118056471365
"2,2,2-Trichloro-N-(pentachlorophenyl)ethanimidoyl chloride",C1(=C(C(=C(C(=C1Cl)Cl)Cl)Cl)Cl)N=C(C(Cl)(Cl)Cl)Cl,0,-1.7518950485953158,-0.9267453537573852,-0.45268755069234956,0.18780420637289966,-0.16174436786053054
"N-(4-chloromercuriphenyl)-4-chloro-3,5-dinitrobenzamide",C1=CC(=CC=C1NC(=O)C2=CC(=C(C(=C2)[N+](=O)[O-])Cl)[N+](=O)[O-])[Hg]Cl,0,-2.4846396491935034,-1.383112643297207,-2.6417945301972816,1.1542720217809446,0.4603617202547791
4-(Chloromercurio)benzenesulfonyl fluoride,C1=CC(=CC=C1S(=O)(=O)F)[Hg]Cl,0,-2.094846743897387,0.9756276640314718,-2.363553595204742,0.7475180634492888,0.4664150832773082
Bromethrin,CC1(C(C1C(=O)OCC2=COC(=C2)CC3=CC=CC=C3)C=C(Br)Br)C,0,-1.8097029810193634,1.3427523371639865,12.053211949842566,-12.921130146371933,-10.18046902548244
[4-[2-(2-Methoxyethoxy)ethylcarbamoyl]phenyl]mercury;hydrate,COCCOCCNC(=O)C1=CC=C(C=C1)[Hg].O,0,-1.762773840998883,0.9992543308293983,-0.000265481637357613,0.5131985467891486,-1.0029902115230571
1-methyl-4-phenyl-2H-pyridine,CN1CC=C(C=C1)C2=CC=CC=C2,0,-1.3155544885396286,0.5945302451866112,0.9622311567430147,2.2820000262569544,-0.053807527953154556
"Benzenamine, compd. with 1,3,5-trinitrobenzene (1:1)",C1=CC=C(C=C1)N.C1=C(C=C(C=C1[N+](=O)[O-])[N+](=O)[O-])[N+](=O)[O-],0,-2.285606963055009,-0.9801414290754861,-1.0943040563974897,0.21933956219438272,-0.30964833203672454
"Carbonic acid, 2,4-dinitro-6-(1-propylpentyl)phenyl methyl ester, mixt. with 2-(1-ethylhexyl)-4,6-dinitrophenyl methyl carbonate",CCCCCC(CC)C1=C(C(=CC(=C1)[N+](=O)[O-])[N+](=O)[O-])OC(=O)OC.CCCCC(CCC)C1=C(C(=CC(=C1)[N+](=O)[O-])[N+](=O)[O-])OC(=O)OC,0,-1.206345702525743,0.5511580022317537,-0.8302313692717601,0.46675549475800243,-0.7674428230718872
Merthiolate-iodine-formalin fixative,C[CH2-].C=O.C1=CC=C(C(=C1)C(=O)[O-])[S-].[Na+].II.[Hg+2],0,-1.7589585042481732,0.11012330330647771,-0.792310975726509,-0.7450587650481361,-0.49992976655427734
"2,4-Dinitrophenyl-beta-alanine hydrazide",C1=CC(=C(C=C1[N+](=O)[O-])[N+](=O)[O-])NCCC(=O)NN,0,-1.9706041633144709,-1.4230620172389055,-0.45859259868098373,0.5262189501886306,-0.45561391268049917
"2,4-Dioxo-3-(alpha-acetonylbenzyl)-dihydro-benzopyran thallium salt",CC(=O)CC(C1=CC=CC=C1)C2=C(C3=CC=CC=C3OC2=O)[O-].[Tl+],0,-1.408255089097908,0.6545191217891346,1.6001531953057067,2.285660503206978,-1.5752377267101185
Triethanolamine methanearsonate,C[As](=O)(O)O.C(CO)N(CCO)CCO,0,-2.0488791640891604,-1.041771051970449,-1.7267409169926817,0.7032050840878464,0.5543458280405249
Methyl (methoxyimino)(2-((((1-(3-(trifluoromethyl)phenyl)ethylidene)amino)oxy)methyl)phenyl)acetate,CC(=NOCC1=CC=CC=C1C(=NOC)C(=O)OC)C2=CC(=CC=C2)C(F)(F)F,0,-1.72073894188985,1.8516505194527295,2.7226369284457004,1.9549578436755575,-1.147802506757476
Famoxadone,CC1(C(=O)N(C(=O)O1)NC2=CC=CC=C2)C3=CC=C(C=C3)OC4=CC=CC=C4,0,-1.859439173170627,0.7396259642976225,1.942084252697691,-2.7909578120991876,0.7300428519922004
"Arsenous acid, zinc salt (2:3)",[O-][As]([O-])[O-].[O-][As]([O-])[O-].[Zn+2].[Zn+2].[Zn+2],0,-1.9474074870943316,-1.017500937126712,-1.5597434682495932,0.5193551595540339,0.6649518547996123
Boscalid,C1=CC=C(C(=C1)C2=CC=C(C=C2)Cl)NC(=O)C3=C(N=CC=C3)Cl,0,-2.246680660587177,0.20461487929550742,-0.9083920661512198,-0.9557748821930748,-0.17595325925707486
N-((6-Chloro-3-pyridinyl)methyl)-N'-cyano-N-methylethanimidamide,CC(=NC#N)N(C)CC1=CN=C(C=C1)Cl,0,-1.694222184747724,-0.9276167375427276,0.21451936021509188,-0.8733446841437057,-0.1991325270110631
"Zinc 2,3,4-trichlorophenate",C1=CC(=C(C(=C1[O-])Cl)Cl)Cl.C1=CC(=C(C(=C1[O-])Cl)Cl)Cl.[Zn+2],0,-2.1842439539072678,-0.39199987198967734,-2.158582296202171,0.44034858751853034,0.6104113419832419
1-[(2-Chlorothiazol-5-yl)methyl]-2-methyl-3-nitro-guanidine,CN=C(NCC1=CN=C(S1)Cl)N[N+](=O)[O-],0,-2.234429053253791,-0.14837637207410825,-0.4441041890501603,0.3170209849894506,1.9625169795198585
"Chromic acid (H2CrO4), mercury zinc salt",[O-][Cr](=O)(=O)[O-].[Zn+2].[Hg+2],0,-1.327249159789207,-1.0109544214806232,-0.7781953797487964,0.2890202196807999,0.01335730975298461
Sodium hydrogen difluoride,F.[F-].[Na+],0,-1.615005991197211,-0.9991947855954795,-1.4856515872969365,0.5443781816629857,0.4673313743145122
"Hexachlorohexahydro-endo, exo-dimethanonaphthalene",C1[C@@H]2C=C[C@H]1[C@H]3[C@@H]2[C@@]4(C(=C([C@]3(C4(Cl)Cl)Cl)Cl)Cl)Cl,0,-0.7192346621597483,-0.11551967574836337,-0.7779015395285523,-0.09989831919456538,0.8805453211520146
Sulfamate ion,NS(=O)(=O)[O-],0,-1.656594670616007,-0.8709969806425412,-1.6005346352591545,0.8031869888499922,0.6644782483511854
Methyl 3-hydroxy-4-(4-((5-(trifluoromethyl)-2-pyridinyl)oxy)phenoxy)valerate,CC(C(CC(=O)OC)O)OC1=CC=C(C=C1)OC2=NC=C(C=C2)C(F)(F)F,0,-1.7185655650807128,-1.2868330655815297,-2.0438009652873497,-0.38136479143835866,-0.7164627120056792
"3-(2,2-Dibromovinyl)-2,2-dimethylcyclopropane-1-carboxylic acid",CC1(C(C1C(=O)O)C=C(Br)Br)C,0,-1.7502904380368292,-0.3579757008111607,5.2307055236612525,-5.655567181457419,-3.757008325438427
Acetoarsenite de cuivre [French],CC(=O)[O-].CC(=O)[O-].[O-][As]1O[As](O[As](O1)[O-])[O-].[O-][As]1O[As](O[As](O1)[O-])[O-].[Cu+2].[Cu+2].[Cu+2].[Cu+2],0,-1.093307768299455,-1.129093315120238,-1.0129739100807311,0.5967136130684613,0.5289611487678784
"N,N-Dimethylpiperidinium pentaborate",B(=O)OB1OB2OB(OB(O2)O1)[O-].C[N+]1(CCCCC1)C,0,-0.7639605361357319,2.1938243615440998,0.8995151224941613,3.6751337441634595,0.29517833149322076
"16-Butan-2-yl-10,11,14-trimethyl-13-propan-2-yl-3-prop-2-enyl-4-oxa-1,8,11,14,17-pentazabicyclo[17.3.0]docosane-2,5,9,12,15,18-hexone",CCC(C)C1C(=O)N(C(C(=O)N(C(C(=O)NCCC(=O)OC(C(=O)N2CCCC2C(=O)N1)CC=C)C)C)C(C)C)C,0,2.791261588185209,1.9289458579319778,16.238282306650646,16.940933938292243,0.2740094058139813
Dnp-peptide,CC[C@H](C)[C@@H](C(=O)N[C@@H](C)C(=O)NCC(=O)N[C@@H](CCC(=O)N)C(=O)N[C@H](CCCN=C(N)N)C(=O)O)NC(=O)CNC(=O)[C@H](CCC(=O)N)NC(=O)[C@@H]1CCCN1C2=C(C=C(C=C2)[N+](=O)[O-])[N+](=O)[O-],0,0.6631280014809945,-0.458711438193573,1.4472274328754677,5.617674255268054,-1.3600377353341606
Nrdc 157,CC1(C(C1C(=O)OCC2=CC(=CC=C2)OC3=CC=CC=C3)C=C(Br)Br)C,0,-2.090931631115924,0.1667839258795494,9.07334326848059,-10.378423525288872,-9.40696581814227
Thiosultap,CN(C)C(CSS(=O)(=O)O)CSS(=O)(=O)O,0,-1.966984467666202,-1.1392461602469262,-1.2746368959920045,0.11774590613036008,0.1523635360781581
"2,4-dinitrophenyl-4-O-(4,4'-dimethoxytrityl)butyrate",COC1=CC=C(C=C1)C(C2=CC=CC=C2)(C3=CC=C(C=C3)OC)OCCCC(=O)OC4=C(C=C(C=C4)[N+](=O)[O-])[N+](=O)[O-],0,-1.348419324682817,-1.4185137970831347,-1.415014022865299,0.46769605300194383,-0.7652818103629307
Pyroxyfur,C1=COC(=C1)COC2=NC(=CC(=C2)C(Cl)(Cl)Cl)Cl,0,-1.612732975020755,1.0939513033241306,-0.16192802578190502,-0.7128918778752766,0.02431351012413671
"3,4-Dinitrophenyl-beta-galactopyranoside",C1=CC(=C(C=C1O[C@H]2[C@@H]([C@H]([C@H]([C@H](O2)CO)O)O)O)[N+](=O)[O-])[N+](=O)[O-],0,0.2310538740936998,-0.8358589799234674,2.301796393435323,2.0630017500502507,-1.0127426039498977
Methanotetramethrin,CC1(CC1C2C(C2(C)C)C(=O)OCN3C(=O)C4=C(C3=O)CCCC4)C,0,-0.3397357725278567,2.8768734818471606,4.547053428784555,-3.774706486844926,-4.147011575854023
Etoxazole,CCOC1=C(C=CC(=C1)C(C)(C)C)C2COC(=N2)C3=C(C=CC=C3F)F,0,-1.9226703058960906,-0.5967742583739073,-0.07498731593958387,-0.6931270226711663,0.5283544324669442
"2,4-Dinitro-6-tert-butylphenyl methanesulfonate",CC(C)(C)C1=C(C(=CC(=C1)[N+](=O)[O-])[N+](=O)[O-])OS(=O)(=O)C,0,-2.4284540247283437,-1.2053358463796975,-0.7789056205736441,-0.05194326834200873,1.845776395400374
Urea sulfate,C(=O)(N)N.OS(=O)(=O)O,0,-1.8546676485133984,-0.894175564765665,-1.3935475503547765,0.36262380569741376,0.7454892597784044
Diammonium succinate,C(CC(=O)[O-])C(=O)[O-].[NH4+].[NH4+],0,-1.9553384860526744,-0.9614446262539048,-1.5372230374581954,0.4614985426780332,0.32286122002138834
Thiosultap disodium,CN(C)C(CSS(=O)(=O)[O-])CSS(=O)(=O)[O-].[Na+].[Na+],0,-1.5283903535663919,-1.2009977389411683,-1.9512474002942528,0.7282371673398124,0.4439649003316077
Bioresmethrin,CC(=C[C@@H]1[C@H](C1(C)C)C(=O)OCC2=COC(=C2)CC3=CC=CC=C3)C,0,-1.3255190721020422,1.222858290258435,11.86992268492535,-13.086807415813082,-11.000841240740929
1-Methylcyclopropene,CC1=CC1,0,-0.49908817289420915,-0.9323916510715025,-0.6012887341495148,1.3076953360105306,-0.01756093611033057
D-Camphor,C[C@@]12CC[C@@H](C1(C)C)CC2=O,0,-0.5861905329032095,0.4104251317965667,0.9826773691885545,-0.3637316862109864,-1.1784732287642798
Copper silicate,[O-][Si](=O)[O-].[Cu+2],0,-1.8647870344420174,-0.8258741929473824,-0.1742700481715833,1.4598060700047328,1.2223100601217196
Calcium nitrite,N(=O)[O-].N(=O)[O-].[Ca+2],0,-1.6777661068961054,-0.9333917300993468,-1.1297312433837077,0.48336671278301335,0.3984344568886412
Chloroethylene bisthiocyanate,C(C(SC#N)Cl)SC#N,0,-1.5259051066674985,-1.1831562552341184,-1.473202400490754,0.24260681924782396,-0.07426336444525278
Nordihydrocapsaicin,CC(C)CCCCCC(=O)NCC1=CC(=C(C=C1)O)OC,0,-1.7827573132712067,0.5393248828620048,-0.26745006889802186,0.6381917322745956,0.6773144452730658
Benzyldidecylmethylammonium chloride,CCCCCCCCCC[N+](C)(CCCCCCCCCC)CC1=CC=CC=C1.[Cl-],0,-1.9763318254129953,-0.3690461984020614,1.3016606040435756,0.4364597878446206,2.078777296942319
Potassium hexafluoroarsenate,F[As-](F)(F)(F)(F)F.[K+],0,-1.9636008726307157,-0.9722453292884632,-1.3855493703494495,0.19370281199440192,0.6406300226418703
Cupric octanoate,CCCCCCCC(=O)[O-].CCCCCCCC(=O)[O-].[Cu+2],0,-2.0126066206883158,-1.0922717186777164,-1.6251588581507028,1.1068508654394151,0.07610760940483248
Neopybuthrin,CCCCOCCOCCOCC1=CC2=C(C=C1CCC)OCO2.CC1=C(C(=O)CC1OC(=O)C2C(C2(C)C)C=C(C)C)CC=C.CC(=C[C@H]1[C@@](C1(C)C)(C2=COC(=C2)CC3=CC=CC=C3)C(=O)OC)C,0,-0.5234849373018297,2.084542373691634,23.659688877232,-19.268867775309495,-15.401233578979044
Sodium metaborate,B(=O)[O-].[Na+],0,-1.6349748891818598,-1.0266566330314684,-1.2193124452134891,1.1587816334745444,0.4917512921933248
Carbetamide,CCNC(=O)[C@@H](C)OC(=O)NC1=CC=CC=C1,0,-1.6433926904280673,-0.6213758222520365,-1.4714298552287206,-0.856234568101806,-0.3617593615113743
"2,6-Dichloromercuri-4-nitrophenol",C1=C(C=C(C(=C1[Hg]Cl)O)[Hg]Cl)[N+](=O)[O-],0,-1.7889294998497522,0.6042975653806584,-1.4062850729758534,1.0761183069701004,-0.28865929976380467
"4H-1,3,2-Benzodioxaphosphorin, 2-phenyl-, 2-oxide",C1C2=CC=CC=C2OP(=O)(O1)C3=CC=CC=C3,0,0.6856003215674079,-0.8850050878379521,0.132412918757603,-0.660621183466925,1.6122156947976487
4-Aminophenylmercury chloride,C1=CC(=CC=C1N)[Hg]Cl,0,-2.12245084893542,-1.0527105682452444,-1.9005568002939295,0.7709977415689642,0.5738728514981876
2-(Decylthio)ethanamine hydrochloride,CCCCCCCCCCSCCN.Cl,0,-1.8445962880748996,-1.1372533966851939,-0.8957689932952803,2.4219408065403614,0.21306936915135746
"2,2-Bis(4-ethoxyphenyl)-3,3-dimethyloxetane",CCOC1=CC=C(C=C1)C2(C(CO2)(C)C)C3=CC=C(C=C3)OCC,0,-0.7992221063337461,-0.611468839899205,0.9399349823427683,-0.17701086166247365,-0.027147307808215913
Reslin,CCCCOCCOCCOCC1=CC2=C(C=C1CCC)OCO2.CC(=C[C@@H]1[C@H](C1(C)C)C(=O)OCC2=COC(=C2)CC3=CC=CC=C3)C,0,-1.412528801237785,1.5582938887363953,15.269140514629697,-15.90863582179379,-13.793530044046632
Xylachlor,CC1=C(C(=CC=C1)N(C(C)C)C(=O)CCl)C,0,-1.6282598092100193,-1.1319392522159835,-1.8314386368108762,0.026905869139245066,0.23349139198454455
Terbuchlor,CCCCOCN(C1=C(C=CC=C1C(C)(C)C)C)C(=O)CCl,0,-2.271682604366884,-1.0799604386377508,-2.273963324556865,0.1337873223948163,0.08141299517772116
Imazethapyr-ammonium,CCC1=CC(=C(N=C1)C2=NC(C(=O)N2)(C)C(C)C)C(=O)[O-].[NH4+],0,-1.7802326581094918,-0.3014731196486083,-0.4079867289827078,0.5028621993229723,0.2764778339306762
Flumezin,CN1C(=O)N(C(=O)CO1)C2=CC=CC(=C2)C(F)(F)F,0,-0.014079747192822867,0.3276678241488442,-0.4151532559434586,1.102278558860957,-0.37195852085585546
Dinitropropylphenol,C1=CC=C(C(=C1)CCC([N+](=O)[O-])[N+](=O)[O-])O,0,-2.2389135606579007,-0.9739429671269247,-1.3418142156695902,0.8538034186953072,-0.16541969498040027
Parafluron,CN(C)C(=O)NC1=CC=C(C=C1)C(F)(F)F,0,-2.120449404648795,-1.111527090227217,-1.973925962726479,-0.450701760042429,0.00771083865810945
Neosaxitoxin,C1CN2C(=N)N([C@H]([C@H]3[C@]2(C1(O)O)NC(=N3)N)COC(=O)N)O,0,-0.005917551038673022,0.6180630556047624,2.674981787793388,2.572317575488349,0.9716529952653916
"(1'R,2R,3S,4'S,6S,8'R,12'S,13'S,20'R,21'R,24'S)-2-cyclohexyl-21',24'-dihydroxy-12'-[(2R,4S,5S,6S)-5-[(2S,4S,5S,6S)-5-hydroxy-4-methoxy-6-methyloxan-2-yl]oxy-4-methoxy-6-methyloxan-2-yl]oxy-3,11',13',22'-tetramethylspiro[2,3-dihydropyran-6,6'-3,7,19-trioxatetracyclo[15.6.1.14,8.020,24]pentacosa-10,14,16,22-tetraene]-2'-one",C[C@H]1C=CC=C2CO[C@H]3[C@@]2([C@@H](C=C([C@H]3O)C)C(=O)O[C@H]4C[C@@H](CC=C([C@H]1O[C@H]5C[C@@H]([C@H]([C@@H](O5)C)O[C@H]6C[C@@H]([C@H]([C@@H](O6)C)O)OC)OC)C)O[C@]7(C4)C=C[C@@H]([C@H](O7)C8CCCCC8)C)O,0,41.35805226088596,-2.2113011032099354,-3.254819879634876,-3.507488929462291,2.614827403111435
25-cyclohexyl-5-O-demethyl-25-de(1-methylpropyl)avermectin A1a,C[C@H]1/C=C\C=C2CO[C@H]3[C@@]2([C@@H](C=C([C@H]3O)C)C(=O)O[C@H]4C[C@@H](C/C=C(\[C@H]1O[C@H]5C[C@@H]([C@H]([C@@H](O5)C)O[C@H]6C[C@@H]([C@H]([C@@H](O6)C)O)OC)OC)/C)O[C@]7(C4)C=C[C@@H]([C@H](O7)C8CCCCC8)C)O,0,41.35805226088596,-2.2113011032099354,-3.254819879634876,-3.507488929462291,2.614827403111435
Abamectin,CC[C@H](C)[C@@H]1[C@H](C=C[C@@]2(O1)C[C@@H]3C[C@H](O2)C/C=C(/[C@H]([C@H](/C=C/C=C/4\CO[C@H]5[C@@]4([C@@H](C=C([C@H]5O)C)C(=O)O3)O)C)O[C@H]6C[C@@H]([C@H]([C@@H](O6)C)O[C@H]7C[C@@H]([C@H]([C@@H](O7)C)O)OC)OC)\C)C.C[C@H]1/C=C/C=C/2\CO[C@H]3[C@@]2([C@@H](C=C([C@H]3O)C)C(=O)O[C@H]4C[C@@H](C/C=C(/[C@H]1O[C@H]5C[C@@H]([C@H]([C@@H](O5)C)O[C@H]6C[C@@H]([C@H]([C@@H](O6)C)O)OC)OC)\C)O[C@]7(C4)C=C[C@@H]([C@H](O7)C(C)C)C)O,0,43.73596383096773,-3.1109876662856135,-3.7652067197460357,-2.952067185889474,1.0750219710328148
Rolliniastatin-1,CCCCCCCCCC[C@@H]([C@H]1CC[C@H](O1)[C@@H]2CC[C@@H](O2)[C@@H](CCCCCCCCCC[C@H](CC3=C[C@@H](OC3=O)C)O)O)O,0,1.5844128547871075,0.2702943136953193,-0.10407421531046555,6.818160690227138,-1.3456679944426635
C22H19Br4NO3,CC1(C(C1C(=O)OC(C#N)C2=CC(=CC=C2)OC3=CC=CC=C3)C(C(Br)(Br)Br)Br)C,0,-1.6451241720729595,0.2886378368267887,8.283294717149726,-8.871167490133713,-11.811301767277305
Avermectin A1a,CC[C@H](C)[C@@H]1[C@H](C=C[C@@]2(O1)C[C@@H]3C[C@H](O2)C/C=C(/[C@H]([C@H](/C=C/C=C/4\CO[C@H]5[C@@]4([C@@H](C=C([C@H]5OC)C)C(=O)O3)O)C)O[C@H]6C[C@@H]([C@H]([C@@H](O6)C)O[C@H]7C[C@@H]([C@H]([C@@H](O7)C)O)OC)OC)\C)C,0,41.00967179732283,-2.6824868322576614,-3.552004935365148,-3.2458351407737998,1.1130976810338944
Doramectin,C[C@H]1/C=C/C=C/2\CO[C@H]3[C@@]2([C@@H](C=C([C@H]3O)C)C(=O)O[C@H]4C[C@@H](C/C=C(/[C@H]1O[C@H]5C[C@@H]([C@H]([C@@H](O5)C)O[C@H]6C[C@@H]([C@H]([C@@H](O6)C)O)OC)OC)\C)O[C@]7(C4)C=C[C@@H]([C@H](O7)C8CCCCC8)C)O,0,41.35805226088596,-2.2113011032099354,-3.254819879634876,-3.507488929462291,2.614827403111435
Ivermectin CRS,CC[C@H](C)[C@@H]1[C@H](CC[C@@]2(O1)C[C@@H]3C[C@H](O2)C/C=C(/[C@H]([C@H](/C=C/C=C/4\CO[C@H]5[C@@]4([C@@H](C=C([C@H]5O)C)C(=O)O3)O)C)O[C@H]6C[C@@H]([C@H]([C@@H](O6)C)O[C@H]7C[C@@H]([C@H]([C@@H](O7)C)O)OC)OC)\C)C.C[C@H]1CC[C@]2(C[C@@H]3C[C@H](O2)C/C=C(/[C@H]([C@H](/C=C/C=C/4\CO[C@H]5[C@@]4([C@@H](C=C([C@H]5O)C)C(=O)O3)O)C)O[C@H]6C[C@@H]([C@H]([C@@H](O6)C)O[C@H]7C[C@@H]([C@H]([C@@H](O7)C)O)OC)OC)\C)O[C@@H]1C(C)C,0,44.48834121066375,-3.2244924279465303,-2.429443677656962,-0.6163300717128323,-0.670437611074613
Prallethrin,CC1=C(C(=O)CC1OC(=O)C2C(C2(C)C)C=C(C)C)CC#C,0,-0.1192341098446974,0.40237073372974136,12.023710622766997,-11.059383786681163,-9.055822804522741
Rel-Squamocin-H,CCCCCCCCCC[C@H]([C@H]1CC[C@@H](O1)[C@H]2CC[C@@H](O2)[C@@H](CCCCCCCCCC[C@H](CC3=C[C@@H](OC3=O)C)O)O)O,0,1.5844128547871075,0.2702943136953193,-0.10407421531046555,6.818160690227138,-1.3456679944426635
Npc113961,C1=C(C=C(C(=C1O)O)O)C(=O)OC2=CC(=CC(=C2O)O)C(=O)OC[C@H]3[C@@H]([C@H]([C@@H]([C@H](O3)OC(=O)C4=CC(=C(C(=C4)OC(=O)C5=CC(=C(C(=C5)O)O)O)O)O)OC(=O)C6=CC(=C(C(=C6)OC(=O)C7=CC(=C(C(=C7)O)O)O)O)O)OC(=O)C8=CC(=C(C(=C8)OC(=O)C9=CC(=C(C(=C9)O)O)O)O)O)OC(=O)C1=CC(=C(C(=C1)OC(=O)C1=CC(=C(C(=C1)O)O)O)O)O,0,0.17283496618077773,1.4119817937303307,1.1347834631376794,-0.21986904928152548,-0.4966153288789157
"(1R,4S,5'S,6R,6'R,8R,10Z,13R,14Z,20R,21R,24S)-21,24-dihydroxy-5',11,13,22-tetramethyl-6'-propan-2-ylspiro[3,7,19-trioxatetracyclo[15.6.1.14,8.020,24]pentacosa-10,14,16,22-tetraene-6,2'-oxane]-2-one",C[C@H]1CC[C@]2(C[C@@H]3C[C@H](O2)C/C=C(\C[C@H](/C=C\C=C4CO[C@H]5[C@@]4([C@@H](C=C([C@H]5O)C)C(=O)O3)O)C)/C)O[C@@H]1C(C)C,0,28.622950701190927,-3.207703944221852,3.310405834165258,5.81073174011574,-4.275617478497632
Ethylenebisdithiocarbamic acid,C(CNC(=S)S)NC(=S)S,0,-2.102529861801013,-1.1203758151625716,-2.144064488403591,0.5281782505090743,1.0033424007329432
Zinc Oxide,[O-2].[Zn+2],0,-1.8699424164017548,-0.9997945506174594,-1.5841706303781322,0.4952846546672245,0.5232100014792933
Nabam,C(CNC(=S)[S-])NC(=S)[S-].[Na+].[Na+],0,-1.5704447061773499,-0.5312230157306146,-1.6359431450948672,0.15727712580559697,1.817642550899708
Azoxystrobin,CO/C=C(\C1=CC=CC=C1OC2=NC=NC(=C2)OC3=CC=CC=C3C#N)/C(=O)OC,0,-2.450027798726501,1.0946062280329065,2.0392615206179125,-3.1077293471856673,1.1623201497290285
Diiodomethyl p-chlorophenyl sulfone,C1=CC(=CC=C1S(=O)(=O)C(I)I)Cl,0,-1.4000824723266116,-1.209952660453497,-1.4990048656160606,0.698470259171023,0.1906502114641296
Anisuron,CN(C)C(=O)N(C1=CC(=C(C=C1)Cl)Cl)C(=O)C2=CC=C(C=C2)OC,0,-2.1942026633051612,-1.0376831343124442,-1.1237539283671107,-0.6601000536158684,2.1285781243077744
"2,4,5-Trichlorophenylacetic acid",C1=C(C(=CC(=C1Cl)Cl)Cl)CC(=O)O,0,-2.197826231160524,-1.0003820589052914,-1.6228330364843577,0.11475422314336407,0.10111882940625787
Zinc-ethylenebis(dithiocarbamate),C(CNC(=S)[S-])NC(=S)[S-].[Zn+2],0,-1.8271252065345045,-0.4930194508275596,-1.6551559377996572,0.13870405514687442,1.9048382475469765
Aziprotryne,CC(C)NC1=NC(=NC(=N1)SC)N=[N+]=[N-],0,-1.7979539866375882,0.3400102054870566,-2.002779990917036,2.873372154189474,1.4362653857067063
Ammonium aluminum sulfate,[NH4+].[O-]S(=O)(=O)[O-].[O-]S(=O)(=O)[O-].[Al+3],0,-1.6499984080629295,-0.867872380176689,-1.6549538098721503,0.8122471140256683,0.5969218639089354
"Benzamide, 3,5-dichloro-N-(3,4-dichlorophenyl)-2-[methyl(methylsulfonyl)amino]-",CN(C1=C(C=C(C=C1Cl)Cl)C(=O)NC2=CC(=C(C=C2)Cl)Cl)S(=O)(=O)C,0,-2.781643304878237,-0.6788156839356552,-2.5399668005788083,-0.2764540290786072,0.5604555855848328
Sodium 5-nitroguaiacolate,COC1=C(C=C(C=C1)[N+](=O)[O-])[O-].[Na+],0,-1.8823703293610288,-0.5483708583428392,-1.2642235030383628,-0.031080758127068536,0.1812146068060018
Mancozeb,C(CNC(=S)[S-])NC(=S)[S-].C(CNC(=S)[S-])NC(=S)[S-].[Mn+2].[Zn+2],0,-1.8511564923107366,-0.48716723506887555,-1.71900830862061,0.1202620608688645,2.0571650192285027
Diafenthiuron,CC(C)C1=CC(=CC(=C1NC(=S)NC(C)(C)C)C(C)C)OC2=CC=CC=C2,0,-1.8328727861557064,-1.1465341300213043,-1.2814253347327675,-0.8976219363527428,-1.017522975738497
Potassium Oleate,CCCCCCCC/C=C\CCCCCCCC(=O)[O-].[K+],0,-2.162012748572373,-1.22556412685571,-1.280992550513852,1.0422449076296547,-0.18102587977631737
Sodium chloroacetate,C(C(=O)[O-])Cl.[Na+],0,-1.7789251764989464,-1.0863446432798574,-1.8233853466535719,0.40408685877325073,0.42063070933336594
Sodium Bisulfite,OS(=O)[O-].[Na+],0,-1.6678222105739227,-1.088197024625991,-1.4997678049883152,0.617854066145279,0.4410205567673455
Lithium hypochlorite,[Li+].[O-]Cl,0,-1.9287911882705195,-1.0327175644994833,-1.5645988981825552,0.5604337031768214,0.552661432258109
"Phenol, 4-(1,1-dimethylethyl)-, sodium salt (1:1)",CC(C)(C)C1=CC=C(C=C1)[O-].[Na+],0,-1.7615342342228508,-1.0152418213021588,-0.9500054998377861,-0.04353072760901969,1.3266117293359123
"2(1H)-Pyridinone, 3,5,6-trichloro-, sodium salt (1:1)",C1=C(C(=O)[N-]C(=C1Cl)Cl)Cl.[Na+],0,-1.5907542778677437,-0.7617879617759281,0.09593481303143307,-0.2815309918529979,1.8970469441663889
"2,4-DB-sodium",C1=CC(=C(C=C1Cl)Cl)OCCCC(=O)[O-].[Na+],0,-2.2485128002224406,-1.2719490563910152,-2.3313486788752926,0.13073668255086873,-0.06876779745345639
Sodium 1-naphthaleneacetate,C1=CC=C2C(=C1)C=CC=C2CC(=O)[O-].[Na+],0,-1.4756275417314517,0.32882964875798293,0.027015959611831532,0.16548326128783714,1.864130218578923
Sodium 2-carboxylatophenyl--mercury--water (1/1/1/1),C1=CC=C(C(=C1)C(=O)[O-])[Hg].O.[Na+],0,-1.3487009010957196,-0.034415006642186954,-1.112176084641568,-0.28421372682640716,-0.09785877122110614
Warfarin Potassium,CC(=O)CC(C1=CC=CC=C1)C2=C(C3=CC=CC=C3OC2=O)[O-].[K+],0,-1.4091906336270126,0.6545806106007996,1.5653865454574118,2.2588692769989525,-1.536202344723332
Potassium 4-chloro-2-cyclopentylphenolate,C1CCC(C1)C2=C(C=CC(=C2)Cl)[O-].[K+],0,-1.4672854623478375,0.03160231510747106,-0.78276465405904,0.5478936929996898,1.158779899920324
5-Chloro-2-biphenylol potassium salt,C1=CC=C(C=C1)C2=C(C=CC(=C2)Cl)[O-].[K+],0,-2.336037676255659,-0.3495453545364423,-1.7324329715202986,0.13017422075025661,-0.32988382392770177
Sodium di(monoethanolamine) phosphate,C(COP(=O)([O-])OCCN)N.[Na+],0,-1.8672797343563807,-1.1452699944956657,-1.4975488606237377,0.3137689741719811,0.14482953221735848
Sodium hydrogen oxalate,C(=O)(C(=O)[O-])O.[Na+],0,-1.6552161232209393,-0.6119543220234931,-1.0939919421823001,0.49266964986744244,0.4552523481227511
Pyrithione Sodium,C1=CC(=S)N(C=C1)[O-].[Na+],0,-1.9099792593218023,-0.6636786059590225,-0.4535029524710378,0.7245777319573834,-0.10095889634178418
Sodium Thiosalicylate,C1=CC=C(C(=C1)C(=O)[O-])S.[Na+],0,-1.0722358359595114,-0.2321211552510258,-0.5873703339992649,-0.5628320056327681,1.8897814296780229
"thiosulfuric acid (h2s2o3), potassium salt",OS(=O)(=S)[O-].[K+],0,-1.1272034277112275,-0.6768975960298196,-1.8115386176528454,0.7212863529785207,0.5647452407522574
Coumafuryl sodium,CC(=O)CC(C1=CC=CO1)C2=C(C3=CC=CC=C3OC2=O)[O-].[Na+],0,-0.6531103621095125,2.0740973923559687,1.0811421618003205,2.379938455045247,-0.6837890218652994
Sodium 4-chloro-2-cyclopentylphenate,C1CCC(C1)C2=C(C=CC(=C2)Cl)[O-].[Na+],0,-1.2091366274305815,4.811099398886589e-05,-0.7725986549205324,0.5481826705417441,1.1330466469184655
"Bromacil, sodium salt",CCC(C)N1C(=O)C(=C(N=C1[O-])C)Br.[Na+],0,0.20347753109594352,-0.22026023784436075,0.5154502211698038,2.9626165972001774,0.125132080040284
Potassium peroxymonosulfate,OOS(=O)(=O)[O-].[K+],0,-1.1802692717438632,-0.8402818107149658,-1.1863366436284903,0.7119898361763399,0.29873713742016933
"Benzenesulfonic acid, dimethyl-, potassium salt (1:1)",CC1=C(C(=CC=C1)S(=O)(=O)[O-])C.[K+],0,-0.7812573920307165,-0.8686043878415539,-1.5650509245998991,0.37731383215805153,0.9025993754324135
Troclosene potassium,C1(=NC(=O)N(C(=O)N1Cl)Cl)[O-].[K+],0,-1.9883069188029792,-0.9181381467923446,-1.2599228032319716,0.7279202819367943,0.34318288477609793
Potassium p-tert-butylphenolate,CC(C)(C)C1=CC=C(C=C1)[O-].[K+],0,-2.019683069140107,-0.9836876171886767,-0.960171498976294,-0.04381970515107414,1.3523449823377702
Fenridazon potassium,CC1=CC(=O)C(=NN1C2=CC=C(C=C2)Cl)C(=O)[O-].[K+],0,0.10603527415260582,0.1293557765129432,-1.024928344422631,-0.5593740896895134,0.06002575096935147
Sodium Nitrite,N(=O)[O-].[Na+],0,-1.4302925028881903,-0.9592010361718842,-1.1719934889759434,0.4999005719485861,0.3551151852922129
Sodium Chlorite,[O-]Cl=O.[Na+],0,-1.419766002870317,0.2935170141603625,-1.6658684438066595,0.3092968923686413,0.26831506296930363
Sodium Lauroyl Sarcosinate,CCCCCCCCCCCC(=O)N(C)CC(=O)[O-].[Na+],0,-1.7641523044986631,-0.8146454741083377,-1.6028095019224249,1.6401131632625765,0.41105294197088244
Sulcofuron-sodium,C1=CC(=C(C=C1NC(=O)NC2=C(C=CC(=C2)Cl)OC3=C(C=C(C=C3)Cl)S(=O)(=O)[O-])Cl)Cl.[Na+],0,-2.1972515483047843,1.0321133637504707,-2.528445781286466,-1.0284252180068292,0.4521469790551231
"2,2'-methylenebis(3,4,6-trichlorophenol) monosodium salt",C1=C(C(=C(C(=C1Cl)Cl)CC2=C(C(=CC(=C2Cl)Cl)Cl)[O-])O)Cl.[Na+],0,-1.789004397086166,-1.062801455760991,-0.13823389935377273,0.6961335977520133,0.622928816890132
3-Chloro-2-biphenylol potassium salt,C1=CC=C(C=C1)C2=C(C(=CC=C2)Cl)[O-].[K+],0,-2.3819709806596925,-0.865494885903217,-0.626482003474152,-0.5603826803886007,-0.1898005234602474
Pindone sodium salt,CC(C)(C)C(=O)[C-]1C(=O)C2=CC=CC=C2C1=O.[Na+],0,-1.1983628601674567,-0.763019473923694,-1.3728506458543048,-0.09789138695406634,0.2116309486445886
Diphacinone-sodium,C1=CC=C(C=C1)C(C2=CC=CC=C2)C(=O)[C-]3C(=O)C4=CC=CC=C4C3=O.[Na+],0,-1.1973104434207513,-0.8815845285503385,-1.058699293643128,-0.606629050730728,-0.4777302061009388
Cloprop-sodium,CC(C(=O)[O-])OC1=CC(=CC=C1)Cl.[Na+],0,-1.616137890645018,-1.061695456990077,-1.1408696490338706,-0.7791049458618674,-0.7544574213316269
Imazaquin sodium salt,CC(C)C1(C(=O)NC(=N1)C2=NC3=CC=CC=C3C=C2C(=O)[O-])C.[Na+],0,-1.689339888640642,-0.4944005220767547,-0.023734674733937786,0.35259648655660647,1.0503986534198042
"Ethanesulfonic acid, 2-(methyl(9Z)-9-octadecen-1-ylamino)-, sodium salt (1:1)",CCCCCCCC/C=C\CCCCCCCCN(C)CCS(=O)(=O)[O-].[Na+],0,-1.7451124194411818,-0.9396005406586191,-0.16094595791838792,0.8486760052007244,1.455876965923584
Sodium Hypochlorite,[O-]Cl.[Na+],0,-1.6814523376907216,-1.082204712778701,-1.6018350107981267,0.494543534596186,0.4827853630519088
"MERCURY, (p-CARBOXYPHENYL)HYDROXY-, SODIUM SALT",C1=CC(=CC=C1C(=O)[O-])[Hg].O.[Na+],0,-1.2918074834834166,0.14663099428890075,-1.2007329996051426,-0.2175064139152609,-0.451500045554752
Sodium Xylenesulfonate,CC1=C(C=C(C=C1)S(=O)(=O)[O-])C.[Na+],0,-1.392790797335063,-0.8319046328466325,-1.5909155024735706,0.7324598249834824,0.5973328578549731
Clorophene sodium,C1=CC=C(C=C1)CC2=C(C=CC(=C2)Cl)[O-].[Na+],0,-2.1170918414159745,-0.24722070373534072,-0.7889505420776386,-0.8905700644412609,-1.1040611233848026
Potassium pentachlorophenolate,C1(=C(C(=C(C(=C1Cl)Cl)Cl)Cl)Cl)[O-].[K+],0,-2.1065914401219152,-1.1562990317491475,-1.6504290365014678,0.35222758635405427,0.46601453216098654
Potassim 2-chloro-4-phenylphenate,C1=CC=C(C=C1)C2=CC(=C(C=C2)[O-])Cl.[K+],0,-1.7267918010245364,-0.38868226048475335,-1.6681181681541237,0.25646903903169316,-0.18830199978278075
"Potassium (2,4-dichlorophenoxy)acetate",C1=CC(=C(C=C1Cl)Cl)OCC(=O)[O-].[K+],0,-2.421727594323342,-1.1112706183349659,-2.240948181369433,-0.055743583752304975,0.16792727835733656
Monosodium arsenate,O[As](=O)(O)[O-].[Na+],0,-0.8164752397168915,-1.1866550933323006,-1.7423670883475784,0.5099857493962489,0.34641612423367724
Propylparaben Sodium,CCCOC(=O)C1=CC=C(C=C1)[O-].[Na+],0,-1.7277217493898236,-0.1494341219846974,-0.9602665637126564,-0.34825029311463707,1.510140260890567
Sodium p-chloro-m-cresol,CC1=C(C=CC(=C1)[O-])Cl.[Na+],0,-1.1492920268327815,-0.4448786816817978,-2.0360540208811524,0.30279575639632744,0.29797185633116563
"2-biphenylol, 5-chloro-, sodium salt",C1=CC=C(C=C1)C2=C(C=CC(=C2)Cl)[O-].[Na+],0,-2.077888841338403,-0.3810995586499243,-1.7222669723817925,0.13046319829231068,-0.3556170769295606
"3-amino-2,5-dichlorobenzoic acid sodium salt",C1=C(C=C(C(=C1C(=O)[O-])Cl)N)Cl.[Na+],0,-1.521279161869461,-0.9752388970425843,-1.4156853242735983,0.3757558558106441,0.664577425148348
EDTA monosodium salt,C(CN(CC(=O)O)CC(=O)[O-])N(CC(=O)O)CC(=O)O.[Na+],0,-1.4078714034546482,-0.571888987551768,-1.3104777363255686,0.48594733933690276,1.0420659306457265
Otimerate Sodium,CC[Hg]SC1=NC2=C(O1)C=CC(=C2)C(=O)[O-].[Na+],0,-1.5086100587665068,0.472373441379605,-1.3977543632030878,0.8237465099937261,1.58377690720454
Chwastox D,CC1=C(C=CC(=C1)Cl)OCC(=O)[O-].COC1=C(C=CC(=C1C(=O)O)Cl)Cl.[Na+],0,-2.207675881505136,-0.8481609031528285,-2.6979056090533535,-0.2552553176375604,0.7203890615239905
"Lauric acid, potassium salt",CCCCCCCCCCCC(=O)[O-].[K+],0,-2.0183458115156516,-1.0920612674788215,-1.6334517460445024,1.0870253055731889,0.0667289519832127
"2,4,5-T-sodium",C1=C(C(=CC(=C1Cl)Cl)Cl)OCC(=O)[O-].[Na+],0,-2.016984182153753,-0.8057794186972845,-2.1122351679319467,0.08382451385270286,0.42429348595541494
Sodium Dehydroacetate,CC1=CC(=O)[C-](C(=O)O1)C(=O)C.[Na+],0,-1.167600546732948,-0.5536286489029884,1.0704007615655404,-0.31443133695102576,2.8018103359171573
Potassium 2-mercaptobenzothiazole,C1=CC=C2C(=C1)N=C(S2)[S-].[K+],0,-2.051380100091722,0.8783969465124137,-1.615798976024007,1.6681964020000992,0.42109144052543107
"Potassium 2,4,5-trichlorophenolate",C1=C(C(=CC(=C1Cl)Cl)Cl)[O-].[K+],0,-1.5602789463478688,-1.2306466130841494,-2.077472490419508,0.41458895068296714,0.5043424294603734
Dodecylguanidine terephthalate,CCCCCCCCCCCCN=C(N)N.CCCCCCCCCCCCN=C(N)N.C1=CC(=CC=C1C(=O)O)C(=O)O,0,-1.7245064571420456,-0.9803435565670112,-1.4690115914090587,1.2057840127004107,0.1465713393392586
Lithium (perfluorooctane)sulfonate,[Li+].C(C(C(C(C(F)(F)S(=O)(=O)[O-])(F)F)(F)F)(F)F)(C(C(C(F)(F)F)(F)F)(F)F)(F)F,0,-1.7729982755822011,0.6908725602107028,-0.7282658914697303,0.9318462009372381,1.996656740873198
Sodium 2-chlorophenolate,C1=CC=C(C(=C1)[O-])Cl.[Na+],0,-1.9404557803978326,-0.892983560053433,-1.785305777676784,0.4107153405557349,0.41264579634096843
Fenoprop-potassium,CC(C(=O)[O-])OC1=CC(=C(C=C1Cl)Cl)Cl.[K+],0,-1.3187444712567675,-0.9442918749539567,-1.8241738277102466,0.024533084368185,0.10763267429876916
"Sodium 2,4,5-trichlorophenoxyethyl sulfate",C1=C(C(=CC(=C1Cl)Cl)Cl)OCCOS(=O)(=O)[O-].[Na+],0,-1.6383660286783974,-0.5997542082747196,-1.0650319091685951,0.47349392527988565,-0.19669321839802606
Chlorfenac-sodium,C1=CC(=C(C(=C1Cl)CC(=O)[O-])Cl)Cl.[Na+],0,-1.8020879910377852,1.3041860677985022,-0.670058515232078,0.2479828593875311,1.9259721623681818
Potassium Sorbate,C/C=C/C=C/C(=O)[O-].[K+],0,-1.9721712980687465,-0.7627208991407559,0.8715347245697576,-0.43913863010178017,0.3341475801647975
"Sodium 2,4,6-trichlorophenoxide",C1=C(C=C(C(=C1Cl)[O-])Cl)Cl.[Na+],0,-1.9240733302302213,-1.1864898166784807,-1.6343038966983519,0.18038925840694675,0.10702267837025232
Sodium Trichloroacetate,C(=O)(C(Cl)(Cl)Cl)[O-].[Na+],0,-1.7830360722153409,-1.0430065116429832,-1.2727808323673355,0.6946635676383899,0.31029267662710147
Clorophene potassium,C1=CC=C(C=C1)CC2=C(C=CC(=C2)Cl)[O-].[K+],0,-2.3752406763332305,-0.21566649962185844,-0.7991165412161461,-0.8908590419833156,-1.0783278703829435
Bispyribac-sodium,COC1=CC(=NC(=N1)OC2=C(C(=CC=C2)OC3=NC(=CC(=N3)OC)OC)C(=O)[O-])OC.[Na+],0,-2.0836251749715133,-0.8223693453513052,-2.07058110227487,0.5389075935585187,0.9496477495560786
Mecoprop-potassium,CC1=C(C=CC(=C1)Cl)OC(C)C(=O)[O-].[K+],0,-1.2920537738684346,-0.951993060817831,-1.898946595849144,-0.09445503216036266,-0.14190399640409115
Potassium Myristate,CCCCCCCCCCCCCC(=O)[O-].[K+],0,-2.0183458115156516,-1.0920612674788215,-1.6334517460445024,1.0870253055731889,0.0667289519832127
Naptalam sodium,C1=CC=C2C(=C1)C=CC=C2NC(=O)C3=CC=CC=C3C(=O)[O-].[Na+],0,-2.159381541244611,-0.19921545147662004,-0.18262885828742897,-0.1823603814738304,-0.3336153182440683
Disul-sodium,C1=CC(=C(C=C1Cl)Cl)OCCOS(=O)(=O)[O-].[Na+],0,-1.784960605930731,-0.936799612025883,-1.1835789234675742,0.33421480521693187,-0.47879267899796296
Disodium octaborate tetrahydrate,B(=O)OB1OB2OB(OB(OB(O2)OB(O1)OB=O)[O-])[O-].O.O.O.O.[Na+].[Na+],0,-0.9333336548579162,1.999404849490079,0.8129543763951007,3.2286416096771813,0.011470894301826516
Trinexapac-ethyl,CCOC(=O)C1CC(=O)C(=C(C2CC2)O)C(=O)C1,0,-1.056589672962349,0.14763330298404087,1.0623618268001565,-0.45482320767474993,-1.334778954477052
Flumioxazin,C#CCN1C(=O)COC2=CC(=C(C=C21)N3C(=O)C4=C(C3=O)CCCC4)F,0,1.4419764748095742,2.3358186272020967,2.5839548182621352,-1.562724553837903,1.5551501601911943
"Benzaldehyde, pentachloro-, oxime",C(=NO)C1=C(C(=C(C(=C1Cl)Cl)Cl)Cl)Cl,0,-2.0818511161136435,-1.0115865049430546,-0.8746314837833161,0.5749074994925143,0.6464718457697769
Alpha-Cypermethrin,CC1([C@H]([C@H]1C(=O)O[C@H](C#N)C2=CC(=CC=C2)OC3=CC=CC=C3)C=C(Cl)Cl)C,0,-1.6305265135332387,-0.4997749504487652,8.734110117590905,-12.307037949106864,-12.797407831192583
Fenpropimorph,C[C@@H]1CN(C[C@@H](O1)C)CC(C)CC2=CC=C(C=C2)C(C)(C)C,0,-0.8246239898767567,-0.33755698288084246,2.1257499642010615,1.9487842204745052,0.10984832641989699
Novaluron,C1=CC(=C(C(=C1)F)C(=O)NC(=O)NC2=CC(=C(C=C2)OC(C(OC(F)(F)F)F)(F)F)Cl)F,0,-2.3065064416818473,-0.5844952160715868,0.41750548172233026,-1.3188434547508014,-1.1520911824553086
N-(3-Chlorophenyl)benzamide,C1=CC=C(C=C1)C(=O)NC2=CC(=CC=C2)Cl,0,-2.012686591498538,-0.6627028072172079,-1.7939957412321923,-0.14584471391167167,-0.22570678736375083
Canthin-6-One,C1=CC=C2C(=C1)C3=C4N2C(=O)C=CC4=NC=C3,0,-0.2618580896751461,-0.819497928285081,0.0028352564133084374,0.68548229183625,0.06349122321925693
"3,5-Dinitro-4-hydroxyphenacetic acid",C1=C(C=C(C(=C1[N+](=O)[O-])O)[N+](=O)[O-])CC(=O)O,0,-2.271852372187894,-1.1733571609513558,-1.2170119643286508,0.9563373134308609,-0.12192046391177064
Nornicotine,C1C[C@H](NC1)C2=CN=CC=C2,0,-1.6958445084822318,-0.33413460615552054,1.424493878473326,4.0701023404429995,-0.026568719886308538
Bioban P-1487,CCC(CN1CCOCC1)[N+](=O)[O-].CCC(CN1CCOCC1)(CN2CCOCC2)[N+](=O)[O-],0,-1.2908987308000677,-0.9869353830597131,-1.1046255166531695,1.863339557721604,0.5569125544578306
Permethric acid,CC1(C(C1C(=O)O)C=C(Cl)Cl)C,0,-1.470222597491689,-0.39384065993194156,4.149456611808458,-5.147088969045785,-4.564512043999261
Fenpropidin,CC(CC1=CC=C(C=C1)C(C)(C)C)CN2CCCCC2,0,-1.3925130930136973,-0.7476322629095168,0.35816495708259083,0.39883838703267416,0.32846506776204876
Pyrazosulfuron-ethyl,CCOC(=O)C1=C(N(N=C1)C)S(=O)(=O)NC(=O)NC2=NC(=CC(=N2)OC)OC,0,-1.6439218212266422,2.0706894279877104,-2.4647015713105334,0.8849884435568175,2.6920666551473125
Fosthiazate,CCC(C)SP(=O)(N1CCSC1=O)OCC,0,-0.8330370324284374,0.6542566462441876,-0.7409030731823449,0.9703194036145061,-0.1839276865498162
Imazapic,CC1=CC(=C(N=C1)C2=NC(C(=O)N2)(C)C(C)C)C(=O)O,0,-1.0840551075595046,-0.5961782549826596,0.45719050058263466,1.1685575256570526,0.07983865513607982
Chlorfenapyr,CCOCN1C(=C(C(=C1C(F)(F)F)Br)C#N)C2=CC=C(C=C2)Cl,0,-1.7049064444231101,-0.861642365671769,0.8939938314467823,-0.5906276122591313,-1.1802388376205608
"Cyclopropanecarboxylic acid, 3-(2-carboxy-1-propenyl)-2,2-dimethyl-",CC(=CC1C(C1(C)C)C(=O)O)C(=O)O,0,-1.0658399038164363,-0.5110233183694315,5.1650146665585925,-5.081245698232621,-4.143158877890523
Fluthiacet-methyl,COC(=O)CSC1=C(C=C(C(=C1)N=C2N3CCCCN3C(=O)S2)F)Cl,0,-1.3111658495744787,0.6154576924637798,0.7921945623998382,3.8172484598718546,0.4904908237474544
"Silane, (2-chloroethyl)methylbis(phenylmethoxy)-",C[Si](CCCl)(OCC1=CC=CC=C1)OCC2=CC=CC=C2,0,-1.180404377135112,-0.30190422128040123,-0.17922746192048733,-0.3088343215857919,-0.007507524445264425
Phenisopham,CCN(C1=CC=CC=C1)C(=O)OC2=CC=CC(=C2)NC(=O)OC(C)C,0,-1.747861306643533,-0.48590337942027534,-2.1196929163346487,-1.0050460784969004,-0.48564569895377924
"4-(3-(4-(1,1-Dimethylethyl)phenyl)-2-methylpropyl)-2,6-dimethylmorpholine",CC1CN(CC(O1)C)CC(C)CC2=CC=C(C=C2)C(C)(C)C,0,-0.8246239898767567,-0.33755698288084246,2.1257499642010615,1.9487842204745052,0.10984832641989699
Flumetsulam,CC1=NC2=NC(=NN2C=C1)S(=O)(=O)NC3=C(C=CC=C3F)F,0,-1.4482897555079073,-0.6880743955771567,-0.11030801343283601,-0.3760099061012783,2.374457899790088
Tebutam,CC(C)N(CC1=CC=CC=C1)C(=O)C(C)(C)C,0,-1.5824142118318623,0.6121388052100155,-0.850737776022302,-0.8034103074101439,0.5504574652999286
2-Cyclohexylcyclohexanol,C1CCC(CC1)C2CCCCC2O,0,0.6406244880743417,0.6328884407868959,-0.6950995575402732,0.06472240040374513,1.9120400156044717
